GRNNo,LPONo,TDate,DNote,Item,Quantity,Price,VATAmount,NetAmount,Amount,Posted,Balance,SortOrder,Pick,VAT,Credit,Supplier,CurrMonth,Days,RefNo,Cash,BatchNo,Expiry,Blank,Quantity2,Price2,Return,UserName,Official,Remarks,Cancelled,B4,Curr,AVGPrice,AVGPrice2,StCn,Company,GoodsRet,Transfer,VATIncl,Discount,CostPrice,CostPrice2,Ref,BBF,BinLoc,InvNo,NetPrice
"31926",,"08/05/26 00:00:00",,"262299",3,3000,0,9000,9000,0,9000,2226,0,0,0,10055,"8. AUGUST",16,"31926",1,,,1,0,-1,0,"ABDUL",1,,0,0,1,0,0,0,"01",0,0,1,0,3000,0,,0,"Z001",,3000
"32026",,"08/05/26 00:00:00",,"262300",5,220,0,1100,1100,0,1100,2227,0,0,0,10057,"8. AUGUST",16,"32026",1,,,1,0,-1,0,"ABDUL",1,,0,0,1,0,0,0,"01",0,0,1,0,220,0,,0,"Z001",,220
"32126",,"08/06/26 00:00:00",,"262301",2,12350,0,24700,24700,0,24700,2228,0,0,0,372,"8. AUGUST",15,"32126",1,,,1,0,-1,0,"ABDUL",1,,0,0,1,0,0,0,"01",0,0,1,0,12350,0,,0,"Z001",,12350
"32126",,"08/06/26 00:00:00",,"252049",10,14040,0,140400,140400,0,140400,2229,0,0,0,372,"8. AUGUST",15,"32126",1,,,1,0,1,0,"ABDUL",1,,0,0,1,0,0,0,"01",0,0,1,0,14040,1,,0,"Z001",,14040
"32126",,"08/06/26 00:00:00",,"262113",2,32000,0,64000,64000,0,64000,2230,0,0,0,372,"8. AUGUST",15,"32126",1,,,1,0,1,0,"ABDUL",1,,0,0,1,0,0,0,"01",0,0,1,0,32000,1,,0,"Z001",,32000
"32226",,"08/06/26 00:00:00",,"262302",1,6500,0,6500,6500,0,6500,2231,0,0,0,10023,"8. AUGUST",15,"32226",1,,,1,0,-1,0,"ABDUL",1,,0,0,1,0,0,0,"01",0,0,1,0,6500,0,,0,"Z001",,6500
"32326",,"08/01/26 00:00:00",,"262290",20,10312.5,0,206250,206250,0,206250,2232,0,0,0,345,"8. AUGUST",20,"32326",1,,,1,0,1,0,"ABDUL",1,,0,0,1,0,0,0,"01",0,0,1,0,10312.5,1,,0,"Z001",,10312.5
"32426",,"08/04/26 00:00:00",,"201761",10,250,0,2500,2500,0,2500,2233,0,0,0,10015,"8. AUGUST",17,"32426",1,,,1,0,1,0,"RAYYAN",1,,0,0,1,0,0,0,"01",0,0,1,0,250,1,,0,"Z001",,250
"32426",,"08/04/26 00:00:00",,"262303",10,450,0,4500,4500,0,4500,2234,0,0,0,10015,"8. AUGUST",17,"32426",1,,,1,0,-1,0,"RAYYAN",1,,0,0,1,0,0,0,"01",0,0,1,0,450,0,,0,"Z001",,450
"32426",,"08/04/26 00:00:00",,"6063",200,15.5,0,3100,3100,0,3100,2236,0,0,0,10015,"8. AUGUST",17,"32426",1,,,1,0,1,0,"RAYYAN",1,,0,0,1,0,0,0,"01",0,0,1,0,15.5,1,,0,"Z001",,15.5
"32426",,"08/04/26 00:00:00",,"252029",40,25,0,1000,1000,0,1000,2237,0,0,0,10015,"8. AUGUST",17,"32426",1,,,1,0,1,0,"RAYYAN",1,,0,0,1,0,0,0,"01",0,0,1,0,25,1,,0,"Z001",,25
"32526",,"08/04/26 00:00:00",,"973",30,750,0,22500,22500,0,22500,2238,0,0,0,352,"8. AUGUST",17,"32526",1,,,1,0,1,0,"ABDUL",1,,0,0,1,0,0,0,"01",0,0,1,0,750,1,,0,"Z001",,750
"32526",,"08/04/26 00:00:00",,"262240",30,35,0,1050,1050,0,1050,2239,0,0,0,352,"8. AUGUST",17,"32526",1,,,1,0,1,0,"ABDUL",1,,0,0,1,0,0,0,"01",0,0,1,0,35,1,,0,"Z001",,35
"32526",,"08/04/26 00:00:00",,"262304",1,750,0,750,750,0,750,2240,0,0,0,352,"8. AUGUST",17,"32526",1,,,1,0,-1,0,"ABDUL",1,,0,0,1,0,0,0,"01",0,0,1,0,750,0,,0,"Z001",,750
"32626",,"08/06/26 00:00:00",,"221885",5,3600,0,18000,18000,0,18000,2241,0,0,0,10004,"8. AUGUST",15,"32626",1,,,1,0,1,0,"ABDUL",1,,0,0,1,0,0,0,"01",0,0,1,0,3600,1,,0,"Z001",,3600
"32626",,"08/06/26 00:00:00",,"262305",1,5500,0,5500,5500,0,5500,2242,0,0,0,10004,"8. AUGUST",15,"32626",1,,,1,0,-1,0,"ABDUL",1,,0,0,1,0,0,0,"01",0,0,1,0,5500,0,,0,"Z001",,5500
"34426",,"08/20/26 00:00:00",,"6063",30,35,0,1050,1050,0,1050,2280,0,0,0,347,"8. AUGUST",1,"34426",1,,,1,0,1,0,"RAYYAN",1,,0,0,1,0,0,0,"01",0,0,1,0,35,1,,0,"Z001",,35
"32726",,"08/07/26 00:00:00",,"252063",50,120,0,6000,6000,0,6000,2243,0,0,0,350,"8. AUGUST",14,,1,,,1,0,1,0,"RAYYAN",1,,0,0,1,0,0,0,"01",0,0,1,0,120,1,,0,"Z001",,120
"32726",,"08/07/26 00:00:00",,"6099",50,90,0,4500,4500,0,4500,2244,0,0,0,350,"8. AUGUST",14,,1,,,1,0,1,0,"RAYYAN",1,,0,0,1,0,0,0,"01",0,0,1,0,90,1,,0,"Z001",,90
"32726",,"08/07/26 00:00:00",,"252043",20,115,0,2300,2300,0,2300,2245,0,0,0,350,"8. AUGUST",14,,1,,,1,0,1,0,"RAYYAN",1,,0,0,1,0,0,0,"01",0,0,1,0,115,1,,0,"Z001",,115
"32826",,"08/05/26 00:00:00",,"262144",2,36000,0,72000,72000,0,72000,2246,0,0,0,10020,"8. AUGUST",16,"32826",1,,,1,0,1,0,"RAYYAN",1,,0,0,1,0,0,0,"01",0,0,1,0,36000,1,,0,"Z001",,36000
"32826",,"08/05/26 00:00:00",,"923",2,90000,0,180000,180000,0,180000,2247,0,0,0,10020,"8. AUGUST",16,"32826",1,,,1,0,1,0,"RAYYAN",1,,0,0,1,0,0,0,"01",0,0,1,0,90000,1,,0,"Z001",,90000
"32826",,"08/05/26 00:00:00",,"262306",3,195000,0,585000,585000,0,585000,2248,0,0,0,10020,"8. AUGUST",16,"32826",1,,,1,0,-1,0,"RAYYAN",1,,0,0,1,0,0,0,"01",0,0,1,0,195000,0,,0,"Z001",,195000
"32926",,"08/05/26 00:00:00",,"262307",1,260000,0,260000,260000,0,260000,2249,0,0,0,10057,"8. AUGUST",16,"32926",1,,,1,0,-1,0,"RAYYAN",1,,0,0,1,0,0,0,"01",0,0,1,0,260000,0,,0,"Z001",,260000
"33026",,"08/04/26 00:00:00",,"1425",198,80,0,15840,15840,0,15840,2250,0,0,0,354,"8. AUGUST",17,"33026",1,,,1,0,1,0,"RAYYAN",1,,0,0,1,0,0,0,"01",0,0,1,0,80,1,,0,"Z001",,80
"33026",,"08/04/26 00:00:00",,"262089",191,80,0,15280,15280,0,15280,2251,0,0,0,354,"8. AUGUST",17,"33026",1,,,1,0,1,0,"RAYYAN",1,,0,0,1,0,0,0,"01",0,0,1,0,80,1,,0,"Z001",,80
"33126",,"08/07/26 00:00:00",,"262308",1,3500,0,3500,3500,0,3500,2252,0,0,0,10004,"8. AUGUST",14,"33126",1,,,1,0,-1,0,"RAYYAN",1,,0,0,1,0,0,0,"01",0,0,1,0,3500,0,,0,"Z001",,3500
"33226",,"08/07/26 00:00:00",,"262218",1,29500,0,29500,29500,0,29500,2253,0,0,0,353,"8. AUGUST",14,"33226",1,,,1,0,1,0,"RAYYAN",1,,0,0,1,0,0,0,"01",0,0,1,0,29500,1,,0,"Z001",,29500
"33326",,"08/07/26 00:00:00",,"5839",2,5200,0,10400,10400,0,10400,2254,0,0,0,10014,"8. AUGUST",14,"33326",1,,,1,0,1,0,"RAYYAN",1,,0,0,1,0,0,0,"01",0,0,1,0,5200,1,,0,"Z001",,5200
"33326",,"08/07/26 00:00:00",,"1094",2,4200,0,8400,8400,0,8400,2255,0,0,0,10014,"8. AUGUST",14,"33326",1,,,1,0,1,0,"RAYYAN",1,,0,0,1,0,0,0,"01",0,0,1,0,4200,1,,0,"Z001",,4200
"33326",,"08/07/26 00:00:00",,"1095",2,4200,0,8400,8400,0,8400,2256,0,0,0,10014,"8. AUGUST",14,"33326",1,,,1,0,1,0,"RAYYAN",1,,0,0,1,0,0,0,"01",0,0,1,0,4200,1,,0,"Z001",,4200
"33426",,"08/12/26 00:00:00",,"251941",30,250,0,7500,7500,0,7500,2257,0,0,0,10015,"8. AUGUST",9,"33426",1,,,1,0,1,0,"ABDUL",1,,0,0,1,0,0,0,"01",0,0,1,0,250,1,,0,"Z001",,250
"33426",,"08/12/26 00:00:00",,"6030",100,50,0,5000,5000,0,5000,2258,0,0,0,10015,"8. AUGUST",9,"33426",1,,,1,0,1,0,"ABDUL",1,,0,0,1,0,0,0,"01",0,0,1,0,50,1,,0,"Z001",,50
"33526",,"08/08/26 00:00:00",,"262234",1,20000,0,20000,20000,0,20000,2259,0,0,0,370,"8. AUGUST",13,"33526",1,,,1,0,1,0,"RAYYAN",1,,0,0,1,0,0,0,"01",0,0,1,0,20000,1,,0,"Z001",,20000
"33626",,"08/13/26 00:00:00",,"262296",6,2500,0,15000,15000,0,15000,2260,0,0,0,364,"8. AUGUST",8,"33626",1,,,1,0,1,0,"RAYYAN",1,,0,0,1,0,0,0,"01",0,0,1,0,2500,1,,0,"Z001",,2500
"33626",,"08/13/26 00:00:00",,"262309",3,4000,0,12000,12000,0,12000,2261,0,0,0,364,"8. AUGUST",8,"33626",1,,,1,0,-1,0,"RAYYAN",1,,0,0,1,0,0,0,"01",0,0,1,0,4000,0,,0,"Z001",,4000
"33626",,"08/13/26 00:00:00",,"932",5,2200,0,11000,11000,0,11000,2262,0,0,0,364,"8. AUGUST",8,"33626",1,,,1,0,1,0,"RAYYAN",1,,0,0,1,0,0,0,"01",0,0,1,0,2200,1,,0,"Z001",,2200
"33626",,"08/13/26 00:00:00",,"669",5,1350,0,6750,6750,0,6750,2263,0,0,0,364,"8. AUGUST",8,"33626",1,,,1,0,1,0,"RAYYAN",1,,0,0,1,0,0,0,"01",0,0,1,0,1350,1,,0,"Z001",,1350
"33626",,"08/13/26 00:00:00",,"6316",5,900,0,4500,4500,0,4500,2264,0,0,0,364,"8. AUGUST",8,"33626",1,,,1,0,1,0,"RAYYAN",1,,0,0,1,0,0,0,"01",0,0,1,0,900,1,,0,"Z001",,900
"33726",,"08/13/26 00:00:00",,"262310",50,135,0,6750,6750,0,6750,2265,0,0,0,10059,"8. AUGUST",8,"33726",1,,,1,0,-1,0,"RAYYAN",1,,0,0,1,0,0,0,"01",0,0,1,0,135,0,,0,"Z001",,135
"33726",,"08/13/26 00:00:00",,"262311",50,115,0,5750,5750,0,5750,2266,0,0,0,10059,"8. AUGUST",8,"33726",1,,,1,0,-1,0,"RAYYAN",1,,0,0,1,0,0,0,"01",0,0,1,0,115,0,,0,"Z001",,115
"33726",,"08/13/26 00:00:00",,"262312",10,260,0,2600,2600,0,2600,2267,0,0,0,10059,"8. AUGUST",8,"33726",1,,,1,0,-1,0,"RAYYAN",1,,0,0,1,0,0,0,"01",0,0,1,0,260,0,,0,"Z001",,260
"33726",,"08/13/26 00:00:00",,"262313",20,65,0,1300,1300,0,1300,2268,0,0,0,10059,"8. AUGUST",8,"33726",1,,,1,0,-1,0,"RAYYAN",1,,0,0,1,0,0,0,"01",0,0,1,0,65,0,,0,"Z001",,65
"33726",,"08/13/26 00:00:00",,"262315",20,40,0,800,800,0,800,2269,0,0,0,10059,"8. AUGUST",8,"33726",1,,,1,0,-1,0,"RAYYAN",1,,0,0,1,0,0,0,"01",0,0,1,0,40,0,,0,"Z001",,40
"33726",,"08/13/26 00:00:00",,"262316",8,500,0,4000,4000,0,4000,2270,0,0,0,10059,"8. AUGUST",8,"33726",1,,,1,0,-1,0,"RAYYAN",1,,0,0,1,0,0,0,"01",0,0,1,0,500,0,,0,"Z001",,500
"33826",,"08/14/26 00:00:00",,"262317",5,650,0,3250,3250,0,3250,2271,0,0,0,10059,"8. AUGUST",7,"33826",1,,,1,0,-1,0,"RAYYAN",1,,0,0,1,0,0,0,"01",0,0,1,0,650,0,,0,"Z001",,650
"33926",,"08/10/26 00:00:00",,"262218",4,29500,0,118000,118000,0,118000,2272,0,0,0,364,"8. AUGUST",11,"33926",1,,,1,0,1,0,"ABDUL",1,,0,0,1,0,0,0,"01",0,0,1,0,29500,1,,0,"Z001",,29500
"34026",,"08/10/26 00:00:00",,"1034",1,200,0,200,200,0,200,2273,0,0,0,352,"8. AUGUST",11,"34026",1,,,1,0,1,0,"RAYYAN",1,,0,0,1,0,0,0,"01",0,0,1,0,200,1,,0,"Z001",,200
"34126",,"08/15/26 00:00:00",,"1716",1,2110,0,2110,2110,0,2110,2274,0,0,0,347,"8. AUGUST",6,"34126",1,,,1,0,1,0,"RAYYAN",1,,0,0,1,0,0,0,"01",0,0,1,0,2110,1,,0,"Z001",,2110
"33926",,"08/10/26 00:00:00",,"262318",2,2200,0,4400,4400,0,4400,2276,0,0,0,364,"8. AUGUST",11,"33926",1,,,1,0,-1,0,"ABDUL",1,,0,0,1,0,0,0,"01",0,0,1,0,2200,0,,0,"Z001",,2200
"34326",,"08/18/26 00:00:00",,"262218",4,29400,0,117600,117600,0,117600,2277,0,0,0,364,"8. AUGUST",3,"34326",1,,,1,0,1,0,"ABDUL",1,,0,0,1,0,0,0,"01",0,0,1,0,29400,1,,0,"Z001",,29400
"28626",,"07/08/26 00:00:00",,"6556",2,11865.32,0,23730.64,23730.64,0,23730.64,2169,0,0,0,345,"7. JULY",44,"28626",1,,,1,0,1,0,"ABDUL",1,,0,0,1,0,0,0,"01",0,0,1,0,11865.32,1,,0,"Z001",,11865.32
"34326",,"08/18/26 00:00:00",,"262122",8,3000,0,24000,24000,0,24000,2278,0,0,0,364,"8. AUGUST",3,"34326",1,,,1,0,1,0,"ABDUL",1,,0,0,1,0,0,0,"01",0,0,1,0,3000,1,,0,"Z001",,3000
"2626",,"06/29/26 00:00:00",,"262235",0,0,0,0,0,0,0,2279,0,0,0,0,"6. JUNE",53,,0,,,1,90,0,0,"ABDUL",0,,0,0,1,0,0,1,"01",0,0,0,0,0,0,,0,"Z001",,0
"34426",,"08/20/26 00:00:00",,"6030",30,60,0,1800,1800,0,1800,2281,0,0,0,347,"8. AUGUST",1,"34426",1,,,1,0,1,0,"RAYYAN",1,,0,0,1,0,0,0,"01",0,0,1,0,60,1,,0,"Z001",,60
"34426",,"08/20/26 00:00:00",,"262319",12,18,0,216,216,0,216,2282,0,0,0,347,"8. AUGUST",1,"34426",1,,,1,0,-1,0,"RAYYAN",1,,0,0,1,0,0,0,"01",0,0,1,0,18,0,,0,"Z001",,18
"34426",,"08/20/26 00:00:00",,"262320",10,705.28,0,7052.8,7052.8,0,7052.8,2283,0,0,0,347,"8. AUGUST",1,"34426",1,,,1,0,-1,0,"RAYYAN",1,,0,0,1,0,0,0,"01",0,0,1,0,705.28,0,,0,"Z001",,705.28003
"34426",,"08/20/26 00:00:00",,"262322",10,324.8,0,3248,3248,0,3248,2284,0,0,0,347,"8. AUGUST",1,"34426",1,,,1,0,-1,0,"RAYYAN",1,,0,0,1,0,0,0,"01",0,0,1,0,324.8,0,,0,"Z001",,324.79999
"34426",,"08/20/26 00:00:00",,"241923",30,280,0,8400,8400,0,8400,2285,0,0,0,347,"8. AUGUST",1,"34426",1,,,1,0,1,0,"RAYYAN",1,,0,0,1,0,0,0,"01",0,0,1,0,280,1,,0,"Z001",,280
"34426",,"08/20/26 00:00:00",,"262323",20,160.08,0,3201.6,3201.6,0,3201.6,2286,0,0,0,347,"8. AUGUST",1,"34426",1,,,1,0,-1,0,"RAYYAN",1,,0,0,1,0,0,0,"01",0,0,1,0,160.08,0,,0,"Z001",,160.08
"34426",,"08/20/26 00:00:00",,"262327",10,44.08,0,440.8,440.8,0,440.8,2287,0,0,0,347,"8. AUGUST",1,"34426",1,,,1,0,-1,0,"RAYYAN",1,,0,0,1,0,0,0,"01",0,0,1,0,44.08,0,,0,"Z001",,44.080002
"34426",,"08/20/26 00:00:00",,"262325",5,310.07,0,1550.35,1550.35,0,1550.35,2288,0,0,0,347,"8. AUGUST",1,"34426",1,,,1,0,-1,0,"RAYYAN",1,,0,0,1,0,0,0,"01",0,0,1,0,310.07,0,,0,"Z001",,310.07001
"34426",,"08/20/26 00:00:00",,"262326",5,360.06,0,1800.3,1800.3,0,1800.3,2289,0,0,0,347,"8. AUGUST",1,"34426",1,,,1,0,-1,0,"RAYYAN",1,,0,0,1,0,0,0,"01",0,0,1,0,360.06,0,,0,"Z001",,360.06
"34426",,"08/20/26 00:00:00",,"251952",3,1021,0,3063,3063,0,3063,2290,0,0,0,347,"8. AUGUST",1,"34426",1,,,1,0,1,0,"RAYYAN",1,,0,0,1,0,0,0,"01",0,0,1,0,1021,1,,0,"Z001",,1021
"34426",,"08/20/26 00:00:00",,"251951",5,1573.01,0,7865.05,7865.05,0,7865.05,2291,0,0,0,347,"8. AUGUST",1,"34426",1,,,1,0,1,0,"RAYYAN",1,,0,0,1,0,0,0,"01",0,0,1,0,1573.01,1,,0,"Z001",,1573.01
"34426",,"08/20/26 00:00:00",,"1716",5,2090,0,10450,10450,0,10450,2292,0,0,0,347,"8. AUGUST",1,"34426",1,,,1,0,1,0,"RAYYAN",1,,0,0,1,0,0,0,"01",0,0,1,0,2090,1,,0,"Z001",,2090
"34426",,"08/20/26 00:00:00",,"859",5,3146,0,15730,15730,0,15730,2293,0,0,0,347,"8. AUGUST",1,"34426",1,,,1,0,1,0,"RAYYAN",1,,0,0,1,0,0,0,"01",0,0,1,0,3146,1,,0,"Z001",,3146
"34426",,"08/20/26 00:00:00",,"6505",30,84.68000000000001,0,2540.4,2540.4,0,2540.4,2294,0,0,0,347,"8. AUGUST",1,"34426",1,,,1,0,1,0,"RAYYAN",1,,0,0,1,0,0,0,"01",0,0,1,0,84.68000000000001,1,,0,"Z001",,84.68
"28626",,"07/08/26 00:00:00",,"5812",1,7925.06,0,7925.06,7925.06,0,7925.06,2170,0,0,0,345,"7. JULY",44,"28626",1,,,1,0,1,0,"ABDUL",1,,0,0,1,0,0,0,"01",0,0,1,0,7925.06,1,,0,"Z001",,7925.0601
"34426",,"08/20/26 00:00:00",,"1422",5,285.36,0,1426.8,1426.8,0,1426.8,2295,0,0,0,347,"8. AUGUST",1,"34426",1,,,1,0,-1,0,"RAYYAN",1,,0,0,1,0,0,0,"01",0,0,1,0,285.36,0,,0,"Z001",,285.35999
"34426",,"08/20/26 00:00:00",,"6612",5,649.6,0,3248,3248,0,3248,2296,0,0,0,347,"8. AUGUST",1,"34426",1,,,1,0,1,0,"RAYYAN",1,,0,0,1,0,0,0,"01",0,0,1,0,649.6,1,,0,"Z001",,649.59998
"34426",,"08/20/26 00:00:00",,"6608",5,900.16,0,4500.8,4500.8,0,4500.8,2297,0,0,0,347,"8. AUGUST",1,"34426",1,,,1,0,1,0,"RAYYAN",1,,0,0,1,0,0,0,"01",0,0,1,0,900.16,1,,0,"Z001",,900.15997
"34426",,"08/20/26 00:00:00",,"6613",5,1135.06,0,5675.3,5675.3,0,5675.3,2298,0,0,0,347,"8. AUGUST",1,"34426",1,,,1,0,1,0,"RAYYAN",1,,0,0,1,0,0,0,"01",0,0,1,0,1135.06,1,,0,"Z001",,1135.0601
"34526",,"08/20/26 00:00:00",,"6511",3,3400,0,10200,10200,0,10200,2299,0,0,0,368,"8. AUGUST",0,,1,,,1,0,1,0,"RAYYAN",1,,0,0,1,0,0,0,"01",0,0,1,0,3400,1,,0,"Z001",,3400
"28626",,"07/08/26 00:00:00",,"5811",2,6205.38,0,12410.76,12410.76,0,12410.76,2171,0,0,0,345,"7. JULY",44,"28626",1,,,1,0,1,0,"ABDUL",1,,0,0,1,0,0,0,"01",0,0,1,0,6205.38,1,,0,"Z001",,6205.3799
"11526",,"01/03/26 00:00:00",,"262071",2,27932.05,0,55864.1,55864.1,0,55200,1631,0,0,0,372,"1. JANUARY",230,"11526",1,,,1,0,-1,0,"RAYYAN",1,,0,0,1,0,0,0,"01",0,0,1,0,28037.26,0,,0,"Z001",,27600
"11626",,"01/14/26 00:00:00",,"1288",4,9700,0,38800,38800,0,38800,1632,0,0,0,10005,"1. JANUARY",219,"11626",1,,,1,0,1,0,"RAYYAN",1,,0,0,1,0,0,0,"01",0,0,1,0,9700,1,,0,"Z001",,9700
"11626",,"01/14/26 00:00:00",,"1471",4,10800,0,43200,43200,0,43200,1633,0,0,0,10005,"1. JANUARY",219,"11626",1,,,1,0,1,0,"RAYYAN",1,,0,0,1,0,0,0,"01",0,0,1,0,10800,1,,0,"Z001",,10800
"11626",,"01/14/26 00:00:00",,"1287",4,12400,0,49600,49600,0,49600,1634,0,0,0,10005,"1. JANUARY",219,"11626",1,,,1,0,1,0,"RAYYAN",1,,0,0,1,0,0,0,"01",0,0,1,0,12400,1,,0,"Z001",,12400
"11726",,"01/17/26 00:00:00",,"6234",200,20,0,4000,4000,0,4000,1635,0,0,0,370,"1. JANUARY",216,"11726",0,,,1,0,-1,0,"ABDUL",1,,0,0,1,0,0,0,"01",0,0,0,0,20,0,,0,"Z001",,20
"11826",,"01/21/26 00:00:00",,"221883",2,35328.96,0,70657.92,70657.92,0,70657.92,1636,0,0,0,343,"1. JANUARY",212,,1,,,1,0,-1,0,"ABDUL",1,,0,0,1,0,0,0,"01",0,0,1,0,35328.96,0,,0,"Z001",,35328.961
"11826",,"01/21/26 00:00:00",,"6527",1,6598.08,0,6598.08,6598.08,0,6598.08,1637,0,0,0,343,"1. JANUARY",212,,1,,,1,0,1,0,"ABDUL",1,,0,0,1,0,0,0,"01",0,0,1,0,6598.08,1,,0,"Z001",,6598.0801
"11826",,"01/21/26 00:00:00",,"6498",1,4802.4,0,4802.4,4802.4,0,4802.4,1638,0,0,0,343,"1. JANUARY",212,,1,,,1,0,-1,0,"ABDUL",1,,0,0,1,0,0,0,"01",0,0,1,0,4802.4,0,,0,"Z001",,4802.3999
"11826",,"01/21/26 00:00:00",,"993",1,13613.76,0,13613.76,13613.76,0,13613.76,1639,0,0,0,343,"1. JANUARY",212,,1,,,1,0,1,0,"ABDUL",1,,0,0,1,0,0,0,"01",0,0,1,0,13613.76,1,,0,"Z001",,13613.76
"11826",,"01/21/26 00:00:00",,"914",1,22132.8,0,22132.8,22132.8,0,22132.8,1640,0,0,0,343,"1. JANUARY",212,,1,,,1,0,218.25,0,"ABDUL",1,,0,0,1,0,0,0,"01",0,0,1,0,22132.8,218.25,,0,"Z001",,22132.801
"11826",,"01/21/26 00:00:00",,"6620",2,18624.96,0,37249.92,37249.92,0,37249.92,1641,0,0,0,343,"1. JANUARY",212,,1,,,1,0,177.78,0,"ABDUL",1,,0,0,1,0,0,0,"01",0,0,1,0,18624.96,177.78,,0,"Z001",,18624.961
"11826",,"01/21/26 00:00:00",,"6478",4,9544.48,0,38177.92,38177.92,0,38177.92,1642,0,0,0,343,"1. JANUARY",212,,1,,,1,0,1,0,"ABDUL",1,,0,0,1,0,0,0,"01",0,0,1,0,9544.48,1,,0,"Z001",,9544.4805
"11826",,"01/21/26 00:00:00",,"6497",1,22047.95,0,22047.95,22047.95,0,22047.95,1643,0,0,0,343,"1. JANUARY",212,,1,,,1,0,-1,0,"ABDUL",1,,0,0,1,0,0,0,"01",0,0,1,0,22047.95,0,,0,"Z001",,22047.949
"11926",,"01/21/26 00:00:00",,"6591",2,2800,0,5600,5600,0,5600,1644,0,0,0,352,"1. JANUARY",212,"11926",1,,,1,0,1,0,"RAYYAN",1,,0,0,1,0,0,0,"01",0,0,1,0,2800,1,,0,"Z001",,2800
"11926",,"01/21/26 00:00:00",,"251942",20,200,0,4000,4000,0,4000,1645,0,0,0,352,"1. JANUARY",212,"11926",1,,,1,0,1,0,"RAYYAN",1,,0,0,1,0,0,0,"01",0,0,1,0,200,1,,0,"Z001",,200
"11926",,"01/21/26 00:00:00",,"5762",50,10,0,500,500,0,500,1646,0,0,0,352,"1. JANUARY",212,"11926",1,,,1,0,1,0,"RAYYAN",1,,0,0,1,0,0,0,"01",0,0,1,0,10,1,,0,"Z001",,10
"11926",,"01/21/26 00:00:00",,"5761",50,10,0,500,500,0,500,1647,0,0,0,352,"1. JANUARY",212,"11926",1,,,1,0,1,0,"RAYYAN",1,,0,0,1,0,0,0,"01",0,0,1,0,10,1,,0,"Z001",,10
"11926",,"01/21/26 00:00:00",,"1092",50,10,0,500,500,0,500,1652,0,0,0,352,"1. JANUARY",212,"11926",1,,,1,0,-1,0,"RAYYAN",1,,0,0,1,0,0,0,"01",0,0,1,0,10,0,,0,"Z001",,10
"0101261",,"01/01/26 00:00:00",,"1471",1,10800,0,10800,10800,0,0,1368,0,0,0,9999,"1. January",232,,0,,,1,0,-1,0,"SAID",0,,0,1,0,0,0,0,"01",0,0,0,0,10800,0,,1,"Z001",,10800
"0101261",,"01/01/26 00:00:00",,"251941",19,325,0,6175,6175,0,0,1369,0,0,0,9999,"1. January",232,,0,,,1,0,-1,0,"SAID",0,,0,1,0,0,0,0,"01",0,0,0,0,325,0,,1,"Z001",,325
"0101261",,"01/01/26 00:00:00",,"251942",30,226.2068965517241,0,6786.21,6786.21,0,0,1370,0,0,0,9999,"1. January",232,,0,,,1,0,-1,0,"SAID",0,,0,1,0,0,0,0,"01",0,0,0,0,226.2068965517241,0,,1,"Z001",,226.20689
"0101261",,"01/01/26 00:00:00",,"251989",192,2.6,0,499.2,499.2,0,0,1371,0,0,0,9999,"1. January",232,,0,,,1,0,-1,0,"SAID",0,,0,1,0,0,0,0,"01",0,0,0,0,2.6,0,,1,"Z001",,2.5999999
"0101261",,"01/01/26 00:00:00",,"1521",10,1250,0,12500,12500,0,0,1372,0,0,0,9999,"1. January",232,,0,,,1,0,-1,0,"SAID",0,,0,1,0,0,0,0,"01",0,0,0,0,1250,0,,1,"Z001",,1250
"0101261",,"01/01/26 00:00:00",,"1549",21,133,0,2793,2793,0,0,1373,0,0,0,9999,"1. January",232,,0,,,1,0,-1,0,"SAID",0,,0,1,0,0,0,0,"01",0,0,0,0,133,0,,1,"Z001",,133
"0101261",,"01/01/26 00:00:00",,"1550",24,112,0,2688,2688,0,0,1374,0,0,0,9999,"1. January",232,,0,,,1,0,-1,0,"SAID",0,,0,1,0,0,0,0,"01",0,0,0,0,112,0,,1,"Z001",,112
"0101261",,"01/01/26 00:00:00",,"251990",56,60,0,3360,3360,0,0,1375,0,0,0,9999,"1. January",232,,0,,,1,0,-1,0,"SAID",0,,0,1,0,0,0,0,"01",0,0,0,0,60,0,,1,"Z001",,60
"0101261",,"01/01/26 00:00:00",,"1563",2,16000,0,32000,32000,0,0,1376,0,0,0,9999,"1. January",232,,0,,,1,0,-1,0,"SAID",0,,0,1,0,0,0,0,"01",0,0,0,0,16000,0,,1,"Z001",,16000
"0101261",,"01/01/26 00:00:00",,"251991",30,166.6666666666667,0,5000,5000,0,0,1377,0,0,0,9999,"1. January",232,,0,,,1,0,-1,0,"SAID",0,,0,1,0,0,0,0,"01",0,0,0,0,166.6666666666667,0,,1,"Z001",,166.66667
"0101261",,"01/01/26 00:00:00",,"251992",4,821.75,0,3287,3287,0,0,1378,0,0,0,9999,"1. January",232,,0,,,1,0,-1,0,"SAID",0,,0,1,0,0,0,0,"01",0,0,0,0,821.75,0,,1,"Z001",,821.75
"0101261",,"01/01/26 00:00:00",,"251993",2,1596,0,3192,3192,0,0,1379,0,0,0,9999,"1. January",232,,0,,,1,0,-1,0,"SAID",0,,0,1,0,0,0,0,"01",0,0,0,0,1596,0,,1,"Z001",,1596
"0101261",,"01/01/26 00:00:00",,"251994",3,370.5,0,1111.5,1111.5,0,0,1380,0,0,0,9999,"1. January",232,,0,,,1,0,-1,0,"SAID",0,,0,1,0,0,0,0,"01",0,0,0,0,370.5,0,,1,"Z001",,370.5
"0101261",,"01/01/26 00:00:00",,"1669",5,3500,0,17500,17500,0,0,1381,0,0,0,9999,"1. January",232,,0,,,1,0,-1,0,"SAID",0,,0,1,0,0,0,0,"01",0,0,0,0,3500,0,,1,"Z001",,3500
"0101261",,"01/01/26 00:00:00",,"1674",10,2000,0,20000,20000,0,0,1382,0,0,0,9999,"1. January",232,,0,,,1,0,-1,0,"SAID",0,,0,1,0,0,0,0,"01",0,0,0,0,2000,0,,1,"Z001",,2000
"0101261",,"01/01/26 00:00:00",,"1691",1,225.01,0,225.01,225.01,0,0,1383,0,0,0,9999,"1. January",232,,0,,,1,0,-1,0,"SAID",0,,0,1,0,0,0,0,"01",0,0,0,0,225.01,0,,1,"Z001",,225.00999
"0101261",,"01/01/26 00:00:00",,"251995",1,1757.5,0,1757.5,1757.5,0,0,1384,0,0,0,9999,"1. January",232,,0,,,1,0,-1,0,"SAID",0,,0,1,0,0,0,0,"01",0,0,0,0,1757.5,0,,1,"Z001",,1757.5
"0101261",,"01/01/26 00:00:00",,"211863",1,4055.36,0,4055.36,4055.36,0,0,1402,0,0,0,9999,"1. January",232,,0,,,1,0,-1,0,"SAID",0,,0,1,0,0,0,0,"01",0,0,0,0,4055.36,0,,1,"Z001",,4055.3601
"0101261",,"01/01/26 00:00:00",,"211864",2,5226.03,0,10452.06,10452.06,0,0,1403,0,0,0,9999,"1. January",232,,0,,,1,0,-1,0,"SAID",0,,0,1,0,0,0,0,"01",0,0,0,0,5226.03,0,,1,"Z001",,5226.0298
"0101261",,"01/01/26 00:00:00",,"221881",1,800,0,800,800,0,0,1404,0,0,0,9999,"1. January",232,,0,,,1,0,-1,0,"SAID",0,,0,1,0,0,0,0,"01",0,0,0,0,800,0,,1,"Z001",,800
"0101261",,"01/01/26 00:00:00",,"221882",1,900,0,900,900,0,0,1405,0,0,0,9999,"1. January",232,,0,,,1,0,-1,0,"SAID",0,,0,1,0,0,0,0,"01",0,0,0,0,900,0,,1,"Z001",,900
"0101261",,"01/01/26 00:00:00",,"221885",5,6722.6,0,33613,33613,0,0,1406,0,0,0,9999,"1. January",232,,0,,,1,0,-1,0,"SAID",0,,0,1,0,0,0,0,"01",0,0,0,0,6722.6,0,,1,"Z001",,6722.6001
"0101261",,"01/01/26 00:00:00",,"231902",7,5521.497142857143,0,38650.48,38650.48,0,0,1407,0,0,0,9999,"1. January",232,,0,,,1,0,-1,0,"SAID",0,,0,1,0,0,0,0,"01",0,0,0,0,5521.497142857143,0,,1,"Z001",,5521.4971
"0101261",,"01/01/26 00:00:00",,"231903",4947,1.09,0,5392.23,5392.23,0,0,1408,0,0,0,9999,"1. January",232,,0,,,1,0,-1,0,"SAID",0,,0,1,0,0,0,0,"01",0,0,0,0,1.09,0,,1,"Z001",,1.09
"0101261",,"01/01/26 00:00:00",,"231907",4,8600,0,34400,34400,0,0,1409,0,0,0,9999,"1. January",232,,0,,,1,0,-1,0,"SAID",0,,0,1,0,0,0,0,"01",0,0,0,0,8600,0,,1,"Z001",,8600
"0101261",,"01/01/26 00:00:00",,"241910",20,10219.95454545455,0,200924.29,200924.29,0,0,1410,0,0,0,9999,"1. January",232,,0,,,1,-34,102.2,0,"SAID",0,,0,1,0,0,0,0,"01",0,0,0,0,10219.95454545455,102.2,,1,"Z001",,10219.954
"0101261",,"01/01/26 00:00:00",,"241911",50,657.4,0,32870,32870,0,0,1411,0,0,0,9999,"1. January",232,,0,,,1,0,-1,0,"SAID",0,,0,1,0,0,0,0,"01",0,0,0,0,657.4,0,,1,"Z001",,657.40002
"0101261",,"01/01/26 00:00:00",,"241912",1992,66.57356608478803,0,132614.54,132614.54,0,0,1412,0,0,0,9999,"1. January",232,,0,,,1,0,-1,0,"SAID",0,,0,1,0,0,0,0,"01",0,0,0,0,66.57356608478803,0,,1,"Z001",,66.573563
"0101261",,"01/01/26 00:00:00",,"241916",3,175175.83,0,525527.49,525527.49,0,0,1413,0,0,0,9999,"1. January",232,,0,,,1,0,-1,0,"SAID",0,,0,1,0,0,0,0,"01",0,0,0,0,175175.83,0,,1,"Z001",,175175.83
"0101261",,"01/01/26 00:00:00",,"241918",120,653.5700000000001,0,78428.39999999999,78428.39999999999,0,0,1414,0,0,0,9999,"1. January",232,,0,,,1,0,-1,0,"SAID",0,,0,1,0,0,0,0,"01",0,0,0,0,653.5700000000001,0,,1,"Z001",,653.57001
"0101261",,"01/01/26 00:00:00",,"241923",18,280,0,5040,5040,0,0,1415,0,0,0,9999,"1. January",232,,0,,,1,0,-1,0,"SAID",0,,0,1,0,0,0,0,"01",0,0,0,0,280,0,,1,"Z001",,280
"0101261",,"01/01/26 00:00:00",,"241926",1,99979.03,0,99979.03,99979.03,0,0,1416,0,0,0,9999,"1. January",232,,0,,,1,0,-1,0,"SAID",0,,0,1,0,0,0,0,"01",0,0,0,0,99979.03,0,,1,"Z001",,99979.031
"0101261",,"01/01/26 00:00:00",,"241929",548,7.406779661016949,0,4058.92,4058.92,0,0,1417,0,0,0,9999,"1. January",232,,0,,,1,0,-1,0,"SAID",0,,0,1,0,0,0,0,"01",0,0,0,0,7.406779661016949,0,,1,"Z001",,7.4067798
"0101261",,"01/01/26 00:00:00",,"241931",25,1802,0,45050,45050,0,0,1418,0,0,0,9999,"1. January",232,,0,,,1,0,-1,0,"SAID",0,,0,1,0,0,0,0,"01",0,0,0,0,1802,0,,1,"Z001",,1802
"0101261",,"01/01/26 00:00:00",,"5832",58,132.0823244552058,0,7660.77,7660.77,0,0,1437,1,0,0,9999,"1. January",232,,0,,,1,0,-1,0,"SAID",0,,0,1,0,0,0,0,"01",0,0,0,0,132.0823244552058,0,,1,"Z001",,132.08232
"0101261",,"01/01/26 00:00:00",,"5833",2,550.24,0,1100.48,1100.48,0,0,1438,0,0,0,9999,"1. January",232,,0,,,1,0,-1,0,"SAID",0,,0,1,0,0,0,0,"01",0,0,0,0,550.24,0,,1,"Z001",,550.23999
"0101261",,"01/01/26 00:00:00",,"5956",319,14.29799426934097,0,4561.06,4561.06,0,0,1439,0,0,0,9999,"1. January",232,,0,,,1,0,-1,0,"SAID",0,,0,1,0,0,0,0,"01",0,0,0,0,14.29799426934097,0,,1,"Z001",,14.297995
"0101261",,"01/01/26 00:00:00",,"5969",71,16.11111111111111,0,1143.89,1143.89,0,0,1440,0,0,0,9999,"1. January",232,,0,,,1,0,-1,0,"SAID",0,,0,1,0,0,0,0,"01",0,0,0,0,16.11111111111111,0,,1,"Z001",,16.111111
"0101261",,"01/01/26 00:00:00",,"5970",150,75,0,11250,11250,0,0,1441,0,0,0,9999,"1. January",232,,0,,,1,0,-1,0,"SAID",0,,0,1,0,0,0,0,"01",0,0,0,0,75,0,,1,"Z001",,75
"0101261",,"01/01/26 00:00:00",,"5984",118,30,0,3540,3540,0,0,1442,0,0,0,9999,"1. January",232,,0,,,1,0,-1,0,"SAID",0,,0,1,0,0,0,0,"01",0,0,0,0,30,0,,1,"Z001",,30
"0101261",,"01/01/26 00:00:00",,"6002",30,25,0,750,750,0,0,1443,0,0,0,9999,"1. January",232,,0,,,1,0,-1,0,"SAID",0,,0,1,0,0,0,0,"01",0,0,0,0,25,0,,1,"Z001",,25
"0101261",,"01/01/26 00:00:00",,"6025",15,61.75,0,926.25,926.25,0,0,1444,0,0,0,9999,"1. January",232,,0,,,1,0,-1,0,"SAID",0,,0,1,0,0,0,0,"01",0,0,0,0,61.75,0,,1,"Z001",,61.75
"0101261",,"01/01/26 00:00:00",,"6030",159,80,0,12720,12720,0,0,1445,0,0,0,9999,"1. January",232,,0,,,1,0,-1,0,"SAID",0,,0,1,0,0,0,0,"01",0,0,0,0,80,0,,1,"Z001",,80
"0101261",,"01/01/26 00:00:00",,"6063",138,41,0,5658,5658,0,0,1446,0,0,0,9999,"1. January",232,,0,,,1,0,-1,0,"SAID",0,,0,1,0,0,0,0,"01",0,0,0,0,41,0,,1,"Z001",,41
"0101261",,"01/01/26 00:00:00",,"251943",14,1300,0,18200,18200,0,0,1447,0,0,0,9999,"1. January",232,,0,,,1,0,-1,0,"SAID",0,,0,1,0,0,0,0,"01",0,0,0,0,1300,0,,1,"Z001",,1300
"0101261",,"01/01/26 00:00:00",,"6098",58,27.55176470588235,0,1598,1598,0,0,1448,0,0,0,9999,"1. January",232,,0,,,1,0,-1,0,"SAID",0,,0,1,0,0,0,0,"01",0,0,0,0,27.55176470588235,0,,1,"Z001",,27.551765
"0101261",,"01/01/26 00:00:00",,"6099",58,85,0,4930,4930,0,0,1449,0,0,0,9999,"1. January",232,,0,,,1,0,-1,0,"SAID",0,,0,1,0,0,0,0,"01",0,0,0,0,85,0,,1,"Z001",,85
"0101261",,"01/01/26 00:00:00",,"6100",518,5,0,2590,2590,0,0,1450,0,0,0,9999,"1. January",232,,0,,,1,0,-1,0,"SAID",0,,0,1,0,0,0,0,"01",0,0,0,0,5,0,,1,"Z001",,5
"0101261",,"01/01/26 00:00:00",,"6107",2,5500,0,11000,11000,0,0,1451,0,0,0,9999,"1. January",232,,0,,,1,0,-1,0,"SAID",0,,0,1,0,0,0,0,"01",0,0,0,0,5500,0,,1,"Z001",,5500
"0101261",,"01/01/26 00:00:00",,"6116",10,550,0,5500,5500,0,0,1452,0,0,0,9999,"1. January",232,,0,,,1,0,-1,0,"SAID",0,,0,1,0,0,0,0,"01",0,0,0,0,550,0,,1,"Z001",,550
"0101261",,"01/01/26 00:00:00",,"6118",12,275,0,3300,3300,0,0,1453,0,0,0,9999,"1. January",232,,0,,,1,0,-1,0,"SAID",0,,0,1,0,0,0,0,"01",0,0,0,0,275,0,,1,"Z001",,275
"0101261",,"01/01/26 00:00:00",,"6127",76,130,0,9880,9880,0,0,1454,0,0,0,9999,"1. January",232,,0,,,1,0,-1,0,"SAID",0,,0,1,0,0,0,0,"01",0,0,0,0,130,0,,1,"Z001",,130
"0101261",,"01/01/26 00:00:00",,"251946",10,824.5813333333333,0,8245.809999999999,8245.809999999999,0,0,1473,0,0,0,9999,"1. January",232,,0,,,1,0,-1,0,"SAID",0,,0,1,0,0,0,0,"01",0,0,0,0,824.5813333333333,0,,1,"Z001",,824.58136
"0101261",,"01/01/26 00:00:00",,"6317",3,2920,0,8760,8760,0,0,1474,0,0,0,9999,"1. January",232,,0,,,1,0,-1,0,"SAID",0,,0,1,0,0,0,0,"01",0,0,0,0,2920,0,,1,"Z001",,2920
"0101261",,"01/01/26 00:00:00",,"6332",3,190,0,570,570,0,0,1475,0,0,0,9999,"1. January",232,,0,,,1,0,-1,0,"SAID",0,,0,1,0,0,0,0,"01",0,0,0,0,190,0,,1,"Z001",,190
"0101261",,"01/01/26 00:00:00",,"6333",14,230,0,3220,3220,0,0,1476,0,0,0,9999,"1. January",232,,0,,,1,0,-1,0,"SAID",0,,0,1,0,0,0,0,"01",0,0,0,0,230,0,,1,"Z001",,230
"0101261",,"01/01/26 00:00:00",,"6334",16,255,0,4080,4080,0,0,1477,0,0,0,9999,"1. January",232,,0,,,1,0,-1,0,"SAID",0,,0,1,0,0,0,0,"01",0,0,0,0,255,0,,1,"Z001",,255
"0101261",,"01/01/26 00:00:00",,"6335",37,230,0,8510,8510,0,0,1478,0,0,0,9999,"1. January",232,,0,,,1,0,-1,0,"SAID",0,,0,1,0,0,0,0,"01",0,0,0,0,230,0,,1,"Z001",,230
"0101261",,"01/01/26 00:00:00",,"6336",10,300,0,3000,3000,0,0,1479,0,0,0,9999,"1. January",232,,0,,,1,0,-1,0,"SAID",0,,0,1,0,0,0,0,"01",0,0,0,0,300,0,,1,"Z001",,300
"0101261",,"01/01/26 00:00:00",,"6338",48,100,0,4800,4800,0,0,1480,0,0,0,9999,"1. January",232,,0,,,1,0,-1,0,"SAID",0,,0,1,0,0,0,0,"01",0,0,0,0,100,0,,1,"Z001",,100
"0101261",,"01/01/26 00:00:00",,"6346",73,428.1578947368421,0,31255.53,31255.53,0,0,1481,0,0,0,9999,"1. January",232,,0,,,1,0,-1,0,"SAID",0,,0,1,0,0,0,0,"01",0,0,0,0,428.1578947368421,0,,1,"Z001",,428.1579
"0101261",,"01/01/26 00:00:00",,"6358",49,120,0,5880,5880,0,0,1482,0,0,0,9999,"1. January",232,,0,,,1,0,-1,0,"SAID",0,,0,1,0,0,0,0,"01",0,0,0,0,120,0,,1,"Z001",,120
"0101261",,"01/01/26 00:00:00",,"6363",9,112,0,1008,1008,0,0,1483,0,0,0,9999,"1. January",232,,0,,,1,0,-1,0,"SAID",0,,0,1,0,0,0,0,"01",0,0,0,0,112,0,,1,"Z001",,112
"0101261",,"01/01/26 00:00:00",,"6364",35,156.3333333333333,0,5471.67,5471.67,0,0,1484,0,0,0,9999,"1. January",232,,0,,,1,0,-1,0,"SAID",0,,0,1,0,0,0,0,"01",0,0,0,0,156.3333333333333,0,,1,"Z001",,156.33333
"0101261",,"01/01/26 00:00:00",,"6365",2921.75,0.61,0,1782.27,1782.27,0,0,1485,0,0,0,9999,"1. January",232,,0,,,1,0,-1,0,"SAID",0,,0,1,0,0,0,0,"01",0,0,0,0,0.61,0,,1,"Z001",,0.61000001
"0101261",,"01/01/26 00:00:00",,"252031",10,125,0,1250,1250,0,0,1486,0,0,0,9999,"1. January",232,,0,,,1,0,-1,0,"SAID",0,,0,1,0,0,0,0,"01",0,0,0,0,125,0,,1,"Z001",,125
"0101261",,"01/01/26 00:00:00",,"6385",4,450,0,1800,1800,0,0,1487,0,0,0,9999,"1. January",232,,0,,,1,0,-1,0,"SAID",0,,0,1,0,0,0,0,"01",0,0,0,0,450,0,,1,"Z001",,450
"0101261",,"01/01/26 00:00:00",,"6386",5,480,0,2400,2400,0,0,1488,0,0,0,9999,"1. January",232,,0,,,1,0,-1,0,"SAID",0,,0,1,0,0,0,0,"01",0,0,0,0,480,0,,1,"Z001",,480
"0101261",,"01/01/26 00:00:00",,"6390",5,500,0,2500,2500,0,0,1489,0,0,0,9999,"1. January",232,,0,,,1,0,-1,0,"SAID",0,,0,1,0,0,0,0,"01",0,0,0,0,500,0,,1,"Z001",,500
"0101261",,"01/01/26 00:00:00",,"6394",2,4200,0,8400,8400,0,0,1490,0,0,0,9999,"1. January",232,,0,,,1,0,-1,0,"SAID",0,,0,1,0,0,0,0,"01",0,0,0,0,4200,0,,1,"Z001",,4200
"0101261",,"01/01/26 00:00:00",,"6515",10,530,0,5300,5300,0,0,1509,0,0,0,9999,"1. January",232,,0,,,1,0,-1,0,"SAID",0,,0,1,0,0,0,0,"01",0,0,0,0,530,0,,1,"Z001",,530
"0101261",,"01/01/26 00:00:00",,"6527",1,6269,0,6269,6269,0,0,1510,0,0,0,9999,"1. January",232,,0,,,1,0,-1,0,"SAID",0,,0,1,0,0,0,0,"01",0,0,0,0,6269,0,,1,"Z001",,6269
"0101261",,"01/01/26 00:00:00",,"6554",3,16250,0,48750,48750,0,0,1511,0,0,0,9999,"1. January",232,,0,,,1,0,-1,0,"SAID",0,,0,1,0,0,0,0,"01",0,0,0,0,16250,0,,1,"Z001",,16250
"0101261",,"01/01/26 00:00:00",,"6555",2,70000,0,140000,140000,0,0,1512,0,0,0,9999,"1. January",232,,0,,,1,0,-1,0,"SAID",0,,0,1,0,0,0,0,"01",0,0,0,0,70000,0,,1,"Z001",,70000
"0101261",,"01/01/26 00:00:00",,"6563",1,2500,0,2500,2500,0,0,1513,0,0,0,9999,"1. January",232,,0,,,1,0,-1,0,"SAID",0,,0,1,0,0,0,0,"01",0,0,0,0,2500,0,,1,"Z001",,2500
"0101261",,"01/01/26 00:00:00",,"6565",3,18000,0,54000,54000,0,0,1514,0,0,0,9999,"1. January",232,,0,,,1,0,-1,0,"SAID",0,,0,1,0,0,0,0,"01",0,0,0,0,18000,0,,1,"Z001",,18000
"0101261",,"01/01/26 00:00:00",,"6584",45,85,0,3825,3825,0,0,1515,0,0,0,9999,"1. January",232,,0,,,1,0,-1,0,"SAID",0,,0,1,0,0,0,0,"01",0,0,0,0,85,0,,1,"Z001",,85
"0101261",,"01/01/26 00:00:00",,"6585",49,125,0,6125,6125,0,0,1516,0,0,0,9999,"1. January",232,,0,,,1,0,-1,0,"SAID",0,,0,1,0,0,0,0,"01",0,0,0,0,125,0,,1,"Z001",,125
"0101261",,"01/01/26 00:00:00",,"6586",39,160,0,6240,6240,0,0,1517,0,0,0,9999,"1. January",232,,0,,,1,0,-1,0,"SAID",0,,0,1,0,0,0,0,"01",0,0,0,0,160,0,,1,"Z001",,160
"0101261",,"01/01/26 00:00:00",,"6587",66,135,0,8910,8910,0,0,1518,0,0,0,9999,"1. January",232,,0,,,1,0,-1,0,"SAID",0,,0,1,0,0,0,0,"01",0,0,0,0,135,0,,1,"Z001",,135
"0101261",,"01/01/26 00:00:00",,"6588",4,300,0,1200,1200,0,0,1519,0,0,0,9999,"1. January",232,,0,,,1,0,-1,0,"SAID",0,,0,1,0,0,0,0,"01",0,0,0,0,300,0,,1,"Z001",,300
"0101261",,"01/01/26 00:00:00",,"6589",8,570,0,4560,4560,0,0,1520,0,0,0,9999,"1. January",232,,0,,,1,0,-1,0,"SAID",0,,0,1,0,0,0,0,"01",0,0,0,0,570,0,,1,"Z001",,570
"0101261",,"01/01/26 00:00:00",,"6591",3,3822.212,0,11466.64,11466.64,0,0,1521,0,0,0,9999,"1. January",232,,0,,,1,0,-1,0,"SAID",0,,0,1,0,0,0,0,"01",0,0,0,0,3822.212,0,,1,"Z001",,3822.2119
"0101261",,"01/01/26 00:00:00",,"6602",301,70.21683890577508,0,21135.27,21135.27,0,0,1522,0,0,0,9999,"1. January",232,,0,,,1,0,-1,0,"SAID",0,,0,1,0,0,0,0,"01",0,0,0,0,70.21683890577508,0,,1,"Z001",,70.216843
"0101261",,"01/01/26 00:00:00",,"6608",4,737.1900000000001,0,2948.76,2948.76,0,0,1523,0,0,0,9999,"1. January",232,,0,,,1,0,-1,0,"SAID",0,,0,1,0,0,0,0,"01",0,0,0,0,737.1900000000001,0,,1,"Z001",,737.19
"0101261",,"01/01/26 00:00:00",,"6612",6,540.84,0,3245.04,3245.04,0,0,1524,0,0,0,9999,"1. January",232,,0,,,1,0,-1,0,"SAID",0,,0,1,0,0,0,0,"01",0,0,0,0,540.84,0,,1,"Z001",,540.84003
"0101261",,"01/01/26 00:00:00",,"6613",6,1432.89,0,8597.34,8597.34,0,0,1525,0,0,0,9999,"1. January",232,,0,,,1,0,-1,0,"SAID",0,,0,1,0,0,0,0,"01",0,0,0,0,1432.89,0,,1,"Z001",,1432.89
"0101261",,"01/01/26 00:00:00",,"6616",229,132.0967741935484,0,30250.16,30250.16,0,0,1526,0,0,0,9999,"1. January",232,,0,,,1,0,-1,0,"SAID",0,,0,1,0,0,0,0,"01",0,0,0,0,132.0967741935484,0,,1,"Z001",,132.09677
"0101261",,"01/01/26 00:00:00",,"891",11,150,0,1650,1650,0,0,1545,0,0,0,9999,"1. January",232,,0,,,1,0,-1,0,"SAID",0,,0,1,0,0,0,0,"01",0,0,0,0,150,0,,1,"Z001",,150
"0101261",,"01/01/26 00:00:00",,"892",3,908.33,0,2724.99,2724.99,0,0,1546,0,0,0,9999,"1. January",232,,0,,,1,0,-1,0,"SAID",0,,0,1,0,0,0,0,"01",0,0,0,0,908.33,0,,1,"Z001",,908.33002
"0101261",,"01/01/26 00:00:00",,"898",3,25000,0,75000,75000,0,0,1547,0,0,0,9999,"1. January",232,,0,,,1,0,-1,0,"SAID",0,,0,1,0,0,0,0,"01",0,0,0,0,25000,0,,1,"Z001",,25000
"0101261",,"01/01/26 00:00:00",,"914",0,19642.6,0,14186.25,14186.25,0,0,1548,0,0,0,9999,"1. January",232,,0,,,1,65,218.25,0,"SAID",0,,0,1,0,0,0,0,"01",0,0,0,0,19642.6,218.25,,1,"Z001",,19642.6
"0101261",,"01/01/26 00:00:00",,"924",1,6800,0,6800,6800,0,0,1549,0,0,0,9999,"1. January",232,,0,,,1,0,-1,0,"SAID",0,,0,1,0,0,0,0,"01",0,0,0,0,6800,0,,1,"Z001",,6800
"0101261",,"01/01/26 00:00:00",,"944",32,220,0,7040,7040,0,0,1550,0,0,0,9999,"1. January",232,,0,,,1,0,-1,0,"SAID",0,,0,1,0,0,0,0,"01",0,0,0,0,220,0,,1,"Z001",,220
"0101261",,"01/01/26 00:00:00",,"252039",4,2593.5,0,10374,10374,0,0,1551,0,0,0,9999,"1. January",232,,0,,,1,0,-1,0,"SAID",0,,0,1,0,0,0,0,"01",0,0,0,0,2593.5,0,,1,"Z001",,2593.5
"0101261",,"01/01/26 00:00:00",,"962",13,454.36,0,5906.68,5906.68,0,0,1552,0,0,0,9999,"1. January",232,,0,,,1,0,-1,0,"SAID",0,,0,1,0,0,0,0,"01",0,0,0,0,454.36,0,,1,"Z001",,454.35999
"0101261",,"01/01/26 00:00:00",,"252006",1,22500,0,22500,22500,0,0,1553,0,0,0,9999,"1. January",232,,0,,,1,0,-1,0,"SAID",0,,0,1,0,0,0,0,"01",0,0,0,0,22500,0,,1,"Z001",,22500
"0101261",,"01/01/26 00:00:00",,"973",6,750,0,4500,4500,0,0,1554,0,0,0,9999,"1. January",232,,0,,,1,0,-1,0,"SAID",0,,0,1,0,0,0,0,"01",0,0,0,0,750,0,,1,"Z001",,750
"0101261",,"01/01/26 00:00:00",,"252013",13,530.13,0,6891.69,6891.69,0,0,1555,0,0,0,9999,"1. January",232,,0,,,1,0,-1,0,"SAID",0,,0,1,0,0,0,0,"01",0,0,0,0,530.13,0,,1,"Z001",,530.13
"0101261",,"01/01/26 00:00:00",,"993",0,-1,0,0,0,0,0,1556,0,0,0,9999,"1. January",232,,0,,,1,-50,-1,0,"SAID",0,,0,1,0,0,0,0,"01",0,0,0,0,0,0,,1,"Z001",,-1
"0101261",,"01/01/26 00:00:00",,"999",10,5700,0,57000,57000,0,0,1557,0,0,0,9999,"1. January",232,,0,,,1,0,-1,0,"SAID",0,,0,1,0,0,0,0,"01",0,0,0,0,5700,0,,1,"Z001",,5700
"0101261",,"01/01/26 00:00:00",,"251948",6,21900,0,131400,131400,0,0,1558,0,0,0,9999,"1. January",232,,0,,,1,0,-1,0,"SAID",0,,0,1,0,0,0,0,"01",0,0,0,0,21900,0,,1,"Z001",,21900
"0101261",,"01/01/26 00:00:00",,"251949",2,24000,0,48000,48000,0,0,1559,0,0,0,9999,"1. January",232,,0,,,1,0,-1,0,"SAID",0,,0,1,0,0,0,0,"01",0,0,0,0,24000,0,,1,"Z001",,24000
"0101261",,"01/01/26 00:00:00",,"252016",2,220,0,440,440,0,0,1560,0,0,0,9999,"1. January",232,,0,,,1,0,-1,0,"SAID",0,,0,1,0,0,0,0,"01",0,0,0,0,220,0,,1,"Z001",,220
"0101261",,"01/01/26 00:00:00",,"252017",3,150,0,450,450,0,0,1561,0,0,0,9999,"1. January",232,,0,,,1,0,-1,0,"SAID",0,,0,1,0,0,0,0,"01",0,0,0,0,150,0,,1,"Z001",,150
"0101261",,"01/01/26 00:00:00",,"252018",7,90,0,630,630,0,0,1562,0,0,0,9999,"1. January",232,,0,,,1,0,-1,0,"SAID",0,,0,1,0,0,0,0,"01",0,0,0,0,90,0,,1,"Z001",,90
"0101261",,"01/01/26 00:00:00",,"252015",39,345.01,0,13455.39,13455.39,0,0,1580,0,0,0,9999,"1. January",232,,0,,,1,0,-1,0,"SAID",0,,0,1,0,0,0,0,"01",0,0,0,0,345.01,0,,1,"Z001",,345.01001
"0101261",,"01/01/26 00:00:00",,"251969",45,312.5,0,14062.5,14062.5,0,0,1581,0,0,0,9999,"1. January",232,,0,,,1,0,-1,0,"SAID",0,,0,1,0,0,0,0,"01",0,0,0,0,312.5,0,,1,"Z001",,312.5
"0101261",,"01/01/26 00:00:00",,"251970",38,284,0,10792,10792,0,0,1582,0,0,0,9999,"1. January",232,,0,,,1,0,-1,0,"SAID",0,,0,1,0,0,0,0,"01",0,0,0,0,284,0,,1,"Z001",,284
"0101261",,"01/01/26 00:00:00",,"251972",3,6189.37,0,18568.11,18568.11,0,0,1583,0,0,0,9999,"1. January",232,,0,,,1,0,-1,0,"SAID",0,,0,1,0,0,0,0,"01",0,0,0,0,6189.37,0,,1,"Z001",,6189.3701
"0101261",,"01/01/26 00:00:00",,"252022",2,2800,0,5600,5600,0,0,1584,0,0,0,9999,"1. January",232,,0,,,1,0,-1,0,"SAID",0,,0,1,0,0,0,0,"01",0,0,0,0,2800,0,,1,"Z001",,2800
"0101261",,"01/01/26 00:00:00",,"252024",59,170,0,10030,10030,0,0,1585,0,0,0,9999,"1. January",232,,0,,,1,0,-1,0,"SAID",0,,0,1,0,0,0,0,"01",0,0,0,0,170,0,,1,"Z001",,170
"0101261",,"01/01/26 00:00:00",,"252025",3,800,0,2400,2400,0,0,1586,0,0,0,9999,"1. January",232,,0,,,1,0,-1,0,"SAID",0,,0,1,0,0,0,0,"01",0,0,0,0,800,0,,1,"Z001",,800
"0101261",,"01/01/26 00:00:00",,"251963",14,5500,0,77000,77000,0,0,1587,0,0,0,9999,"1. January",232,,0,,,1,0,-1,0,"SAID",0,,0,1,0,0,0,0,"01",0,0,0,0,5500,0,,1,"Z001",,5500
"0101261",,"01/01/26 00:00:00",,"252026",3,900,0,2700,2700,0,0,1588,0,0,0,9999,"1. January",232,,0,,,1,0,-1,0,"SAID",0,,0,1,0,0,0,0,"01",0,0,0,0,900,0,,1,"Z001",,900
"0101261",,"01/01/26 00:00:00",,"252027",6,300,0,1800,1800,0,0,1589,0,0,0,9999,"1. January",232,,0,,,1,0,-1,0,"SAID",0,,0,1,0,0,0,0,"01",0,0,0,0,300,0,,1,"Z001",,300
"0101261",,"01/01/26 00:00:00",,"252028",8,450,0,3600,3600,0,0,1590,0,0,0,9999,"1. January",232,,0,,,1,0,-1,0,"SAID",0,,0,1,0,0,0,0,"01",0,0,0,0,450,0,,1,"Z001",,450
"0101261",,"01/01/26 00:00:00",,"252032",9,159.99,0,1439.91,1439.91,0,0,1591,0,0,0,9999,"1. January",232,,0,,,1,0,-1,0,"SAID",0,,0,1,0,0,0,0,"01",0,0,0,0,159.99,0,,1,"Z001",,159.99001
"0101261",,"01/01/26 00:00:00",,"252033",5,400,0,2000,2000,0,0,1592,0,0,0,9999,"1. January",232,,0,,,1,0,-1,0,"SAID",0,,0,1,0,0,0,0,"01",0,0,0,0,400,0,,1,"Z001",,400
"0101261",,"01/01/26 00:00:00",,"252034",9,200,0,1800,1800,0,0,1593,0,0,0,9999,"1. January",232,,0,,,1,0,-1,0,"SAID",0,,0,1,0,0,0,0,"01",0,0,0,0,200,0,,1,"Z001",,200
"0101261",,"01/01/26 00:00:00",,"252038",5,565,0,2825,2825,0,0,1594,0,0,0,9999,"1. January",232,,0,,,1,0,-1,0,"SAID",0,,0,1,0,0,0,0,"01",0,0,0,0,565,0,,1,"Z001",,565
"0101261",,"01/01/26 00:00:00",,"252043",30,107,0,3210,3210,0,0,1595,0,0,0,9999,"1. January",232,,0,,,1,0,-1,0,"SAID",0,,0,1,0,0,0,0,"01",0,0,0,0,107,0,,1,"Z001",,107
"0101261",,"01/01/26 00:00:00",,"252044",40,130,0,5200,5200,0,0,1596,0,0,0,9999,"1. January",232,,0,,,1,0,-1,0,"SAID",0,,0,1,0,0,0,0,"01",0,0,0,0,130,0,,1,"Z001",,130
"0101261",,"01/01/26 00:00:00",,"252051",10,326.79,0,3267.9,3267.9,0,0,1614,0,0,0,9999,"1. January",232,,0,,,1,0,-1,0,"SAID",0,,0,1,0,0,0,0,"01",0,0,0,0,326.79,0,,1,"Z001",,326.79001
"0101261",,"01/01/26 00:00:00",,"252052",120,653.5700000000001,0,78428.39999999999,78428.39999999999,0,0,1615,0,0,0,9999,"1. January",232,,0,,,1,0,-1,0,"SAID",0,,0,1,0,0,0,0,"01",0,0,0,0,653.5700000000001,0,,1,"Z001",,653.57001
"0101261",,"01/01/26 00:00:00",,"252053",10,5238.9,0,52389,52389,0,0,1616,0,0,0,9999,"1. January",232,,0,,,1,0,-1,0,"SAID",0,,0,1,0,0,0,0,"01",0,0,0,0,5238.9,0,,1,"Z001",,5238.8999
"0101261",,"01/01/26 00:00:00",,"252054",10,5238.9,0,52389,52389,0,0,1617,0,0,0,9999,"1. January",232,,0,,,1,0,-1,0,"SAID",0,,0,1,0,0,0,0,"01",0,0,0,0,5238.9,0,,1,"Z001",,5238.8999
"0101261",,"01/01/26 00:00:00",,"252058",20,3451.510000000001,0,69030.2,69030.2,0,0,1618,0,0,0,9999,"1. January",232,,0,,,1,0,-1,0,"SAID",0,,0,1,0,0,0,0,"01",0,0,0,0,3451.510000000001,0,,1,"Z001",,3451.51
"0101261",,"01/01/26 00:00:00",,"252059",20,2979,0,59580,59580,0,0,1619,0,0,0,9999,"1. January",232,,0,,,1,0,-1,0,"SAID",0,,0,1,0,0,0,0,"01",0,0,0,0,2979,0,,1,"Z001",,2979
"0101261",,"01/01/26 00:00:00",,"252060",2,1200,0,2400,2400,0,0,1620,0,0,0,9999,"1. January",232,,0,,,1,0,-1,0,"SAID",0,,0,1,0,0,0,0,"01",0,0,0,0,1200,0,,1,"Z001",,1200
"0101261",,"01/01/26 00:00:00",,"252055",120,83.90000000000001,0,10068,10068,0,0,1621,0,0,0,9999,"1. January",232,,0,,,1,0,-1,0,"SAID",0,,0,1,0,0,0,0,"01",0,0,0,0,83.90000000000001,0,,1,"Z001",,83.900002
"0101261",,"01/01/26 00:00:00",,"252056",120,83.90000000000001,0,10068,10068,0,0,1622,0,0,0,9999,"1. January",232,,0,,,1,0,-1,0,"SAID",0,,0,1,0,0,0,0,"01",0,0,0,0,83.90000000000001,0,,1,"Z001",,83.900002
"0101261",,"01/01/26 00:00:00",,"252057",240,160.25,0,38460,38460,0,0,1623,0,0,0,9999,"1. January",232,,0,,,1,0,-1,0,"SAID",0,,0,1,0,0,0,0,"01",0,0,0,0,160.25,0,,1,"Z001",,160.25
"0101261",,"01/01/26 00:00:00",,"252061",55,70,0,3850,3850,0,0,1624,0,0,0,9999,"1. January",232,,0,,,1,0,-1,0,"SAID",0,,0,1,0,0,0,0,"01",0,0,0,0,70,0,,1,"Z001",,70
"0101261",,"01/01/26 00:00:00",,"252063",9,180,0,1620,1620,0,0,1625,0,0,0,9999,"1. January",232,,0,,,1,0,-1,0,"SAID",0,,0,1,0,0,0,0,"01",0,0,0,0,180,0,,1,"Z001",,180
"0101261",,"01/01/26 00:00:00",,"252064",100,10,0,1000,1000,0,0,1626,0,0,0,9999,"1. January",232,,0,,,1,0,-1,0,"SAID",0,,0,1,0,0,0,0,"01",0,0,0,0,10,0,,1,"Z001",,10
"0101261",,"01/01/26 00:00:00",,"252065",100,7,0,700,700,0,0,1627,0,0,0,9999,"1. January",232,,0,,,1,0,-1,0,"SAID",0,,0,1,0,0,0,0,"01",0,0,0,0,7,0,,1,"Z001",,7
"0101261",,"01/01/26 00:00:00",,"252066",100,13,0,1300,1300,0,0,1628,0,0,0,9999,"1. January",232,,0,,,1,0,-1,0,"SAID",0,,0,1,0,0,0,0,"01",0,0,0,0,13,0,,1,"Z001",,13
"11526",,"01/03/26 00:00:00",,"262069",4,25300.77,0,101203.08,101203.08,0,100000,1629,0,0,0,372,"1. JANUARY",230,"11526",1,,,1,0,-1,0,"RAYYAN",1,,0,0,1,0,0,0,"01",0,0,1,0,25198.04,0,,0,"Z001",,25000
"11526",,"01/03/26 00:00:00",,"262070",2,26616.41,0,53232.82,53232.82,0,52600,1630,0,0,0,372,"1. JANUARY",230,"11526",1,,,1,0,-1,0,"RAYYAN",1,,0,0,1,0,0,0,"01",0,0,1,0,26716.67,0,,0,"Z001",,26300
"0101261",,"01/01/26 00:00:00",,"251996",6,2080.5,0,12483,12483,0,0,1385,0,0,0,9999,"1. January",232,,0,,,1,0,-1,0,"SAID",0,,0,1,0,0,0,0,"01",0,0,0,0,2080.5,0,,1,"Z001",,2080.5
"0101261",,"01/01/26 00:00:00",,"251997",5,384.75,0,1923.75,1923.75,0,0,1386,0,0,0,9999,"1. January",232,,0,,,1,0,-1,0,"SAID",0,,0,1,0,0,0,0,"01",0,0,0,0,384.75,0,,1,"Z001",,384.75
"0101261",,"01/01/26 00:00:00",,"251998",2,5695.25,0,11390.5,11390.5,0,0,1387,0,0,0,9999,"1. January",232,,0,,,1,0,-1,0,"SAID",0,,0,1,0,0,0,0,"01",0,0,0,0,5695.25,0,,1,"Z001",,5695.25
"0101261",,"01/01/26 00:00:00",,"251999",5,285,0,1425,1425,0,0,1388,0,0,0,9999,"1. January",232,,0,,,1,0,-1,0,"SAID",0,,0,1,0,0,0,0,"01",0,0,0,0,285,0,,1,"Z001",,285
"0101261",,"01/01/26 00:00:00",,"252000",4,76,0,304,304,0,0,1389,0,0,0,9999,"1. January",232,,0,,,1,0,-1,0,"SAID",0,,0,1,0,0,0,0,"01",0,0,0,0,76,0,,1,"Z001",,76
"0101261",,"01/01/26 00:00:00",,"252001",5,99.75,0,498.75,498.75,0,0,1390,0,0,0,9999,"1. January",232,,0,,,1,0,-1,0,"SAID",0,,0,1,0,0,0,0,"01",0,0,0,0,99.75,0,,1,"Z001",,99.75
"0101261",,"01/01/26 00:00:00",,"252002",5,128.25,0,641.25,641.25,0,0,1391,0,0,0,9999,"1. January",232,,0,,,1,0,-1,0,"SAID",0,,0,1,0,0,0,0,"01",0,0,0,0,128.25,0,,1,"Z001",,128.25
"0101261",,"01/01/26 00:00:00",,"1711",1,2700,0,2700,2700,0,0,1392,0,0,0,9999,"1. January",232,,0,,,1,0,-1,0,"SAID",0,,0,1,0,0,0,0,"01",0,0,0,0,2700,0,,1,"Z001",,2700
"0101261",,"01/01/26 00:00:00",,"1716",1,1864,0,1864,1864,0,0,1393,0,0,0,9999,"1. January",232,,0,,,1,0,-1,0,"SAID",0,,0,1,0,0,0,0,"01",0,0,0,0,1864,0,,1,"Z001",,1864
"0101261",,"01/01/26 00:00:00",,"1717",4,4800,0,19200,19200,0,0,1394,0,0,0,9999,"1. January",232,,0,,,1,0,-1,0,"SAID",0,,0,1,0,0,0,0,"01",0,0,0,0,4800,0,,1,"Z001",,4800
"0101261",,"01/01/26 00:00:00",,"201725",5,6650,0,33250,33250,0,0,1395,0,0,0,9999,"1. January",232,,0,,,1,0,-1,0,"SAID",0,,0,1,0,0,0,0,"01",0,0,0,0,6650,0,,1,"Z001",,6650
"0101261",,"01/01/26 00:00:00",,"201757",24,140,0,3360,3360,0,0,1396,0,0,0,9999,"1. January",232,,0,,,1,0,-1,0,"SAID",0,,0,1,0,0,0,0,"01",0,0,0,0,140,0,,1,"Z001",,140
"0101261",,"01/01/26 00:00:00",,"201761",5,370.01,0,1850.05,1850.05,0,0,1397,0,0,0,9999,"1. January",232,,0,,,1,0,-1,0,"SAID",0,,0,1,0,0,0,0,"01",0,0,0,0,370.01,0,,1,"Z001",,370.01001
"0101261",,"01/01/26 00:00:00",,"201762",5,600,0,3000,3000,0,0,1398,0,0,0,9999,"1. January",232,,0,,,1,0,-1,0,"SAID",0,,0,1,0,0,0,0,"01",0,0,0,0,600,0,,1,"Z001",,600
"0101261",,"01/01/26 00:00:00",,"201789",83,45,0,3735,3735,0,0,1399,0,0,0,9999,"1. January",232,,0,,,1,0,-1,0,"SAID",0,,0,1,0,0,0,0,"01",0,0,0,0,45,0,,1,"Z001",,45
"0101261",,"01/01/26 00:00:00",,"251978",1,4700,0,4700,4700,0,0,1400,0,0,0,9999,"1. January",232,,0,,,1,0,-1,0,"SAID",0,,0,1,0,0,0,0,"01",0,0,0,0,4700,0,,1,"Z001",,4700
"0101261",,"01/01/26 00:00:00",,"251979",2,230,0,460,460,0,0,1401,0,0,0,9999,"1. January",232,,0,,,1,0,-1,0,"SAID",0,,0,1,0,0,0,0,"01",0,0,0,0,230,0,,1,"Z001",,230
"0101261",,"01/01/26 00:00:00",,"241932",2,1500,0,3000,3000,0,0,1419,0,0,0,9999,"1. January",232,,0,,,1,0,-1,0,"SAID",0,,0,1,0,0,0,0,"01",0,0,0,0,1500,0,,1,"Z001",,1500
"0101261",,"01/01/26 00:00:00",,"241933",20,739.61,0,14792.2,14792.2,0,0,1420,0,0,0,9999,"1. January",232,,0,,,1,0,-1,0,"SAID",0,,0,1,0,0,0,0,"01",0,0,0,0,739.61,0,,1,"Z001",,739.60999
"0101261",,"01/01/26 00:00:00",,"251935",2,20000,0,40000,40000,0,0,1421,0,0,0,9999,"1. January",232,,0,,,1,0,-1,0,"SAID",0,,0,1,0,0,0,0,"01",0,0,0,0,20000,0,,1,"Z001",,20000
"0101261",,"01/01/26 00:00:00",,"251938",123,1505.667741935484,0,185197.13,185197.13,0,0,1422,0,0,0,9999,"1. January",232,,0,,,1,0,-1,0,"SAID",0,,0,1,0,0,0,0,"01",0,0,0,0,1505.667741935484,0,,1,"Z001",,1505.6677
"0101261",,"01/01/26 00:00:00",,"5602",1,9000,0,9000,9000,0,0,1423,0,0,0,9999,"1. January",232,,0,,,1,0,-1,0,"SAID",0,,0,1,0,0,0,0,"01",0,0,0,0,9000,0,,1,"Z001",,9000
"0101261",,"01/01/26 00:00:00",,"5692",10,2900,0,29000,29000,0,0,1424,0,0,0,9999,"1. January",232,,0,,,1,0,-1,0,"SAID",0,,0,1,0,0,0,0,"01",0,0,0,0,2900,0,,1,"Z001",,2900
"0101261",,"01/01/26 00:00:00",,"5704",3,3150,0,9450,9450,0,0,1425,0,0,0,9999,"1. January",232,,0,,,1,0,-1,0,"SAID",0,,0,1,0,0,0,0,"01",0,0,0,0,3150,0,,1,"Z001",,3150
"0101261",,"01/01/26 00:00:00",,"5757",1500,6,0,9000,9000,0,0,1426,0,0,0,9999,"1. January",232,,0,,,1,0,-1,0,"SAID",0,,0,1,0,0,0,0,"01",0,0,0,0,6,0,,1,"Z001",,6
"0101261",,"01/01/26 00:00:00",,"5761",99,9,0,891,891,0,0,1427,0,0,0,9999,"1. January",232,,0,,,1,0,-1,0,"SAID",0,,0,1,0,0,0,0,"01",0,0,0,0,9,0,,1,"Z001",,9
"0101261",,"01/01/26 00:00:00",,"5762",72,9,0,648,648,0,0,1428,0,0,0,9999,"1. January",232,,0,,,1,0,-1,0,"SAID",0,,0,1,0,0,0,0,"01",0,0,0,0,9,0,,1,"Z001",,9
"0101261",,"01/01/26 00:00:00",,"5795",3,2481.875,0,7445.63,7445.63,0,0,1429,0,0,0,9999,"1. January",232,,0,,,1,0,-1,0,"SAID",0,,0,1,0,0,0,0,"01",0,0,0,0,2481.875,0,,1,"Z001",,2481.875
"0101261",,"01/01/26 00:00:00",,"5796",6,2402,0,14412,14412,0,0,1430,0,0,0,9999,"1. January",232,,0,,,1,0,-1,0,"SAID",0,,0,1,0,0,0,0,"01",0,0,0,0,2402,0,,1,"Z001",,2402
"0101261",,"01/01/26 00:00:00",,"5797",4,1055.75,0,4223,4223,0,0,1431,0,0,0,9999,"1. January",232,,0,,,1,0,-1,0,"SAID",0,,0,1,0,0,0,0,"01",0,0,0,0,1055.75,0,,1,"Z001",,1055.75
"0101261",,"01/01/26 00:00:00",,"5798",3,1417,0,4251,4251,0,0,1432,0,0,0,9999,"1. January",232,,0,,,1,0,-1,0,"SAID",0,,0,1,0,0,0,0,"01",0,0,0,0,1417,0,,1,"Z001",,1417
"0101261",,"01/01/26 00:00:00",,"5799",3,1131.115,0,3393.35,3393.35,0,0,1433,0,0,0,9999,"1. January",232,,0,,,1,0,-1,0,"SAID",0,,0,1,0,0,0,0,"01",0,0,0,0,1131.115,0,,1,"Z001",,1131.115
"0101261",,"01/01/26 00:00:00",,"252029",-1,-1,0,0,0,0,0,1434,0,0,0,9999,"1. January",232,,0,,,1,0,-1,0,"SAID",0,,0,1,0,0,0,0,"01",0,0,0,0,0,0,,1,"Z001",,-1
"0101261",,"01/01/26 00:00:00",,"252030",9.5,90,0,855,855,0,0,1435,0,0,0,9999,"1. January",232,,0,,,1,0,-1,0,"SAID",0,,0,1,0,0,0,0,"01",0,0,0,0,90,0,,1,"Z001",,90
"0101261",,"01/01/26 00:00:00",,"5817",8,7293.90243902439,0,58351.22,58351.22,0,0,1436,0,0,0,9999,"1. January",232,,0,,,1,0,-1,0,"SAID",0,,0,1,0,0,0,0,"01",0,0,0,0,7293.90243902439,0,,1,"Z001",,7293.9023
"0101261",,"01/01/26 00:00:00",,"251944",1,1835,0,1835,1835,0,0,1455,0,0,0,9999,"1. January",232,,0,,,1,0,-1,0,"SAID",0,,0,1,0,0,0,0,"01",0,0,0,0,1835,0,,1,"Z001",,1835
"0101261",,"01/01/26 00:00:00",,"6129",2,4500,0,9000,9000,0,0,1456,0,0,0,9999,"1. January",232,,0,,,1,0,-1,0,"SAID",0,,0,1,0,0,0,0,"01",0,0,0,0,4500,0,,1,"Z001",,4500
"0101261",,"01/01/26 00:00:00",,"6131",3,43000,0,129000,129000,0,0,1457,0,0,0,9999,"1. January",232,,0,,,1,0,-1,0,"SAID",0,,0,1,0,0,0,0,"01",0,0,0,0,43000,0,,1,"Z001",,43000
"0101261",,"01/01/26 00:00:00",,"6150",5,3400,0,17000,17000,0,0,1458,0,0,0,9999,"1. January",232,,0,,,1,0,-1,0,"SAID",0,,0,1,0,0,0,0,"01",0,0,0,0,3400,0,,1,"Z001",,3400
"0101261",,"01/01/26 00:00:00",,"252004",2,22000,0,44000,44000,0,0,1459,0,0,0,9999,"1. January",232,,0,,,1,0,-1,0,"SAID",0,,0,1,0,0,0,0,"01",0,0,0,0,22000,0,,1,"Z001",,22000
"0101261",,"01/01/26 00:00:00",,"6173",23,90,0,2070,2070,0,0,1460,0,0,0,9999,"1. January",232,,0,,,1,0,-1,0,"SAID",0,,0,1,0,0,0,0,"01",0,0,0,0,90,0,,1,"Z001",,90
"0101261",,"01/01/26 00:00:00",,"6189",20,350,0,7000,7000,0,0,1461,0,0,0,9999,"1. January",232,,0,,,1,0,-1,0,"SAID",0,,0,1,0,0,0,0,"01",0,0,0,0,350,0,,1,"Z001",,350
"0101261",,"01/01/26 00:00:00",,"6190",-15,-1,0,0,0,0,0,1462,0,0,0,9999,"1. January",232,,0,,,1,0,-1,0,"SAID",0,,0,1,0,0,0,0,"01",0,0,0,0,0,0,,1,"Z001",,-1
"0101261",,"01/01/26 00:00:00",,"6192",1030,2.883177570093458,0,2969.67,2969.67,0,0,1463,0,0,0,9999,"1. January",232,,0,,,1,0,-1,0,"SAID",0,,0,1,0,0,0,0,"01",0,0,0,0,2.883177570093458,0,,1,"Z001",,2.8831775
"0101261",,"01/01/26 00:00:00",,"6218",5,3840,0,19200,19200,0,0,1464,0,0,0,9999,"1. January",232,,0,,,1,0,-1,0,"SAID",0,,0,1,0,0,0,0,"01",0,0,0,0,3840,0,,1,"Z001",,3840
"0101261",,"01/01/26 00:00:00",,"6228",12,150,0,1800,1800,0,0,1465,0,0,0,9999,"1. January",232,,0,,,1,0,-1,0,"SAID",0,,0,1,0,0,0,0,"01",0,0,0,0,150,0,,1,"Z001",,150
"0101261",,"01/01/26 00:00:00",,"6229",17,697.6470588235294,0,11860,11860,0,0,1466,0,0,0,9999,"1. January",232,,0,,,1,0,-1,0,"SAID",0,,0,1,0,0,0,0,"01",0,0,0,0,697.6470588235294,0,,1,"Z001",,697.64703
"0101261",,"01/01/26 00:00:00",,"252005",1,24500,0,24500,24500,0,0,1467,0,0,0,9999,"1. January",232,,0,,,1,0,-1,0,"SAID",0,,0,1,0,0,0,0,"01",0,0,0,0,24500,0,,1,"Z001",,24500
"0101261",,"01/01/26 00:00:00",,"6272",254,6,0,1524,1524,0,0,1468,0,0,0,9999,"1. January",232,,0,,,1,0,-1,0,"SAID",0,,0,1,0,0,0,0,"01",0,0,0,0,6,0,,1,"Z001",,6
"0101261",,"01/01/26 00:00:00",,"6275",2,1026.6,0,2053.2,2053.2,0,0,1469,0,0,0,9999,"1. January",232,,0,,,1,0,-1,0,"SAID",0,,0,1,0,0,0,0,"01",0,0,0,0,1026.6,0,,1,"Z001",,1026.6
"0101261",,"01/01/26 00:00:00",,"6291",2,850,0,1700,1700,0,0,1470,0,0,0,9999,"1. January",232,,0,,,1,0,-1,0,"SAID",0,,0,1,0,0,0,0,"01",0,0,0,0,850,0,,1,"Z001",,850
"0101261",,"01/01/26 00:00:00",,"6296",9,76,0,684,684,0,0,1471,0,0,0,9999,"1. January",232,,0,,,1,0,-1,0,"SAID",0,,0,1,0,0,0,0,"01",0,0,0,0,76,0,,1,"Z001",,76
"0101261",,"01/01/26 00:00:00",,"6307",9,800,0,7200,7200,0,0,1472,0,0,0,9999,"1. January",232,,0,,,1,0,-1,0,"SAID",0,,0,1,0,0,0,0,"01",0,0,0,0,800,0,,1,"Z001",,800
"0101261",,"01/01/26 00:00:00",,"6396",3,3770,0,11310,11310,0,0,1491,0,0,0,9999,"1. January",232,,0,,,1,0,-1,0,"SAID",0,,0,1,0,0,0,0,"01",0,0,0,0,3770,0,,1,"Z001",,3770
"0101261",,"01/01/26 00:00:00",,"6399",8,110,0,880,880,0,0,1492,0,0,0,9999,"1. January",232,,0,,,1,0,-1,0,"SAID",0,,0,1,0,0,0,0,"01",0,0,0,0,110,0,,1,"Z001",,110
"0101261",,"01/01/26 00:00:00",,"6414",2,230,0,460,460,0,0,1493,0,0,0,9999,"1. January",232,,0,,,1,0,-1,0,"SAID",0,,0,1,0,0,0,0,"01",0,0,0,0,230,0,,1,"Z001",,230
"0101261",,"01/01/26 00:00:00",,"251947",3,237862.61,0,713587.83,713587.83,0,0,1494,0,0,0,9999,"1. January",232,,0,,,1,0,-1,0,"SAID",0,,0,1,0,0,0,0,"01",0,0,0,0,237862.61,0,,1,"Z001",,237862.61
"0101261",,"01/01/26 00:00:00",,"6451",4,400,0,1600,1600,0,0,1495,0,0,0,9999,"1. January",232,,0,,,1,0,-1,0,"SAID",0,,0,1,0,0,0,0,"01",0,0,0,0,400,0,,1,"Z001",,400
"0101261",,"01/01/26 00:00:00",,"6466",22,250,0,5500,5500,0,0,1496,0,0,0,9999,"1. January",232,,0,,,1,0,-1,0,"SAID",0,,0,1,0,0,0,0,"01",0,0,0,0,250,0,,1,"Z001",,250
"0101261",,"01/01/26 00:00:00",,"6471",163,2529.576504713561,0,413585.92,413585.92,0,0,1497,0,0,0,9999,"1. January",232,,0,,,1,45,28.11,0,"SAID",0,,0,1,0,0,0,0,"01",0,0,0,0,2529.576504713561,28.11,,1,"Z001",,2529.5764
"0101261",,"01/01/26 00:00:00",,"6474",155,4255.912813559322,0,662220.15,662220.15,0,0,1498,0,0,0,9999,"1. January",232,,0,,,1,54,47.29000000000001,0,"SAID",0,,0,1,0,0,0,0,"01",0,0,0,0,4255.912813559322,47.29000000000001,,1,"Z001",,4255.9126
"0101261",,"01/01/26 00:00:00",,"6475",21,6755.9184,0,143767.04,143767.04,0,0,1499,0,0,0,9999,"1. January",232,,0,,,1,25,75.70999999999999,0,"SAID",0,,0,1,0,0,0,0,"01",0,0,0,0,6755.9184,75.70999999999999,,1,"Z001",,6755.9185
"0101261",,"01/01/26 00:00:00",,"6476",29,10053.78529411765,0,301314.21,301314.21,0,0,1500,0,0,0,9999,"1. January",232,,0,,,1,87,112.12,0,"SAID",0,,0,1,0,0,0,0,"01",0,0,0,0,10053.78529411765,112.12,,1,"Z001",,10053.785
"0101261",,"01/01/26 00:00:00",,"6477",5,17284.46,0,86422.3,86422.3,0,0,1501,0,0,0,9999,"1. January",232,,0,,,1,50,-1,0,"SAID",0,,0,1,0,0,0,0,"01",0,0,0,0,17284.46,0,,1,"Z001",,17284.461
"0101261",,"01/01/26 00:00:00",,"6478",1,8084.74,0,8084.74,8084.74,0,0,1502,0,0,0,9999,"1. January",232,,0,,,1,0,-1,0,"SAID",0,,0,1,0,0,0,0,"01",0,0,0,0,8084.74,0,,1,"Z001",,8084.7402
"0101261",,"01/01/26 00:00:00",,"6479",2,9817.525,0,19635.05,19635.05,0,0,1503,0,0,0,9999,"1. January",232,,0,,,1,-13,-1,0,"SAID",0,,0,1,0,0,0,0,"01",0,0,0,0,9817.525,0,,1,"Z001",,9817.5254
"0101261",,"01/01/26 00:00:00",,"6481",1,13316.43,0,25301.19,25301.19,0,0,1504,0,0,0,9999,"1. January",232,,0,,,1,81,147.96,0,"SAID",0,,0,1,0,0,0,0,"01",0,0,0,0,13316.43,147.96,,1,"Z001",,13316.43
"0101261",,"01/01/26 00:00:00",,"6483",0,28214.73,0,27588,27588,0,0,1505,0,0,0,9999,"1. January",232,,0,,,1,88,313.5,0,"SAID",0,,0,1,0,0,0,0,"01",0,0,0,0,28214.73,313.5,,1,"Z001",,28214.73
"0101261",,"01/01/26 00:00:00",,"6492",1,6310,0,6310,6310,0,0,1506,0,0,0,9999,"1. January",232,,0,,,1,0,-1,0,"SAID",0,,0,1,0,0,0,0,"01",0,0,0,0,6310,0,,1,"Z001",,6310
"0101261",,"01/01/26 00:00:00",,"6505",312,70.16778669724771,0,21892.35,21892.35,0,0,1507,0,0,0,9999,"1. January",232,,0,,,1,0,-1,0,"SAID",0,,0,1,0,0,0,0,"01",0,0,0,0,70.16778669724771,0,,1,"Z001",,70.167786
"0101261",,"01/01/26 00:00:00",,"6511",15,3161.871875,0,47428.08,47428.08,0,0,1508,0,0,0,9999,"1. January",232,,0,,,1,0,-1,0,"SAID",0,,0,1,0,0,0,0,"01",0,0,0,0,3161.871875,0,,1,"Z001",,3161.8718
"0101261",,"01/01/26 00:00:00",,"6618",1,7700,0,7700,7700,0,0,1527,0,0,0,9999,"1. January",232,,0,,,1,0,-1,0,"SAID",0,,0,1,0,0,0,0,"01",0,0,0,0,7700,0,,1,"Z001",,7700
"0101261",,"01/01/26 00:00:00",,"6619",1,10200,0,10200,10200,0,0,1528,0,0,0,9999,"1. January",232,,0,,,1,-22,-1,0,"SAID",0,,0,1,0,0,0,0,"01",0,0,0,0,10200,0,,1,"Z001",,10200
"0101261",,"01/01/26 00:00:00",,"6620",0,16000,0,6577.86,6577.86,0,0,1529,0,0,0,9999,"1. January",232,,0,,,1,37,177.78,0,"SAID",0,,0,1,0,0,0,0,"01",0,0,0,0,16000,177.78,,1,"Z001",,16000
"0101261",,"01/01/26 00:00:00",,"6624",2,17000,0,34000,34000,0,0,1530,0,0,0,9999,"1. January",232,,0,,,1,0,-1,0,"SAID",0,,0,1,0,0,0,0,"01",0,0,0,0,17000,0,,1,"Z001",,17000
"0101261",,"01/01/26 00:00:00",,"6625",2,16000,0,32000,32000,0,0,1531,0,0,0,9999,"1. January",232,,0,,,1,0,-1,0,"SAID",0,,0,1,0,0,0,0,"01",0,0,0,0,16000,0,,1,"Z001",,16000
"0101261",,"01/01/26 00:00:00",,"757",7,1350,0,9450,9450,0,0,1532,0,0,0,9999,"1. January",232,,0,,,1,0,-1,0,"SAID",0,,0,1,0,0,0,0,"01",0,0,0,0,1350,0,,1,"Z001",,1350
"0101261",,"01/01/26 00:00:00",,"758",2,1550,0,3100,3100,0,0,1533,0,0,0,9999,"1. January",232,,0,,,1,0,-1,0,"SAID",0,,0,1,0,0,0,0,"01",0,0,0,0,1550,0,,1,"Z001",,1550
"0101261",,"01/01/26 00:00:00",,"771",2,36142.85714285714,0,72285.71000000001,72285.71000000001,0,0,1534,0,0,0,9999,"1. January",232,,0,,,1,0,-1,0,"SAID",0,,0,1,0,0,0,0,"01",0,0,0,0,36142.85714285714,0,,1,"Z001",,36142.855
"0101261",,"01/01/26 00:00:00",,"787",1,4626,0,5240.39,5240.39,0,0,1535,0,0,0,9999,"1. January",232,,0,,,1,13.5,45.51,0,"SAID",0,,0,1,0,0,0,0,"01",0,0,0,0,4626,45.51,,1,"Z001",,4626
"0101261",,"01/01/26 00:00:00",,"791",7,625,0,4375,4375,0,0,1536,0,0,0,9999,"1. January",232,,0,,,1,0,-1,0,"SAID",0,,0,1,0,0,0,0,"01",0,0,0,0,625,0,,1,"Z001",,625
"0101261",,"01/01/26 00:00:00",,"836",42,230,0,9660,9660,0,0,1537,0,0,0,9999,"1. January",232,,0,,,1,0,-1,0,"SAID",0,,0,1,0,0,0,0,"01",0,0,0,0,230,0,,1,"Z001",,230
"0101261",,"01/01/26 00:00:00",,"849",1,3600,0,3600,3600,0,0,1538,0,0,0,9999,"1. January",232,,0,,,1,0,-1,0,"SAID",0,,0,1,0,0,0,0,"01",0,0,0,0,3600,0,,1,"Z001",,3600
"0101261",,"01/01/26 00:00:00",,"854",1,650,0,650,650,0,0,1539,0,0,0,9999,"1. January",232,,0,,,1,0,-1,0,"SAID",0,,0,1,0,0,0,0,"01",0,0,0,0,650,0,,1,"Z001",,650
"0101261",,"01/01/26 00:00:00",,"857",5,150,0,750,750,0,0,1540,0,0,0,9999,"1. January",232,,0,,,1,0,-1,0,"SAID",0,,0,1,0,0,0,0,"01",0,0,0,0,150,0,,1,"Z001",,150
"0101261",,"01/01/26 00:00:00",,"858",2,1400,0,2800,2800,0,0,1541,0,0,0,9999,"1. January",232,,0,,,1,0,-1,0,"SAID",0,,0,1,0,0,0,0,"01",0,0,0,0,1400,0,,1,"Z001",,1400
"0101261",,"01/01/26 00:00:00",,"859",1,2833,0,2833,2833,0,0,1542,0,0,0,9999,"1. January",232,,0,,,1,0,-1,0,"SAID",0,,0,1,0,0,0,0,"01",0,0,0,0,2833,0,,1,"Z001",,2833
"0101261",,"01/01/26 00:00:00",,"862",83,120,0,9960,9960,0,0,1543,0,0,0,9999,"1. January",232,,0,,,1,0,-1,0,"SAID",0,,0,1,0,0,0,0,"01",0,0,0,0,120,0,,1,"Z001",,120
"0101261",,"01/01/26 00:00:00",,"875",4,850,0,3400,3400,0,0,1544,0,0,0,9999,"1. January",232,,0,,,1,0,-1,0,"SAID",0,,0,1,0,0,0,0,"01",0,0,0,0,850,0,,1,"Z001",,850
"0101261",,"01/01/26 00:00:00",,"252020",250,199.83,0,49957.5,49957.5,0,0,1563,0,0,0,9999,"1. January",232,,0,,,1,0,-1,0,"SAID",0,,0,1,0,0,0,0,"01",0,0,0,0,199.83,0,,1,"Z001",,199.83
"0101261",,"01/01/26 00:00:00",,"252021",37,314.7,0,11643.9,11643.9,0,0,1564,0,0,0,9999,"1. January",232,,0,,,1,0,-1,0,"SAID",0,,0,1,0,0,0,0,"01",0,0,0,0,314.7,0,,1,"Z001",,314.70001
"0101261",,"01/01/26 00:00:00",,"251951",2,1410.17,0,2820.34,2820.34,0,0,1565,0,0,0,9999,"1. January",232,,0,,,1,0,-1,0,"SAID",0,,0,1,0,0,0,0,"01",0,0,0,0,1410.17,0,,1,"Z001",,1410.17
"0101261",,"01/01/26 00:00:00",,"251952",3,971.29,0,2913.87,2913.87,0,0,1566,0,0,0,9999,"1. January",232,,0,,,1,0,-1,0,"SAID",0,,0,1,0,0,0,0,"01",0,0,0,0,971.29,0,,1,"Z001",,971.28998
"0101261",,"01/01/26 00:00:00",,"251964",1,13500,0,13500,13500,0,0,1567,0,0,0,9999,"1. January",232,,0,,,1,0,-1,0,"SAID",0,,0,1,0,0,0,0,"01",0,0,0,0,13500,0,,1,"Z001",,13500
"0101261",,"01/01/26 00:00:00",,"251954",0,-1,0,13200,13200,0,0,1568,0,0,0,9999,"1. January",232,,0,,,1,24,550,0,"SAID",0,,0,1,0,0,0,0,"01",0,0,0,0,0,550,,1,"Z001",,-1
"0101261",,"01/01/26 00:00:00",,"251955",0,-1,0,33800,33800,0,0,1569,0,0,0,9999,"1. January",232,,0,,,1,52,650,0,"SAID",0,,0,1,0,0,0,0,"01",0,0,0,0,0,650,,1,"Z001",,-1
"0101261",,"01/01/26 00:00:00",,"251965",4,1013.72,0,4054.88,4054.88,0,0,1570,0,0,0,9999,"1. January",232,,0,,,1,0,-1,0,"SAID",0,,0,1,0,0,0,0,"01",0,0,0,0,1013.72,0,,1,"Z001",,1013.72
"0101261",,"01/01/26 00:00:00",,"251966",3,180,0,540,540,0,0,1571,0,0,0,9999,"1. January",232,,0,,,1,0,-1,0,"SAID",0,,0,1,0,0,0,0,"01",0,0,0,0,180,0,,1,"Z001",,180
"0101261",,"01/01/26 00:00:00",,"252042",49,78,0,3822,3822,0,0,1572,0,0,0,9999,"1. January",232,,0,,,1,0,-1,0,"SAID",0,,0,1,0,0,0,0,"01",0,0,0,0,78,0,,1,"Z001",,78
"0101261",,"01/01/26 00:00:00",,"251950",2,27833.33333333333,0,55666.67,55666.67,0,0,1573,0,0,0,9999,"1. January",232,,0,,,1,0,-1,0,"SAID",0,,0,1,0,0,0,0,"01",0,0,0,0,27833.33333333333,0,,1,"Z001",,27833.334
"0101261",,"01/01/26 00:00:00",,"251953",124,718.3709677419355,0,89078,89078,0,0,1574,0,0,0,9999,"1. January",232,,0,,,1,0,-1,0,"SAID",0,,0,1,0,0,0,0,"01",0,0,0,0,718.3709677419355,0,,1,"Z001",,718.37097
"0101261",,"01/01/26 00:00:00",,"251967",26,163.8888888888889,0,4261.11,4261.11,0,0,1575,0,0,0,9999,"1. January",232,,0,,,1,0,-1,0,"SAID",0,,0,1,0,0,0,0,"01",0,0,0,0,163.8888888888889,0,,1,"Z001",,163.88889
"0101261",,"01/01/26 00:00:00",,"251957",23,1185.368,0,27263.46,27263.46,0,0,1576,0,0,0,9999,"1. January",232,,0,,,1,0,-1,0,"SAID",0,,0,1,0,0,0,0,"01",0,0,0,0,1185.368,0,,1,"Z001",,1185.368
"0101261",,"01/01/26 00:00:00",,"251968",4,400,0,1600,1600,0,0,1577,0,0,0,9999,"1. January",232,,0,,,1,0,-1,0,"SAID",0,,0,1,0,0,0,0,"01",0,0,0,0,400,0,,1,"Z001",,400
"0101261",,"01/01/26 00:00:00",,"252012",6,425,0,2550,2550,0,0,1578,0,0,0,9999,"1. January",232,,0,,,1,0,-1,0,"SAID",0,,0,1,0,0,0,0,"01",0,0,0,0,425,0,,1,"Z001",,425
"0101261",,"01/01/26 00:00:00",,"252014",22,655.4,0,14418.8,14418.8,0,0,1579,0,0,0,9999,"1. January",232,,0,,,1,0,-1,0,"SAID",0,,0,1,0,0,0,0,"01",0,0,0,0,655.4,0,,1,"Z001",,655.40002
"0101261",,"01/01/26 00:00:00",,"251980",2,220,0,440,440,0,0,1597,0,0,0,9999,"1. January",232,,0,,,1,0,-1,0,"SAID",0,,0,1,0,0,0,0,"01",0,0,0,0,220,0,,1,"Z001",,220
"0101261",,"01/01/26 00:00:00",,"251981",2,150,0,300,300,0,0,1598,0,0,0,9999,"1. January",232,,0,,,1,0,-1,0,"SAID",0,,0,1,0,0,0,0,"01",0,0,0,0,150,0,,1,"Z001",,150
"0101261",,"01/01/26 00:00:00",,"251982",5,90,0,450,450,0,0,1599,0,0,0,9999,"1. January",232,,0,,,1,0,-1,0,"SAID",0,,0,1,0,0,0,0,"01",0,0,0,0,90,0,,1,"Z001",,90
"0101261",,"01/01/26 00:00:00",,"251983",7,60,0,420,420,0,0,1600,0,0,0,9999,"1. January",232,,0,,,1,0,-1,0,"SAID",0,,0,1,0,0,0,0,"01",0,0,0,0,60,0,,1,"Z001",,60
"0101261",,"01/01/26 00:00:00",,"252007",4,21375,0,85500,85500,0,0,1601,0,0,0,9999,"1. January",232,,0,,,1,0,-1,0,"SAID",0,,0,1,0,0,0,0,"01",0,0,0,0,21375,0,,1,"Z001",,21375
"0101261",,"01/01/26 00:00:00",,"252008",2,29250,0,58500,58500,0,0,1602,0,0,0,9999,"1. January",232,,0,,,1,0,-1,0,"SAID",0,,0,1,0,0,0,0,"01",0,0,0,0,29250,0,,1,"Z001",,29250
"0101261",,"01/01/26 00:00:00",,"252009",119,192.95,0,22961.05,22961.05,0,0,1603,0,0,0,9999,"1. January",232,,0,,,1,0,-1,0,"SAID",0,,0,1,0,0,0,0,"01",0,0,0,0,192.95,0,,1,"Z001",,192.95
"0101261",,"01/01/26 00:00:00",,"252010",5,1800,0,9000,9000,0,0,1604,0,0,0,9999,"1. January",232,,0,,,1,0,-1,0,"SAID",0,,0,1,0,0,0,0,"01",0,0,0,0,1800,0,,1,"Z001",,1800
"0101261",,"01/01/26 00:00:00",,"252011",9,365,0,3285,3285,0,0,1605,0,0,0,9999,"1. January",232,,0,,,1,0,-1,0,"SAID",0,,0,1,0,0,0,0,"01",0,0,0,0,365,0,,1,"Z001",,365
"0101261",,"01/01/26 00:00:00",,"252035",5,265,0,1325,1325,0,0,1606,0,0,0,9999,"1. January",232,,0,,,1,0,-1,0,"SAID",0,,0,1,0,0,0,0,"01",0,0,0,0,265,0,,1,"Z001",,265
"0101261",,"01/01/26 00:00:00",,"252036",5,235,0,1175,1175,0,0,1607,0,0,0,9999,"1. January",232,,0,,,1,0,-1,0,"SAID",0,,0,1,0,0,0,0,"01",0,0,0,0,235,0,,1,"Z001",,235
"0101261",,"01/01/26 00:00:00",,"252037",10,305,0,3050,3050,0,0,1608,0,0,0,9999,"1. January",232,,0,,,1,0,-1,0,"SAID",0,,0,1,0,0,0,0,"01",0,0,0,0,305,0,,1,"Z001",,305
"0101261",,"01/01/26 00:00:00",,"252045",192,37.5,0,7200,7200,0,0,1609,0,0,0,9999,"1. January",232,,0,,,1,0,-1,0,"SAID",0,,0,1,0,0,0,0,"01",0,0,0,0,37.5,0,,1,"Z001",,37.5
"0101261",,"01/01/26 00:00:00",,"252047",3,160,0,480,480,0,0,1610,0,0,0,9999,"1. January",232,,0,,,1,0,-1,0,"SAID",0,,0,1,0,0,0,0,"01",0,0,0,0,160,0,,1,"Z001",,160
"0101261",,"01/01/26 00:00:00",,"252048",3,180,0,540,540,0,0,1611,0,0,0,9999,"1. January",232,,0,,,1,0,-1,0,"SAID",0,,0,1,0,0,0,0,"01",0,0,0,0,180,0,,1,"Z001",,180
"0101261",,"01/01/26 00:00:00",,"252049",1,13350,0,13350,13350,0,0,1612,0,0,0,9999,"1. January",232,,0,,,1,0,-1,0,"SAID",0,,0,1,0,0,0,0,"01",0,0,0,0,13350,0,,1,"Z001",,13350
"0101261",,"01/01/26 00:00:00",,"252050",995,400.68,0,398676.6,398676.6,0,0,1613,0,0,0,9999,"1. January",232,,0,,,1,0,-1,0,"SAID",0,,0,1,0,0,0,0,"01",0,0,0,0,400.68,0,,1,"Z001",,400.67999
"11926",,"01/21/26 00:00:00",,"1037",5,190,0,950,950,0,950,1649,0,0,0,352,"1. JANUARY",212,"11926",1,,,1,0,-1,0,"RAYYAN",1,,0,0,1,0,0,0,"01",0,0,1,0,190,0,,0,"Z001",,190
"11926",,"01/21/26 00:00:00",,"252045",20,55,0,1100,1100,0,1100,1650,0,0,0,352,"1. JANUARY",212,"11926",1,,,1,0,1,0,"RAYYAN",1,,0,0,1,0,0,0,"01",0,0,1,0,55,1,,0,"Z001",,55
"11926",,"01/21/26 00:00:00",,"5969",50,10,0,500,500,0,500,1651,0,0,0,352,"1. JANUARY",212,"11926",1,,,1,0,1,0,"RAYYAN",1,,0,0,1,0,0,0,"01",0,0,1,0,10,1,,0,"Z001",,10
"11926",,"01/21/26 00:00:00",,"846",17,555.88,0.04,9449.959999999999,9450,0,9450,1653,0,0,0,352,"1. JANUARY",212,"11926",1,,,1,0,1,0,"RAYYAN",1,,0,0,1,0,0,0,"01",0,0,1,0,555.88,1,,0,"Z001",,555.88239
"11926",,"01/21/26 00:00:00",,"252065",100,5,0,500,500,0,500,1654,0,0,0,352,"1. JANUARY",212,"11926",1,,,1,0,1,0,"RAYYAN",1,,0,0,1,0,0,0,"01",0,0,1,0,5,1,,0,"Z001",,5
"11926",,"01/21/26 00:00:00",,"847",10,320,0,3200,3200,0,3200,1655,0,0,0,352,"1. JANUARY",212,"11926",1,,,1,0,-1,0,"RAYYAN",1,,0,0,1,0,0,0,"01",0,0,1,0,320,0,,0,"Z001",,320
"11926",,"01/21/26 00:00:00",,"856",12,400,0,4800,4800,0,4800,1656,0,0,0,352,"1. JANUARY",212,"11926",1,,,1,0,-1,0,"RAYYAN",1,,0,0,1,0,0,0,"01",0,0,1,0,400,0,,0,"Z001",,400
"12026",,"01/28/26 00:00:00",,"252013",5,480,0,2400,2400,0,2400,1657,0,0,0,347,"1. JANUARY",205,"12026",1,,,1,0,1,0,"RAYYAN",1,,0,0,1,0,0,0,"01",0,0,1,0,480,1,,0,"Z001",,480
"12026",,"01/28/26 00:00:00",,"252014",5,550,0,2750,2750,0,2750,1658,0,0,0,347,"1. JANUARY",205,"12026",1,,,1,0,1,0,"RAYYAN",1,,0,0,1,0,0,0,"01",0,0,1,0,550,1,,0,"Z001",,550
"12226",,"01/28/26 00:00:00",,"1109",100,125,0,12500,12500,0,12500,1660,0,0,0,346,"1. JANUARY",205,,1,,,1,0,-1,0,"RAYYAN",1,,0,0,1,0,0,0,"01",0,0,1,0,125,1,,0,"Z001",,125
"12226",,"01/28/26 00:00:00",,"1238",200,15,0,3000,3000,0,3000,1661,0,0,0,346,"1. JANUARY",205,,1,,,1,0,-1,0,"RAYYAN",1,,0,0,1,0,0,0,"01",0,0,1,0,15,0,,0,"Z001",,15
"12226",,"01/28/26 00:00:00",,"6192",200,3,0,600,600,0,600,1662,0,0,0,346,"1. JANUARY",205,,1,,,1,0,1,0,"RAYYAN",1,,0,0,1,0,0,0,"01",0,0,1,0,3,1,,0,"Z001",,3
"12226",,"01/28/26 00:00:00",,"1131",100,20,0,2000,2000,0,2000,1663,0,0,0,346,"1. JANUARY",205,,1,,,1,0,-1,0,"RAYYAN",1,,0,0,1,0,0,0,"01",0,0,1,0,20,0,,0,"Z001",,20
"12226",,"01/28/26 00:00:00",,"1219",100,180,0,18000,18000,0,18000,1664,0,0,0,346,"1. JANUARY",205,,1,,,1,0,-1,0,"RAYYAN",1,,0,0,1,0,0,0,"01",0,0,1,0,180,0,,0,"Z001",,180
"12226",,"01/28/26 00:00:00",,"6190",200,5,0,1000,1000,0,1000,1665,0,0,0,346,"1. JANUARY",205,,1,,,1,0,1,0,"RAYYAN",1,,0,0,1,0,0,0,"01",0,0,1,0,5,1,,0,"Z001",,5
"12226",,"01/28/26 00:00:00",,"6234",100,25,0,2500,2500,0,2500,1666,0,0,0,346,"1. JANUARY",205,,1,,,1,0,1,0,"RAYYAN",1,,0,0,1,0,0,0,"01",0,0,1,0,25,1,,0,"Z001",,25
"12526",,"01/01/26 00:00:00",,"252049",6,13350,0,80100,80100,0,80100,1673,0,0,0,10005,"1. JANUARY",232,"12526",0,,,1,0,1,0,"ABDUL",1,,0,0,1,0,0,0,"01",0,0,0,0,13350,1,,0,"Z001",,13350
"24626",,"06/03/26 00:00:00",,"262221",1,12000,0,12000,12000,0,12000,2060,0,0,0,364,"6. JUNE",79,"24626",1,,,1,0,-1,0,"RAYYAN",1,,0,0,1,0,0,0,"01",0,0,1,0,12000,0,,0,"Z001",,12000
"24726",,"06/02/26 00:00:00",,"262202",48,5200,0,249600,249600,0,249600,2061,0,0,0,359,"6. JUNE",80,"24726",1,,,1,0,1,0,"ABDUL",1,,0,0,1,0,0,0,"01",0,0,1,0,5200,1,,0,"Z001",,5200
"24826",,"06/02/26 00:00:00",,"1240",10,1085,0,10850,10850,0,10850,2062,0,0,0,10027,"6. JUNE",80,"24826",1,,,1,0,-1,0,"ABDUL",1,,0,0,1,0,0,0,"01",0,0,1,0,1085,0,,0,"Z001",,1085
"24926",,"06/05/26 00:00:00",,"1674",1,2200,0,2200,2200,0,2200,2063,0,0,0,352,"6. JUNE",77,"24926",1,,,1,0,1,0,"RAYYAN",1,,0,0,1,0,0,0,"01",0,0,1,0,2200,1,,0,"Z001",,2200
"13926",,"02/20/26 00:00:00",,"262222",10,1200,0,12000,12000,0,12000,2064,0,0,0,352,"2. FEBRUARY",182,"13926",1,,,1,0,-1,0,"RAYYAN",1,,0,0,1,0,0,0,"01",0,0,1,0,1200,0,,0,"Z001",,1200
"25026",,"06/05/26 00:00:00",,"262223",6,1482,0.02,8892,8892.02,0,8892.02,2065,0,0,0,348,"6. JUNE",77,,1,,,1,0,-1,0,"RAYYAN",1,,0,0,1,0,0,0,"01",0,0,1,0,1482,0,,0,"Z001",,1482.004
"25026",,"06/05/26 00:00:00",,"262224",6,1417,-0.01,8502,8501.99,0,8501.99,2066,0,0,0,348,"6. JUNE",77,,1,,,1,0,-1,0,"RAYYAN",1,,0,0,1,0,0,0,"01",0,0,1,0,1417,0,,0,"Z001",,1416.998
"25126",,"06/05/26 00:00:00",,"923",2,90000,0,180000,180000,0,180000,2067,0,0,0,10020,"6. JUNE",77,"25126",1,,,1,0,-1,0,"ABDUL",1,,0,0,1,0,0,0,"01",0,0,1,0,90000,0,,0,"Z001",,90000
"25126",,"06/05/26 00:00:00",,"241916",2,150000,0,300000,300000,0,300000,2068,0,0,0,10020,"6. JUNE",77,"25126",1,,,1,0,1,0,"ABDUL",1,,0,0,1,0,0,0,"01",0,0,1,0,150000,1,,0,"Z001",,150000
"25226",,"06/08/26 00:00:00",,"252049",3,13000,0,39000,39000,0,39000,2069,0,0,0,372,"6. JUNE",74,"25226",1,,,1,0,1,0,"RAYYAN",1,,0,0,1,0,0,0,"01",0,0,1,0,13000,1,,0,"Z001",,13000
"25226",,"06/08/26 00:00:00",,"252003",5,15900,0,79500,79500,0,79500,2070,0,0,0,372,"6. JUNE",74,"25226",1,,,1,0,1,0,"RAYYAN",1,,0,0,1,0,0,0,"01",0,0,1,0,15900,1,,0,"Z001",,15900
"25226",,"06/08/26 00:00:00",,"262069",4,25000,0,100000,100000,0,100000,2071,0,0,0,372,"6. JUNE",74,"25226",1,,,1,0,1,0,"RAYYAN",1,,0,0,1,0,0,0,"01",0,0,1,0,25000,1,,0,"Z001",,25000
"25226",,"06/08/26 00:00:00",,"262113",1,30200,0,30200,30200,0,30200,2072,0,0,0,372,"6. JUNE",74,"25226",1,,,1,0,1,0,"RAYYAN",1,,0,0,1,0,0,0,"01",0,0,1,0,30200,1,,0,"Z001",,30200
"25426",,"06/10/26 00:00:00",,"5692",29,2850,0,82650,82650,0,82650,2074,0,0,0,359,"6. JUNE",72,,1,,,1,0,1,0,"RAYYAN",1,,0,0,1,0,0,0,"01",0,0,1,0,2850,1,,0,"Z001",,2850
"25526",,"06/10/26 00:00:00",,"262226",1,8000,0,8000,8000,0,8000,2075,0,0,0,10008,"6. JUNE",72,"25526",1,,,1,0,-1,0,"RAYYAN",1,,0,0,1,0,0,0,"01",0,0,1,0,8000,0,,0,"Z001",,8000
"25526",,"06/10/26 00:00:00",,"262227",9,90,0,810,810,0,810,2076,0,0,0,10008,"6. JUNE",72,"25526",1,,,1,0,-1,0,"RAYYAN",1,,0,0,1,0,0,0,"01",0,0,1,0,90,0,,0,"Z001",,90
"25326",,"06/10/26 00:00:00",,"262228",1,75000,0,75000,75000,0,75000,2078,0,0,0,10020,"6. JUNE",72,"25326",1,,,1,0,-1,0,"RAYYAN",1,,0,0,1,0,0,0,"01",0,0,1,0,75000,1,,0,"Z001",,75000
"20026",,"04/12/26 00:00:00",,"262157",1,78690.53,0,78690.53,78690.53,0,78500,1928,0,0,0,10007,"4. APRIL",131,"20026",1,,,1,0,-1,0,"RAYYAN",1,,0,0,1,0,0,0,"01",0,0,1,0,78744.55,0,,0,"Z001",,78500
"20126",,"04/15/26 00:00:00",,"262158",1,450,0,450,450,0,450,1929,0,0,0,352,"4. APRIL",128,,1,,,1,0,-1,0,"RAYYAN",1,,0,0,1,0,0,0,"01",0,0,1,0,450,0,,0,"Z001",,450
"20226",,"04/15/26 00:00:00",,"221885",8,6800,0,54400,54400,0,54400,1930,0,0,0,10008,"4. APRIL",128,"20226",0,,,1,0,1,0,"RAYYAN",1,,0,0,1,0,0,0,"01",0,0,0,0,6800,1,,0,"Z001",,6800
"20326",,"04/15/26 00:00:00",,"262159",1,220,0,220,220,0,220,1931,0,0,0,352,"4. APRIL",128,"20326",0,,,1,0,-1,0,"RAYYAN",1,,0,0,1,0,0,0,"01",0,0,0,0,220,0,,0,"Z001",,220
"20326",,"04/15/26 00:00:00",,"262160",1,800,0,800,800,0,800,1932,0,0,0,352,"4. APRIL",128,"20326",0,,,1,0,-1,0,"RAYYAN",1,,0,0,1,0,0,0,"01",0,0,0,0,800,0,,0,"Z001",,800
"20326",,"04/15/26 00:00:00",,"262161",10,40,0,400,400,0,400,1933,0,0,0,352,"4. APRIL",128,"20326",0,,,1,0,-1,0,"RAYYAN",1,,0,0,1,0,0,0,"01",0,0,0,0,40,0,,0,"Z001",,40
"20326",,"04/15/26 00:00:00",,"262162",1,1500,0,1500,1500,0,1500,1934,0,0,0,352,"4. APRIL",128,"20326",0,,,1,0,-1,0,"RAYYAN",1,,0,0,1,0,0,0,"01",0,0,0,0,1500,0,,0,"Z001",,1500
"20426",,"04/15/26 00:00:00",,"262164",5,450,0,2250,2250,0,2250,1935,0,0,0,10004,"4. APRIL",128,"20426",1,,,1,0,-1,0,"RAYYAN",1,,0,0,1,0,0,0,"01",0,0,1,0,450,0,,0,"Z001",,450
"20426",,"04/15/26 00:00:00",,"262163",10,90,0,900,900,0,900,1936,0,0,0,10004,"4. APRIL",128,"20426",1,,,1,0,-1,0,"RAYYAN",1,,0,0,1,0,0,0,"01",0,0,1,0,90,0,,0,"Z001",,90
"20526",,"04/18/26 00:00:00",,"X6559",2,550,0,1100,1100,0,1100,1937,0,0,0,353,"4. APRIL",125,"20526",1,,,1,0,-1,0,"RAYYAN",1,,0,0,1,0,0,0,"01",0,0,1,0,550,0,,0,"Z001",,550
"20526",,"04/18/26 00:00:00",,"262165",2,1100,0,2200,2200,0,2200,1938,0,0,0,353,"4. APRIL",125,"20526",1,,,1,0,-1,0,"RAYYAN",1,,0,0,1,0,0,0,"01",0,0,1,0,1100,0,,0,"Z001",,1100
"20526",,"04/18/26 00:00:00",,"262168",2,3500,0,7000,7000,0,7000,1939,0,0,0,353,"4. APRIL",125,"20526",1,,,1,0,-1,0,"RAYYAN",1,,0,0,1,0,0,0,"01",0,0,1,0,3500,0,,0,"Z001",,3500
"20626",,"04/18/26 00:00:00",,"252003",10,16250,0,162500,162500,0,162500,1940,0,0,0,372,"4. APRIL",125,"20626",1,,,1,0,1,0,"RAYYAN",1,,0,0,1,0,0,0,"01",0,0,1,0,16250,1,,0,"Z001",,16250
"20626",,"04/18/26 00:00:00",,"262069",5,25650.77,0,128253.85,128253.85,0,128253.85,1941,0,0,0,372,"4. APRIL",125,"20626",1,,,1,0,1,0,"RAYYAN",1,,0,0,1,0,0,0,"01",0,0,1,0,25650.77,1,,0,"Z001",,25650.77
"20626",,"04/18/26 00:00:00",,"262072",2,25350,0,50700,50700,0,50700,1942,0,0,0,372,"4. APRIL",125,"20626",1,,,1,0,1,0,"RAYYAN",1,,0,0,1,0,0,0,"01",0,0,1,0,25350,1,,0,"Z001",,25350
"20726",,"04/22/26 00:00:00",,"262156",2,36588.59,0,73177.17999999999,73177.17999999999,0,73177.17999999999,1943,0,0,0,10007,"4. APRIL",121,"20726",1,,,1,0,1,0,"RAYYAN",1,,0,0,1,0,0,0,"01",0,0,1,0,36588.59,1,,0,"Z001",,36588.59
"20726",,"04/22/26 00:00:00",,"262157",2,78690.53,0,157381.06,157381.06,0,157381.06,1944,0,0,0,10007,"4. APRIL",121,"20726",1,,,1,0,1,0,"RAYYAN",1,,0,0,1,0,0,0,"01",0,0,1,0,78690.53,1,,0,"Z001",,78690.531
"0101261",,"01/01/26 00:00:00",,"1004",5,392.08,0,1960.4,1960.4,0,0,1351,0,0,0,9999,"1. January",232,,0,,,1,0,-1,0,"SAID",0,,0,1,0,0,0,0,"01",0,0,0,0,392.08,0,,1,"Z001",,392.07999
"0101261",,"01/01/26 00:00:00",,"1007",2,15000,0,30000,30000,0,0,1352,0,0,0,9999,"1. January",232,,0,,,1,0,-1,0,"SAID",0,,0,1,0,0,0,0,"01",0,0,0,0,15000,0,,1,"Z001",,15000
"0101261",,"01/01/26 00:00:00",,"1010",1,800,0,800,800,0,0,1353,0,0,0,9999,"1. January",232,,0,,,1,-2,-1,0,"SAID",0,,0,1,0,0,0,0,"01",0,0,0,0,800,0,,1,"Z001",,800
"0101261",,"01/01/26 00:00:00",,"251984",3,3150,0,9450,9450,0,0,1354,0,0,0,9999,"1. January",232,,0,,,1,0,-1,0,"SAID",0,,0,1,0,0,0,0,"01",0,0,0,0,3150,0,,1,"Z001",,3150
"0101261",,"01/01/26 00:00:00",,"251985",240,52.5,0,12600,12600,0,0,1355,0,0,0,9999,"1. January",232,,0,,,1,0,-1,0,"SAID",0,,0,1,0,0,0,0,"01",0,0,0,0,52.5,0,,1,"Z001",,52.5
"0101261",,"01/01/26 00:00:00",,"251986",4,750,0,3000,3000,0,0,1356,0,0,0,9999,"1. January",232,,0,,,1,0,-1,0,"SAID",0,,0,1,0,0,0,0,"01",0,0,0,0,750,0,,1,"Z001",,750
"0101261",,"01/01/26 00:00:00",,"1032",12,400,0,4800,4800,0,0,1357,0,0,0,9999,"1. January",232,,0,,,1,0,-1,0,"SAID",0,,0,1,0,0,0,0,"01",0,0,0,0,400,0,,1,"Z001",,400
"0101261",,"01/01/26 00:00:00",,"251977",1,12000,0,12000,12000,0,0,1358,0,0,0,9999,"1. January",232,,0,,,1,0,-1,0,"SAID",0,,0,1,0,0,0,0,"01",0,0,0,0,12000,0,,1,"Z001",,12000
"0101261",,"01/01/26 00:00:00",,"1082",8,693.75,0,5550,5550,0,0,1359,0,0,0,9999,"1. January",232,,0,,,1,0,-1,0,"SAID",0,,0,1,0,0,0,0,"01",0,0,0,0,693.75,0,,1,"Z001",,693.75
"0101261",,"01/01/26 00:00:00",,"1084",0,4350,0,4142.04,4142.04,0,0,1360,0,0,0,9999,"1. January",232,,0,,,1,84,49.31000000000001,0,"SAID",0,,0,1,0,0,0,0,"01",0,0,0,0,4350,49.31000000000001,,1,"Z001",,4350
"0101261",,"01/01/26 00:00:00",,"1287",2,12400,0,24800,24800,0,0,1361,0,0,0,9999,"1. January",232,,0,,,1,0,-1,0,"SAID",0,,0,1,0,0,0,0,"01",0,0,0,0,12400,0,,1,"Z001",,12400
"0101261",,"01/01/26 00:00:00",,"1288",2,9700,0,19400,19400,0,0,1362,0,0,0,9999,"1. January",232,,0,,,1,0,-1,0,"SAID",0,,0,1,0,0,0,0,"01",0,0,0,0,9700,0,,1,"Z001",,9700
"0101261",,"01/01/26 00:00:00",,"1341",50,25,0,1250,1250,0,0,1363,0,0,0,9999,"1. January",232,,0,,,1,0,-1,0,"SAID",0,,0,1,0,0,0,0,"01",0,0,0,0,25,0,,1,"Z001",,25
"0101261",,"01/01/26 00:00:00",,"1342",12,15,0,180,180,0,0,1364,0,0,0,9999,"1. January",232,,0,,,1,0,-1,0,"SAID",0,,0,1,0,0,0,0,"01",0,0,0,0,15,0,,1,"Z001",,15
"0101261",,"01/01/26 00:00:00",,"1364",4,3360,0,13440,13440,0,0,1365,0,0,0,9999,"1. January",232,,0,,,1,0,-1,0,"SAID",0,,0,1,0,0,0,0,"01",0,0,0,0,3360,0,,1,"Z001",,3360
"0101261",,"01/01/26 00:00:00",,"1400",802.96,0.53,0,425.57,425.57,0,0,1366,0,0,0,9999,"1. January",232,,0,,,1,0,-1,0,"SAID",0,,0,1,0,0,0,0,"01",0,0,0,0,0.53,0,,1,"Z001",,0.52999997
"0101261",,"01/01/26 00:00:00",,"251988",10,660,0,6600,6600,0,0,1367,0,0,0,9999,"1. January",232,,0,,,1,0,-1,0,"SAID",0,,0,1,0,0,0,0,"01",0,0,0,0,660,0,,1,"Z001",,660
"12226",,"01/28/26 00:00:00",,"6588",24,350,0,8400,8400,0,8400,1667,0,0,0,346,"1. JANUARY",205,,1,,,1,0,1,0,"RAYYAN",1,,0,0,1,0,0,0,"01",0,0,1,0,350,1,,0,"Z001",,350
"12226",,"01/28/26 00:00:00",,"1146",200,25,0,5000,5000,0,5000,1668,0,0,0,346,"1. JANUARY",205,,1,,,1,0,-1,0,"RAYYAN",1,,0,0,1,0,0,0,"01",0,0,1,0,25,0,,0,"Z001",,25
"12326",,"01/21/26 00:00:00",,"262072",2,25000,0,50000,50000,0,50000,1669,0,0,0,372,"1. JANUARY",212,"12326",1,,,1,0,-1,0,"ABDUL",1,,0,0,1,0,0,0,"01",0,0,1,0,25000,0,,0,"Z001",,25000
"12326",,"01/21/26 00:00:00",,"211840",1,22250,0,22250,22250,0,22250,1670,0,0,0,372,"1. JANUARY",212,"12326",1,,,1,0,-1,0,"ABDUL",1,,0,0,1,0,0,0,"01",0,0,1,0,22250,0,,0,"Z001",,22250
"12326",,"01/21/26 00:00:00",,"1706",1,27600,0,27600,27600,0,27600,1671,0,0,0,372,"1. JANUARY",212,"12326",1,,,1,0,-1,0,"ABDUL",1,,0,0,1,0,0,0,"01",0,0,1,0,27600,0,,0,"Z001",,27600
"12426",,"01/22/26 00:00:00",,"5817",74,7300,0,540200,540200,0,540200,1672,0,0,0,10003,"1. JANUARY",211,,1,,,1,0,1,0,"RAYYAN",1,,0,0,1,0,0,0,"01",0,0,1,0,7300,1,,0,"Z001",,7300
"12526",,"01/01/26 00:00:00",,"252003",10,14450,0,144500,144500,0,144500,1674,0,0,0,10005,"1. JANUARY",232,"12526",0,,,1,0,-1,0,"ABDUL",1,,0,0,1,0,0,0,"01",0,0,0,0,14450,0,,0,"Z001",,14450
"12626",,"02/05/26 00:00:00",,"252004",2,17200,0,34400,34400,0,34400,1675,0,0,0,372,"2. FEBRUARY",197,"12626",1,,,1,0,1,0,"RAYYAN",1,,0,0,1,0,0,0,"01",0,0,1,0,17200,1,,0,"Z001",,17200
"12626",,"02/05/26 00:00:00",,"252005",3,19800,0,59400,59400,0,59400,1676,0,0,0,372,"2. FEBRUARY",197,"12626",1,,,1,0,1,0,"RAYYAN",1,,0,0,1,0,0,0,"01",0,0,1,0,19800,1,,0,"Z001",,19800
"12626",,"02/05/26 00:00:00",,"262070",2,26300,0,52600,52600,0,52600,1677,0,0,0,372,"2. FEBRUARY",197,"12626",1,,,1,0,1,0,"RAYYAN",1,,0,0,1,0,0,0,"01",0,0,1,0,26300,1,,0,"Z001",,26300
"12726",,"02/05/26 00:00:00",,"241926",2,80000,0,160000,160000,0,160000,1678,0,0,0,10003,"2. FEBRUARY",197,"12726",1,,,1,0,1,0,"RAYYAN",1,,0,0,1,0,0,0,"01",0,0,1,0,80000,1,,0,"Z001",,80000
"12826",,"02/10/26 00:00:00",,"1032",30,400,0,12000,12000,0,12000,1679,0,0,0,352,"2. FEBRUARY",192,"12826",1,,,1,0,1,0,"RAYYAN",1,,0,0,1,0,0,0,"01",0,0,1,0,400,1,,0,"Z001",,400
"12826",,"02/10/26 00:00:00",,"893",6,140,0,840,840,0,840,1680,0,0,0,352,"2. FEBRUARY",192,"12826",1,,,1,0,-1,0,"RAYYAN",1,,0,0,1,0,0,0,"01",0,0,1,0,140,0,,0,"Z001",,140
"2126",,"01/04/26 00:00:00",,"6477",0,0,0,0,0,0,0,1681,0,0,0,0,"1. JANUARY",229,,0,,,1,90,0,0,"SAID",0,,0,0,1,0,0,1,"01",0,0,0,0,0,0,,0,"Z001",,0
"12926",,"02/13/26 00:00:00",,"6556",1,11865.32,0,11865.32,11865.32,0,11865.32,1682,0,0,0,345,"2. FEBRUARY",189,"12926",1,,,1,0,-1,0,"RAYYAN",1,,0,0,1,0,0,0,"01",0,0,1,0,11865.32,0,,0,"Z001",,11865.32
"12926",,"02/13/26 00:00:00",,"5812",1,7925.06,0,7925.06,7925.06,0,7925.06,1683,0,0,0,345,"2. FEBRUARY",189,"12926",1,,,1,0,-1,0,"RAYYAN",1,,0,0,1,0,0,0,"01",0,0,1,0,7925.06,0,,0,"Z001",,7925.0601
"12926",,"02/13/26 00:00:00",,"939",1,7000,0,7000,7000,0,7000,1684,0,0,0,345,"2. FEBRUARY",189,"12926",1,,,1,0,-1,0,"RAYYAN",1,,0,0,1,0,0,0,"01",0,0,1,0,7000,0,,0,"Z001",,7000
"12926",,"02/13/26 00:00:00",,"5811",1,6205.37,0,6205.37,6205.37,0,6205.37,1685,0,0,0,345,"2. FEBRUARY",189,"12926",1,,,1,0,-1,0,"RAYYAN",1,,0,0,1,0,0,0,"01",0,0,1,0,6205.37,0,,0,"Z001",,6205.3701
"12926",,"02/13/26 00:00:00",,"938",2,5000,0,10000,10000,0,10000,1686,0,0,0,345,"2. FEBRUARY",189,"12926",1,,,1,0,-1,0,"RAYYAN",1,,0,0,1,0,0,0,"01",0,0,1,0,5000,0,,0,"Z001",,5000
"12926",,"02/13/26 00:00:00",,"6567",2,2760,0,5520,5520,0,5520,1687,0,0,0,345,"2. FEBRUARY",189,"12926",1,,,1,0,-1,0,"RAYYAN",1,,0,0,1,0,0,0,"01",0,0,1,0,2760,0,,0,"Z001",,2760
"12926",,"02/13/26 00:00:00",,"6178",1,3312,0,3312,3312,0,3312,1688,0,0,0,345,"2. FEBRUARY",189,"12926",1,,,1,0,-1,0,"RAYYAN",1,,0,0,1,0,0,0,"01",0,0,1,0,3312,0,,0,"Z001",,3312
"12926",,"02/13/26 00:00:00",,"5816",2,4800,0,9600,9600,0,9600,1689,0,0,0,345,"2. FEBRUARY",189,"12926",1,,,1,0,-1,0,"RAYYAN",1,,0,0,1,0,0,0,"01",0,0,1,0,4800,0,,0,"Z001",,4800
"13026",,"02/14/26 00:00:00",,"6591",1,2500,0,2500,2500,0,2500,1690,0,0,0,352,"2. FEBRUARY",188,"13026",1,,,1,0,1,0,"RAYYAN",1,,0,0,1,0,0,0,"01",0,0,1,0,2500,1,,0,"Z001",,2500
"13026",,"02/14/26 00:00:00",,"5969",32,15,0,480,480,0,480,1691,0,0,0,352,"2. FEBRUARY",188,"13026",1,,,1,0,1,0,"RAYYAN",1,,0,0,1,0,0,0,"01",0,0,1,0,15,1,,0,"Z001",,15
"13126",,"02/16/26 00:00:00",,"241920",2,2000,0,4000,4000,0,4000,1692,0,0,0,352,"2. FEBRUARY",186,"13126",1,,,1,0,-1,0,"ABDUL",1,,0,0,1,0,0,0,"01",0,0,1,0,2000,0,,0,"Z001",,2000
"13126",,"02/16/26 00:00:00",,"893",1,140,0,140,140,0,140,1693,0,0,0,352,"2. FEBRUARY",186,"13126",1,,,1,0,1,0,"ABDUL",1,,0,0,1,0,0,0,"01",0,0,1,0,140,0,,0,"Z001",,140
"13226",,"01/02/26 00:00:00",,"6591",8,3800,0,30400,30400,0,30400,1694,0,0,0,10008,"1. JANUARY",231,"13226",1,,,1,0,1,0,"RAYYAN",1,,0,0,1,0,0,0,"01",0,0,1,0,3800,1,,0,"Z001",,3800
"13326",,"02/17/26 00:00:00",,"231902",2,3500,0,7000,7000,0,7000,1695,0,0,0,352,"2. FEBRUARY",185,"13326",0,,,1,0,1,0,"ABDUL",1,,0,0,1,0,0,0,"01",0,0,0,0,3500,1,,0,"Z001",,3500
"13426",,"02/18/26 00:00:00",,"973",10,750,0,7500,7500,0,7500,1696,0,0,0,352,"2. FEBRUARY",184,"13426",1,,,1,0,1,0,"SAID",1,,0,0,1,0,0,0,"01",0,0,1,0,750,1,,0,"Z001",,750
"11826",,"01/21/26 00:00:00",,"6619",2,11901.6,0,23803.2,23803.2,0,23803.2,1697,0,0,0,343,"1. JANUARY",212,,1,,,1,0,1,0,"ABDUL",1,,0,0,1,0,0,0,"01",0,0,1,0,11901.6,1,,0,"Z001",,11901.6
"13526",,"02/19/26 00:00:00",,"262075",2,28974.13,0,57948.26,57948.26,0,57948.26,1698,0,0,0,343,"2. FEBRUARY",183,,1,,,1,0,-1,0,"ABDUL",1,,0,0,1,0,0,0,"01",0,0,1,0,28974.13,0,,0,"Z001",,28974.131
"2226",,"02/19/26 00:00:00",,"6619",0,0,0,0,0,0,0,1699,0,0,0,0,"2. FEBRUARY",183,,0,,,1,90,0,0,"SAID",0,,0,0,1,0,0,1,"01",0,0,0,0,0,0,,0,"Z001",,0
"13626",,"01/17/26 00:00:00",,"262076",200,422.24,0,84448,84448,0,84448,1702,0,0,0,351,"1. JANUARY",216,,1,,,1,0,-1,0,"RAYYAN",1,,0,0,1,0,0,0,"01",0,0,1,0,422.24,0,,0,"Z001",,422.23999
"13726",,"02/21/26 00:00:00",,"1342",30,15,0,450,450,0,450,1703,0,0,0,370,"2. FEBRUARY",181,"13726",1,,,1,0,1,0,"ABDUL",1,,0,0,1,0,0,0,"01",0,0,1,0,15,1,,0,"Z001",,15
"13826",,"02/20/26 00:00:00",,"221883",2,38420.2,0,76840.39999999999,76840.39999999999,0,76840.39999999999,1704,0,0,0,343,"2. FEBRUARY",182,,1,,,1,0,1,0,"ABDUL",1,,0,0,1,0,0,0,"01",0,0,1,0,38420.2,1,,0,"Z001",,38420.199
"13926",,"02/20/26 00:00:00",,"1088",4,350,0,1400,1400,0,1400,1707,0,0,0,352,"2. FEBRUARY",182,"13926",1,,,1,0,-1,0,"RAYYAN",1,,0,0,1,0,0,0,"01",0,0,1,0,350,0,,0,"Z001",,350
"13926",,"02/20/26 00:00:00",,"1087",2,500,0,1000,1000,0,1000,1708,0,0,0,352,"2. FEBRUARY",182,"13926",1,,,1,0,-1,0,"RAYYAN",1,,0,0,1,0,0,0,"01",0,0,1,0,500,0,,0,"Z001",,500
"13926",,"02/20/26 00:00:00",,"1607",5,900,0,4500,4500,0,4500,1718,0,0,0,352,"2. FEBRUARY",182,"13926",1,,,1,0,-1,0,"RAYYAN",1,,0,0,1,0,0,0,"01",0,0,1,0,900,0,,0,"Z001",,900
"13926",,"02/20/26 00:00:00",,"6621",1,2100,0,2100,2100,0,2100,1719,0,0,0,352,"2. FEBRUARY",182,"13926",1,,,1,0,-1,0,"RAYYAN",1,,0,0,1,0,0,0,"01",0,0,1,0,2100,0,,0,"Z001",,2100
"13926",,"02/20/26 00:00:00",,"262080",1,1700,0,1700,1700,0,1700,1720,0,0,0,352,"2. FEBRUARY",182,"13926",1,,,1,0,-1,0,"RAYYAN",1,,0,0,1,0,0,0,"01",0,0,1,0,1700,0,,0,"Z001",,1700
"13926",,"02/20/26 00:00:00",,"6614",1,3000,0,3000,3000,0,3000,1721,0,0,0,352,"2. FEBRUARY",182,"13926",1,,,1,0,-1,0,"RAYYAN",1,,0,0,1,0,0,0,"01",0,0,1,0,3000,0,,0,"Z001",,3000
"13926",,"02/20/26 00:00:00",,"1037",5,190,0,950,950,0,950,1722,0,0,0,352,"2. FEBRUARY",182,"13926",1,,,1,0,1,0,"RAYYAN",1,,0,0,1,0,0,0,"01",0,0,1,0,190,0,,0,"Z001",,190
"13926",,"02/20/26 00:00:00",,"262083",5,390,0,1950,1950,0,1950,1723,0,0,0,352,"2. FEBRUARY",182,"13926",1,,,1,0,-1,0,"RAYYAN",1,,0,0,1,0,0,0,"01",0,0,1,0,390,0,,0,"Z001",,390
"13926",,"02/20/26 00:00:00",,"847",3,250,0,750,750,0,750,1724,0,0,0,352,"2. FEBRUARY",182,"13926",1,,,1,0,1,0,"RAYYAN",1,,0,0,1,0,0,0,"01",0,0,1,0,250,0,,0,"Z001",,250
"14026",,"02/23/26 00:00:00",,"6587",20,135,0,2700,2700,0,2700,1734,0,0,0,346,"2. FEBRUARY",179,,1,,,1,0,1,0,"ABDUL",1,,0,0,1,0,0,0,"01",0,0,1,0,135,1,,0,"Z001",,135
"22426",,"01/23/26 00:00:00",,"252020",800,178.64,0,142912,142912,0,142912,2009,0,0,0,351,"1. JANUARY",210,,1,,,1,0,1,0,"RAYYAN",1,,0,0,1,0,0,0,"01",0,0,1,0,178.64,1,,0,"Z001",,178.64
"22526",,"01/23/26 00:00:00",,"252021",400,284.2,0,113680,113680,0,113680,2010,0,0,0,351,"1. JANUARY",210,,1,,,1,0,1,0,"RAYYAN",1,,0,0,1,0,0,0,"01",0,0,1,0,284.2,1,,0,"Z001",,284.20001
"25626",,"06/10/26 00:00:00",,"6584",180,90,0,16200,16200,0,16200,2079,0,0,0,346,"6. JUNE",72,,1,,,1,0,1,0,"RAYYAN",1,,0,0,1,0,0,0,"01",0,0,1,0,90,1,,0,"Z001",,90
"13926",,"02/20/26 00:00:00",,"262082",2,280,0,560,560,0,560,1725,0,0,0,352,"2. FEBRUARY",182,"13926",1,,,1,0,-1,0,"RAYYAN",1,,0,0,1,0,0,0,"01",0,0,1,0,280,0,,0,"Z001",,280
"13926",,"02/20/26 00:00:00",,"1691",20,90,0,1800,1800,0,1800,1726,0,0,0,352,"2. FEBRUARY",182,"13926",1,,,1,0,1,0,"RAYYAN",1,,0,0,1,0,0,0,"01",0,0,1,0,90,0,,0,"Z001",,90
"13926",,"02/20/26 00:00:00",,"1692",10,100,0,1000,1000,0,1000,1727,0,0,0,352,"2. FEBRUARY",182,"13926",1,,,1,0,-1,0,"RAYYAN",1,,0,0,1,0,0,0,"01",0,0,1,0,100,0,,0,"Z001",,100
"13926",,"02/20/26 00:00:00",,"6610",5,600,0,3000,3000,0,3000,1728,0,0,0,352,"2. FEBRUARY",182,"13926",1,,,1,0,-1,0,"RAYYAN",1,,0,0,1,0,0,0,"01",0,0,1,0,600,0,,0,"Z001",,600
"13926",,"02/20/26 00:00:00",,"1368",2,1700,0,3400,3400,0,3400,1729,0,0,0,352,"2. FEBRUARY",182,"13926",1,,,1,0,-1,0,"RAYYAN",1,,0,0,1,0,0,0,"01",0,0,1,0,1700,0,,0,"Z001",,1700
"13926",,"02/20/26 00:00:00",,"5958",20,40,0,800,800,0,800,1730,0,0,0,352,"2. FEBRUARY",182,"13926",1,,,1,0,-1,0,"RAYYAN",1,,0,0,1,0,0,0,"01",0,0,1,0,40,0,,0,"Z001",,40
"13926",,"02/20/26 00:00:00",,"251942",10,230,0,2300,2300,0,2300,1731,0,0,0,352,"2. FEBRUARY",182,"13926",1,,,1,0,1,0,"RAYYAN",1,,0,0,1,0,0,0,"01",0,0,1,0,230,0,,0,"Z001",,230
"13926",,"02/20/26 00:00:00",,"974",2,1300,0,2600,2600,0,2600,1732,0,0,0,352,"2. FEBRUARY",182,"13926",1,,,1,0,-1,0,"RAYYAN",1,,0,0,1,0,0,0,"01",0,0,1,0,1300,0,,0,"Z001",,1300
"13926",,"02/20/26 00:00:00",,"1011",4,260,0,1040,1040,0,1040,1733,0,0,0,352,"2. FEBRUARY",182,"13926",1,,,1,0,-1,0,"RAYYAN",1,,0,0,1,0,0,0,"01",0,0,1,0,260,0,,0,"Z001",,260
"14026",,"02/23/26 00:00:00",,"6334",100,260,0,26000,26000,0,26000,1735,0,0,0,346,"2. FEBRUARY",179,,1,,,1,0,1,0,"ABDUL",1,,0,0,1,0,0,0,"01",0,0,1,0,260,1,,0,"Z001",,260
"14026",,"02/23/26 00:00:00",,"6584",20,85,0,1700,1700,0,1700,1736,0,0,0,346,"2. FEBRUARY",179,,1,,,1,0,1,0,"ABDUL",1,,0,0,1,0,0,0,"01",0,0,1,0,85,1,,0,"Z001",,85
"14026",,"02/23/26 00:00:00",,"6585",20,125,0,2500,2500,0,2500,1737,0,0,0,346,"2. FEBRUARY",179,,1,,,1,0,1,0,"ABDUL",1,,0,0,1,0,0,0,"01",0,0,1,0,125,1,,0,"Z001",,125
"14026",,"02/23/26 00:00:00",,"6586",20,160,0,3200,3200,0,3200,1738,0,0,0,346,"2. FEBRUARY",179,,1,,,1,0,1,0,"ABDUL",1,,0,0,1,0,0,0,"01",0,0,1,0,160,1,,0,"Z001",,160
"14026",,"02/23/26 00:00:00",,"836",48,250,0,12000,12000,0,12000,1739,0,0,0,346,"2. FEBRUARY",179,,1,,,1,0,1,0,"ABDUL",1,,0,0,1,0,0,0,"01",0,0,1,0,250,1,,0,"Z001",,250
"14126",,"02/23/26 00:00:00",,"6591",3,3874,0,11622,11622,0,11622,1740,0,0,0,347,"2. FEBRUARY",179,,1,,,1,0,1,0,"ABDUL",1,,0,0,1,0,0,0,"01",0,0,1,0,3874,1,,0,"Z001",,3874
"14126",,"02/23/26 00:00:00",,"251944",5,1350,0,6750,6750,0,6750,1741,0,0,0,347,"2. FEBRUARY",179,,1,,,1,0,1,0,"ABDUL",1,,0,0,1,0,0,0,"01",0,0,1,0,1350,1,,0,"Z001",,1350
"14126",,"02/23/26 00:00:00",,"962",5,320,0,1600,1600,0,1600,1742,0,0,0,347,"2. FEBRUARY",179,,1,,,1,0,1,0,"ABDUL",1,,0,0,1,0,0,0,"01",0,0,1,0,320,1,,0,"Z001",,320
"14226",,"02/23/26 00:00:00",,"1562",10,35,0,350,350,0,350,1743,0,0,0,352,"2. FEBRUARY",179,,1,,,1,0,-1,0,"ABDUL",1,,0,0,1,0,0,0,"01",0,0,1,0,35,0,,0,"Z001",,35
"14326",,"02/23/26 00:00:00",,"1093",2,1850,0,3700,3700,0,3700,1744,0,0,0,10009,"2. FEBRUARY",179,"14326",1,,,1,0,-1,0,"ABDUL",1,,0,0,1,0,0,0,"01",0,0,1,0,1850,0,,0,"Z001",,1850
"14426",,"02/25/26 00:00:00",,"791",6,1200,0,7200,7200,0,7200,1745,0,0,0,357,"2. FEBRUARY",177,,1,,,1,0,1,0,"RAYYAN",1,,0,0,1,0,0,0,"01",0,0,1,0,1200,1,,0,"Z001",,1200
"14426",,"02/25/26 00:00:00",,"5770",10,220,0,2200,2200,0,2200,1746,0,0,0,357,"2. FEBRUARY",177,,1,,,1,0,-1,0,"RAYYAN",1,,0,0,1,0,0,0,"01",0,0,1,0,220,0,,0,"Z001",,220
"14526",,"02/21/26 00:00:00",,"251944",10,1450,0,14500,14500,0,14500,1747,0,0,0,350,"2. FEBRUARY",181,,1,,,1,0,1,0,"RAYYAN",1,,0,0,1,0,0,0,"01",0,0,1,0,1450,1,,0,"Z001",,1450
"14526",,"02/21/26 00:00:00",,"6317",5,4520,0,22600,22600,0,22600,1748,0,0,0,350,"2. FEBRUARY",181,,1,,,1,0,1,0,"RAYYAN",1,,0,0,1,0,0,0,"01",0,0,1,0,4520,1,,0,"Z001",,4520
"14626",,"02/27/26 00:00:00",,"1625",1,320,0,320,320,0,320,1749,0,0,0,352,"2. FEBRUARY",175,,1,,,1,0,-1,0,"RAYYAN",1,,0,0,1,0,0,0,"01",0,0,1,0,320,0,,0,"Z001",,320
"14726",,"02/26/26 00:00:00",,"940",1,54000,0,54000,54000,0,54000,1750,0,0,0,10003,"2. FEBRUARY",176,"14726",1,,,1,0,-1,0,"RAYYAN",1,,0,0,1,0,0,0,"01",0,0,1,0,54000,0,,0,"Z001",,54000
"14826",,"02/28/26 00:00:00",,"1288",10,9700,0,97000,97000,0,97000,1754,0,0,0,10005,"2. FEBRUARY",174,,1,,,1,0,1,0,"RAYYAN",1,,0,0,1,0,0,0,"01",0,0,1,0,9700,1,,0,"Z001",,9700
"14926",,"03/03/26 00:00:00",,"1032",30,380,0,11400,11400,0,11400,1757,0,0,0,10004,"3. MARCH",171,"14926",1,,,1,0,1,0,"SAID",1,,0,0,1,0,0,0,"01",0,0,1,0,380,1,,0,"Z001",,380
"15026",,"03/03/26 00:00:00",,"1078",1,900,0,900,900,0,900,1758,0,0,0,352,"3. MARCH",171,,1,,,1,0,-1,0,"SAID",1,,0,0,1,0,0,0,"01",0,0,1,0,900,0,,0,"Z001",,900
"15126",,"03/02/26 00:00:00",,"6390",5,500,0,2500,2500,0,2500,1759,0,0,0,352,"3. MARCH",172,,1,,,1,0,1,0,"SAID",1,,0,0,1,0,0,0,"01",0,0,1,0,500,1,,0,"Z001",,500
"15226",,"03/02/26 00:00:00",,"5930",3,400,0,1200,1200,0,1200,1760,0,0,0,357,"3. MARCH",172,,1,,,1,0,-1,0,"SAID",1,,0,0,1,0,0,0,"01",0,0,1,0,400,0,,0,"Z001",,400
"15326",,"03/05/26 00:00:00",,"1088",5,350,0,1750,1750,0,1750,1761,0,0,0,352,"3. MARCH",169,"15326",1,,,1,0,1,0,"RAYYAN",1,,0,0,1,0,0,0,"01",0,0,1,0,350,1,,0,"Z001",,350
"15326",,"03/05/26 00:00:00",,"1078",5,900,0,4500,4500,0,4500,1762,0,0,0,352,"3. MARCH",169,"15326",1,,,1,0,1,0,"RAYYAN",1,,0,0,1,0,0,0,"01",0,0,1,0,900,1,,0,"Z001",,900
"15426",,"02/24/26 00:00:00",,"6133",50,40,0,2000,2000,0,2000,1763,0,0,0,357,"2. FEBRUARY",178,"15426",1,,,1,0,-1,0,"RAYYAN",1,,0,0,1,0,0,0,"01",0,0,1,0,40,0,,0,"Z001",,40
"15526",,"03/07/26 00:00:00",,"1588",1,14500,0,14500,14500,0,14500,1764,0,0,0,364,"3. MARCH",167,"15526",1,,,1,0,-1,0,"RAYYAN",1,,0,0,1,0,0,0,"01",0,0,1,0,14500,0,,0,"Z001",,14500
"15526",,"03/07/26 00:00:00",,"936",1,5400,0,5400,5400,0,5400,1765,0,0,0,364,"3. MARCH",167,"15526",1,,,1,0,-1,0,"RAYYAN",1,,0,0,1,0,0,0,"01",0,0,1,0,5400,0,,0,"Z001",,5400
"15526",,"03/07/26 00:00:00",,"937",2,2600,0,5200,5200,0,5200,1766,0,0,0,364,"3. MARCH",167,"15526",1,,,1,0,1,0,"RAYYAN",1,,0,0,1,0,0,0,"01",0,0,1,0,2600,0,,0,"Z001",,2600
"15526",,"03/07/26 00:00:00",,"934",2,1800,0,3600,3600,0,3600,1767,0,0,0,364,"3. MARCH",167,"15526",1,,,1,0,1,0,"RAYYAN",1,,0,0,1,0,0,0,"01",0,0,1,0,1800,0,,0,"Z001",,1800
"15526",,"03/07/26 00:00:00",,"669",1,1350,0,1350,1350,0,1350,1768,0,0,0,364,"3. MARCH",167,"15526",1,,,1,0,-1,0,"RAYYAN",1,,0,0,1,0,0,0,"01",0,0,1,0,1350,0,,0,"Z001",,1350
"15526",,"03/07/26 00:00:00",,"932",2,2200,0,4400,4400,0,4400,1769,0,0,0,364,"3. MARCH",167,"15526",1,,,1,0,1,0,"RAYYAN",1,,0,0,1,0,0,0,"01",0,0,1,0,2200,0,,0,"Z001",,2200
"15526",,"03/07/26 00:00:00",,"241919",2,1500,0,3000,3000,0,3000,1770,0,0,0,364,"3. MARCH",167,"15526",1,,,1,0,-1,0,"RAYYAN",1,,0,0,1,0,0,0,"01",0,0,1,0,1500,0,,0,"Z001",,1500
"15526",,"03/07/26 00:00:00",,"6572",2,1800,0,3600,3600,0,3600,1771,0,0,0,364,"3. MARCH",167,"15526",1,,,1,0,-1,0,"RAYYAN",1,,0,0,1,0,0,0,"01",0,0,1,0,1800,0,,0,"Z001",,1800
"15526",,"03/07/26 00:00:00",,"1556",4,2500,0,10000,10000,0,10000,1772,0,0,0,364,"3. MARCH",167,"15526",1,,,1,0,-1,0,"RAYYAN",1,,0,0,1,0,0,0,"01",0,0,1,0,2500,0,,0,"Z001",,2500
"15626",,"03/03/26 00:00:00",,"6481",2,13920,0,27840,27840,0,27840,1773,0,0,0,350,"3. MARCH",171,,1,,,1,0,147.96,0,"ABDUL",1,,0,0,1,0,0,0,"01",0,0,1,0,13920,147.96,,0,"Z001",,13920
"15626",,"03/03/26 00:00:00",,"6471",7,2950,0,20650,20650,0,20650,1774,0,0,0,350,"3. MARCH",171,,1,,,1,0,28.11,0,"ABDUL",1,,0,0,1,0,0,0,"01",0,0,1,0,2950,28.11,,0,"Z001",,2950
"15626",,"03/03/26 00:00:00",,"6474",9,4900,0,44100,44100,0,44100,1775,0,0,0,350,"3. MARCH",171,,1,,,1,0,47.29,0,"ABDUL",1,,0,0,1,0,0,0,"01",0,0,1,0,4900,47.29,,0,"Z001",,4900
"15726",,"03/03/26 00:00:00",,"262086",5,128,0,640,640,0,640,1776,0,0,0,350,"3. MARCH",171,,1,,,1,0,-1,0,"RAYYAN",1,,0,0,1,0,0,0,"01",0,0,1,0,128,0,,0,"Z001",,128
"15726",,"03/03/26 00:00:00",,"262087",5,207.01,0,1035.05,1035.05,0,1035.05,1777,0,0,0,350,"3. MARCH",171,,1,,,1,0,-1,0,"RAYYAN",1,,0,0,1,0,0,0,"01",0,0,1,0,207.01,0,,0,"Z001",,207.00999
"15726",,"03/03/26 00:00:00",,"201724",5,310,0,1550,1550,0,1550,1778,0,0,0,350,"3. MARCH",171,,1,,,1,0,-1,0,"RAYYAN",1,,0,0,1,0,0,0,"01",0,0,1,0,310,0,,0,"Z001",,310
"15726",,"03/03/26 00:00:00",,"221868",5,405.01,0,2025.05,2025.05,0,2025.05,1779,0,0,0,350,"3. MARCH",171,,1,,,1,0,-1,0,"RAYYAN",1,,0,0,1,0,0,0,"01",0,0,1,0,405.01,0,,0,"Z001",,405.01001
"15726",,"03/03/26 00:00:00",,"221869",5,445,0,2225,2225,0,2225,1780,0,0,0,350,"3. MARCH",171,,1,,,1,0,-1,0,"RAYYAN",1,,0,0,1,0,0,0,"01",0,0,1,0,445,0,,0,"Z001",,445
"15726",,"03/03/26 00:00:00",,"6451",5,675,0,3375,3375,0,3375,1781,0,0,0,350,"3. MARCH",171,,1,,,1,0,1,0,"RAYYAN",1,,0,0,1,0,0,0,"01",0,0,1,0,675,0,,0,"Z001",,675
"15926",,"03/07/26 00:00:00",,"6319",20,90,0,1800,1800,0,1800,1783,0,0,0,352,"3. MARCH",167,"15926",1,,,1,0,-1,0,"RAYYAN",1,,0,0,1,0,0,0,"01",0,0,1,0,90,0,,0,"Z001",,90
"16026",,"03/09/26 00:00:00",,"262088",60,370,0,22200,22200,0,22200,1784,0,0,0,10004,"3. MARCH",165,"16026",1,,,1,0,-1,0,"SAID",1,,0,0,1,0,0,0,"01",0,0,1,0,370,0,,0,"Z001",,370
"16126",,"03/11/26 00:00:00",,"6173",40,67.5,0,2700,2700,0,2700,1785,0,0,0,370,"3. MARCH",163,"16126",1,,,1,0,1,0,"ABDUL",1,,0,0,1,0,0,0,"01",0,0,1,0,67.5,1,,0,"Z001",,67.5
"16126",,"03/11/26 00:00:00",,"6391",30,110,0,3300,3300,0,3300,1786,0,0,0,370,"3. MARCH",163,"16126",1,,,1,0,-1,0,"ABDUL",1,,0,0,1,0,0,0,"01",0,0,1,0,110,0,,0,"Z001",,110
"16126",,"03/11/26 00:00:00",,"6192",20,5,0,100,100,0,100,1787,0,0,0,370,"3. MARCH",163,"16126",1,,,1,0,1,0,"ABDUL",1,,0,0,1,0,0,0,"01",0,0,1,0,5,1,,0,"Z001",,5
"16226",,"03/09/26 00:00:00",,"262088",150,400,0,60000,60000,0,60000,1788,0,0,0,10013,"3. MARCH",165,"16226",1,,,1,0,1,0,"ABDUL",1,,0,0,1,0,0,0,"01",0,0,1,0,400,1,,0,"Z001",,400
"16326",,"03/11/26 00:00:00",,"5839",2,6000,0,12000,12000,0,12000,1789,0,0,0,10014,"3. MARCH",163,"16326",1,,,1,0,-1,0,"ABDUL",1,,0,0,1,0,0,0,"01",0,0,1,0,6000,0,,0,"Z001",,6000
"16426",,"03/12/26 00:00:00",,"251936",30,856,0,25680,25680,0,25680,1790,0,0,0,349,"3. MARCH",162,"16426",1,,,1,0,-1,0,"SAID",1,,0,0,1,0,0,0,"01",0,0,1,0,856,0,,0,"Z001",,856
"16426",,"03/12/26 00:00:00",,"1425",100,80,0,8000,8000,0,8000,1791,0,0,0,349,"3. MARCH",162,"16426",1,,,1,0,-1,0,"SAID",1,,0,0,1,0,0,0,"01",0,0,1,0,80,0,,0,"Z001",,80
"16426",,"03/12/26 00:00:00",,"262089",50,80,0,4000,4000,0,4000,1792,0,0,0,349,"3. MARCH",162,"16426",1,,,1,0,-1,0,"SAID",1,,0,0,1,0,0,0,"01",0,0,1,0,80,0,,0,"Z001",,80
"16526",,"03/13/26 00:00:00",,"262090",1,12760,0,12760,12760,0,12760,1793,0,0,0,350,"3. MARCH",161,,1,,,1,0,-1,0,"RAYYAN",1,,0,0,1,0,0,0,"01",0,0,1,0,12760,0,,0,"Z001",,12760
"16526",,"03/13/26 00:00:00",,"262091",3,13920,0,41760,41760,0,41760,1794,0,0,0,350,"3. MARCH",161,,1,,,1,0,-1,0,"RAYYAN",1,,0,0,1,0,0,0,"01",0,0,1,0,13920,0,,0,"Z001",,13920
"16526",,"03/13/26 00:00:00",,"262092",1,33520,0,33520,33520,0,33520,1795,0,0,0,350,"3. MARCH",161,,1,,,1,0,-1,0,"RAYYAN",1,,0,0,1,0,0,0,"01",0,0,1,0,33520,0,,0,"Z001",,33520
"16526",,"03/13/26 00:00:00",,"262093",3,8930,0,26790,26790,0,26790,1796,0,0,0,350,"3. MARCH",161,,1,,,1,0,-1,0,"RAYYAN",1,,0,0,1,0,0,0,"01",0,0,1,0,8930,0,,0,"Z001",,8930
"16526",,"03/13/26 00:00:00",,"262094",1,21990,0,21990,21990,0,21990,1797,0,0,0,350,"3. MARCH",161,,1,,,1,0,-1,0,"RAYYAN",1,,0,0,1,0,0,0,"01",0,0,1,0,21990,0,,0,"Z001",,21990.004
"16626",,"03/09/26 00:00:00",,"6385",10,450,0,4500,4500,0,4500,1799,0,0,0,346,"3. MARCH",165,,1,,,1,0,1,0,"ABDUL",1,,0,0,1,0,0,0,"01",0,0,1,0,450,0,,0,"Z001",,450
"16626",,"03/09/26 00:00:00",,"6386",6,480,0,2880,2880,0,2880,1800,0,0,0,346,"3. MARCH",165,,1,,,1,0,1,0,"ABDUL",1,,0,0,1,0,0,0,"01",0,0,1,0,480,0,,0,"Z001",,480
"21026",,"01/01/26 00:00:00",,"262176",10,230,0,2300,2300,0,2300,1970,0,0,0,353,"1. JANUARY",232,"21026",1,,,1,0,-1,0,"ABDUL",1,,0,0,1,0,0,0,"01",0,0,1,0,230,0,,0,"Z001",,230
"21026",,"01/01/26 00:00:00",,"262177",5,570,0,2850,2850,0,2850,1971,0,0,0,353,"1. JANUARY",232,"21026",1,,,1,0,-1,0,"ABDUL",1,,0,0,1,0,0,0,"01",0,0,1,0,570,0,,0,"Z001",,570
"21026",,"01/01/26 00:00:00",,"262178",10,230,0,2300,2300,0,2300,1972,0,0,0,353,"1. JANUARY",232,"21026",1,,,1,0,-1,0,"ABDUL",1,,0,0,1,0,0,0,"01",0,0,1,0,230,0,,0,"Z001",,230
"21126",,"01/09/26 00:00:00",,"5797",6,1596,-0.01,9576,9575.99,0,9575.99,1973,0,0,0,348,"1. JANUARY",224,"21126",1,,,1,0,1,0,"ABDUL",1,,0,0,1,0,0,0,"01",0,0,1,0,1596,1,,0,"Z001",,1595.9976
"21226",,"01/01/26 00:00:00",,"252029",8,25,0,200,200,0,200,1974,0,0,0,353,"1. JANUARY",232,"21226",1,,,1,0,1,0,"RAYYAN",1,,0,0,1,0,0,0,"01",0,0,1,0,25,1,,0,"Z001",,25
"21326",,"01/01/26 00:00:00",,"262179",5,120,0,600,600,0,600,1975,0,0,0,353,"1. JANUARY",232,"21326",1,,,1,0,-1,0,"ABDUL",1,,0,0,1,0,0,0,"01",0,0,1,0,120,0,,0,"Z001",,120
"21426",,"04/25/26 00:00:00",,"262182",30,20,0,600,600,0,600,1976,0,0,0,353,"4. APRIL",118,"21426",1,,,1,0,-1,0,"RAYYAN",1,,0,0,1,0,0,0,"01",0,0,1,0,20,0,,0,"Z001",,20
"21426",,"04/25/26 00:00:00",,"262184",10,37,0,370,370,0,370,1977,0,0,0,353,"4. APRIL",118,"21426",1,,,1,0,-1,0,"RAYYAN",1,,0,0,1,0,0,0,"01",0,0,1,0,37,0,,0,"Z001",,37
"21426",,"04/25/26 00:00:00",,"262180",20,480,0,9600,9600,0,9600,1978,0,0,0,353,"4. APRIL",118,"21426",1,,,1,0,-1,0,"RAYYAN",1,,0,0,1,0,0,0,"01",0,0,1,0,480,0,,0,"Z001",,480
"21526",,"04/27/26 00:00:00",,"262128",16,100,0,1600,1600,0,1600,1979,0,0,0,352,"4. APRIL",116,"21526",1,,,1,0,1,0,"RAYYAN",1,,0,0,1,0,0,0,"01",0,0,1,0,100,1,,0,"Z001",,100
"18826",,"04/03/26 00:00:00",,"262137",1,2400,0,2400,2400,0,2400,1980,0,0,0,353,"4. APRIL",140,"18826",1,,,1,0,-1,0,"RAYYAN",1,"PAID",0,0,1,0,0,0,"01",0,0,1,0,2400,0,,0,"Z001",,2400
"21626",,"04/30/26 00:00:00",,"262185",2,4500,0,9000,9000,0,9000,1981,0,0,0,10008,"4. APRIL",113,"21626",1,,,1,0,-1,0,"RAYYAN",1,,0,0,1,0,0,0,"01",0,0,1,0,4500,0,,0,"Z001",,4500
"21626",,"04/30/26 00:00:00",,"262186",4,5500,0,22000,22000,0,22000,1982,0,0,0,10008,"4. APRIL",113,"21626",1,,,1,0,-1,0,"RAYYAN",1,,0,0,1,0,0,0,"01",0,0,1,0,5500,0,,0,"Z001",,5500
"21626",,"04/30/26 00:00:00",,"262128",108,92.59,0.28,9999.719999999999,10000,0,10000,1983,0,0,0,10008,"4. APRIL",113,"21626",1,,,1,0,1,0,"RAYYAN",1,,0,0,1,0,0,0,"01",0,0,1,0,92.59,0,,0,"Z001",,92.59259
"21726",,"05/02/26 00:00:00",,"262187",10,580,0,5800,5800,0,5800,1984,0,0,0,10015,"5. MAY",111,"21726",1,,,1,0,-1,0,"ABDUL",1,,0,0,1,0,0,0,"01",0,0,1,0,580,0,,0,"Z001",,580
"21726",,"05/02/26 00:00:00",,"262190",5,850,0,4250,4250,0,4250,1985,0,0,0,10015,"5. MAY",111,"21726",1,,,1,0,-1,0,"ABDUL",1,,0,0,1,0,0,0,"01",0,0,1,0,850,0,,0,"Z001",,850
"21726",,"05/02/26 00:00:00",,"262191",5,1050,0,5250,5250,0,5250,1986,0,0,0,10015,"5. MAY",111,"21726",1,,,1,0,-1,0,"ABDUL",1,,0,0,1,0,0,0,"01",0,0,1,0,1050,0,,0,"Z001",,1050
"17126",,"03/19/26 00:00:00",,"1037",15,180,0,2700,2700,0,2700,1818,0,0,0,10015,"3. MARCH",155,"17126",1,,,1,0,1,0,"RAYYAN",1,,0,0,1,0,0,0,"01",0,0,1,0,180,0,,0,"Z001",,180
"17126",,"03/19/26 00:00:00",,"251941",35,290,0,10150,10150,0,10150,1819,0,0,0,10015,"3. MARCH",155,"17126",1,,,1,0,1,0,"RAYYAN",1,,0,0,1,0,0,0,"01",0,0,1,0,290,0,,0,"Z001",,290
"17126",,"03/19/26 00:00:00",,"262083",15,370,0,5550,5550,0,5550,1820,0,0,0,10015,"3. MARCH",155,"17126",1,,,1,0,1,0,"RAYYAN",1,,0,0,1,0,0,0,"01",0,0,1,0,370,0,,0,"Z001",,370
"17226",,"03/16/26 00:00:00",,"241910",10,14000,0,140000,140000,0,140000,1821,0,0,0,354,"3. MARCH",158,"17226",1,,,1,0,102.2,0,"SAID",1,,0,0,1,0,0,0,"01",0,0,1,0,14000,102.2,,0,"Z001",,14000
"17226",,"03/16/26 00:00:00",,"251958",2,3700,0,7400,7400,0,7400,1822,0,0,0,354,"3. MARCH",158,"17226",1,,,1,0,-1,0,"SAID",1,,0,0,1,0,0,0,"01",0,0,1,0,3700,0,,0,"Z001",,3700
"17226",,"03/16/26 00:00:00",,"251959",3,3900,0,11700,11700,0,11700,1823,0,0,0,354,"3. MARCH",158,"17226",1,,,1,0,-1,0,"SAID",1,,0,0,1,0,0,0,"01",0,0,1,0,3900,0,,0,"Z001",,3900
"17226",,"03/16/26 00:00:00",,"251960",3,4100,0,12300,12300,0,12300,1824,0,0,0,354,"3. MARCH",158,"17226",1,,,1,0,-1,0,"SAID",1,,0,0,1,0,0,0,"01",0,0,1,0,4100,0,,0,"Z001",,4100
"17226",,"03/16/26 00:00:00",,"1094",1,5500,0,5500,5500,0,5500,1825,0,0,0,354,"3. MARCH",158,"17226",1,,,1,0,-1,0,"SAID",1,,0,0,1,0,0,0,"01",0,0,1,0,5500,0,,0,"Z001",,5500
"17226",,"03/16/26 00:00:00",,"1095",1,7000,0,7000,7000,0,7000,1826,0,0,0,354,"3. MARCH",158,"17226",1,,,1,0,-1,0,"SAID",1,,0,0,1,0,0,0,"01",0,0,1,0,7000,0,,0,"Z001",,7000
"17226",,"03/16/26 00:00:00",,"251954",30,600,0,18000,18000,0,18000,1827,0,0,0,354,"3. MARCH",158,"17226",1,,,1,0,550,0,"SAID",1,,0,0,1,0,0,0,"01",0,0,1,0,600,550,,0,"Z001",,600
"17226",,"03/16/26 00:00:00",,"262103",20,950,0,19000,19000,0,19000,1828,0,0,0,354,"3. MARCH",158,"17226",1,,,1,0,-1,0,"SAID",1,,0,0,1,0,0,0,"01",0,0,1,0,950,0,,0,"Z001",,950
"17226",,"03/16/26 00:00:00",,"262104",100,40,0,4000,4000,0,4000,1829,0,0,0,354,"3. MARCH",158,"17226",1,,,1,0,-1,0,"SAID",1,,0,0,1,0,0,0,"01",0,0,1,0,40,0,,0,"Z001",,40
"17226",,"03/16/26 00:00:00",,"262105",100,50,0,5000,5000,0,5000,1830,0,0,0,354,"3. MARCH",158,"17226",1,,,1,0,-1,0,"SAID",1,,0,0,1,0,0,0,"01",0,0,1,0,50,0,,0,"Z001",,50
"17226",,"03/16/26 00:00:00",,"201789",25,70,0,1750,1750,0,1750,1831,0,0,0,354,"3. MARCH",158,"17226",1,,,1,0,1,0,"SAID",1,,0,0,1,0,0,0,"01",0,0,1,0,70,1,,0,"Z001",,70
"17326",,"03/19/26 00:00:00",,"6173",40,75,0,3000,3000,0,3000,1832,0,0,0,370,"3. MARCH",155,"17326",1,,,1,0,1,0,"RAYYAN",1,,0,0,1,0,0,0,"01",0,0,1,0,75,1,,0,"Z001",,75
"17226",,"03/16/26 00:00:00",,"262107",5,5500,0,27500,27500,0,27500,1833,0,0,0,354,"3. MARCH",158,"17226",1,,,1,0,-1,0,"SAID",1,,0,0,1,0,0,0,"01",0,0,1,0,5500,0,,0,"Z001",,5500
"17226",,"03/16/26 00:00:00",,"262106",5,5000,0,25000,25000,0,25000,1834,0,0,0,354,"3. MARCH",158,"17226",1,,,1,0,-1,0,"SAID",1,,0,0,1,0,0,0,"01",0,0,1,0,5000,0,,0,"Z001",,5000
"19026",,"04/04/26 00:00:00",,"262140",20,20,0,400,400,0,400,1903,0,0,0,10014,"4. APRIL",139,"19026",1,,,1,0,-1,0,"RAYYAN",1,,0,0,1,0,0,0,"01",0,0,1,0,20,0,,0,"Z001",,20
"19026",,"04/04/26 00:00:00",,"6420",2,2100,0,4200,4200,0,4200,1904,0,0,0,10014,"4. APRIL",139,"19026",1,,,1,0,-1,0,"RAYYAN",1,,0,0,1,0,0,0,"01",0,0,1,0,2100,0,,0,"Z001",,2100
"19126",,"04/01/26 00:00:00",,"6554",2,16500,0,33000,33000,0,33000,1905,0,0,0,364,"4. APRIL",142,"19126",1,,,1,0,1,0,"RAYYAN",1,,0,0,1,0,0,0,"01",0,0,1,0,16500,1,,0,"Z001",,16500
"19126",,"04/01/26 00:00:00",,"6565",7,18000,0,126000,126000,0,126000,1906,0,0,0,364,"4. APRIL",142,"19126",1,,,1,0,1,0,"RAYYAN",1,,0,0,1,0,0,0,"01",0,0,1,0,18000,1,,0,"Z001",,18000
"19226",,"04/09/26 00:00:00",,"262144",5,40000,0,200000,200000,0,200000,1907,0,0,0,10020,"4. APRIL",134,,1,,,1,0,-1,0,"RAYYAN",1,,0,0,1,0,0,0,"01",0,0,1,0,40000,0,,0,"Z001",,40000
"19326",,"04/10/26 00:00:00",,"262145",15,3130,0,46950,46950,0,46950,1908,0,0,0,350,"4. APRIL",133,"19326",1,,,1,0,-1,0,"RAYYAN",1,,0,0,1,0,0,0,"01",0,0,1,0,3130,28.11,,0,"Z001",,3130
"19326",,"04/10/26 00:00:00",,"262146",4,8149,0,32596,32596,0,32596,1909,0,0,0,350,"4. APRIL",133,"19326",1,,,1,0,-1,0,"RAYYAN",1,,0,0,1,0,0,0,"01",0,0,1,0,8149,0,,0,"Z001",,8149
"19426",,"04/10/26 00:00:00",,"262147",2,4300,0,8600,8600,0,8600,1910,0,0,0,10009,"4. APRIL",133,"19426",1,,,1,0,-1,0,"RAYYAN",1,,0,0,1,0,0,0,"01",0,0,1,0,4300,0,,0,"Z001",,4300
"19526",,"04/10/26 00:00:00",,"262149",3,3500,0,10500,10500,0,10500,1911,0,0,0,353,"4. APRIL",133,"19526",1,,,1,0,-1,0,"RAYYAN",1,,0,0,1,0,0,0,"01",0,0,1,0,3500,0,,0,"Z001",,3500
"19626",,"04/11/26 00:00:00",,"6332",20,190,0,3800,3800,0,3800,1912,0,0,0,346,"4. APRIL",132,,1,,,1,0,1,0,"RAYYAN",1,,0,0,1,0,0,0,"01",0,0,1,0,190,1,,0,"Z001",,190
"19626",,"04/11/26 00:00:00",,"6399",60,110,0,6600,6600,0,6600,1913,0,0,0,346,"4. APRIL",132,,1,,,1,0,1,0,"RAYYAN",1,,0,0,1,0,0,0,"01",0,0,1,0,110,1,,0,"Z001",,110
"19626",,"04/11/26 00:00:00",,"6338",60,100,0,6000,6000,0,6000,1914,0,0,0,346,"4. APRIL",132,,1,,,1,0,1,0,"RAYYAN",1,,0,0,1,0,0,0,"01",0,0,1,0,100,1,,0,"Z001",,100
"19626",,"04/11/26 00:00:00",,"6586",50,160,0,8000,8000,0,8000,1915,0,0,0,346,"4. APRIL",132,,1,,,1,0,1,0,"RAYYAN",1,,0,0,1,0,0,0,"01",0,0,1,0,160,1,,0,"Z001",,160
"19726",,"03/31/26 00:00:00",,"262151",20,6500,0,130000,130000,0,130000,1916,0,0,0,10008,"3. MARCH",143,"19726",1,,,1,0,-1,0,"RAYYAN",1,,0,0,1,0,0,0,"01",0,0,1,0,6500,0,,0,"Z001",,6500
"19726",,"03/31/26 00:00:00",,"262152",10,150,0,1500,1500,0,1500,1917,0,0,0,10008,"3. MARCH",143,"19726",1,,,1,0,-1,0,"RAYYAN",1,,0,0,1,0,0,0,"01",0,0,1,0,150,0,,0,"Z001",,150
"19826",,"04/10/26 00:00:00",,"262152",20,150,0,3000,3000,0,3000,1918,0,0,0,10008,"4. APRIL",133,"19826",1,,,1,0,1,0,"RAYYAN",1,,0,0,1,0,0,0,"01",0,0,1,0,150,1,,0,"Z001",,150
"19826",,"04/10/26 00:00:00",,"262151",1,6500,0,6500,6500,0,6500,1919,0,0,0,10008,"4. APRIL",133,"19826",1,,,1,0,1,0,"RAYYAN",1,,0,0,1,0,0,0,"01",0,0,1,0,6500,1,,0,"Z001",,6500
"18026",,"03/28/26 00:00:00",,"241919",5,1500,0,7500,7500,0,7500,1875,0,0,0,364,"3. MARCH",146,"18026",1,,,1,0,1,0,"RAYYAN",1,,0,0,1,0,0,0,"01",0,0,1,0,1500,1,,0,"Z001",,1500
"18026",,"03/28/26 00:00:00",,"6563",2,2500,0,5000,5000,0,5000,1876,0,0,0,364,"3. MARCH",146,"18026",1,,,1,0,1,0,"RAYYAN",1,,0,0,1,0,0,0,"01",0,0,1,0,2500,1,,0,"Z001",,2500
"18026",,"03/28/26 00:00:00",,"6564",5,700,0,3500,3500,0,3500,1877,0,0,0,364,"3. MARCH",146,"18026",1,,,1,0,-1,0,"RAYYAN",1,,0,0,1,0,0,0,"01",0,0,1,0,700,0,,0,"Z001",,700
"18126",,"03/28/26 00:00:00",,"241926",2,80000,0,160000,160000,0,160000,1878,0,0,0,10003,"3. MARCH",146,"18126",1,,,1,0,1,0,"RAYYAN",1,,0,0,1,0,0,0,"01",0,0,1,0,80000,1,,0,"Z001",,80000
"18126",,"03/28/26 00:00:00",,"771",4,35000,0,140000,140000,0,140000,1879,0,0,0,10003,"3. MARCH",146,"18126",1,,,1,0,1,0,"RAYYAN",1,,0,0,1,0,0,0,"01",0,0,1,0,35000,1,,0,"Z001",,35000
"18226",,"03/30/26 00:00:00",,"771",2,35000,0,70000,70000,0,70000,1880,0,0,0,10003,"3. MARCH",144,,1,,,1,0,1,0,"RAYYAN",1,,0,0,1,0,0,0,"01",0,0,1,0,35000,1,,0,"Z001",,35000
"18326",,"04/01/26 00:00:00",,"973",10,750,0,7500,7500,0,7500,1881,0,0,0,352,"4. APRIL",142,"18326",1,,,1,0,1,0,"RAYYAN",1,,0,0,1,0,0,0,"01",0,0,1,0,750,0,,0,"Z001",,750
"18326",,"04/01/26 00:00:00",,"262123",1,300,0,300,300,0,300,1882,0,0,0,352,"4. APRIL",142,"18326",1,,,1,0,-1,0,"RAYYAN",1,,0,0,1,0,0,0,"01",0,0,1,0,300,0,,0,"Z001",,300
"18326",,"04/01/26 00:00:00",,"262124",1,500,0,500,500,0,500,1883,0,0,0,352,"4. APRIL",142,"18326",1,,,1,0,-1,0,"RAYYAN",1,,0,0,1,0,0,0,"01",0,0,1,0,500,0,,0,"Z001",,500
"18326",,"04/01/26 00:00:00",,"262125",30,90,0,2700,2700,0,2700,1884,0,0,0,352,"4. APRIL",142,"18326",1,,,1,0,-1,0,"RAYYAN",1,,0,0,1,0,0,0,"01",0,0,1,0,90,0,,0,"Z001",,90
"18326",,"04/01/26 00:00:00",,"262126",20,60,0,1200,1200,0,1200,1885,0,0,0,352,"4. APRIL",142,"18326",1,,,1,0,-1,0,"RAYYAN",1,,0,0,1,0,0,0,"01",0,0,1,0,60,0,,0,"Z001",,60
"18326",,"04/01/26 00:00:00",,"262127",2,280,0,560,560,0,560,1886,0,0,0,352,"4. APRIL",142,"18326",1,,,1,0,-1,0,"RAYYAN",1,,0,0,1,0,0,0,"01",0,0,1,0,280,0,,0,"Z001",,280
"18326",,"04/01/26 00:00:00",,"262128",10,90,0,900,900,0,900,1887,0,0,0,352,"4. APRIL",142,"18326",1,,,1,0,-1,0,"RAYYAN",1,,0,0,1,0,0,0,"01",0,0,1,0,90,0,,0,"Z001",,90
"18426",,"04/02/26 00:00:00",,"6476",16,13288.03,0,212608.48,212608.48,0,212608.48,1888,0,0,0,343,"4. APRIL",141,,1,,,1,0,112.12,0,"ABDUL",1,,0,0,1,0,0,0,"01",0,0,1,0,13288.03,112.12,,0,"Z001",,13288.03
"18526",,"03/31/26 00:00:00",,"6510",0,-1,0,38651.2,38651.2,0,38651.2,1889,0,0,0,343,"3. MARCH",143,,1,,,1,14,2760.8,0,"ABDUL",1,,0,0,1,0,0,0,"01",0,0,1,0,0,0,,0,"Z001",,-1
"18626",,"03/03/26 00:00:00",,"262129",3,20799,0,62397,62397,0,62397,1890,0,0,0,350,"3. MARCH",171,"18626",1,,,1,0,-1,0,"RAYYAN",1,,0,0,1,0,0,0,"01",0,0,1,0,20799,0,,0,"Z001",,20799
"18626",,"03/03/26 00:00:00",,"262093",2,9425,0,18850,18850,0,18850,1891,0,0,0,350,"3. MARCH",171,"18626",1,,,1,0,1,0,"RAYYAN",1,,0,0,1,0,0,0,"01",0,0,1,0,9425,0,,0,"Z001",,9425
"17426",,"03/19/26 00:00:00",,"1491",10,975,0,9750,9750,0,9750,1835,0,0,0,372,"3. MARCH",155,"17426",1,,,1,0,-1,0,"ABDUL",1,,0,0,1,0,0,0,"01",0,0,1,0,975,0,,0,"Z001",,975
"17426",,"03/19/26 00:00:00",,"262108",10,1066,0,10660,10660,0,10660,1836,0,0,0,372,"3. MARCH",155,"17426",1,,,1,0,-1,0,"ABDUL",1,,0,0,1,0,0,0,"01",0,0,1,0,1066,0,,0,"Z001",,1066
"17426",,"03/19/26 00:00:00",,"262109",5,1170,0,5850,5850,0,5850,1837,0,0,0,372,"3. MARCH",155,"17426",1,,,1,0,-1,0,"ABDUL",1,,0,0,1,0,0,0,"01",0,0,1,0,1170,0,,0,"Z001",,1170
"17426",,"03/19/26 00:00:00",,"262110",5,1339,0,6695,6695,0,6695,1838,0,0,0,372,"3. MARCH",155,"17426",1,,,1,0,-1,0,"ABDUL",1,,0,0,1,0,0,0,"01",0,0,1,0,1339,0,,0,"Z001",,1339
"17426",,"03/19/26 00:00:00",,"262111",2,1755,0,3510,3510,0,3510,1839,0,0,0,372,"3. MARCH",155,"17426",1,,,1,0,-1,0,"ABDUL",1,,0,0,1,0,0,0,"01",0,0,1,0,1755,0,,0,"Z001",,1755
"17426",,"03/19/26 00:00:00",,"1578",5,2600,0,13000,13000,0,13000,1840,0,0,0,372,"3. MARCH",155,"17426",1,,,1,0,-1,0,"ABDUL",1,,0,0,1,0,0,0,"01",0,0,1,0,2600,0,,0,"Z001",,2600
"17426",,"03/19/26 00:00:00",,"211830",2,7072,0,14144,14144,0,14144,1841,0,0,0,372,"3. MARCH",155,"17426",1,,,1,0,-1,0,"ABDUL",1,,0,0,1,0,0,0,"01",0,0,1,0,7072,0,,0,"Z001",,7072
"17526",,"01/01/26 00:00:00",,"6316",3,900,0,2700,2700,0,2700,1842,0,0,0,353,"1. JANUARY",232,"17526",1,,,1,0,-1,0,"ABDUL",1,,0,0,1,0,0,0,"01",0,0,1,0,900,0,,0,"Z001",,900
"17526",,"01/01/26 00:00:00",,"858",3,1400,0,4200,4200,0,4200,1843,0,0,0,353,"1. JANUARY",232,"17526",1,,,1,0,1,0,"ABDUL",1,,0,0,1,0,0,0,"01",0,0,1,0,1400,0,,0,"Z001",,1400
"17626",,"03/21/26 00:00:00",,"252003",3,15900,0,47700,47700,0,47700,1844,0,0,0,372,"3. MARCH",153,,1,,,1,0,1,0,"ABDUL",1,,0,0,1,0,0,0,"01",0,0,1,0,15900,1,,0,"Z001",,15900
"17626",,"03/21/26 00:00:00",,"252005",2,19800,0,39600,39600,0,39600,1845,0,0,0,372,"3. MARCH",153,,1,,,1,0,1,0,"ABDUL",1,,0,0,1,0,0,0,"01",0,0,1,0,19800,1,,0,"Z001",,19800
"17626",,"03/21/26 00:00:00",,"262113",1,30200,0,30200,30200,0,30200,1846,0,0,0,372,"3. MARCH",153,,1,,,1,0,-1,0,"ABDUL",1,,0,0,1,0,0,0,"01",0,0,1,0,30200,0,,0,"Z001",,30200
"17626",,"03/21/26 00:00:00",,"262114",10,1040,0,10400,10400,0,10400,1847,0,0,0,372,"3. MARCH",153,,1,,,1,0,-1,0,"ABDUL",1,,0,0,1,0,0,0,"01",0,0,1,0,1040,0,,0,"Z001",,1040
"17726",,"03/23/26 00:00:00",,"6173",400,60,0,24000,24000,0,24000,1848,0,0,0,10016,"3. MARCH",151,"17726",1,,,1,0,1,0,"RAYYAN",1,,0,0,1,0,0,0,"01",0,0,1,0,60,1,,0,"Z001",,60
"17726",,"03/23/26 00:00:00",,"6391",150,95,0,14250,14250,0,14250,1849,0,0,0,10016,"3. MARCH",151,"17726",1,,,1,0,1,0,"RAYYAN",1,,0,0,1,0,0,0,"01",0,0,1,0,95,1,,0,"Z001",,95
"17726",,"03/23/26 00:00:00",,"944",60,180,0,10800,10800,0,10800,1850,0,0,0,10016,"3. MARCH",151,"17726",1,,,1,0,1,0,"RAYYAN",1,,0,0,1,0,0,0,"01",0,0,1,0,180,1,,0,"Z001",,180
"17726",,"03/23/26 00:00:00",,"1109",400,130,0,52000,52000,0,52000,1851,0,0,0,10016,"3. MARCH",151,"17726",1,,,1,0,1,0,"RAYYAN",1,,0,0,1,0,0,0,"01",0,0,1,0,130,1,,0,"Z001",,130
"17726",,"03/23/26 00:00:00",,"1219",150,170,0,25500,25500,0,25500,1852,0,0,0,10016,"3. MARCH",151,"17726",1,,,1,0,1,0,"RAYYAN",1,,0,0,1,0,0,0,"01",0,0,1,0,170,1,,0,"Z001",,170
"22926",,"05/14/26 00:00:00",,"6467",1,280,0,280,280,0,280,2023,0,0,0,352,"5. MAY",99,"22926",1,,,1,0,-1,0,"ABDUL",1,,0,0,1,0,0,0,"01",0,0,1,0,280,0,,0,"Z001",,280
"23026",,"05/15/26 00:00:00",,"262213",5,2000,0,10000,10000,0,10000,2024,0,0,0,10023,"5. MAY",98,"23026",1,,,1,0,-1,0,"RAYYAN",1,,0,0,1,0,0,0,"01",0,0,1,0,2000,0,,0,"Z001",,2000
"23026",,"05/15/26 00:00:00",,"262214",5,2000,0,10000,10000,0,10000,2025,0,0,0,10023,"5. MAY",98,"23026",1,,,1,0,-1,0,"RAYYAN",1,,0,0,1,0,0,0,"01",0,0,1,0,2000,0,,0,"Z001",,2000
"21426",,"04/25/26 00:00:00",,"262181",5,2200,0,11000,11000,0,11000,2026,0,0,0,353,"4. APRIL",118,"21426",1,,,1,0,-1,0,"RAYYAN",1,,0,0,1,0,0,0,"01",0,0,1,0,2200,0,,0,"Z001",,2200
"23126",,"03/23/26 00:00:00",,"251952",2,971.29,0,1942.58,1942.58,0,1942.58,2027,0,0,0,347,"3. MARCH",151,"23126",1,,,1,0,1,0,"ABDUL",1,,0,0,1,0,0,0,"01",0,0,1,0,971.29,1,,0,"Z001",,971.28998
"23126",,"03/23/26 00:00:00",,"251951",2,1410.17,0,2820.34,2820.34,0,2820.34,2028,0,0,0,347,"3. MARCH",151,"23126",1,,,1,0,1,0,"ABDUL",1,,0,0,1,0,0,0,"01",0,0,1,0,1410.17,1,,0,"Z001",,1410.17
"23226",,"03/23/26 00:00:00",,"859",3,1864,0,5592,5592,0,5592,2029,0,0,0,347,"3. MARCH",151,"23226",1,,,1,0,1,0,"ABDUL",1,,0,0,1,0,0,0,"01",0,0,1,0,1864,1,,0,"Z001",,1864
"23226",,"03/23/26 00:00:00",,"1716",3,2832.99,0,8498.969999999999,8498.969999999999,0,8498.969999999999,2030,0,0,0,347,"3. MARCH",151,"23226",1,,,1,0,1,0,"ABDUL",1,,0,0,1,0,0,0,"01",0,0,1,0,2832.99,1,,0,"Z001",,2832.99
"23226",,"03/23/26 00:00:00",,"262215",2,1346.06,0,2692.12,2692.12,0,2692.12,2031,0,0,0,347,"3. MARCH",151,"23226",1,,,1,0,-1,0,"ABDUL",1,,0,0,1,0,0,0,"01",0,0,1,0,1346.06,0,,0,"Z001",,1346.0601
"23326",,"05/20/26 00:00:00",,"262216",10,320,0,3200,3200,0,3200,2032,0,0,0,10004,"5. MAY",93,"23326",1,,,1,0,-1,0,"RAYYAN",1,,0,0,1,0,0,0,"01",0,0,1,0,320,0,,0,"Z001",,320
"23426",,"05/21/26 00:00:00",,"6591",8,3750,0,30000,30000,0,30000,2033,0,0,0,10008,"5. MAY",92,"23426",1,,,1,0,1,0,"ABDUL",1,,0,0,1,0,0,0,"01",0,0,1,0,3750,1,,0,"Z001",,3750
"23526",,"05/21/26 00:00:00",,"262160",5,750,0,3750,3750,0,3750,2034,0,0,0,352,"5. MAY",92,,1,,,1,0,1,0,"ABDUL",1,,0,0,1,0,0,0,"01",0,0,1,0,750,1,,0,"Z001",,750
"23526",,"05/21/26 00:00:00",,"252047",5,160,0,800,800,0,800,2035,0,0,0,352,"5. MAY",92,,1,,,1,0,1,0,"ABDUL",1,,0,0,1,0,0,0,"01",0,0,1,0,160,1,,0,"Z001",,160
"23526",,"05/21/26 00:00:00",,"252048",5,180,0,900,900,0,900,2036,0,0,0,352,"5. MAY",92,,1,,,1,0,1,0,"ABDUL",1,,0,0,1,0,0,0,"01",0,0,1,0,180,1,,0,"Z001",,180
"23626",,"05/22/26 00:00:00",,"6030",60,98,0,5880,5880,0,5880,2037,0,0,0,350,"5. MAY",91,"23626",1,,,1,0,1,0,"RAYYAN",1,,0,0,1,0,0,0,"01",0,0,1,0,98,1,,0,"Z001",,98
"23626",,"05/22/26 00:00:00",,"6063",30,50,0,1500,1500,0,1500,2038,0,0,0,350,"5. MAY",91,"23626",1,,,1,0,1,0,"RAYYAN",1,,0,0,1,0,0,0,"01",0,0,1,0,50,1,,0,"Z001",,50
"23626",,"05/22/26 00:00:00",,"201757",108,150,0,16200,16200,0,16200,2039,0,0,0,350,"5. MAY",91,"23626",1,,,1,0,1,0,"RAYYAN",1,,0,0,1,0,0,0,"01",0,0,1,0,150,1,,0,"Z001",,150
"23726",,"05/23/26 00:00:00",,"241919",5,1500,0,7500,7500,0,7500,2040,0,0,0,364,"5. MAY",90,"23726",1,,,1,0,1,0,"RAYYAN",1,,0,0,1,0,0,0,"01",0,0,1,0,1500,1,,0,"Z001",,1500
"19826",,"04/10/26 00:00:00",,"262153",1,1500,0,1500,1500,0,1500,1920,0,0,0,10008,"4. APRIL",133,"19826",1,,,1,0,-1,0,"RAYYAN",1,,0,0,1,0,0,0,"01",0,0,1,0,1500,0,,0,"Z001",,1500
"19926",,"04/11/26 00:00:00",,"262154",1,2500,0,2500,2500,0,2500,1921,0,0,0,10021,"4. APRIL",132,"19926",1,,,1,0,-1,0,"RAYYAN",1,,0,0,1,0,0,0,"01",0,0,1,0,2500,0,,0,"Z001",,2500
"19926",,"04/11/26 00:00:00",,"262155",1,3000,0,3000,3000,0,3000,1922,0,0,0,10021,"4. APRIL",132,"19926",1,,,1,0,-1,0,"RAYYAN",1,,0,0,1,0,0,0,"01",0,0,1,0,3000,0,,0,"Z001",,3000
"2326",,"02/19/26 00:00:00",,"221883",0,0,0,0,0,0,0,1924,0,0,0,0,"2. FEBRUARY",183,,0,,,1,100,0,0,"ABDUL",0,,0,0,1,0,0,1,"01",0,0,0,0,0,0,,0,"Z001",,0
"20026",,"04/12/26 00:00:00",,"6557",2,21050.97,0,42101.94,42101.94,0,42000,1925,0,0,0,10007,"4. APRIL",131,"20026",1,,,1,0,1,0,"RAYYAN",1,,0,0,1,0,0,0,"01",0,0,1,0,21032.71,0,,0,"Z001",,21000
"20026",,"04/12/26 00:00:00",,"251948",2,24559.47,0,49118.94,49118.94,0,49000,1926,0,0,0,10007,"4. APRIL",131,"20026",1,,,1,0,1,0,"RAYYAN",1,,0,0,1,0,0,0,"01",0,0,1,0,24538.16,0,,0,"Z001",,24500
"20026",,"04/12/26 00:00:00",,"262156",1,36588.59,0,36588.59,36588.59,0,36500,1927,0,0,0,10007,"4. APRIL",131,"20026",1,,,1,0,-1,0,"RAYYAN",1,,0,0,1,0,0,0,"01",0,0,1,0,36613.71,0,,0,"Z001",,36500
"20826",,"04/14/26 00:00:00",,"251936",50,856,0,42800,42800,0,42800,1945,0,0,0,349,"4. APRIL",129,"20826",1,,,1,0,1,0,"RAYYAN",1,,0,0,1,0,0,0,"01",0,0,1,0,856,1,,0,"Z001",,856
"20826",,"04/14/26 00:00:00",,"262169",10,506,0,5060,5060,0,5060,1946,0,0,0,349,"4. APRIL",129,"20826",1,,,1,0,-1,0,"RAYYAN",1,,0,0,1,0,0,0,"01",0,0,1,0,506,0,,0,"Z001",,506
"20826",,"04/14/26 00:00:00",,"1425",50,80,0,4000,4000,0,4000,1947,0,0,0,349,"4. APRIL",129,"20826",1,,,1,0,1,0,"RAYYAN",1,,0,0,1,0,0,0,"01",0,0,1,0,80,1,,0,"Z001",,80
"20826",,"04/14/26 00:00:00",,"262089",25,80,0,2000,2000,0,2000,1948,0,0,0,349,"4. APRIL",129,"20826",1,,,1,0,1,0,"RAYYAN",1,,0,0,1,0,0,0,"01",0,0,1,0,80,1,,0,"Z001",,80
"17726",,"03/23/26 00:00:00",,"6234",200,15,0,3000,3000,0,3000,1961,0,0,0,10016,"3. MARCH",151,"17726",1,,,1,0,1,0,"RAYYAN",1,,0,0,1,0,0,0,"01",0,0,1,0,15,1,,0,"Z001",,15
"17726",,"03/23/26 00:00:00",,"262170",200,10,0,2000,2000,0,2000,1962,0,0,0,10016,"3. MARCH",151,"17726",1,,,1,0,-1,0,"RAYYAN",1,,0,0,1,0,0,0,"01",0,0,1,0,10,0,,0,"Z001",,10
"17726",,"03/23/26 00:00:00",,"5969",150,21.33,0,3199.5,3199.5,0,3199.5,1963,0,0,0,10016,"3. MARCH",151,"17726",1,,,1,0,1,0,"RAYYAN",1,,0,0,1,0,0,0,"01",0,0,1,0,21.33,1,,0,"Z001",,21.33
"17726",,"03/23/26 00:00:00",,"6098",150,34.25,0,5137.5,5137.5,0,5137.5,1964,0,0,0,10016,"3. MARCH",151,"17726",1,,,1,0,1,0,"RAYYAN",1,,0,0,1,0,0,0,"01",0,0,1,0,34.25,1,,0,"Z001",,34.25
"21026",,"01/01/26 00:00:00",,"262171",20,135,0,2700,2700,0,2700,1965,0,0,0,353,"1. JANUARY",232,"21026",1,,,1,0,-1,0,"ABDUL",1,,0,0,1,0,0,0,"01",0,0,1,0,135,0,,0,"Z001",,135
"21026",,"01/01/26 00:00:00",,"262172",10,190,0,1900,1900,0,1900,1966,0,0,0,353,"1. JANUARY",232,"21026",1,,,1,0,-1,0,"ABDUL",1,,0,0,1,0,0,0,"01",0,0,1,0,190,0,,0,"Z001",,190
"16626",,"03/09/26 00:00:00",,"262095",30,100,0,3000,3000,0,3000,1801,0,0,0,346,"3. MARCH",165,,1,,,1,0,-1,0,"ABDUL",1,,0,0,1,0,0,0,"01",0,0,1,0,100,0,,0,"Z001",,100
"16626",,"03/09/26 00:00:00",,"6590",10,180,0,1800,1800,0,1800,1802,0,0,0,346,"3. MARCH",165,,1,,,1,0,-1,0,"ABDUL",1,,0,0,1,0,0,0,"01",0,0,1,0,180,0,,0,"Z001",,180
"16726",,"03/14/26 00:00:00",,"262097",3,2800,0,8400,8400,0,8400,1803,0,0,0,352,"3. MARCH",160,"16726",1,,,1,0,-1,0,"ABDUL",1,,0,0,1,0,0,0,"01",0,0,1,0,2800,0,,0,"Z001",,2800
"16726",,"03/14/26 00:00:00",,"241920",2,2000,0,4000,4000,0,4000,1804,0,0,0,352,"3. MARCH",160,"16726",1,,,1,0,1,0,"ABDUL",1,,0,0,1,0,0,0,"01",0,0,1,0,2000,1,,0,"Z001",,2000
"16726",,"03/14/26 00:00:00",,"1034",20,200,0,4000,4000,0,4000,1805,0,0,0,352,"3. MARCH",160,"16726",1,,,1,0,-1,0,"ABDUL",1,,0,0,1,0,0,0,"01",0,0,1,0,200,0,,0,"Z001",,200
"16726",,"03/14/26 00:00:00",,"251942",30,230,0,6900,6900,0,6900,1806,0,0,0,352,"3. MARCH",160,"16726",1,,,1,0,1,0,"ABDUL",1,,0,0,1,0,0,0,"01",0,0,1,0,230,1,,0,"Z001",,230
"16726",,"03/14/26 00:00:00",,"1037",5,190,0,950,950,0,950,1807,0,0,0,352,"3. MARCH",160,"16726",1,,,1,0,1,0,"ABDUL",1,,0,0,1,0,0,0,"01",0,0,1,0,190,1,,0,"Z001",,190
"16726",,"03/14/26 00:00:00",,"262083",1,390,0,390,390,0,390,1808,0,0,0,352,"3. MARCH",160,"16726",1,,,1,0,1,0,"ABDUL",1,,0,0,1,0,0,0,"01",0,0,1,0,390,1,,0,"Z001",,390
"16826",,"03/16/26 00:00:00",,"6173",40,67.5,0,2700,2700,0,2700,1809,0,0,0,370,"3. MARCH",158,"16826",1,,,1,0,1,0,"ABDUL",1,,0,0,1,0,0,0,"01",0,0,1,0,67.5,1,,0,"Z001",,67.5
"16826",,"03/16/26 00:00:00",,"6098",20,35,0,700,700,0,700,1810,0,0,0,370,"3. MARCH",158,"16826",1,,,1,0,1,0,"ABDUL",1,,0,0,1,0,0,0,"01",0,0,1,0,35,1,,0,"Z001",,35
"15726",,"03/03/26 00:00:00",,"221870",5,560,0,2800,2800,0,2800,1811,0,0,0,350,"3. MARCH",171,,1,,,1,0,-1,0,"RAYYAN",1,,0,0,1,0,0,0,"01",0,0,1,0,560,0,,0,"Z001",,560
"17026",,"03/19/26 00:00:00",,"262098",10,1500,0,15000,15000,0,15000,1813,0,0,0,10015,"3. MARCH",155,,1,,,1,0,-1,0,"RAYYAN",1,,0,0,1,0,0,0,"01",0,0,1,0,1500,0,,0,"Z001",,1500
"17126",,"03/19/26 00:00:00",,"262100",25,160,0,4000,4000,0,4000,1815,0,0,0,10015,"3. MARCH",155,"17126",1,,,1,0,-1,0,"RAYYAN",1,,0,0,1,0,0,0,"01",0,0,1,0,160,0,,0,"Z001",,160
"17126",,"03/19/26 00:00:00",,"262101",25,180,0,4500,4500,0,4500,1816,0,0,0,10015,"3. MARCH",155,"17126",1,,,1,0,-1,0,"RAYYAN",1,,0,0,1,0,0,0,"01",0,0,1,0,180,0,,0,"Z001",,180
"17126",,"03/19/26 00:00:00",,"262098",10,1500,0,15000,15000,0,15000,1817,0,0,0,10015,"3. MARCH",155,"17126",1,,,1,0,-1,0,"RAYYAN",1,,0,0,1,0,0,0,"01",0,0,1,0,1500,0,,0,"Z001",,1500
"21026",,"01/01/26 00:00:00",,"262173",5,260,0,1300,1300,0,1300,1967,0,0,0,353,"1. JANUARY",232,"21026",1,,,1,0,-1,0,"ABDUL",1,,0,0,1,0,0,0,"01",0,0,1,0,260,0,,0,"Z001",,260
"21026",,"01/01/26 00:00:00",,"262174",10,85,0,850,850,0,850,1968,0,0,0,353,"1. JANUARY",232,"21026",1,,,1,0,-1,0,"ABDUL",1,,0,0,1,0,0,0,"01",0,0,1,0,85,0,,0,"Z001",,85
"17726",,"03/23/26 00:00:00",,"5970",125,100,0,12500,12500,0,12500,1854,0,0,0,10016,"3. MARCH",151,"17726",1,,,1,0,1,0,"RAYYAN",1,,0,0,1,0,0,0,"01",0,0,1,0,100,1,,0,"Z001",,100
"17726",,"03/23/26 00:00:00",,"252024",30,170,0,5100,5100,0,5100,1855,0,0,0,10016,"3. MARCH",151,"17726",1,,,1,0,1,0,"RAYYAN",1,,0,0,1,0,0,0,"01",0,0,1,0,170,1,,0,"Z001",,170
"17726",,"03/23/26 00:00:00",,"262116",18,260,0,4680,4680,0,4680,1856,0,0,0,10016,"3. MARCH",151,"17726",1,,,1,0,-1,0,"RAYYAN",1,,0,0,1,0,0,0,"01",0,0,1,0,260,0,,0,"Z001",,260
"17726",,"03/23/26 00:00:00",,"5762",300,18,0,5400,5400,0,5400,1857,0,0,0,10016,"3. MARCH",151,"17726",1,,,1,0,1,0,"RAYYAN",1,,0,0,1,0,0,0,"01",0,0,1,0,18,1,,0,"Z001",,18
"17726",,"03/23/26 00:00:00",,"6133",200,19,0,3800,3800,0,3800,1858,0,0,0,10016,"3. MARCH",151,"17726",1,,,1,0,1,0,"RAYYAN",1,,0,0,1,0,0,0,"01",0,0,1,0,19,1,,0,"Z001",,19
"17726",,"03/23/26 00:00:00",,"5761",200,19,0,3800,3800,0,3800,1859,0,0,0,10016,"3. MARCH",151,"17726",1,,,1,0,1,0,"RAYYAN",1,,0,0,1,0,0,0,"01",0,0,1,0,19,1,,0,"Z001",,19
"17726",,"03/23/26 00:00:00",,"262117",200,20,0,4000,4000,0,4000,1860,0,0,0,10016,"3. MARCH",151,"17726",1,,,1,0,-1,0,"RAYYAN",1,,0,0,1,0,0,0,"01",0,0,1,0,20,0,,0,"Z001",,20
"17726",,"03/23/26 00:00:00",,"6192",3000,2.38,0,7140,7140,0,7140,1861,0,0,0,10016,"3. MARCH",151,"17726",1,,,1,0,1,0,"RAYYAN",1,,0,0,1,0,0,0,"01",0,0,1,0,2.38,1,,0,"Z001",,2.3800001
"17726",,"03/23/26 00:00:00",,"6190",2000,4.25,0,8500,8500,0,8500,1862,0,0,0,10016,"3. MARCH",151,"17726",1,,,1,0,1,0,"RAYYAN",1,,0,0,1,0,0,0,"01",0,0,1,0,4.25,1,,0,"Z001",,4.25
"17826",,"03/25/26 00:00:00",,"6556",1,11865.32,0,11865.32,11865.32,0,11865.32,1864,0,0,0,345,"3. MARCH",149,"17826",1,,,1,0,1,0,"SAID",1,,0,0,1,0,0,0,"01",0,0,1,0,11865.32,1,,0,"Z001",,11865.32
"17826",,"03/25/26 00:00:00",,"262118",1,9000,0,9000,9000,0,9000,1865,0,0,0,345,"3. MARCH",149,"17826",1,,,1,0,-1,0,"SAID",1,,0,0,1,0,0,0,"01",0,0,1,0,9000,0,,0,"Z001",,9000
"17826",,"03/25/26 00:00:00",,"5812",1,7925.06,0,7925.06,7925.06,0,7925.06,1866,0,0,0,345,"3. MARCH",149,"17826",1,,,1,0,1,0,"SAID",1,,0,0,1,0,0,0,"01",0,0,1,0,7925.06,1,,0,"Z001",,7925.0601
"17826",,"03/25/26 00:00:00",,"939",1,7000,0,7000,7000,0,7000,1867,0,0,0,345,"3. MARCH",149,"17826",1,,,1,0,1,0,"SAID",1,,0,0,1,0,0,0,"01",0,0,1,0,7000,1,,0,"Z001",,7000
"18026",,"03/28/26 00:00:00",,"262120",5,250,0,1250,1250,0,1250,1869,0,0,0,364,"3. MARCH",146,"18026",1,,,1,0,-1,0,"RAYYAN",1,,0,0,1,0,0,0,"01",0,0,1,0,250,0,,0,"Z001",,250
"18026",,"03/28/26 00:00:00",,"262121",5,300,0,1500,1500,0,1500,1870,0,0,0,364,"3. MARCH",146,"18026",1,,,1,0,-1,0,"RAYYAN",1,,0,0,1,0,0,0,"01",0,0,1,0,300,0,,0,"Z001",,300
"18026",,"03/28/26 00:00:00",,"1556",4,2500,0,10000,10000,0,10000,1871,0,0,0,364,"3. MARCH",146,"18026",1,,,1,0,1,0,"RAYYAN",1,,0,0,1,0,0,0,"01",0,0,1,0,2500,1,,0,"Z001",,2500
"30326",,"07/22/26 00:00:00",,"262282",1,4400,0,4400,4400,0,4400,2198,0,0,0,10008,"7. JULY",30,,1,,,1,0,-1,0,"ABDUL",1,,0,0,1,0,0,0,"01",0,0,1,0,4400,0,,0,"Z001",,4400
"21726",,"05/02/26 00:00:00",,"262195",5,550,0,2750,2750,0,2750,1993,0,0,0,10015,"5. MAY",111,"21726",1,,,1,0,-1,0,"ABDUL",1,,0,0,1,0,0,0,"01",0,0,1,0,550,0,,0,"Z001",,550
"21726",,"05/02/26 00:00:00",,"262200",3,180,0,540,540,0,540,1994,0,0,0,10015,"5. MAY",111,"21726",1,,,1,0,-1,0,"ABDUL",1,,0,0,1,0,0,0,"01",0,0,1,0,180,0,,0,"Z001",,180
"21726",,"05/02/26 00:00:00",,"262199",30,45,0,1350,1350,0,1350,1995,0,0,0,10015,"5. MAY",111,"21726",1,,,1,0,-1,0,"ABDUL",1,,0,0,1,0,0,0,"01",0,0,1,0,45,0,,0,"Z001",,45
"21726",,"05/02/26 00:00:00",,"262189",20,45,0,900,900,0,900,1996,0,0,0,10015,"5. MAY",111,"21726",1,,,1,0,-1,0,"ABDUL",1,,0,0,1,0,0,0,"01",0,0,1,0,45,0,,0,"Z001",,45
"21726",,"05/02/26 00:00:00",,"262188",10,50,0,500,500,0,500,1997,0,0,0,10015,"5. MAY",111,"21726",1,,,1,0,-1,0,"ABDUL",1,,0,0,1,0,0,0,"01",0,0,1,0,50,0,,0,"Z001",,50
"21826",,"05/02/26 00:00:00",,"1439",1,5600,0,5600,5600,0,5600,1998,0,0,0,368,"5. MAY",111,"21826",1,,,1,0,-1,0,"ABDUL",1,,0,0,1,0,0,0,"01",0,0,1,0,5600,0,,0,"Z001",,5600
"21926",,"05/02/26 00:00:00",,"262202",32,5200,0,166400,166400,0,166400,1999,0,0,0,359,"5. MAY",111,"21926",1,,,1,0,1,0,"ABDUL",1,,0,0,1,0,0,0,"01",0,0,1,0,5200,1,,0,"Z001",,5200
"22026",,"05/02/26 00:00:00",,"241916",2,156000,0,312000,312000,0,310000,2000,0,0,0,10020,"5. MAY",111,"22026",1,,,1,0,1,0,"ABDUL",1,,0,0,1,0,0,0,"01",0,0,1,0,156000,2001,,0,"Z001",,155000
"22126",,"05/04/26 00:00:00",,"262203",2,320,0,640,640,0,640,2001,0,0,0,352,"5. MAY",109,"22126",1,,,1,0,-1,0,"ABDUL",1,,0,0,1,0,0,0,"01",0,0,1,0,320,0,,0,"Z001",,320
"22126",,"05/04/26 00:00:00",,"262160",2,750,0,1500,1500,0,1500,2002,0,0,0,352,"5. MAY",109,"22126",1,,,1,0,1,0,"ABDUL",1,,0,0,1,0,0,0,"01",0,0,1,0,750,1,,0,"Z001",,750
"22126",,"05/04/26 00:00:00",,"252063",10,130,0,1300,1300,0,1300,2003,0,0,0,352,"5. MAY",109,"22126",1,,,1,0,1,0,"ABDUL",1,,0,0,1,0,0,0,"01",0,0,1,0,130,1,,0,"Z001",,130
"22226",,"03/19/26 00:00:00",,"241927",5,7800,0,39000,39000,0,39000,2004,0,0,0,350,"3. MARCH",155,"22226",1,,,1,0,1,0,"RAYYAN",1,,0,0,1,0,0,0,"01",0,0,1,0,7800,1,,0,"Z001",,7800
"22226",,"03/19/26 00:00:00",,"262204",5,1850,0,9250,9250,0,9250,2005,0,0,0,350,"3. MARCH",155,"22226",1,,,1,0,1,0,"RAYYAN",1,,0,0,1,0,0,0,"01",0,0,1,0,1850,1,,0,"Z001",,1850
"22226",,"03/19/26 00:00:00",,"1151",5,500,0,2500,2500,0,2500,2006,0,0,0,350,"3. MARCH",155,"22226",1,,,1,0,1,0,"RAYYAN",1,,0,0,1,0,0,0,"01",0,0,1,0,500,1,,0,"Z001",,500
"22226",,"03/19/26 00:00:00",,"5863",5,8200,0,41000,41000,0,41000,2007,0,0,0,350,"3. MARCH",155,"22226",1,,,1,0,-1,0,"RAYYAN",1,,0,0,1,0,0,0,"01",0,0,1,0,8200,0,,0,"Z001",,8200
"22326",,"05/08/26 00:00:00",,"6614",1,3000,0,3000,3000,0,3000,2008,0,0,0,352,"5. MAY",105,"22326",1,,,1,0,1,0,"SAID",1,,0,0,1,0,0,0,"01",0,0,1,0,3000,1,,0,"Z001",,3000
"22526",,"01/23/26 00:00:00",,"262076",200,422.24,0,84448,84448,0,84448,2011,0,0,0,351,"1. JANUARY",210,,1,,,1,0,1,0,"RAYYAN",1,,0,0,1,0,0,0,"01",0,0,1,0,422.24,1,,0,"Z001",,422.23999
"22626",,"03/26/26 00:00:00",,"262076",400,422.24,0,168896,168896,0,168896,2012,0,0,0,351,"3. MARCH",148,,1,,,1,0,1,0,"RAYYAN",1,,0,0,1,0,0,0,"01",0,0,1,0,422.24,1,,0,"Z001",,422.23999
"18026",,"03/28/26 00:00:00",,"262122",4,3000,0,12000,12000,0,12000,1872,0,0,0,364,"3. MARCH",146,"18026",1,,,1,0,-1,0,"RAYYAN",1,,0,0,1,0,0,0,"01",0,0,1,0,3000,0,,0,"Z001",,3000
"18026",,"03/28/26 00:00:00",,"6554",5,15000,0,75000,75000,0,75000,1873,0,0,0,364,"3. MARCH",146,"18026",1,,,1,0,1,0,"RAYYAN",1,,0,0,1,0,0,0,"01",0,0,1,0,15000,1,,0,"Z001",,15000
"18026",,"03/28/26 00:00:00",,"6572",2,1800,0,3600,3600,0,3600,1874,0,0,0,364,"3. MARCH",146,"18026",1,,,1,0,1,0,"RAYYAN",1,,0,0,1,0,0,0,"01",0,0,1,0,1800,1,,0,"Z001",,1800
"18726",,"04/03/26 00:00:00",,"262130",4,8169,0,32676,32676,0,32676,1892,0,0,0,350,"4. APRIL",140,"18726",1,,,1,0,-1,0,"RAYYAN",1,,0,0,1,0,0,0,"01",0,0,1,0,8169,0,,0,"Z001",,8169
"18726",,"04/03/26 00:00:00",,"262131",1,7470,0,7470,7470,0,7470,1893,0,0,0,350,"4. APRIL",140,"18726",1,,,1,0,-1,0,"RAYYAN",1,,0,0,1,0,0,0,"01",0,0,1,0,7470,0,,0,"Z001",,7470
"18726",,"04/03/26 00:00:00",,"262132",1,7299,0,7299,7299,0,7299,1894,0,0,0,350,"4. APRIL",140,"18726",1,,,1,0,-1,0,"RAYYAN",1,,0,0,1,0,0,0,"01",0,0,1,0,7299,0,,0,"Z001",,7299
"18726",,"04/03/26 00:00:00",,"262133",12,739,0,8868,8868,0,8868,1895,0,0,0,350,"4. APRIL",140,"18726",1,,,1,0,-1,0,"RAYYAN",1,,0,0,1,0,0,0,"01",0,0,1,0,739,0,,0,"Z001",,739
"18726",,"04/03/26 00:00:00",,"262134",24,146,0,3504,3504,0,3504,1896,0,0,0,350,"4. APRIL",140,"18726",1,,,1,0,-1,0,"RAYYAN",1,,0,0,1,0,0,0,"01",0,0,1,0,146,0,,0,"Z001",,146
"18726",,"04/03/26 00:00:00",,"262135",24,167,0,4008,4008,0,4008,1897,0,0,0,350,"4. APRIL",140,"18726",1,,,1,0,-1,0,"RAYYAN",1,,0,0,1,0,0,0,"01",0,0,1,0,167,0,,0,"Z001",,167
"18826",,"04/03/26 00:00:00",,"262136",1,10000,0,10000,10000,0,10000,1898,0,0,0,353,"4. APRIL",140,"18826",1,,,1,0,-1,0,"RAYYAN",1,"PAID",0,0,1,0,0,0,"01",0,0,1,0,10000,0,,0,"Z001",,10000
"18826",,"04/03/26 00:00:00",,"262138",1,900,0,900,900,0,900,1899,0,0,0,353,"4. APRIL",140,"18826",1,,,1,0,-1,0,"RAYYAN",1,"PAID",0,0,1,0,0,0,"01",0,0,1,0,900,0,,0,"Z001",,900
"18826",,"04/03/26 00:00:00",,"262139",1,2260,0,2260,2260,0,2260,1900,0,0,0,353,"4. APRIL",140,"18826",1,,,1,0,-1,0,"RAYYAN",1,"PAID",0,0,1,0,0,0,"01",0,0,1,0,2260,0,,0,"Z001",,2260
"18826",,"04/03/26 00:00:00",,"262130",1,7850,0,7850,7850,0,7850,1901,0,0,0,353,"4. APRIL",140,"18826",1,,,1,0,1,0,"RAYYAN",1,"PAID",0,0,1,0,0,0,"01",0,0,1,0,7850,0,,0,"Z001",,7850
"18926",,"04/04/26 00:00:00",,"262123",15,230,0,3450,3450,0,3450,1902,0,0,0,10004,"4. APRIL",139,"18926",1,,,1,0,1,0,"RAYYAN",1,,0,0,1,0,0,0,"01",0,0,1,0,230,1,,0,"Z001",,230
"21026",,"01/01/26 00:00:00",,"262175",10,125,0,1250,1250,0,1250,1969,0,0,0,353,"1. JANUARY",232,"21026",1,,,1,0,-1,0,"ABDUL",1,,0,0,1,0,0,0,"01",0,0,1,0,125,0,,0,"Z001",,125
"21726",,"05/02/26 00:00:00",,"262192",10,1250,0,12500,12500,0,12500,1987,0,0,0,10015,"5. MAY",111,"21726",1,,,1,0,-1,0,"ABDUL",1,,0,0,1,0,0,0,"01",0,0,1,0,1250,0,,0,"Z001",,1250
"17726",,"03/23/26 00:00:00",,"1131",200,13,0,2600,2600,0,2600,1960,0,0,0,10016,"3. MARCH",151,"17726",1,,,1,0,1,0,"RAYYAN",1,,0,0,1,0,0,0,"01",0,0,1,0,13,1,,0,"Z001",,13
"21726",,"05/02/26 00:00:00",,"262194",10,450,0,4500,4500,0,4500,1988,0,0,0,10015,"5. MAY",111,"21726",1,,,1,0,-1,0,"ABDUL",1,,0,0,1,0,0,0,"01",0,0,1,0,450,0,,0,"Z001",,450
"21726",,"05/02/26 00:00:00",,"262158",15,330,0,4950,4950,0,4950,1989,0,0,0,10015,"5. MAY",111,"21726",1,,,1,0,1,0,"ABDUL",1,,0,0,1,0,0,0,"01",0,0,1,0,330,0,,0,"Z001",,330
"21726",,"05/02/26 00:00:00",,"262196",5,320,0,1600,1600,0,1600,1990,0,0,0,10015,"5. MAY",111,"21726",1,,,1,0,-1,0,"ABDUL",1,,0,0,1,0,0,0,"01",0,0,1,0,320,0,,0,"Z001",,320
"21726",,"05/02/26 00:00:00",,"262198",5,210,0,1050,1050,0,1050,1991,0,0,0,10015,"5. MAY",111,"21726",1,,,1,0,-1,0,"ABDUL",1,,0,0,1,0,0,0,"01",0,0,1,0,210,0,,0,"Z001",,210
"21726",,"05/02/26 00:00:00",,"262197",10,180,0,1800,1800,0,1800,1992,0,0,0,10015,"5. MAY",111,"21726",1,,,1,0,-1,0,"ABDUL",1,,0,0,1,0,0,0,"01",0,0,1,0,180,0,,0,"Z001",,180
"22626",,"03/26/26 00:00:00",,"252021",800,324.8,0,259840,259840,0,259840,2013,0,0,0,351,"3. MARCH",148,,1,,,1,0,1,0,"RAYYAN",1,,0,0,1,0,0,0,"01",0,0,1,0,324.8,1,,0,"Z001",,324.79999
"22726",,"02/20/26 00:00:00",,"262205",1,29400,0,29400,29400,0,29400,2014,0,0,0,372,"2. FEBRUARY",182,"22726",1,,,1,0,-1,0,"RAYYAN",1,,0,0,1,0,0,0,"01",0,0,1,0,29400,0,,0,"Z001",,29400
"22826",,"05/14/26 00:00:00",,"262206",1,1400,0,1400,1400,0,1400,2015,0,0,0,10015,"5. MAY",99,"22826",1,,,1,0,-1,0,"ABDUL",1,,0,0,1,0,0,0,"01",0,0,1,0,1400,0,,0,"Z001",,1400
"22826",,"05/14/26 00:00:00",,"262208",1,800,0,800,800,0,800,2016,0,0,0,10015,"5. MAY",99,"22826",1,,,1,0,-1,0,"ABDUL",1,,0,0,1,0,0,0,"01",0,0,1,0,800,0,,0,"Z001",,800
"22826",,"05/14/26 00:00:00",,"262209",60,3.33,0,199.8,199.8,0,199.8,2017,0,0,0,10015,"5. MAY",99,"22826",1,,,1,0,-1,0,"ABDUL",1,,0,0,1,0,0,0,"01",0,0,1,0,3.33,0,,0,"Z001",,3.3299999
"22826",,"05/14/26 00:00:00",,"262210",60,4.17,0,250.2,250.2,0,250.2,2018,0,0,0,10015,"5. MAY",99,"22826",1,,,1,0,-1,0,"ABDUL",1,,0,0,1,0,0,0,"01",0,0,1,0,4.17,0,,0,"Z001",,4.1700001
"22826",,"05/14/26 00:00:00",,"262211",20,23,0,460,460,0,460,2019,0,0,0,10015,"5. MAY",99,"22826",1,,,1,0,-1,0,"ABDUL",1,,0,0,1,0,0,0,"01",0,0,1,0,23,0,,0,"Z001",,23
"22926",,"05/14/26 00:00:00",,"847",4,280,0,1120,1120,0,1120,2020,0,0,0,352,"5. MAY",99,"22926",1,,,1,0,1,0,"ABDUL",1,,0,0,1,0,0,0,"01",0,0,1,0,280,0,,0,"Z001",,280
"22926",,"05/14/26 00:00:00",,"262212",10,80,0,800,800,0,800,2021,0,0,0,352,"5. MAY",99,"22926",1,,,1,0,-1,0,"ABDUL",1,,0,0,1,0,0,0,"01",0,0,1,0,80,0,,0,"Z001",,80
"22926",,"05/14/26 00:00:00",,"5969",32,18,0,576,576,0,576,2022,0,0,0,352,"5. MAY",99,"22926",1,,,1,0,1,0,"ABDUL",1,,0,0,1,0,0,0,"01",0,0,1,0,18,0,,0,"Z001",,18
"23726",,"05/23/26 00:00:00",,"1556",4,2500,0,10000,10000,0,10000,2041,0,0,0,364,"5. MAY",90,"23726",1,,,1,0,1,0,"RAYYAN",1,,0,0,1,0,0,0,"01",0,0,1,0,2500,1,,0,"Z001",,2500
"23726",,"05/23/26 00:00:00",,"262217",1,15500,0,15500,15500,0,15500,2042,0,0,0,364,"5. MAY",90,"23726",1,,,1,0,-1,0,"RAYYAN",1,,0,0,1,0,0,0,"01",0,0,1,0,15500,0,,0,"Z001",,15500
"23726",,"05/23/26 00:00:00",,"262218",1,29000,0,29000,29000,0,29000,2043,0,0,0,364,"5. MAY",90,"23726",1,,,1,0,-1,0,"RAYYAN",1,,0,0,1,0,0,0,"01",0,0,1,0,29000,0,,0,"Z001",,29000
"19126",,"04/01/26 00:00:00",,"6572",6,1800,0,10800,10800,0,10800,2044,0,0,0,364,"4. APRIL",142,"19126",1,,,1,0,1,0,"RAYYAN",1,,0,0,1,0,0,0,"01",0,0,1,0,1800,1,,0,"Z001",,1800
"23826",,"05/23/26 00:00:00",,"6556",1,12482.83,0,12482.83,12482.83,0,12482.83,2045,0,0,0,345,"5. MAY",90,"23826",1,,,1,0,1,0,"RAYYAN",1,,0,0,1,0,0,0,"01",0,0,1,0,12482.83,1,,0,"Z001",,12482.83
"23826",,"05/23/26 00:00:00",,"5811",1,6539.53,0,6539.53,6539.53,0,6539.53,2046,0,0,0,345,"5. MAY",90,"23826",1,,,1,0,1,0,"RAYYAN",1,,0,0,1,0,0,0,"01",0,0,1,0,6539.53,1,,0,"Z001",,6539.5298
"23926",,"05/26/26 00:00:00",,"6471",3,3349.15,0,10047.45,10047.45,0,10047.45,2047,0,0,0,343,"5. MAY",87,"23926",1,,,1,0,28.11,0,"RAYYAN",1,,0,0,1,0,0,0,"01",0,0,1,0,3349.15,28.11,,0,"Z001",,3349.1499
"24026",,"05/28/26 00:00:00",,"262219",50,100.9,0,5045,5045,0,5000,2048,0,0,0,346,"5. MAY",85,,1,,,1,0,-1,0,"RAYYAN",1,,0,0,1,0,0,0,"01",0,0,1,0,101.61,0,,0,"Z001",,100
"24026",,"05/28/26 00:00:00",,"262220",25,191.7,0,4792.5,4792.5,0,4750,2049,0,0,0,346,"5. MAY",85,,1,,,1,0,-1,0,"RAYYAN",1,,0,0,1,0,0,0,"01",0,0,1,0,196.13,0,,0,"Z001",,190
"24026",,"05/28/26 00:00:00",,"251985",360,50.45,0,18162,18162,0,18000,2050,0,0,0,346,"5. MAY",85,,1,,,1,0,1,0,"RAYYAN",1,,0,0,1,0,0,0,"01",0,0,1,0,50.11,0,,0,"Z001",,50
"24026",,"05/28/26 00:00:00",,"6334",100,282.51,0,28251,28251,0,28000,2051,0,0,0,346,"5. MAY",85,,1,,,1,0,1,0,"RAYYAN",1,,0,0,1,0,0,0,"01",0,0,1,0,282.26,0,,0,"Z001",,280
"24126",,"05/30/26 00:00:00",,"201757",612,150,0,91800,91800,0,91800,2052,0,0,0,350,"5. MAY",83,,1,,,1,0,1,0,"ABDUL",1,,0,0,1,0,0,0,"01",0,0,1,0,150,1,,0,"Z001",,150
"24326",,"03/01/26 00:00:00",,"5817",37,7700,0,284900,284900,0,284900,2054,0,0,0,10003,"3. MARCH",173,"24326",1,,,1,0,1,0,"RAYYAN",1,,0,0,1,0,0,0,"01",0,0,1,0,7700,1,,0,"Z001",,7700
"24426",,"04/12/26 00:00:00",,"5817",111,8250,0,915750,915750,0,915750,2055,0,0,0,10003,"4. APRIL",131,"24426",1,,,1,0,1,0,"RAYYAN",1,,0,0,1,0,0,0,"01",0,0,1,0,8250,1,,0,"Z001",,8250
"24526",,"06/02/26 00:00:00",,"1471",10,10800,0,108000,108000,0,108000,2056,0,0,0,10005,"6. JUNE",80,"24526",1,,,1,0,1,0,"RAYYAN",1,,0,0,1,0,0,0,"01",0,0,1,0,10800,1,,0,"Z001",,10800
"24626",,"06/03/26 00:00:00",,"6563",5,2500,0,12500,12500,0,12500,2057,0,0,0,364,"6. JUNE",79,"24626",1,,,1,0,1,0,"RAYYAN",1,,0,0,1,0,0,0,"01",0,0,1,0,2500,1,,0,"Z001",,2500
"24626",,"06/03/26 00:00:00",,"6316",5,1300,0,6500,6500,0,6500,2058,0,0,0,364,"6. JUNE",79,"24626",1,,,1,0,1,0,"RAYYAN",1,,0,0,1,0,0,0,"01",0,0,1,0,1300,1,,0,"Z001",,1300
"24626",,"06/03/26 00:00:00",,"262218",2,29000,0,58000,58000,0,58000,2059,0,0,0,364,"6. JUNE",79,"24626",1,,,1,0,1,0,"RAYYAN",1,,0,0,1,0,0,0,"01",0,0,1,0,29000,1,,0,"Z001",,29000
"25626",,"06/10/26 00:00:00",,"6585",120,130,0,15600,15600,0,15600,2080,0,0,0,346,"6. JUNE",72,,1,,,1,0,1,0,"RAYYAN",1,,0,0,1,0,0,0,"01",0,0,1,0,130,1,,0,"Z001",,130
"25626",,"06/10/26 00:00:00",,"6586",36,170,0,6120,6120,0,6120,2081,0,0,0,346,"6. JUNE",72,,1,,,1,0,1,0,"RAYYAN",1,,0,0,1,0,0,0,"01",0,0,1,0,170,1,,0,"Z001",,170
"25626",,"06/10/26 00:00:00",,"6333",90,240,0,21600,21600,0,21600,2082,0,0,0,346,"6. JUNE",72,,1,,,1,0,1,0,"RAYYAN",1,,0,0,1,0,0,0,"01",0,0,1,0,240,1,,0,"Z001",,240
"25626",,"06/10/26 00:00:00",,"6590",12,130,0,1560,1560,0,1560,2083,0,0,0,346,"6. JUNE",72,,1,,,1,0,1,0,"RAYYAN",1,,0,0,1,0,0,0,"01",0,0,1,0,130,1,,0,"Z001",,130
"25626",,"06/10/26 00:00:00",,"6334",270,280,0,75600,75600,0,75600,2084,0,0,0,346,"6. JUNE",72,,1,,,1,0,1,0,"RAYYAN",1,,0,0,1,0,0,0,"01",0,0,1,0,280,1,,0,"Z001",,280
"25626",,"06/10/26 00:00:00",,"6332",90,200,0,18000,18000,0,18000,2085,0,0,0,346,"6. JUNE",72,,1,,,1,0,1,0,"RAYYAN",1,,0,0,1,0,0,0,"01",0,0,1,0,200,1,,0,"Z001",,200
"25726",,"06/13/26 00:00:00",,"262169",12,506,0,6072,6072,0,6072,2086,0,0,0,354,"6. JUNE",69,"25726",1,,,1,0,1,0,"RAYYAN",1,,0,0,1,0,0,0,"01",0,0,1,0,506,1,,0,"Z001",,506
"25726",,"06/13/26 00:00:00",,"262230",12,364,0,4368,4368,0,4368,2087,0,0,0,354,"6. JUNE",69,"25726",1,,,1,0,-1,0,"RAYYAN",1,,0,0,1,0,0,0,"01",0,0,1,0,364,0,,0,"Z001",,364
"25826",,"06/15/26 00:00:00",,"262231",2,6840.6,0,13681.2,13681.2,0,13681.2,2088,0,0,0,345,"6. JUNE",67,"25826",1,,,1,0,-1,0,"RAYYAN",1,,0,0,1,0,0,0,"01",0,0,1,0,6840.6,0,,0,"Z001",,6840.6001
"25926",,"06/15/26 00:00:00",,"5817",74,8800,0,651200,651200,0,651200,2089,0,0,0,10003,"6. JUNE",67,"25926",1,,,1,0,1,0,"ABDUL",1,,0,0,1,0,0,0,"01",0,0,1,0,8800,1,,0,"Z001",,8800
"26026",,"06/17/26 00:00:00",,"262232",1,15500,0,15500,15500,0,15500,2090,0,0,0,10032,"6. JUNE",65,"26026",1,,,1,0,-1,0,"ABDUL",1,,0,0,1,0,0,0,"01",0,0,1,0,15500,0,,0,"Z001",,15500
"26126",,"06/17/26 00:00:00",,"6365",3,80,0,240,240,0,240,2091,0,0,0,353,"6. JUNE",65,"26126",1,,,1,0,1,0,"ABDUL",1,"MWEMBE",0,0,1,0,0,0,"01",0,0,1,0,80,1,,0,"Z001",,80
"26226",,"06/18/26 00:00:00",,"231907",8,8500,0,68000,68000,0,68000,2092,0,0,0,10008,"6. JUNE",64,"26226",1,,,1,0,1,0,"RAYYAN",1,,0,0,1,0,0,0,"01",0,0,1,0,8500,1,,0,"Z001",,8500
"26326",,"06/20/26 00:00:00",,"1288",10,10300,0,103000,103000,0,103000,2093,0,0,0,10005,"6. JUNE",62,"26326",1,,,1,0,1,0,"RAYYAN",1,,0,0,1,0,0,0,"01",0,0,1,0,10300,1,,0,"Z001",,10300
"26326",,"06/20/26 00:00:00",,"1287",10,12800,0,128000,128000,0,128000,2094,0,0,0,10005,"6. JUNE",62,"26326",1,,,1,0,1,0,"RAYYAN",1,,0,0,1,0,0,0,"01",0,0,1,0,12800,1,,0,"Z001",,12800
"26326",,"06/20/26 00:00:00",,"211829",12,3850,0,46200,46200,0,46200,2095,0,0,0,10005,"6. JUNE",62,"26326",1,,,1,0,-1,0,"RAYYAN",1,,0,0,1,0,0,0,"01",0,0,1,0,3850,0,,0,"Z001",,3850
"26326",,"06/20/26 00:00:00",,"262233",1,13000,0,13000,13000,0,13000,2096,0,0,0,10005,"6. JUNE",62,"26326",1,,,1,0,-1,0,"RAYYAN",1,,0,0,1,0,0,0,"01",0,0,1,0,13000,0,,0,"Z001",,13000
"26326",,"06/20/26 00:00:00",,"262234",1,16000,0,16000,16000,0,16000,2097,0,0,0,10005,"6. JUNE",62,"26326",1,,,1,0,-1,0,"RAYYAN",1,,0,0,1,0,0,0,"01",0,0,1,0,16000,0,,0,"Z001",,16000
"26426",,"06/20/26 00:00:00",,"262235",90,3177,0,285930,285930,0,285930,2098,0,0,0,10036,"6. JUNE",62,"26426",1,,,1,0,-1,0,"RAYYAN",1,,0,0,1,0,0,0,"01",0,0,1,0,3177,0,,0,"Z001",,3177
"26426",,"06/20/26 00:00:00",,"262236",60,5321,0,319260,319260,0,319260,2099,0,0,0,10036,"6. JUNE",62,"26426",1,,,1,0,-1,0,"RAYYAN",1,,0,0,1,0,0,0,"01",0,0,1,0,5321,0,,0,"Z001",,5321
"26426",,"06/20/26 00:00:00",,"262237",2,8532,0,17064,17064,0,17064,2100,0,0,0,10036,"6. JUNE",62,"26426",1,,,1,0,-1,0,"RAYYAN",1,,0,0,1,0,0,0,"01",0,0,1,0,8532,0,,0,"Z001",,8532
"26426",,"06/20/26 00:00:00",,"262238",2,12606,0,25212,25212,0,25212,2101,0,0,0,10036,"6. JUNE",62,"26426",1,,,1,0,-1,0,"RAYYAN",1,,0,0,1,0,0,0,"01",0,0,1,0,12606,0,,0,"Z001",,12606
"26526",,"06/20/26 00:00:00",,"262239",2,2000,0,4000,4000,0,4000,2102,0,0,0,10007,"6. JUNE",62,"26526",1,,,1,0,-1,0,"RAYYAN",1,,0,0,1,0,0,0,"01",0,0,1,0,2000,0,,0,"Z001",,2000
"26626",,"06/20/26 00:00:00",,"262240",10,35,0,350,350,0,350,2103,0,0,0,352,"6. JUNE",62,"26626",1,,,1,0,-1,0,"RAYYAN",1,,0,0,1,0,0,0,"01",0,0,1,0,35,0,,0,"Z001",,35
"26726",,"06/24/26 00:00:00",,"1084",1,6175.61,0,6175.61,6175.61,0,6175.61,2104,0,0,0,343,"6. JUNE",58,"26726",1,,,1,0,49.31,0,"RAYYAN",1,,0,0,1,0,0,0,"01",0,0,1,0,6175.61,49.31,,0,"Z001",,6175.6099
"26826",,"06/10/26 00:00:00",,"999",3,7900,0,23700,23700,0,23700,2105,0,0,0,351,"6. JUNE",72,,1,,,1,0,1,0,"RAYYAN",1,,0,0,1,0,0,0,"01",0,0,1,0,7900,0,,0,"Z001",,7900
"26826",,"06/10/26 00:00:00",,"262241",1,36540,0,36540,36540,0,36540,2106,0,0,0,351,"6. JUNE",72,,1,,,1,0,-1,0,"RAYYAN",1,,0,0,1,0,0,0,"01",0,0,1,0,36540,0,,0,"Z001",,36540
"26826",,"06/10/26 00:00:00",,"241915",1,14200,0,14200,14200,0,14200,2107,0,0,0,351,"6. JUNE",72,,1,,,1,0,-1,0,"RAYYAN",1,,0,0,1,0,0,0,"01",0,0,1,0,14200,0,,0,"Z001",,14200
"26826",,"06/10/26 00:00:00",,"1581",6,3900,0,23400,23400,0,23400,2108,0,0,0,351,"6. JUNE",72,,1,,,1,0,-1,0,"RAYYAN",1,,0,0,1,0,0,0,"01",0,0,1,0,3900,0,,0,"Z001",,3900
"26826",,"06/10/26 00:00:00",,"1176",2,5200,0,10400,10400,0,10400,2109,0,0,0,351,"6. JUNE",72,,1,,,1,0,-1,0,"RAYYAN",1,,0,0,1,0,0,0,"01",0,0,1,0,5200,0,,0,"Z001",,5200
"26826",,"06/10/26 00:00:00",,"262242",2,4500,0,9000,9000,0,9000,2110,0,0,0,351,"6. JUNE",72,,1,,,1,0,-1,0,"RAYYAN",1,,0,0,1,0,0,0,"01",0,0,1,0,4500,0,,0,"Z001",,4500
"26826",,"06/10/26 00:00:00",,"262243",1,8700,0,8700,8700,0,8700,2111,0,0,0,351,"6. JUNE",72,,1,,,1,0,-1,0,"RAYYAN",1,,0,0,1,0,0,0,"01",0,0,1,0,8700,0,,0,"Z001",,8700
"26826",,"06/10/26 00:00:00",,"262244",2,19836,0,39672,39672,0,39672,2112,0,0,0,351,"6. JUNE",72,,1,,,1,0,-1,0,"RAYYAN",1,,0,0,1,0,0,0,"01",0,0,1,0,19836,0,,0,"Z001",,19836
"26826",,"06/10/26 00:00:00",,"262245",1,320,0,320,320,0,320,2113,0,0,0,351,"6. JUNE",72,,1,,,1,0,-1,0,"RAYYAN",1,,0,0,1,0,0,0,"01",0,0,1,0,320,0,,0,"Z001",,320
"26826",,"06/10/26 00:00:00",,"262246",1,9300,0,9300,9300,0,9300,2114,0,0,0,351,"6. JUNE",72,,1,,,1,0,-1,0,"RAYYAN",1,,0,0,1,0,0,0,"01",0,0,1,0,9300,0,,0,"Z001",,9300
"26826",,"06/10/26 00:00:00",,"262249",1,1461,0,1461,1461,0,1461,2115,0,0,0,351,"6. JUNE",72,,1,,,1,0,-1,0,"RAYYAN",1,,0,0,1,0,0,0,"01",0,0,1,0,1461,0,,0,"Z001",,1461
"26826",,"06/10/26 00:00:00",,"262248",1,7300,0,7300,7300,0,7300,2116,0,0,0,351,"6. JUNE",72,,1,,,1,0,-1,0,"RAYYAN",1,,0,0,1,0,0,0,"01",0,0,1,0,7300,0,,0,"Z001",,7300
"26826",,"06/10/26 00:00:00",,"221886",1,63600,0,63600,63600,0,63600,2117,0,0,0,351,"6. JUNE",72,,1,,,1,0,-1,0,"RAYYAN",1,,0,0,1,0,0,0,"01",0,0,1,0,63600,0,,0,"Z001",,63600
"26826",,"06/10/26 00:00:00",,"211858",1,15225,0,15225,15225,0,15225,2118,0,0,0,351,"6. JUNE",72,,1,,,1,0,-1,0,"RAYYAN",1,,0,0,1,0,0,0,"01",0,0,1,0,15225,0,,0,"Z001",,15225
"26826",,"06/10/26 00:00:00",,"1178",1,13485,0,13485,13485,0,13485,2119,0,0,0,351,"6. JUNE",72,,1,,,1,0,-1,0,"RAYYAN",1,,0,0,1,0,0,0,"01",0,0,1,0,13485,0,,0,"Z001",,13485
"26826",,"06/10/26 00:00:00",,"1182",1,20800,0,20800,20800,0,20800,2120,0,0,0,351,"6. JUNE",72,,1,,,1,0,-1,0,"RAYYAN",1,,0,0,1,0,0,0,"01",0,0,1,0,20800,0,,0,"Z001",,20800
"26826",,"06/10/26 00:00:00",,"262247",1,17200,0,17200,17200,0,17200,2121,0,0,0,351,"6. JUNE",72,,1,,,1,0,-1,0,"RAYYAN",1,,0,0,1,0,0,0,"01",0,0,1,0,17200,0,,0,"Z001",,17200
"26926",,"06/25/26 00:00:00",,"973",10,750,0,7500,7500,0,7500,2122,0,0,0,352,"6. JUNE",57,"26926",1,,,1,0,1,0,"RAYYAN",1,,0,0,1,0,0,0,"01",0,0,1,0,750,1,,0,"Z001",,750
"27026",,"06/27/26 00:00:00",,"262250",6,3358.25,0,20149.5,20149.5,0,20149.5,2123,0,0,0,371,"6. JUNE",55,"27026",1,,,1,0,-1,0,"ABDUL",1,,0,0,1,0,0,0,"01",0,0,1,0,3358.25,0,,0,"Z001",,3358.25
"27026",,"06/27/26 00:00:00",,"6296",24,76,0,1824,1824,0,1824,2124,0,0,0,371,"6. JUNE",55,"27026",1,,,1,0,1,0,"ABDUL",1,,0,0,1,0,0,0,"01",0,0,1,0,76,0,,0,"Z001",,76
"27026",,"06/27/26 00:00:00",,"262251",6,375.25,0,2251.5,2251.5,0,2251.5,2125,0,0,0,371,"6. JUNE",55,"27026",1,,,1,0,-1,0,"ABDUL",1,,0,0,1,0,0,0,"01",0,0,1,0,375.25,0,,0,"Z001",,375.25
"27026",,"06/27/26 00:00:00",,"1263",6,688.75,0,4132.5,4132.5,0,4132.5,2127,0,0,0,371,"6. JUNE",55,"27026",1,,,1,0,-1,0,"ABDUL",1,,0,0,1,0,0,0,"01",0,0,1,0,688.75,0,,0,"Z001",,688.75
"27026",,"06/27/26 00:00:00",,"262252",1,8217.5,0,8217.5,8217.5,0,8217.5,2128,0,0,0,371,"6. JUNE",55,"27026",1,,,1,0,-1,0,"ABDUL",1,,0,0,1,0,0,0,"01",0,0,1,0,8217.5,0,,0,"Z001",,8217.5
"27026",,"06/27/26 00:00:00",,"262253",2,5624,0,11248,11248,0,11248,2129,0,0,0,371,"6. JUNE",55,"27026",1,,,1,0,-1,0,"ABDUL",1,,0,0,1,0,0,0,"01",0,0,1,0,5624,0,,0,"Z001",,5624
"27026",,"06/27/26 00:00:00",,"262254",20,47.5,0,950,950,0,950,2130,0,0,0,371,"6. JUNE",55,"27026",1,,,1,0,-1,0,"ABDUL",1,,0,0,1,0,0,0,"01",0,0,1,0,47.5,0,,0,"Z001",,47.5
"27026",,"06/27/26 00:00:00",,"251999",7,389.5,0,2726.5,2726.5,0,2726.5,2131,0,0,0,371,"6. JUNE",55,"27026",1,,,1,0,1,0,"ABDUL",1,,0,0,1,0,0,0,"01",0,0,1,0,389.5,0,,0,"Z001",,389.5
"27126",,"06/27/26 00:00:00",,"1032",30,380,0,11400,11400,0,11400,2132,0,0,0,352,"6. JUNE",55,"27126",1,,,1,0,1,0,"ABDUL",1,,0,0,1,0,0,0,"01",0,0,1,0,380,1,,0,"Z001",,380
"27226",,"03/27/26 00:00:00",,"262230",1,364,0,364,364,0,364,2133,0,0,0,354,"3. MARCH",147,"27226",1,,,1,0,1,0,"ABDUL",1,,0,0,1,0,0,0,"01",0,0,1,0,364,1,,0,"Z001",,364
"27326",,"06/29/26 00:00:00",,"262144",3,36000,0,108000,108000,0,108000,2134,0,0,0,10020,"6. JUNE",53,"27326",1,,,1,0,1,0,"SAID",1,,0,0,1,0,0,0,"01",0,0,1,0,36000,0,,0,"Z001",,36000
"27326",,"06/29/26 00:00:00",,"262255",2,78000,0,156000,156000,0,156000,2135,0,0,0,10020,"6. JUNE",53,"27326",1,,,1,0,-1,0,"SAID",1,,0,0,1,0,0,0,"01",0,0,1,0,78000,0,,0,"Z001",,78000
"27326",,"06/29/26 00:00:00",,"262256",1,30000,0,30000,30000,0,30000,2136,0,0,0,10020,"6. JUNE",53,"27326",1,,,1,0,-1,0,"SAID",1,,0,0,1,0,0,0,"01",0,0,1,0,30000,0,,0,"Z001",,30000
"27326",,"06/29/26 00:00:00",,"262257",1,156000,0,156000,156000,0,156000,2137,0,0,0,10020,"6. JUNE",53,"27326",1,,,1,0,-1,0,"SAID",1,,0,0,1,0,0,0,"01",0,0,1,0,156000,0,,0,"Z001",,156000
"27326",,"06/29/26 00:00:00",,"241916",1,148000,0,148000,148000,0,148000,2138,0,0,0,10020,"6. JUNE",53,"27326",1,,,1,0,1,0,"SAID",1,,0,0,1,0,0,0,"01",0,0,1,0,148000,0,,0,"Z001",,148000
"27426",,"06/29/26 00:00:00",,"262196",10,320,0,3200,3200,0,3200,2139,0,0,0,10015,"6. JUNE",53,"27426",1,,,1,0,1,0,"SAID",1,,0,0,1,0,0,0,"01",0,0,1,0,320,1,,0,"Z001",,320
"27426",,"06/29/26 00:00:00",,"262258",3,1900,0,5700,5700,0,5700,2140,0,0,0,10015,"6. JUNE",53,"27426",1,,,1,0,-1,0,"SAID",1,,0,0,1,0,0,0,"01",0,0,1,0,1900,0,,0,"Z001",,1900
"27426",,"06/29/26 00:00:00",,"6365",40,42.5,0,1700,1700,0,1700,2141,0,0,0,10015,"6. JUNE",53,"27426",1,,,1,0,1,0,"SAID",1,,0,0,1,0,0,0,"01",0,0,1,0,42.5,1,,0,"Z001",,42.5
"27426",,"06/29/26 00:00:00",,"262259",5,1500,0,7500,7500,0,7500,2142,0,0,0,10015,"6. JUNE",53,"27426",1,,,1,0,-1,0,"SAID",1,,0,0,1,0,0,0,"01",0,0,1,0,1500,0,,0,"Z001",,1500
"27326",,"06/29/26 00:00:00",,"262260",2,3000,0,6000,6000,0,6000,2143,0,0,0,10020,"6. JUNE",53,"27326",1,,,1,0,-1,0,"SAID",1,,0,0,1,0,0,0,"01",0,0,1,0,3000,0,,0,"Z001",,3000
"27526",,"06/29/26 00:00:00",,"6420",1,2100,0,2100,2100,0,2100,2144,0,0,0,10014,"6. JUNE",53,"27526",1,,,1,0,1,0,"RAYYAN",1,,0,0,1,0,0,0,"01",0,0,1,0,2100,1,,0,"Z001",,2100
"27526",,"06/29/26 00:00:00",,"262261",6,200,0,1200,1200,0,1200,2145,0,0,0,10014,"6. JUNE",53,"27526",1,,,1,0,-1,0,"RAYYAN",1,,0,0,1,0,0,0,"01",0,0,1,0,200,0,,0,"Z001",,200
"27626",,"06/30/26 00:00:00",,"262194",20,450,0,9000,9000,0,9000,2146,0,0,0,10015,"6. JUNE",52,"27626",1,,,1,0,1,0,"RAYYAN",1,,0,0,1,0,0,0,"01",0,0,1,0,450,1,,0,"Z001",,450
"27626",,"06/30/26 00:00:00",,"262222",10,1100,0,11000,11000,0,11000,2147,0,0,0,10015,"6. JUNE",52,"27626",1,,,1,0,1,0,"RAYYAN",1,,0,0,1,0,0,0,"01",0,0,1,0,1100,1,,0,"Z001",,1100
"27726",,"06/30/26 00:00:00",,"262262",1,8201,0,8201,8201,0,8201,2148,0,0,0,351,"6. JUNE",52,,1,,,1,0,-1,0,"RAYYAN",1,,0,0,1,0,0,0,"01",0,0,1,0,8201,0,,0,"Z001",,8201
"27726",,"06/30/26 00:00:00",,"262263",1,1705,0,1705,1705,0,1705,2149,0,0,0,351,"6. JUNE",52,,1,,,1,0,-1,0,"RAYYAN",1,,0,0,1,0,0,0,"01",0,0,1,0,1705,0,,0,"Z001",,1705
"27826",,"06/23/26 00:00:00",,"252021",400,325,0,130000,130000,0,130000,2150,0,0,0,351,"6. JUNE",59,,1,,,1,0,1,0,"RAYYAN",1,,0,0,1,0,0,0,"01",0,0,1,0,325,1,,0,"Z001",,325
"2426",,"01/01/26 00:00:00",,"241910",0,0,0,0,0,0,0,2151,0,0,0,0,"1. JANUARY",232,,0,,,1,600,0,0,"ABDUL",0,,0,0,1,0,0,1,"01",0,0,0,0,0,0,,0,"Z001",,0
"27926",,"07/02/26 00:00:00",,"211863",2,4055.36,0,8110.72,8110.72,0,8110.72,2152,0,0,0,347,"7. JULY",50,,1,,,1,0,1,0,"ABDUL",1,,0,0,1,0,0,0,"01",0,0,1,0,4055.36,1,,0,"Z001",,4055.3601
"27926",,"07/02/26 00:00:00",,"211864",2,5226.03,0,10452.06,10452.06,0,10452.06,2153,0,0,0,347,"7. JULY",50,,1,,,1,0,1,0,"ABDUL",1,,0,0,1,0,0,0,"01",0,0,1,0,5226.03,1,,0,"Z001",,5226.0298
"27926",,"07/02/26 00:00:00",,"251972",2,6189.37,0,12378.74,12378.74,0,12378.74,2154,0,0,0,347,"7. JULY",50,,1,,,1,0,1,0,"ABDUL",1,,0,0,1,0,0,0,"01",0,0,1,0,6189.37,1,,0,"Z001",,6189.3701
"28026",,"02/01/26 00:00:00",,"211816",2,7200,0,14400,14400,0,14400,2155,0,0,0,353,"2. FEBRUARY",201,"28026",1,,,1,0,-1,0,"ABDUL",1,,0,0,1,0,0,0,"01",0,0,1,0,7200,0,,0,"Z001",,7200
"28126",,"07/04/26 00:00:00",,"262264",14,10880,0,152320,152320,0,152320,2156,0,0,0,345,"7. JULY",48,"28126",1,,,1,0,-1,0,"RAYYAN",1,,0,0,1,0,0,0,"01",0,0,1,0,10880,0,,0,"Z001",,10880
"28226",,"07/06/26 00:00:00",,"262265",2,800,0,1600,1600,0,1600,2157,0,0,0,346,"7. JULY",46,"28226",1,,,1,0,-1,0,"ABDUL",1,,0,0,1,0,0,0,"01",0,0,1,0,800,0,,0,"Z001",,800
"28226",,"07/06/26 00:00:00",,"262266",2,700,0,1400,1400,0,1400,2158,0,0,0,346,"7. JULY",46,"28226",1,,,1,0,-1,0,"ABDUL",1,,0,0,1,0,0,0,"01",0,0,1,0,700,0,,0,"Z001",,700
"28226",,"07/06/26 00:00:00",,"262267",2,900,0,1800,1800,0,1800,2159,0,0,0,346,"7. JULY",46,"28226",1,,,1,0,-1,0,"ABDUL",1,,0,0,1,0,0,0,"01",0,0,1,0,900,0,,0,"Z001",,900
"28226",,"07/06/26 00:00:00",,"6333",30,230,0,6900,6900,0,6900,2160,0,0,0,346,"7. JULY",46,"28226",1,,,1,0,1,0,"ABDUL",1,,0,0,1,0,0,0,"01",0,0,1,0,230,0,,0,"Z001",,230
"28226",,"07/06/26 00:00:00",,"6602",24,50,0,1200,1200,0,1200,2161,0,0,0,346,"7. JULY",46,"28226",1,,,1,0,1,0,"ABDUL",1,,0,0,1,0,0,0,"01",0,0,1,0,50,0,,0,"Z001",,50
"28226",,"07/06/26 00:00:00",,"262268",8,180,0,1440,1440,0,1440,2162,0,0,0,346,"7. JULY",46,"28226",1,,,1,0,-1,0,"ABDUL",1,,0,0,1,0,0,0,"01",0,0,1,0,180,0,,0,"Z001",,180
"28326",,"04/01/26 00:00:00",,"262255",1,78000,0,78000,78000,0,78000,2163,0,0,0,10020,"4. APRIL",142,"28326",1,,,1,0,1,0,"RAYYAN",1,,0,0,1,0,0,0,"01",0,0,1,0,78000,1,,0,"Z001",,78000
"28426",,"07/07/26 00:00:00",,"262269",6,166.67,-0.02,1000.02,1000,0,1000,2164,0,0,0,10023,"7. JULY",45,"28426",1,,,1,0,-1,0,"RAYYAN",1,,0,0,1,0,0,0,"01",0,0,1,0,166.67,0,,0,"Z001",,166.66666
"28526",,"07/07/26 00:00:00",,"6477",20,24041.23,0,480824.6,480824.6,0,480824.6,2165,0,0,0,343,"7. JULY",45,"28526",1,,,1,0,1,0,"RAYYAN",1,,0,0,1,0,0,0,"01",0,0,1,0,24041.23,1,,0,"Z001",,24041.23
"28626",,"07/08/26 00:00:00",,"6567",1,1840,0,1840,1840,0,1840,2166,0,0,0,345,"7. JULY",44,"28626",1,,,1,0,1,0,"ABDUL",1,,0,0,1,0,0,0,"01",0,0,1,0,1840,1,,0,"Z001",,1840
"28626",,"07/08/26 00:00:00",,"262270",1,3200,0,3200,3200,0,3200,2167,0,0,0,345,"7. JULY",44,"28626",1,,,1,0,-1,0,"ABDUL",1,,0,0,1,0,0,0,"01",0,0,1,0,3200,0,,0,"Z001",,3200
"28626",,"07/08/26 00:00:00",,"5816",1,4800,0,4800,4800,0,4800,2168,0,0,0,345,"7. JULY",44,"28626",1,,,1,0,1,0,"ABDUL",1,,0,0,1,0,0,0,"01",0,0,1,0,4800,1,,0,"Z001",,4800
"28726",,"07/08/26 00:00:00",,"262271",12,220,0,2640,2640,0,2640,2172,0,0,0,10044,"7. JULY",44,"28726",1,,,1,0,-1,0,"RAYYAN",1,,0,0,1,0,0,0,"01",0,0,1,0,220,0,,0,"Z001",,220
"28726",,"07/08/26 00:00:00",,"880",1,1500,0,1500,1500,0,1500,2173,0,0,0,10044,"7. JULY",44,"28726",1,,,1,0,-1,0,"RAYYAN",1,,0,0,1,0,0,0,"01",0,0,1,0,1500,0,,0,"Z001",,1500
"28826",,"07/09/26 00:00:00",,"251963",6,4800,0,28800,28800,0,28800,2174,0,0,0,364,"7. JULY",43,"28826",1,,,1,0,1,0,"RAYYAN",1,,0,0,1,0,0,0,"01",0,0,1,0,4800,1,,0,"Z001",,4800
"28926",,"07/09/26 00:00:00",,"201761",5,400,0,2000,2000,0,2000,2175,0,0,0,352,"7. JULY",43,,1,,,1,0,1,0,"ABDUL",1,,0,0,1,0,0,0,"01",0,0,1,0,400,1,,0,"Z001",,400
"29026",,"07/09/26 00:00:00",,"262272",2,9730,0,19460,19460,0,19460,2176,0,0,0,350,"7. JULY",43,"29026",1,,,1,0,-1,0,"RAYYAN",1,,0,0,1,0,0,0,"01",0,0,1,0,9730,0,,0,"Z001",,9730
"29026",,"07/09/26 00:00:00",,"262139",5,1180,0,5900,5900,0,5900,2177,0,0,0,350,"7. JULY",43,"29026",1,,,1,0,1,0,"RAYYAN",1,,0,0,1,0,0,0,"01",0,0,1,0,1180,1,,0,"Z001",,1180
"29126",,"07/10/26 00:00:00",,"262140",20,25,0,500,500,0,500,2178,0,0,0,10014,"7. JULY",42,"29126",1,,,1,0,1,0,"RAYYAN",1,,0,0,1,0,0,0,"01",0,0,1,0,25,1,,0,"Z001",,25
"29126",,"07/10/26 00:00:00",,"262273",15,20,0,300,300,0,300,2179,0,0,0,10014,"7. JULY",42,"29126",1,,,1,0,-1,0,"RAYYAN",1,,0,0,1,0,0,0,"01",0,0,1,0,20,0,,0,"Z001",,20
"29226",,"07/10/26 00:00:00",,"262274",2,180,0,360,360,0,360,2180,0,0,0,352,"7. JULY",42,,1,,,1,0,1,0,"SAID",1,,0,0,1,0,0,0,"01",0,0,1,0,180,1,,0,"Z001",,180
"29326",,"07/14/26 00:00:00",,"201761",5,350,0,1750,1750,0,1750,2181,0,0,0,10048,"7. JULY",38,"29326",1,,,1,0,1,0,"ABDUL",1,,0,0,1,0,0,0,"01",0,0,1,0,350,1,,0,"Z001",,350
"29426",,"07/15/26 00:00:00",,"201725",5,8225,0,41125,41125,0,41125,2182,0,0,0,351,"7. JULY",37,,1,,,1,0,1,0,"RAYYAN",1,,0,0,1,0,0,0,"01",0,0,1,0,8225,1,,0,"Z001",,8225
"29526",,"07/18/26 00:00:00",,"262277",6,290,0,1740,1740,0,1740,2183,0,0,0,10004,"7. JULY",34,"29526",1,,,1,0,-1,0,"ABDUL",1,,0,0,1,0,0,0,"01",0,0,1,0,290,0,,0,"Z001",,290
"29626",,"07/17/26 00:00:00",,"262278",3,28220.47,0,84661.41,84661.41,0,84000,2184,0,0,0,10020,"7. JULY",35,"29626",1,,,1,0,-1,0,"ABDUL",1,,0,0,1,0,0,0,"01",0,0,1,0,28183.01,0,,0,"Z001",,28000
"29626",,"07/17/26 00:00:00",,"262279",3,47370.08,0,142110.24,142110.24,0,141000,2185,0,0,0,10020,"7. JULY",35,"29626",1,,,1,0,-1,0,"ABDUL",1,,0,0,1,0,0,0,"01",0,0,1,0,47307.19,0,,0,"Z001",,47000
"29626",,"07/17/26 00:00:00",,"262255",2,78614.17,0,157228.34,157228.34,0,156000,2186,0,0,0,10020,"7. JULY",35,"29626",1,,,1,0,1,0,"ABDUL",1,,0,0,1,0,0,0,"01",0,0,1,0,78764.71000000001,1530.41,,0,"Z001",,78000
"29726",,"07/06/26 00:00:00",,"262280",19,170,0,3230,3230,0,3230,2187,0,0,0,352,"7. JULY",46,,1,,,1,0,1,0,"ABDUL",1,,0,0,1,0,0,0,"01",0,0,1,0,170,1,,0,"Z001",,170
"29826",,"07/20/26 00:00:00",,"6390",10,500,0,5000,5000,0,5000,2188,0,0,0,352,"7. JULY",32,,1,,,1,0,1,0,"ABDUL",1,,0,0,1,0,0,0,"01",0,0,1,0,500,1,,0,"Z001",,500
"29926",,"07/21/26 00:00:00",,"262072",2,25000,0,50000,50000,0,50000,2189,0,0,0,372,"7. JULY",31,"29926",1,,,1,0,1,0,"RAYYAN",1,,0,0,1,0,0,0,"01",0,0,1,0,25000,1,,0,"Z001",,25000
"29926",,"07/21/26 00:00:00",,"252049",5,13000,0,65000,65000,0,65000,2190,0,0,0,372,"7. JULY",31,"29926",1,,,1,0,1,0,"RAYYAN",1,,0,0,1,0,0,0,"01",0,0,1,0,13000,1,,0,"Z001",,13000
"29926",,"07/21/26 00:00:00",,"262113",2,30200,0,60400,60400,0,60400,2191,0,0,0,372,"7. JULY",31,"29926",1,,,1,0,1,0,"RAYYAN",1,,0,0,1,0,0,0,"01",0,0,1,0,30200,1,,0,"Z001",,30200
"29926",,"07/21/26 00:00:00",,"262071",2,27600,0,55200,55200,0,55200,2192,0,0,0,372,"7. JULY",31,"29926",1,,,1,0,1,0,"RAYYAN",1,,0,0,1,0,0,0,"01",0,0,1,0,27600,1,,0,"Z001",,27600
"30026",,"07/20/26 00:00:00",,"262278",2,28220.47,0,56440.94,56440.94,0,56440.94,2193,0,0,0,10020,"7. JULY",32,"30026",1,,,1,0,1,0,"RAYYAN",1,,0,0,1,0,0,0,"01",0,0,1,0,28220.47,1,,0,"Z001",,28220.471
"30026",,"07/20/26 00:00:00",,"262279",2,47370.08,0,94740.16,94740.16,0,94740.16,2194,0,0,0,10020,"7. JULY",32,"30026",1,,,1,0,1,0,"RAYYAN",1,,0,0,1,0,0,0,"01",0,0,1,0,47370.08,1,,0,"Z001",,47370.078
"30126",,"05/14/26 00:00:00",,"262281",1,16000,0,16000,16000,0,16000,2195,0,0,0,370,"5. MAY",99,"30126",1,,,1,0,-1,0,"RAYYAN",1,,0,0,1,0,0,0,"01",0,0,1,0,16000,0,,0,"Z001",,16000
"30226",,"07/21/26 00:00:00",,"5817",20,8800,0,176000,176000,0,176000,2196,0,0,0,10003,"7. JULY",31,"30226",1,,,1,0,1,0,"RAYYAN",1,,0,0,1,0,0,0,"01",0,0,1,0,8800,1,,0,"Z001",,8800
"17926",,"03/28/26 00:00:00",,"262128",30,92.59,0,2777.7,2777.7,0,2777.7,2197,0,0,0,352,"3. MARCH",146,"17926",1,,,1,0,1,0,"ABDUL",1,,0,0,1,0,0,0,"01",0,0,1,0,92.59,1,,0,"Z001",,92.589996
"30326",,"07/22/26 00:00:00",,"262227",1,100,0,100,100,0,100,2199,0,0,0,10008,"7. JULY",30,,1,,,1,0,1,0,"ABDUL",1,,0,0,1,0,0,0,"01",0,0,1,0,100,0,,0,"Z001",,100
"30426",,"07/23/26 00:00:00",,"262285",1,3500,0,3500,3500,0,3500,2200,0,0,0,370,"7. JULY",29,"30426",1,,,1,0,-1,0,"RAYYAN",1,,0,0,1,0,0,0,"01",0,0,1,0,3500,0,,0,"Z001",,3500
"30526",,"07/24/26 00:00:00",,"262286",6,24000,0,144000,144000,0,144000,2201,0,0,0,10020,"7. JULY",28,"30526",1,,,1,0,-1,0,"RAYYAN",1,,0,0,1,0,0,0,"01",0,0,1,0,24000,0,,0,"Z001",,24000
"30526",,"07/24/26 00:00:00",,"262279",5,45000,0,225000,225000,0,225000,2202,0,0,0,10020,"7. JULY",28,"30526",1,,,1,0,1,0,"RAYYAN",1,,0,0,1,0,0,0,"01",0,0,1,0,45000,1,,0,"Z001",,45000
"30626",,"07/25/26 00:00:00",,"262216",30,290,0,8700,8700,0,8700,2203,0,0,0,10004,"7. JULY",27,"30626",1,,,1,0,1,0,"RAYYAN",1,,0,0,1,0,0,0,"01",0,0,1,0,290,1,,0,"Z001",,290
"30726",,"07/25/26 00:00:00",,"875",2,1000,0,2000,2000,0,2000,2204,0,0,0,10021,"7. JULY",27,"30726",1,,,1,0,1,0,"RAYYAN",1,,0,0,1,0,0,0,"01",0,0,1,0,1000,1,,0,"Z001",,1000
"30826",,"07/27/26 00:00:00",,"5817",30,8800,0,264000,264000,0,264000,2205,0,0,0,10003,"7. JULY",25,"30826",1,,,1,0,1,0,"ABDUL",1,,0,0,1,0,0,0,"01",0,0,1,0,8800,1,,0,"Z001",,8800
"30926",,"07/23/26 00:00:00",,"262287",28,1311.96,0.12,36734.88,36735,0,36735,2206,0,0,0,351,"7. JULY",29,,1,,,1,0,-1,0,"ABDUL",1,,0,0,1,0,0,0,"01",0,0,1,0,1311.96,0,,0,"Z001",,1311.9642
"31026",,"07/28/26 00:00:00",,"241910",2,12000,0,24000,24000,0,24000,2207,0,0,0,10055,"7. JULY",24,,1,,,1,0,102.2,0,"RAYYAN",1,,0,0,1,0,0,0,"01",0,0,1,0,12000,102.2,,0,"Z001",,12000
"31026",,"07/28/26 00:00:00",,"262288",2,9000,0,18000,18000,0,18000,2208,0,0,0,10055,"7. JULY",24,,1,,,1,0,-1,0,"RAYYAN",1,,0,0,1,0,0,0,"01",0,0,1,0,9000,0,,0,"Z001",,9000
"31026",,"07/28/26 00:00:00",,"262089",30,130,0,3900,3900,0,3900,2209,0,0,0,10055,"7. JULY",24,,1,,,1,0,1,0,"RAYYAN",1,,0,0,1,0,0,0,"01",0,0,1,0,130,1,,0,"Z001",,130
"31026",,"07/28/26 00:00:00",,"262116",10,350,0,3500,3500,0,3500,2210,0,0,0,10055,"7. JULY",24,,1,,,1,0,1,0,"RAYYAN",1,,0,0,1,0,0,0,"01",0,0,1,0,350,1,,0,"Z001",,350
"31126",,"07/27/26 00:00:00",,"262289",1,25000,0,25000,25000,0,25000,2211,0,0,0,10020,"7. JULY",25,"31126",1,,,1,0,-1,0,"RAYYAN",1,,0,0,1,0,0,0,"01",0,0,1,0,25000,0,,0,"Z001",,25000
"31226",,"07/20/26 00:00:00",,"262286",4,24000,0,96000,96000,0,96000,2212,0,0,0,10020,"7. JULY",32,"31226",1,,,1,0,1,0,"RAYYAN",1,,0,0,1,0,0,0,"01",0,0,1,0,24000,1,,0,"Z001",,24000
"31326",,"07/29/26 00:00:00",,"875",2,1000,0,2000,2000,0,2000,2213,0,0,0,10021,"7. JULY",23,"31326",1,,,1,0,1,0,"RAYYAN",1,,0,0,1,0,0,0,"01",0,0,1,0,1000,1,,0,"Z001",,1000
"31426",,"07/30/26 00:00:00",,"262290",4,10312.5,0,41250,41250,0,41250,2214,0,0,0,345,"7. JULY",22,"31426",1,,,1,0,-1,0,"RAYYAN",1,,0,0,1,0,0,0,"01",0,0,1,0,10312.5,0,,0,"Z001",,10312.5
"31526",,"07/31/26 00:00:00",,"262291",3,5560,0,16680,16680,0,16680,2215,0,0,0,350,"7. JULY",21,"31526",1,,,1,0,-1,0,"RAYYAN",1,,0,0,1,0,0,0,"01",0,0,1,0,5560,0,,0,"Z001",,5560
"31626",,"07/31/26 00:00:00",,"1588",1,12500,0,12500,12500,0,12500,2216,0,0,0,364,"7. JULY",21,"31626",1,,,1,0,1,0,"ABDUL",1,,0,0,1,0,0,0,"01",0,0,1,0,12500,1,,0,"Z001",,12500
"31626",,"07/31/26 00:00:00",,"262293",1,3200,0,3200,3200,0,3200,2217,0,0,0,364,"7. JULY",21,"31626",1,,,1,0,-1,0,"ABDUL",1,,0,0,1,0,0,0,"01",0,0,1,0,3200,0,,0,"Z001",,3200
"31626",,"07/31/26 00:00:00",,"262295",1,3500,0,3500,3500,0,3500,2218,0,0,0,364,"7. JULY",21,"31626",1,,,1,0,-1,0,"ABDUL",1,,0,0,1,0,0,0,"01",0,0,1,0,3500,0,,0,"Z001",,3500
"31626",,"07/31/26 00:00:00",,"241910",4,6000,0,24000,24000,0,24000,2219,0,0,0,364,"7. JULY",21,"31626",1,,,1,0,102.2,0,"ABDUL",1,,0,0,1,0,0,0,"01",0,0,1,0,6000,102.2,,0,"Z001",,6000
"31626",,"07/31/26 00:00:00",,"262296",6,2500,0,15000,15000,0,15000,2220,0,0,0,364,"7. JULY",21,"31626",1,,,1,0,1,0,"ABDUL",1,,0,0,1,0,0,0,"01",0,0,1,0,2500,1,,0,"Z001",,2500
"31626",,"07/31/26 00:00:00",,"262297",3,450,0,1350,1350,0,1350,2221,0,0,0,364,"7. JULY",21,"31626",1,,,1,0,-1,0,"ABDUL",1,,0,0,1,0,0,0,"01",0,0,1,0,450,0,,0,"Z001",,450
"31726",,"08/03/26 00:00:00",,"875",6,850,0,5100,5100,0,5100,2222,0,0,0,346,"8. AUGUST",18,,1,,,1,0,1,0,"ABDUL",1,,0,0,1,0,0,0,"01",0,0,1,0,850,1,,0,"Z001",,850
"31726",,"08/03/26 00:00:00",,"836",108,250,0,27000,27000,0,27000,2223,0,0,0,346,"8. AUGUST",18,,1,,,1,0,1,0,"ABDUL",1,,0,0,1,0,0,0,"01",0,0,1,0,250,1,,0,"Z001",,250
"31726",,"08/03/26 00:00:00",,"6587",200,135,0,27000,27000,0,27000,2224,0,0,0,346,"8. AUGUST",18,,1,,,1,0,1,0,"ABDUL",1,,0,0,1,0,0,0,"01",0,0,1,0,135,1,,0,"Z001",,135
"31826",,"07/20/26 00:00:00",,"262298",40,1000,0,40000,40000,0,40000,2225,0,0,0,353,"7. JULY",32,"31826",1,,,1,0,-1,0,"ABDUL",1,,0,0,1,0,0,0,"01",0,0,1,0,1000,0,,0,"Z001",,1000
