MINNo,OrderNo,TDate,Item,Qnty,Price,Qnty2,Price2,VAT,GRN,LPO,Posted,Pick,Credit,UnPaid,Discount,SortOrder,Customer,RetQnty,Cash,RefNo,NetInWords,Days,Pos,ClientName,Entry,UserName,Official,JobNo,JobCard,Cancelled,B4,Curr,Company,GoodsRet,Comm,Asst,Perc,AmtRecvd,VATIncl,InvNo,InvDt,IntRef,Profit,Profit2,Other,BinLoc,IDNo,LNo,RegNo,Driver,LDate,Approved,ClientAddress,NetPrice
"40326",,"08/08/26 00:00:00","6481",0,18500,15,194,0,,,0,0,0,0,0,3596,341,0,1,"40326",,-1,,,10,"RAYYAN",1,,,0,0,1,"01",0,0,,0,50220,1,"40326",,,0,46.04,,"Z001",,,,,,0,,18500
"40326",,"08/08/26 00:00:00","6030",1,70,0,0,0,,,0,0,0,0,0,3597,341,0,1,"40326",,-1,,,11,"RAYYAN",1,,,0,0,1,"01",0,0,,0,50220,1,"40326",,,-18.24,0,,"Z001",,,,,,0,,70
"40326",,"08/08/26 00:00:00","5970",1,130,0,0,0,,,0,0,0,0,0,3598,341,0,1,"40326",,-1,,,12,"RAYYAN",1,,,0,0,1,"01",0,0,,0,50220,1,"40326",,,42.89,0,,"Z001",,,,,,0,,130
"40326",,"08/08/26 00:00:00","6275",1,1500,0,0,0,,,0,0,0,0,0,3599,341,0,1,"40326",,-1,,,13,"RAYYAN",1,,,0,0,1,"01",0,0,,0,50220,1,"40326",,,473.4,0,,"Z001",,,,,,0,,1500
"40326",,"08/08/26 00:00:00","6338",1,150,0,0,0,,,0,0,0,0,0,3600,341,0,1,"40326",,-1,,,14,"RAYYAN",1,,,0,0,1,"01",0,0,,0,50220,1,"40326",,,50,0,,"Z001",,,,,,0,,150
"40326",,"08/08/26 00:00:00","262234",1,22000,0,0,0,,,0,0,0,0,0,3603,341,0,1,"40326",,-1,,,15,"RAYYAN",1,,,0,0,1,"01",0,0,,0,50220,1,"40326",,,2000,0,,"Z001",,,,,,0,,22000
"40326",,"08/08/26 00:00:00","5692",1,3500,0,0,0,,,0,0,0,0,0,3605,341,0,1,"40326",,-1,,,16,"RAYYAN",1,,,0,0,1,"01",0,0,,0,50220,1,"40326",,,640.28,0,,"Z001",,,,,,0,,3500
"40326",,"08/08/26 00:00:00","6364",0,100,6,10,0,,,0,0,0,0,0,3606,341,0,1,"40326",,-1,,,17,"RAYYAN",1,,,0,0,1,"01",0,0,,0,50220,1,"40326",,,0,10,,"Z001",,,,,,0,,100
"40326",,"08/08/26 00:00:00","6616",3,200,0,0,0,,,0,0,0,0,0,3607,341,0,1,"40326",,-1,,,18,"RAYYAN",1,,,0,0,1,"01",0,0,,0,50220,1,"40326",,,67.90000000000001,0,,"Z001",,,,,,0,,200
"40326",,"08/08/26 00:00:00","262128",2,225,0,0,0,,,0,0,0,0,0,3608,341,0,1,"40326",,-1,,,19,"RAYYAN",1,,,0,0,1,"01",0,0,,0,50220,1,"40326",,,131.9,0,,"Z001",,,,,,0,,225
"40426",,"08/13/26 00:00:00","6335",1,280,0,0,0,,,0,0,0,0,0,3610,10033,0,1,"40426",,-1,,,1,"RAYYAN",1,,,0,0,1,"01",0,0,,0,9000,1,"40426",,,50,0,,"Z001",,,,,,0,,280
"40426",,"08/13/26 00:00:00","262216",2,350,0,0,0,,,0,0,0,0,0,3611,10033,0,1,"40426",,-1,,,2,"RAYYAN",1,,,0,0,1,"01",0,0,,0,9000,1,"40426",,,52.5,0,,"Z001",,,,,,0,,350
"40426",,"08/13/26 00:00:00","6466",1,350,0,0,0,,,0,0,0,0,0,3612,10033,0,1,"40426",,-1,,,3,"RAYYAN",1,,,0,0,1,"01",0,0,,0,9000,1,"40426",,,100,0,,"Z001",,,,,,0,,350
"40426",,"08/13/26 00:00:00","6587",2,200,0,0,0,,,0,0,0,0,0,3613,10033,0,1,"40426",,-1,,,4,"RAYYAN",1,,,0,0,1,"01",0,0,,0,9000,1,"40426",,,65,0,,"Z001",,,,,,0,,200
"40426",,"08/13/26 00:00:00","6334",1,350,0,0,0,,,0,0,0,0,0,3614,10033,0,1,"40426",,-1,,,5,"RAYYAN",1,,,0,0,1,"01",0,0,,0,9000,1,"40426",,,70.66,0,,"Z001",,,,,,0,,350
"40426",,"08/13/26 00:00:00","6602",1,100,0,0,0,,,0,0,0,0,0,3615,10033,0,1,"40426",,-1,,,6,"RAYYAN",1,,,0,0,1,"01",0,0,,0,9000,1,"40426",,,32.12,0,,"Z001",,,,,,0,,100
"40426",,"08/13/26 00:00:00","6584",1,120,0,0,0,,,0,0,0,0,0,3616,10033,0,1,"40426",,-1,,,7,"RAYYAN",1,,,0,0,1,"01",0,0,,0,9000,1,"40426",,,30.29,0,,"Z001",,,,,,0,,120
"40426",,"08/13/26 00:00:00","6585",2,170,0,0,0,,,0,0,0,0,0,3617,10033,0,1,"40426",,-1,,,8,"RAYYAN",1,,,0,0,1,"01",0,0,,0,9000,1,"40426",,,41.41,0,,"Z001",,,,,,0,,170
"40426",,"08/13/26 00:00:00","6586",1,200,0,0,0,,,0,0,0,0,0,3618,10033,0,1,"40426",,-1,,,9,"RAYYAN",1,,,0,0,1,"01",0,0,,0,9000,1,"40426",,,36.36,0,,"Z001",,,,,,0,,200
"38926",,"07/31/26 00:00:00","262298",3,1500,0,0,0,,,0,0,0,0,0,3442,341,0,1,"38926",,-1,,,13,"ABDUL",1,,,0,0,1,"01",0,0,,0,62100,1,"38926",,,500,0,,"Z001",,,,,,0,,1500
"39026",,"08/01/26 00:00:00","6511",1,3300,0,0,0,,,0,0,0,0,0,3444,341,0,1,"39026",,-1,,,1,"ABDUL",1,,,0,0,1,"01",0,0,,0,125594,1,"39026",,,138.13,0,,"Z001",,,,,,0,,3300
"39026",,"08/01/26 00:00:00","231902",1,7500,0,0,0,,,0,0,0,0,0,3445,341,0,1,"39026",,-1,,,2,"ABDUL",1,,,0,0,1,"01",0,0,,0,125594,1,"39026",,,2427.72,0,,"Z001",,,,,,0,,7500
"39026",,"08/01/26 00:00:00","1034",3,280,0,0,0,,,0,0,0,0,0,3446,341,0,1,"39026",,-1,,,3,"ABDUL",1,,,0,0,1,"01",0,0,,0,125594,1,"39026",,,80,0,,"Z001",,,,,,0,,280
"39026",,"08/01/26 00:00:00","914",0,18600,45,350,0,,,0,0,0,0,0,3447,341,0,1,"39026",,-1,,,4,"ABDUL",1,,,0,0,1,"01",0,0,,0,125594,1,"39026",,,0,131.75,,"Z001",,,,,,0,,18600
"39026",,"08/01/26 00:00:00","6390",1,800,0,0,0,,,0,0,0,0,0,3448,341,0,1,"39026",,-1,,,5,"ABDUL",1,,,0,0,1,"01",0,0,,0,125594,1,"39026",,,300,0,,"Z001",,,,,,0,,800
"39026",,"08/01/26 00:00:00","6346",1,500,0,0,0,,,0,0,0,0,0,3449,341,0,1,"39026",,-1,,,6,"ABDUL",1,,,0,0,1,"01",0,0,,0,125594,1,"39026",,,71.84,0,,"Z001",,,,,,0,,500
"39026",,"08/01/26 00:00:00","221885",1,8500,0,0,0,,,0,0,0,0,0,3450,341,0,1,"39026",,-1,,,7,"ABDUL",1,,,0,0,1,"01",0,0,,0,125594,1,"39026",,,1725.8,0,,"Z001",,,,,,0,,8500
"39026",,"08/01/26 00:00:00","241923",6,409,0,0,0,,,0,0,0,0,0,3451,341,0,1,"39026",,-1,,,8,"ABDUL",1,,,0,0,1,"01",0,0,,0,125594,1,"39026",,,129,0,,"Z001",,,,,,0,,409
"39026",,"08/01/26 00:00:00","6505",5,100,0,0,0,,,0,0,0,0,0,3452,341,0,1,"39026",,-1,,,9,"ABDUL",1,,,0,0,1,"01",0,0,,0,125594,1,"39026",,,29.83,0,,"Z001",,,,,,0,,100
"39026",,"08/01/26 00:00:00","252022",1,3600,0,0,0,,,0,0,0,0,0,3457,341,0,1,"39026",,-1,,,10,"ABDUL",1,,,0,0,1,"01",0,0,,0,125594,1,"39026",,,800,0,,"Z001",,,,,,0,,3600
"39026",,"08/01/26 00:00:00","6317",1,7000,0,0,0,,,0,0,0,0,0,3459,341,0,1,"39026",,-1,,,12,"ABDUL",1,,,0,0,1,"01",0,0,,0,125594,1,"39026",,,2937.14,0,,"Z001",,,,,,0,,7000
"39026",,"08/01/26 00:00:00","1716",1,2800,0,0,0,,,0,0,0,0,0,3460,341,0,1,"39026",,-1,,,13,"ABDUL",1,,,0,0,1,"01",0,0,,0,125594,1,"39026",,,-32.99,0,,"Z001",,,,,,0,,2800
"39026",,"08/01/26 00:00:00","252026",1,1000,0,0,0,,,0,0,0,0,0,3461,341,0,1,"39026",,-1,,,14,"ABDUL",1,,,0,0,1,"01",0,0,,0,125594,1,"39026",,,100,0,,"Z001",,,,,,0,,1000
"39026",,"08/01/26 00:00:00","262069",1,36300,0,0,0,,,0,0,0,0,0,3462,341,0,1,"39026",,-1,,,15,"ABDUL",1,,,0,0,1,"01",0,0,,0,125594,1,"39026",,,10987.15,0,,"Z001",,,,,,0,,36300
"39026",,"08/01/26 00:00:00","5817",2,11500,0,0,0,,,0,0,0,0,0,3463,341,0,1,"39026",,-1,,,16,"ABDUL",1,,,0,0,1,"01",0,0,,0,125594,1,"39026",,,3037.74,0,,"Z001",,,,,,0,,11500
"39026",,"08/01/26 00:00:00","973",1,1500,0,0,0,,,0,0,0,0,0,3464,341,0,1,"39026",,-1,,,17,"ABDUL",1,,,0,0,1,"01",0,0,,0,125594,1,"39026",,,750,0,,"Z001",,,,,,0,,1500
"39026",,"08/01/26 00:00:00","241910",0,25000,10,250,0,,,0,0,0,0,0,3465,341,0,1,"39026",,-1,,,18,"ABDUL",1,,,0,0,1,"01",0,0,,0,125594,1,"39026",,,0,232.97,,"Z001",,,,,,0,,25000
"39126",,"08/03/26 00:00:00","262101",1,350,0,36.666668,0,,,0,0,0,0,0,3496,341,0,1,"39126",,-1,,,22,"ABDUL",1,,,0,0,1,"01",0,0,,0,66590,1,"39126",,,170,0,,"Z001",,,,,,0,,350
"40826",,"08/04/26 00:00:00","252024",6,300,0,0,0,,,0,0,0,0,0,3665,10060,0,1,"40826",,-1,,,3,"ABDUL",1,,,0,0,1,"01",0,0,,0,20030,1,"40826",,,130,0,,"Z001",,,,,,0,,300
"40826",,"08/04/26 00:00:00","6364",1,300,0,100,0,,,0,0,0,0,0,3666,10060,0,1,"40826",,-1,,,4,"ABDUL",1,,,0,0,1,"01",0,0,,0,20030,1,"40826",,,143.67,0,,"Z001",,,,,,0,,300
"40826",,"08/04/26 00:00:00","6346",1,500,0,0,0,,,0,0,0,0,0,3667,10060,0,1,"40826",,-1,,,5,"ABDUL",1,,,0,0,1,"01",0,0,,0,20030,1,"40826",,,71.84,0,,"Z001",,,,,,0,,500
"40826",,"08/04/26 00:00:00","836",2,350,0,0,0,,,0,0,0,0,0,3668,10060,0,1,"40826",,-1,,,6,"ABDUL",1,,,0,0,1,"01",0,0,,0,20030,1,"40826",,,102.98,0,,"Z001",,,,,,0,,350
"40826",,"08/04/26 00:00:00","251957",1,2500,0,0,0,,,0,0,0,0,0,3669,10060,0,1,"40826",,-1,,,7,"ABDUL",1,,,0,0,1,"01",0,0,,0,20030,1,"40826",,,1314.63,0,,"Z001",,,,,,0,,2500
"40826",,"08/04/26 00:00:00","6063",2,75,0,0,0,,,0,0,0,0,0,3670,10060,0,1,"40826",,-1,,,8,"ABDUL",1,,,0,0,1,"01",0,0,,0,20030,1,"40826",,,50.41,0,,"Z001",,,,,,0,,75
"40926",,"08/05/26 00:00:00","6291",1,1300,0,0,0,,,0,0,0,0,0,3674,10061,0,1,"40926",,-1,,,1,"ABDUL",1,,,0,0,1,"01",0,0,,0,2200,1,"40926",,,450,0,,"Z001",,,,,,0,,1300
"40926",,"08/05/26 00:00:00","6338",2,150,0,0,0,,,0,0,0,0,0,3675,10061,0,1,"40926",,-1,,,2,"ABDUL",1,,,0,0,1,"01",0,0,,0,2200,1,"40926",,,50,0,,"Z001",,,,,,0,,150
"40926",,"08/05/26 00:00:00","6619",0,13500,3,200,0,,,0,0,0,0,0,3676,10061,0,1,"40926",,-1,,,3,"ABDUL",1,,,0,0,1,"01",0,0,,0,2200,1,"40926",,,0,74.06,,"Z001",,,,,,0,,13500
"41026",,"08/10/26 00:00:00","262290",6,12400,0,0,0,,,0,0,0,0,0,3679,10062,0,1,"41026",,-1,,,1,"ABDUL",1,,,0,0,1,"01",0,0,,0,404000,1,"41026",,,2087.5,0,,"Z001",,,,,,0,,12400
"41026",,"08/10/26 00:00:00","262307",1,330000,0,0,0,,,0,0,0,0,0,3680,10062,0,1,"41026",,-1,,,2,"ABDUL",1,,,0,0,1,"01",0,0,,0,404000,1,"41026",,,70000,0,,"Z001",,,,,,0,,330000
"41126",,"08/13/26 00:00:00","6475",1,10400,0,102.77778,0,,,0,0,0,0,0,3682,10063,0,1,"41126",,-1,,,1,"ABDUL",1,,,0,0,1,"01",0,0,,0,10400,1,"41126",,,3644.08,0,,"Z001",,,,,,0,,10400
"41226",,"08/14/26 00:00:00","251963",1,6500,0,0,0,,,0,0,0,0,0,3684,356,0,1,"41226",,-1,,,1,"ABDUL",1,,,0,0,1,"01",0,0,,0,6500,1,"41226",,,1600,0,,"Z001",,,,,,0,,6500
"41326",,"08/14/26 00:00:00","898",1,25000,0,0,0,,,0,0,0,0,0,3692,365,0,1,"41326",,-1,,,1,"ABDUL",1,,,0,0,1,"01",0,0,,0,78000,1,"41326",,,0,0,,"Z001",,,,,,0,,25000
"41326",,"08/14/26 00:00:00","6565",1,18000,0,0,0,,,0,0,0,0,0,3693,365,0,1,"41326",,-1,,,2,"ABDUL",1,,,0,0,1,"01",0,0,,0,78000,1,"41326",,,0,0,,"Z001",,,,,,0,,18000
"41326",,"08/14/26 00:00:00","771",1,35000,0,0,0,,,0,0,0,0,0,3694,365,0,1,"41326",,-1,,,3,"ABDUL",1,,,0,0,1,"01",0,0,,0,78000,1,"41326",,,0,0,,"Z001",,,,,,0,,35000
"41426",,"07/21/26 00:00:00","6616",1,250,0,0,0,,,0,0,0,0,0,3698,10064,0,1,,,-1,,,1,"ABDUL",1,,,0,0,1,"01",0,0,,0,0,1,"41426",,,117.9,0,,"Z001",,,,,,0,,250
"41526",,"08/13/26 00:00:00","252045",1,100,0,0,0,,,0,0,0,0,0,3701,341,0,1,"41526",,-1,,,1,"ABDUL",1,,,0,0,1,"01",0,0,,0,85100,1,"41526",,,60.83,0,,"Z001",,,,,,0,,100
"41526",,"08/13/26 00:00:00","262188",1,150,0,0,0,,,0,0,0,0,0,3702,341,0,1,"41526",,-1,,,2,"ABDUL",1,,,0,0,1,"01",0,0,,0,85100,1,"41526",,,100,0,,"Z001",,,,,,0,,150
"38826",,"07/30/26 00:00:00","6471",0,3300,3,90,0,,,0,0,0,0,0,3416,341,0,1,"38826",,-1,,,3,"ABDUL",1,,,0,0,1,"01",0,0,,0,11420,1,"38826",,,0,61.89,,"Z001",,,,,,0,,3300
"38826",,"07/30/26 00:00:00","6098",1,50,0,0,0,,,0,0,0,0,0,3417,341,0,1,"38826",,-1,,,4,"ABDUL",1,,,0,0,1,"01",0,0,,0,11420,1,"38826",,,17.16,0,,"Z001",,,,,,0,,50
"38826",,"07/30/26 00:00:00","262216",2,350,0,0,0,,,0,0,0,0,0,3418,341,0,1,"38826",,-1,,,5,"ABDUL",1,,,0,0,1,"01",0,0,,0,11420,1,"38826",,,52.5,0,,"Z001",,,,,,0,,350
"38826",,"07/30/26 00:00:00","1034",2,325,0,0,0,,,0,0,0,0,0,3419,341,0,1,"38826",,-1,,,6,"ABDUL",1,,,0,0,1,"01",0,0,,0,11420,1,"38826",,,125,0,,"Z001",,,,,,0,,325
"38826",,"07/30/26 00:00:00","262199",1,100,0,0,0,,,0,0,0,0,0,3420,341,0,1,"38826",,-1,,,7,"ABDUL",1,,,0,0,1,"01",0,0,,0,11420,1,"38826",,,55,0,,"Z001",,,,,,0,,100
"38826",,"07/30/26 00:00:00","262169",1,1500,0,0,0,,,0,0,0,0,0,3421,341,0,1,"38826",,-1,,,8,"ABDUL",1,,,0,0,1,"01",0,0,,0,11420,1,"38826",,,994,0,,"Z001",,,,,,0,,1500
"38826",,"07/30/26 00:00:00","262089",4,216.6666,0,0,0,,,0,0,0,0,0,3422,341,0,1,"38826",,-1,,,9,"ABDUL",1,,,0,0,1,"01",0,0,,0,11420,1,"38826",,,100.08,0,,"Z001",,,,,,0,,216.6666
"38826",,"07/30/26 00:00:00","1425",2,216.6666,0,0,0,,,0,0,0,0,0,3423,341,0,1,"38826",,-1,,,10,"ABDUL",1,,,0,0,1,"01",0,0,,0,11420,1,"38826",,,136.67,0,,"Z001",,,,,,0,,216.6666
"38826",,"07/30/26 00:00:00","1556",1,3500,0,0,0,,,0,0,0,0,0,3424,341,0,1,"38826",,-1,,,11,"ABDUL",1,,,0,0,1,"01",0,0,,0,11420,1,"38826",,,1000,0,,"Z001",,,,,,0,,3500
"38826",,"07/30/26 00:00:00","262101",1,400,0,0,0,,,0,0,0,0,0,3425,341,0,1,"38826",,-1,,,12,"ABDUL",1,,,0,0,1,"01",0,0,,0,11420,1,"38826",,,220,0,,"Z001",,,,,,0,,400
"38826",,"07/30/26 00:00:00","262128",5,200,0,0,0,,,0,0,0,0,0,3426,341,0,1,"38826",,-1,,,13,"ABDUL",1,,,0,0,1,"01",0,0,,0,11420,1,"38826",,,106.9,0,,"Z001",,,,,,0,,200
"38826",,"07/30/26 00:00:00","6505",10,100,0,0,0,,,0,0,0,0,0,3427,341,0,1,"38826",,-1,,,14,"ABDUL",1,,,0,0,1,"01",0,0,,0,11420,1,"38826",,,29.83,0,,"Z001",,,,,,0,,100
"38926",,"07/31/26 00:00:00","262187",1,1000,0,0,0,,,0,0,0,0,0,3429,341,0,1,"38926",,-1,,,1,"ABDUL",1,,,0,0,1,"01",0,0,,0,62100,1,"38926",,,420,0,,"Z001",,,,,,0,,1000
"38926",,"07/31/26 00:00:00","1471",1,12000,0,0,0,,,0,0,0,0,0,3430,341,0,1,"38926",,-1,,,2,"ABDUL",1,,,0,0,1,"01",0,0,,0,62100,1,"38926",,,1200,0,,"Z001",,,,,,0,,12000
"38926",,"07/31/26 00:00:00","6591",6,5000,0,0,0,,,0,0,0,0,0,3431,341,0,1,"38926",,-1,,,3,"ABDUL",1,,,0,0,1,"01",0,0,,0,62100,1,"38926",,,1301.66,0,,"Z001",,,,,,0,,5000
"38926",,"07/31/26 00:00:00","262122",1,4500,0,0,0,,,0,0,0,0,0,3432,341,0,1,"38926",,-1,,,4,"ABDUL",1,,,0,0,1,"01",0,0,,0,62100,1,"38926",,,1500,0,,"Z001",,,,,,0,,4500
"38926",,"07/31/26 00:00:00","859",1,3400,0,0,0,,,0,0,0,0,0,3433,341,0,1,"38926",,-1,,,5,"ABDUL",1,,,0,0,1,"01",0,0,,0,62100,1,"38926",,,1536,0,,"Z001",,,,,,0,,3400
"38926",,"07/31/26 00:00:00","262209",4,25,0,0,0,,,0,0,0,0,0,3434,341,0,1,"38926",,-1,,,6,"ABDUL",1,,,0,0,1,"01",0,0,,0,62100,1,"38926",,,21.67,0,,"Z001",,,,,,0,,25
"38926",,"07/31/26 00:00:00","262296",1,3000,0,0,0,,,0,0,0,0,0,3435,341,0,1,"38926",,-1,,,7,"ABDUL",1,,,0,0,1,"01",0,0,,0,62100,1,"38926",,,500,0,,"Z001",,,,,,0,,3000
"38926",,"07/31/26 00:00:00","1556",1,3460,0,0,0,,,0,0,0,0,0,3436,341,0,1,"38926",,-1,,,8,"ABDUL",1,,,0,0,1,"01",0,0,,0,62100,1,"38926",,,960,0,,"Z001",,,,,,0,,3460
"38926",,"07/31/26 00:00:00","6505",1,100,0,0,0,,,0,0,0,0,0,3437,341,0,1,"38926",,-1,,,9,"ABDUL",1,,,0,0,1,"01",0,0,,0,62100,1,"38926",,,29.83,0,,"Z001",,,,,,0,,100
"38926",,"07/31/26 00:00:00","1037",1,10,0,0,0,,,0,0,0,0,0,3438,341,0,1,"38926",,-1,,,10,"ABDUL",1,,,0,0,1,"01",0,0,,0,62100,1,"38926",,,-172.5,0,,"Z001",,,,,,0,,10
"38926",,"07/31/26 00:00:00","251941",1,10,0,0,0,,,0,0,0,0,0,3439,341,0,1,"38926",,-1,,,11,"ABDUL",1,,,0,0,1,"01",0,0,,0,62100,1,"38926",,,-280,0,,"Z001",,,,,,0,,10
"38926",,"07/31/26 00:00:00","252025",1,20,0,0,0,,,0,0,0,0,0,3440,341,0,1,"38926",,-1,,,12,"ABDUL",1,,,0,0,1,"01",0,0,,0,62100,1,"38926",,,-780,0,,"Z001",,,,,,0,,20
"39026",,"08/01/26 00:00:00","251936",2,1800,0,0,0,,,0,0,0,0,0,3466,341,0,1,"39026",,-1,,,19,"ABDUL",1,,,0,0,1,"01",0,0,,0,125594,1,"39026",,,944,0,,"Z001",,,,,,0,,1800
"39026",,"08/01/26 00:00:00","262089",4,250,0,0,0,,,0,0,0,0,0,3467,341,0,1,"39026",,-1,,,20,"ABDUL",1,,,0,0,1,"01",0,0,,0,125594,1,"39026",,,133.41,0,,"Z001",,,,,,0,,250
"39026",,"08/01/26 00:00:00","1425",2,250,0,0,0,,,0,0,0,0,0,3468,341,0,1,"39026",,-1,,,21,"ABDUL",1,,,0,0,1,"01",0,0,,0,125594,1,"39026",,,170,0,,"Z001",,,,,,0,,250
"39026",,"08/01/26 00:00:00","252052",1,1000,0,0,0,,,0,0,0,0,0,3469,341,0,1,"39026",,-1,,,22,"ABDUL",1,,,0,0,1,"01",0,0,,0,125594,1,"39026",,,346.43,0,,"Z001",,,,,,0,,1000
"39026",,"08/01/26 00:00:00","241912",2,300,0,0,0,,,0,0,0,0,0,3470,341,0,1,"39026",,-1,,,23,"ABDUL",1,,,0,0,1,"01",0,0,,0,125594,1,"39026",,,233.43,0,,"Z001",,,,,,0,,300
"39126",,"08/03/26 00:00:00","262237",0,8532,7,110,0,,,0,0,0,0,0,3472,341,0,1,"39126",,-1,,,1,"ABDUL",1,,,0,0,1,"01",0,0,,0,66590,1,"39126",,,0,110,,"Z001",,,,,,0,,8532
"39126",,"08/03/26 00:00:00","6475",0,9250,7,110,0,,,0,0,0,0,0,3473,341,0,1,"39126",,-1,,,2,"ABDUL",1,,,0,0,1,"01",0,0,,0,66590,1,"39126",,,0,34.29,,"Z001",,,,,,0,,9250
"39126",,"08/03/26 00:00:00","262216",1,400,0,0,0,,,0,0,0,0,0,3474,341,0,1,"39126",,-1,,,3,"ABDUL",1,,,0,0,1,"01",0,0,,0,66590,1,"39126",,,102.5,0,,"Z001",,,,,,0,,400
"39126",,"08/03/26 00:00:00","262268",1,300,0,0,0,,,0,0,0,0,0,3475,341,0,1,"39126",,-1,,,4,"ABDUL",1,,,0,0,1,"01",0,0,,0,66590,1,"39126",,,120,0,,"Z001",,,,,,0,,300
"39126",,"08/03/26 00:00:00","262188",1,100,0,0,0,,,0,0,0,0,0,3476,341,0,1,"39126",,-1,,,5,"ABDUL",1,,,0,0,1,"01",0,0,,0,66590,1,"39126",,,50,0,,"Z001",,,,,,0,,100
"39126",,"08/03/26 00:00:00","6572",1,3000,0,0,0,,,0,0,0,0,0,3477,341,0,1,"39126",,-1,,,6,"ABDUL",1,,,0,0,1,"01",0,0,,0,66590,1,"39126",,,1200,0,,"Z001",,,,,,0,,3000
"39126",,"08/03/26 00:00:00","5797",1,2600,0,0,0,,,0,0,0,0,0,3478,341,0,1,"39126",,-1,,,7,"ABDUL",1,,,0,0,1,"01",0,0,,0,66590,1,"39126",,,1220.1,0,,"Z001",,,,,,0,,2600
"39126",,"08/03/26 00:00:00","973",1,1200,0,0,0,,,0,0,0,0,0,3479,341,0,1,"39126",,-1,,,8,"ABDUL",1,,,0,0,1,"01",0,0,,0,66590,1,"39126",,,450,0,,"Z001",,,,,,0,,1200
"39126",,"08/03/26 00:00:00","241912",2,200,0,0,0,,,0,0,0,0,0,3480,341,0,1,"39126",,-1,,,9,"ABDUL",1,,,0,0,1,"01",0,0,,0,66590,1,"39126",,,133.43,0,,"Z001",,,,,,0,,200
"39126",,"08/03/26 00:00:00","252045",2,100,0,0,0,,,0,0,0,0,0,3481,341,0,1,"39126",,-1,,,10,"ABDUL",1,,,0,0,1,"01",0,0,,0,66590,1,"39126",,,60.83,0,,"Z001",,,,,,0,,100
"39126",,"08/03/26 00:00:00","262128",3,216.6666,0,0,0,,,0,0,0,0,0,3482,341,0,1,"39126",,-1,,,11,"ABDUL",1,,,0,0,1,"01",0,0,,0,66590,1,"39126",,,123.57,0,,"Z001",,,,,,0,,216.6666
"39126",,"08/03/26 00:00:00","6511",1,3650,0,0,0,,,0,0,0,0,0,3483,341,0,1,"39126",,-1,,,12,"ABDUL",1,,,0,0,1,"01",0,0,,0,66590,1,"39126",,,488.13,0,,"Z001",,,,,,0,,3650
"39126",,"08/03/26 00:00:00","5984",1,100,0,0,0,,,0,0,0,0,0,3484,341,0,1,"39126",,-1,,,13,"ABDUL",1,,,0,0,1,"01",0,0,,0,66590,1,"39126",,,70,0,,"Z001",,,,,,0,,100
"39126",,"08/03/26 00:00:00","5692",1,3500,0,0,0,,,0,0,0,0,0,3485,341,0,1,"39126",,-1,,,14,"ABDUL",1,,,0,0,1,"01",0,0,,0,66590,1,"39126",,,640.28,0,,"Z001",,,,,,0,,3500
"39126",,"08/03/26 00:00:00","974",1,2500,0,0,0,,,0,0,0,0,0,3486,341,0,1,"39126",,-1,,,15,"ABDUL",1,,,0,0,1,"01",0,0,,0,66590,1,"39126",,,1200,0,,"Z001",,,,,,0,,2500
"39126",,"08/03/26 00:00:00","1011",1,500,0,0,0,,,0,0,0,0,0,3487,341,0,1,"39126",,-1,,,16,"ABDUL",1,,,0,0,1,"01",0,0,,0,66590,1,"39126",,,240,0,,"Z001",,,,,,0,,500
"39126",,"08/03/26 00:00:00","6296",1,150,0,0,0,,,0,0,0,0,0,3488,341,0,1,"39126",,-1,,,17,"ABDUL",1,,,0,0,1,"01",0,0,,0,66590,1,"39126",,,74,0,,"Z001",,,,,,0,,150
"39126",,"08/03/26 00:00:00","6063",1,50,0,0,0,,,0,0,0,0,0,3489,341,0,1,"39126",,-1,,,18,"ABDUL",1,,,0,0,1,"01",0,0,,0,66590,1,"39126",,,6.67,0,,"Z001",,,,,,0,,50
"39126",,"08/03/26 00:00:00","1037",1,300,0,0,0,,,0,0,0,0,0,3490,341,0,1,"39126",,-1,,,19,"ABDUL",1,,,0,0,1,"01",0,0,,0,66590,1,"39126",,,117.5,0,,"Z001",,,,,,0,,300
"39126",,"08/03/26 00:00:00","252015",1,450,0,0,0,,,0,0,0,0,0,3491,341,0,1,"39126",,-1,,,20,"ABDUL",1,,,0,0,1,"01",0,0,,0,66590,1,"39126",,,104.99,0,,"Z001",,,,,,0,,450
"39126",,"08/03/26 00:00:00","6505",2,100,0,0,0,,,0,0,0,0,0,3492,341,0,1,"39126",,-1,,,21,"ABDUL",1,,,0,0,1,"01",0,0,,0,66590,1,"39126",,,29.83,0,,"Z001",,,,,,0,,100
"39026",,"08/01/26 00:00:00","262304",1,1050,0,0,0,,,0,0,0,0,0,3494,341,0,1,"39026",,-1,,,11,"ABDUL",1,,,0,0,1,"01",0,0,,0,125594,1,"39026",,,1050,0,,"Z001",,,,,,0,,1050
"39126",,"08/03/26 00:00:00","251941",1,450,0,0,0,,,0,0,0,0,0,3497,341,0,1,"39126",,-1,,,23,"ABDUL",1,,,0,0,1,"01",0,0,,0,66590,1,"39126",,,160,0,,"Z001",,,,,,0,,450
"39126",,"08/03/26 00:00:00","262113",1,44000,0,0,0,,,0,0,0,0,0,3498,341,0,1,"39126",,-1,,,24,"ABDUL",1,,,0,0,1,"01",0,0,,0,66590,1,"39126",,,13800,0,,"Z001",,,,,,0,,44000
"39226",,"08/04/26 00:00:00","6365",1,100,0,0,0,,,0,0,0,0,0,3501,341,0,1,"39226",,-1,,,1,"ABDUL",1,,,0,0,1,"01",0,0,,0,78000,1,"39226",,,98.73,0,,"Z001",,,,,,0,,100
"39226",,"08/04/26 00:00:00","251946",1,1000,0,0,0,,,0,0,0,0,0,3502,341,0,1,"39226",,-1,,,2,"ABDUL",1,,,0,0,1,"01",0,0,,0,78000,1,"39226",,,175.42,0,,"Z001",,,,,,0,,1000
"39226",,"08/04/26 00:00:00","262209",4,25,0,0,0,,,0,0,0,0,0,3503,341,0,1,"39226",,-1,,,3,"ABDUL",1,,,0,0,1,"01",0,0,,0,78000,1,"39226",,,21.67,0,,"Z001",,,,,,0,,25
"39226",,"08/04/26 00:00:00","6608",1,1250,0,0,0,,,0,0,0,0,0,3504,341,0,1,"39226",,-1,,,4,"ABDUL",1,,,0,0,1,"01",0,0,,0,78000,1,"39226",,,512.8099999999999,0,,"Z001",,,,,,0,,1250
"40426",,"08/13/26 00:00:00","262288",0,9000,20,175,0,,,0,0,0,0,0,3621,10033,0,1,"40426",,-1,,,10,"RAYYAN",1,,,0,0,1,"01",0,0,,0,9000,1,"40426",,,0,175,,"Z001",,,,,,0,,9000
"40426",,"08/13/26 00:00:00","262240",2,100,0,0,0,,,0,0,0,0,0,3622,10033,0,1,"40426",,-1,,,11,"RAYYAN",1,,,0,0,1,"01",0,0,,0,9000,1,"40426",,,65,0,,"Z001",,,,,,0,,100
"40426",,"08/13/26 00:00:00","1034",6,280,0,0,0,,,0,0,0,0,0,3623,10033,0,1,"40426",,-1,,,12,"RAYYAN",1,,,0,0,1,"01",0,0,,0,9000,1,"40426",,,80,0,,"Z001",,,,,,0,,280
"40426",,"08/13/26 00:00:00","262297",1,705,0,0,0,,,0,0,0,0,0,3624,10033,0,1,"40426",,-1,,,13,"RAYYAN",1,,,0,0,1,"01",0,0,,0,9000,1,"40426",,,255,0,,"Z001",,,,,,0,,705
"40426",,"08/13/26 00:00:00","262210",1,25,0,0,0,,,0,0,0,0,0,3625,10033,0,1,"40426",,-1,,,14,"RAYYAN",1,,,0,0,1,"01",0,0,,0,9000,1,"40426",,,20.83,0,,"Z001",,,,,,0,,25
"40426",,"08/13/26 00:00:00","6063",1,50,0,0,0,,,0,0,0,0,0,3626,10033,0,1,"40426",,-1,,,15,"RAYYAN",1,,,0,0,1,"01",0,0,,0,9000,1,"40426",,,25.41,0,,"Z001",,,,,,0,,50
"40526",,"08/10/26 00:00:00","6334",1,350,0,0,0,,,0,0,0,0,0,3628,341,0,1,"40526",,-1,,,1,"RAYYAN",1,,,0,0,1,"01",0,0,,0,19450,1,"40526",,,70.66,0,,"Z001",,,,,,0,,350
"40526",,"08/10/26 00:00:00","6098",1,50,0,0,0,,,0,0,0,0,0,3629,341,0,1,"40526",,-1,,,2,"RAYYAN",1,,,0,0,1,"01",0,0,,0,19450,1,"40526",,,17.16,0,,"Z001",,,,,,0,,50
"40526",,"08/10/26 00:00:00","241923",1,450,0,0,0,,,0,0,0,0,0,3630,341,0,1,"40526",,-1,,,3,"RAYYAN",1,,,0,0,1,"01",0,0,,0,19450,1,"40526",,,170,0,,"Z001",,,,,,0,,450
"40526",,"08/10/26 00:00:00","262298",2,1450,0,0,0,,,0,0,0,0,0,3631,341,0,1,"40526",,-1,,,4,"RAYYAN",1,,,0,0,1,"01",0,0,,0,19450,1,"40526",,,450,0,,"Z001",,,,,,0,,1450
"40526",,"08/10/26 00:00:00","1032",5,450,0,0,0,,,0,0,0,0,0,3632,341,0,1,"40526",,-1,,,5,"RAYYAN",1,,,0,0,1,"01",0,0,,0,19450,1,"40526",,,67.78,0,,"Z001",,,,,,0,,450
"40526",,"08/10/26 00:00:00","262194",1,750,0,0,0,,,0,0,0,0,0,3633,341,0,1,"40526",,-1,,,6,"RAYYAN",1,,,0,0,1,"01",0,0,,0,19450,1,"40526",,,300,0,,"Z001",,,,,,0,,750
"40526",,"08/10/26 00:00:00","6474",2,6250,0,63.333332,0,,,0,0,0,0,0,3634,341,0,1,"40526",,-1,,,7,"RAYYAN",1,,,0,0,1,"01",0,0,,0,19450,1,"40526",,,1958.3,0,,"Z001",,,,,,0,,6250
"40526",,"08/10/26 00:00:00","6505",2,100,0,0,0,,,0,0,0,0,0,3635,341,0,1,"40526",,-1,,,8,"RAYYAN",1,,,0,0,1,"01",0,0,,0,19450,1,"40526",,,29.83,0,,"Z001",,,,,,0,,100
"40626",,"08/11/26 00:00:00","1288",1,11500,0,0,0,,,0,0,0,0,0,3637,341,0,1,"40626",,-1,,,1,"RAYYAN",1,,,0,0,1,"01",0,0,,0,28520,1,"40626",,,1254.55,0,,"Z001",,,,,,0,,11500
"40626",,"08/11/26 00:00:00","6608",1,1000,0,0,0,,,0,0,0,0,0,3638,341,0,1,"40626",,-1,,,2,"RAYYAN",1,,,0,0,1,"01",0,0,,0,28520,1,"40626",,,262.81,0,,"Z001",,,,,,0,,1000
"40626",,"08/11/26 00:00:00","6556",1,14000,0,0,0,,,0,0,0,0,0,3639,341,0,1,"40626",,-1,,,3,"RAYYAN",1,,,0,0,1,"01",0,0,,0,28520,1,"40626",,,2134.68,0,,"Z001",,,,,,0,,14000
"40626",,"08/11/26 00:00:00","1034",4,280,0,0,0,,,0,0,0,0,0,3640,341,0,1,"40626",,-1,,,4,"RAYYAN",1,,,0,0,1,"01",0,0,,0,28520,1,"40626",,,80,0,,"Z001",,,,,,0,,280
"40626",,"08/11/26 00:00:00","252042",1,150,0,0,0,,,0,0,0,0,0,3641,341,0,1,"40626",,-1,,,5,"RAYYAN",1,,,0,0,1,"01",0,0,,0,28520,1,"40626",,,72,0,,"Z001",,,,,,0,,150
"42026",,"08/14/26 00:00:00","6527",0,7650,2,150,0,,,0,0,0,0,0,3742,341,0,1,"42026",,-1,,,6,"RAYYAN",1,,,0,0,1,"01",0,0,,0,23650,1,"42026",,,0,150,,"Z001",,,,,,0,,7650
"42026",,"08/14/26 00:00:00","262163",1,180,0,0,0,,,0,0,0,0,0,3743,341,0,1,"42026",,-1,,,7,"RAYYAN",1,,,0,0,1,"01",0,0,,0,23650,1,"42026",,,90,0,,"Z001",,,,,,0,,180
"42126",,"08/15/26 00:00:00","6365",1,120,0,0,0,,,0,0,0,0,0,3745,341,0,1,"42126",,-1,,,1,"RAYYAN",1,,,0,0,1,"01",0,0,,0,58020,1,"42126",,,118.73,0,,"Z001",,,,,,0,,120
"42126",,"08/15/26 00:00:00","241919",1,2200,0,0,0,,,0,0,0,0,0,3746,341,0,1,"42126",,-1,,,2,"RAYYAN",1,,,0,0,1,"01",0,0,,0,58020,1,"42126",,,700,0,,"Z001",,,,,,0,,2200
"42126",,"08/15/26 00:00:00","262181",1,2800,0,0,0,,,0,0,0,0,0,3747,341,0,1,"42126",,-1,,,3,"RAYYAN",1,,,0,0,1,"01",0,0,,0,58020,1,"42126",,,600,0,,"Z001",,,,,,0,,2800
"42126",,"08/15/26 00:00:00","231902",1,5000,0,0,0,,,0,0,0,0,0,3748,341,0,1,"42126",,-1,,,4,"RAYYAN",1,,,0,0,1,"01",0,0,,0,58020,1,"42126",,,-72.28,0,,"Z001",,,,,,0,,5000
"42126",,"08/15/26 00:00:00","1716",1,2700,0,0,0,,,0,0,0,0,0,3749,341,0,1,"42126",,-1,,,5,"RAYYAN",1,,,0,0,1,"01",0,0,,0,58020,1,"42126",,,590,0,,"Z001",,,,,,0,,2700
"42126",,"08/15/26 00:00:00","231903",0,350,100,2,0,,,0,0,0,0,0,3750,341,0,1,"42126",,-1,,,6,"RAYYAN",1,,,0,0,1,"01",0,0,,0,58020,1,"42126",,,0,2,,"Z001",,,,,,0,,350
"42126",,"08/15/26 00:00:00","5817",3,11500,0,0,0,,,0,0,0,0,0,3751,341,0,1,"42126",,-1,,,7,"RAYYAN",1,,,0,0,1,"01",0,0,,0,58020,1,"42126",,,3037.74,0,,"Z001",,,,,,0,,11500
"42126",,"08/15/26 00:00:00","262235",1,3500,0,0,0,,,0,0,0,0,0,3752,341,0,1,"42126",,-1,,,8,"RAYYAN",1,,,0,0,1,"01",0,0,,0,58020,1,"42126",,,323,0,,"Z001",,,,,,0,,3500
"42126",,"08/15/26 00:00:00","262236",1,5700,0,0,0,,,0,0,0,0,0,3753,341,0,1,"42126",,-1,,,9,"RAYYAN",1,,,0,0,1,"01",0,0,,0,58020,1,"42126",,,379,0,,"Z001",,,,,,0,,5700
"42126",,"08/15/26 00:00:00","6585",1,170,0,0,0,,,0,0,0,0,0,3754,341,0,1,"42126",,-1,,,10,"RAYYAN",1,,,0,0,1,"01",0,0,,0,58020,1,"42126",,,41.41,0,,"Z001",,,,,,0,,170
"42126",,"08/15/26 00:00:00","6466",1,350,0,0,0,,,0,0,0,0,0,3755,341,0,1,"42126",,-1,,,11,"RAYYAN",1,,,0,0,1,"01",0,0,,0,58020,1,"42126",,,100,0,,"Z001",,,,,,0,,350
"42126",,"08/15/26 00:00:00","6030",1,100,0,0,0,,,0,0,0,0,0,3756,341,0,1,"42126",,-1,,,12,"RAYYAN",1,,,0,0,1,"01",0,0,,0,58020,1,"42126",,,32.54,0,,"Z001",,,,,,0,,100
"42126",,"08/15/26 00:00:00","6587",1,200,0,0,0,,,0,0,0,0,0,3757,341,0,1,"42126",,-1,,,13,"RAYYAN",1,,,0,0,1,"01",0,0,,0,58020,1,"42126",,,65,0,,"Z001",,,,,,0,,200
"42126",,"08/15/26 00:00:00","5969",1,30,0,0,0,,,0,0,0,0,0,3758,341,0,1,"42126",,-1,,,14,"RAYYAN",1,,,0,0,1,"01",0,0,,0,58020,1,"42126",,,12.02,0,,"Z001",,,,,,0,,30
"42126",,"08/15/26 00:00:00","251941",1,450,0,0,0,,,0,0,0,0,0,3759,341,0,1,"42126",,-1,,,15,"RAYYAN",1,,,0,0,1,"01",0,0,,0,58020,1,"42126",,,186.09,0,,"Z001",,,,,,0,,450
"42226",,"08/17/26 00:00:00","262240",2,100,0,0,0,,,0,0,0,0,0,3761,341,0,1,"42226",,-1,,,1,"RAYYAN",1,,,0,0,1,"01",0,0,,0,16010,1,"42226",,,65,0,,"Z001",,,,,,0,,100
"42226",,"08/17/26 00:00:00","262101",1,400,0,0,0,,,0,0,0,0,0,3762,341,0,1,"42226",,-1,,,2,"RAYYAN",1,,,0,0,1,"01",0,0,,0,16010,1,"42226",,,220,0,,"Z001",,,,,,0,,400
"39226",,"08/04/26 00:00:00","1032",2,450,0,0,0,,,0,0,0,0,0,3505,341,0,1,"39226",,-1,,,5,"ABDUL",1,,,0,0,1,"01",0,0,,0,78000,1,"39226",,,67.78,0,,"Z001",,,,,,0,,450
"39226",,"08/04/26 00:00:00","252049",1,24100,0,0,0,,,0,0,0,0,0,3506,341,0,1,"39226",,-1,,,6,"ABDUL",1,,,0,0,1,"01",0,0,,0,78000,1,"39226",,,11034.38,0,,"Z001",,,,,,0,,24100
"39226",,"08/04/26 00:00:00","5817",2,12000,0,0,0,,,0,0,0,0,0,3507,341,0,1,"39226",,-1,,,7,"ABDUL",1,,,0,0,1,"01",0,0,,0,78000,1,"39226",,,3537.74,0,,"Z001",,,,,,0,,12000
"39226",,"08/04/26 00:00:00","252020",35,300,0,0,0,,,0,0,0,0,0,3508,341,0,1,"39226",,-1,,,8,"ABDUL",1,,,0,0,1,"01",0,0,,0,78000,1,"39226",,,116.31,0,,"Z001",,,,,,0,,300
"39226",,"08/04/26 00:00:00","241910",0,25000,16,250,0,,,0,0,0,0,0,3509,341,0,1,"39226",,-1,,,9,"ABDUL",1,,,0,0,1,"01",0,0,,0,78000,1,"39226",,,0,232.97,,"Z001",,,,,,0,,25000
"39226",,"08/04/26 00:00:00","973",1,1500,0,0,0,,,0,0,0,0,0,3510,341,0,1,"39226",,-1,,,10,"ABDUL",1,,,0,0,1,"01",0,0,,0,78000,1,"39226",,,750,0,,"Z001",,,,,,0,,1500
"39226",,"08/04/26 00:00:00","241912",2,350,0,0,0,,,0,0,0,0,0,3511,341,0,1,"39226",,-1,,,11,"ABDUL",1,,,0,0,1,"01",0,0,,0,78000,1,"39226",,,283.43,0,,"Z001",,,,,,0,,350
"39226",,"08/04/26 00:00:00","6173",2,100,0,0,0,,,0,0,0,0,0,3512,341,0,1,"39226",,-1,,,12,"ABDUL",1,,,0,0,1,"01",0,0,,0,78000,1,"39226",,,37.08,0,,"Z001",,,,,,0,,100
"39226",,"08/04/26 00:00:00","251936",1,1300,0,0,0,,,0,0,0,0,0,3513,341,0,1,"39226",,-1,,,13,"ABDUL",1,,,0,0,1,"01",0,0,,0,78000,1,"39226",,,444,0,,"Z001",,,,,,0,,1300
"39226",,"08/04/26 00:00:00","262089",4,200,0,0,0,,,0,0,0,0,0,3514,341,0,1,"39226",,-1,,,14,"ABDUL",1,,,0,0,1,"01",0,0,,0,78000,1,"39226",,,117.67,0,,"Z001",,,,,,0,,200
"39226",,"08/04/26 00:00:00","1425",2,200,0,0,0,,,0,0,0,0,0,3515,341,0,1,"39226",,-1,,,15,"ABDUL",1,,,0,0,1,"01",0,0,,0,78000,1,"39226",,,120,0,,"Z001",,,,,,0,,200
"39226",,"08/04/26 00:00:00","5692",2,3300,0,0,0,,,0,0,0,0,0,3516,341,0,1,"39226",,-1,,,16,"ABDUL",1,,,0,0,1,"01",0,0,,0,78000,1,"39226",,,440.28,0,,"Z001",,,,,,0,,3300
"39226",,"08/04/26 00:00:00","1084",0,6800,5,90,0,,,0,0,0,0,0,3517,341,0,1,"39226",,-1,,,17,"ABDUL",1,,,0,0,1,"01",0,0,,0,78000,1,"39226",,,0,40.69,,"Z001",,,,,,0,,6800
"39226",,"08/04/26 00:00:00","262199",1,100,0,0,0,,,0,0,0,0,0,3518,341,0,1,"39226",,-1,,,18,"ABDUL",1,,,0,0,1,"01",0,0,,0,78000,1,"39226",,,55,0,,"Z001",,,,,,0,,100
"39326",,"08/05/26 00:00:00","262101",1,400,0,0,0,,,0,0,0,0,0,3520,341,0,1,"39326",,-1,,,1,"RAYYAN",1,,,0,0,1,"01",0,0,,0,7910,1,"39326",,,220,0,,"Z001",,,,,,0,,400
"39326",,"08/05/26 00:00:00","6602",1,100,0,0,0,,,0,0,0,0,0,3521,341,0,1,"39326",,-1,,,2,"RAYYAN",1,,,0,0,1,"01",0,0,,0,7910,1,"39326",,,32.12,0,,"Z001",,,,,,0,,100
"39326",,"08/05/26 00:00:00","6229",1,1000,0,0,0,,,0,0,0,0,0,3522,341,0,1,"39326",,-1,,,3,"RAYYAN",1,,,0,0,1,"01",0,0,,0,7910,1,"39326",,,302.35,0,,"Z001",,,,,,0,,1000
"39326",,"08/05/26 00:00:00","262216",1,400,0,0,0,,,0,0,0,0,0,3523,341,0,1,"39326",,-1,,,4,"RAYYAN",1,,,0,0,1,"01",0,0,,0,7910,1,"39326",,,102.5,0,,"Z001",,,,,,0,,400
"39326",,"08/05/26 00:00:00","252065",1,10,0,0,0,,,0,0,0,0,0,3524,341,0,1,"39326",,-1,,,5,"RAYYAN",1,,,0,0,1,"01",0,0,,0,7910,1,"39326",,,4,0,,"Z001",,,,,,0,,10
"39326",,"08/05/26 00:00:00","251965",1,1500,0,0,0,,,0,0,0,0,0,3525,341,0,1,"39326",,-1,,,6,"RAYYAN",1,,,0,0,1,"01",0,0,,0,7910,1,"39326",,,486.28,0,,"Z001",,,,,,0,,1500
"39326",,"08/05/26 00:00:00","6505",3,100,0,0,0,,,0,0,0,0,0,3526,341,0,1,"39326",,-1,,,7,"RAYYAN",1,,,0,0,1,"01",0,0,,0,7910,1,"39326",,,29.83,0,,"Z001",,,,,,0,,100
"39326",,"08/05/26 00:00:00","262153",1,2300,0,0,0,,,0,0,0,0,0,3527,341,0,1,"39326",,-1,,,8,"RAYYAN",1,,,0,0,1,"01",0,0,,0,7910,1,"39326",,,800,0,,"Z001",,,,,,0,,2300
"39326",,"08/05/26 00:00:00","6365",1,100,0,0,0,,,0,0,0,0,0,3528,341,0,1,"39326",,-1,,,9,"RAYYAN",1,,,0,0,1,"01",0,0,,0,7910,1,"39326",,,98.73,0,,"Z001",,,,,,0,,100
"39326",,"08/05/26 00:00:00","6334",1,350,0,0,0,,,0,0,0,0,0,3529,341,0,1,"39326",,-1,,,10,"RAYYAN",1,,,0,0,1,"01",0,0,,0,7910,1,"39326",,,70.66,0,,"Z001",,,,,,0,,350
"39326",,"08/05/26 00:00:00","6098",1,50,0,0,0,,,0,0,0,0,0,3530,341,0,1,"39326",,-1,,,11,"RAYYAN",1,,,0,0,1,"01",0,0,,0,7910,1,"39326",,,17.16,0,,"Z001",,,,,,0,,50
"39326",,"08/05/26 00:00:00","6492",0,9500,10,140,0,,,0,0,0,0,0,3531,341,0,1,"39326",,-1,,,12,"RAYYAN",1,,,0,0,1,"01",0,0,,0,7910,1,"39326",,,0,140,,"Z001",,,,,,0,,9500
"39426",,"08/06/26 00:00:00","262299",3,3500,0,0,0,,,0,0,0,0,0,3533,341,0,1,,,-1,,,1,"RAYYAN",1,,,0,0,1,"01",0,0,,0,0,1,"39426",,,500,0,,"Z001",,,,,,0,,3500
"39426",,"08/06/26 00:00:00","262089",4,200,0,0,0,,,0,0,0,0,0,3534,341,0,1,,,-1,,,2,"RAYYAN",1,,,0,0,1,"01",0,0,,0,0,1,"39426",,,117.67,0,,"Z001",,,,,,0,,200
"39426",,"08/06/26 00:00:00","1425",10,200,0,0,0,,,0,0,0,0,0,3535,341,0,1,,,-1,,,3,"RAYYAN",1,,,0,0,1,"01",0,0,,0,0,1,"39426",,,120,0,,"Z001",,,,,,0,,200
"39426",,"08/06/26 00:00:00","241912",2,300,0,0,0,,,0,0,0,0,0,3536,341,0,1,,,-1,,,4,"RAYYAN",1,,,0,0,1,"01",0,0,,0,0,1,"39426",,,233.43,0,,"Z001",,,,,,0,,300
"39426",,"08/06/26 00:00:00","251938",1,3500,0,0,0,,,0,0,0,0,0,3537,341,0,1,,,-1,,,5,"RAYYAN",1,,,0,0,1,"01",0,0,,0,0,1,"39426",,,1994.33,0,,"Z001",,,,,,0,,3500
"39426",,"08/06/26 00:00:00","251944",1,2500,0,0,0,,,0,0,0,0,0,3538,341,0,1,,,-1,,,6,"RAYYAN",1,,,0,0,1,"01",0,0,,0,0,1,"39426",,,1083.33,0,,"Z001",,,,,,0,,2500
"39426",,"08/06/26 00:00:00","252052",1,2000,0,0,0,,,0,0,0,0,0,3539,341,0,1,,,-1,,,7,"RAYYAN",1,,,0,0,1,"01",0,0,,0,0,1,"39426",,,1346.43,0,,"Z001",,,,,,0,,2000
"39426",,"08/06/26 00:00:00","1674",1,3800,0,0,0,,,0,0,0,0,0,3540,341,0,1,,,-1,,,8,"RAYYAN",1,,,0,0,1,"01",0,0,,0,0,1,"39426",,,1775,0,,"Z001",,,,,,0,,3800
"39426",,"08/06/26 00:00:00","5832",2,300,0,0,0,,,0,0,0,0,0,3541,341,0,1,,,-1,,,9,"RAYYAN",1,,,0,0,1,"01",0,0,,0,0,1,"39426",,,167.92,0,,"Z001",,,,,,0,,300
"39426",,"08/06/26 00:00:00","6346",1,1000,0,0,0,,,0,0,0,0,0,3542,341,0,1,,,-1,,,10,"RAYYAN",1,,,0,0,1,"01",0,0,,0,0,1,"39426",,,571.84,0,,"Z001",,,,,,0,,1000
"39426",,"08/06/26 00:00:00","251957",1,2500,0,0,0,,,0,0,0,0,0,3543,341,0,1,,,-1,,,11,"RAYYAN",1,,,0,0,1,"01",0,0,,0,0,1,"39426",,,1314.63,0,,"Z001",,,,,,0,,2500
"39426",,"08/06/26 00:00:00","5817",6,11800,0,0,0,,,0,0,0,0,0,3544,341,0,1,,,-1,,,12,"RAYYAN",1,,,0,0,1,"01",0,0,,0,0,1,"39426",,,3337.74,0,,"Z001",,,,,,0,,11800
"40626",,"08/11/26 00:00:00","251942",1,350,0,0,0,,,0,0,0,0,0,3642,341,0,1,"40626",,-1,,,6,"RAYYAN",1,,,0,0,1,"01",0,0,,0,28520,1,"40626",,,125.52,0,,"Z001",,,,,,0,,350
"40626",,"08/11/26 00:00:00","252045",1,100,0,0,0,,,0,0,0,0,0,3643,341,0,1,"40626",,-1,,,7,"RAYYAN",1,,,0,0,1,"01",0,0,,0,28520,1,"40626",,,60.83,0,,"Z001",,,,,,0,,100
"40626",,"08/11/26 00:00:00","262125",1,200,0,0,0,,,0,0,0,0,0,3644,341,0,1,"40626",,-1,,,8,"RAYYAN",1,,,0,0,1,"01",0,0,,0,28520,1,"40626",,,110,0,,"Z001",,,,,,0,,200
"40626",,"08/11/26 00:00:00","252029",1,50,0,0,0,,,0,0,0,0,0,3645,341,0,1,"40626",,-1,,,9,"RAYYAN",1,,,0,0,1,"01",0,0,,0,28520,1,"40626",,,25,0,,"Z001",,,,,,0,,50
"40626",,"08/11/26 00:00:00","6063",1,50,0,0,0,,,0,0,0,0,0,3646,341,0,1,"40626",,-1,,,10,"RAYYAN",1,,,0,0,1,"01",0,0,,0,28520,1,"40626",,,25.41,0,,"Z001",,,,,,0,,50
"40726",,"08/12/26 00:00:00","251963",1,7200,0,0,0,,,0,0,0,0,0,3649,341,0,1,"40726",,-1,,,1,"ABDUL",1,,,0,0,1,"01",0,0,,0,53625,1,"40726",,,2300,0,,"Z001",,,,,,0,,7200
"40726",,"08/12/26 00:00:00","241912",2,250,0,0,0,,,0,0,0,0,0,3650,341,0,1,"40726",,-1,,,2,"ABDUL",1,,,0,0,1,"01",0,0,,0,53625,1,"40726",,,183.43,0,,"Z001",,,,,,0,,250
"40726",,"08/12/26 00:00:00","262158",1,600,0,0,0,,,0,0,0,0,0,3651,341,0,1,"40726",,-1,,,3,"ABDUL",1,,,0,0,1,"01",0,0,,0,53625,1,"40726",,,270,0,,"Z001",,,,,,0,,600
"40726",,"08/12/26 00:00:00","251941",2,425,0,0,0,,,0,0,0,0,0,3652,341,0,1,"40726",,-1,,,4,"ABDUL",1,,,0,0,1,"01",0,0,,0,53625,1,"40726",,,161.09,0,,"Z001",,,,,,0,,425
"40726",,"08/12/26 00:00:00","251948",1,33000,0,0,0,,,0,0,0,0,0,3653,341,0,1,"40726",,-1,,,5,"ABDUL",1,,,0,0,1,"01",0,0,,0,53625,1,"40726",,,10440.46,0,,"Z001",,,,,,0,,33000
"40726",,"08/12/26 00:00:00","6471",2,3800,0,36.669998,0,,,0,0,0,0,0,3654,341,0,1,"40726",,-1,,,6,"ABDUL",1,,,0,0,1,"01",0,0,,0,53625,1,"40726",,,1234.78,0,,"Z001",,,,,,0,,3800
"40726",,"08/12/26 00:00:00","241923",1,400,0,0,0,,,0,0,0,0,0,3655,341,0,1,"40726",,-1,,,7,"ABDUL",1,,,0,0,1,"01",0,0,,0,53625,1,"40726",,,120,0,,"Z001",,,,,,0,,400
"40726",,"08/12/26 00:00:00","1716",1,2700,0,0,0,,,0,0,0,0,0,3656,341,0,1,"40726",,-1,,,8,"ABDUL",1,,,0,0,1,"01",0,0,,0,53625,1,"40726",,,-132.99,0,,"Z001",,,,,,0,,2700
"40726",,"08/12/26 00:00:00","252029",2,50,0,0,0,,,0,0,0,0,0,3657,341,0,1,"40726",,-1,,,9,"ABDUL",1,,,0,0,1,"01",0,0,,0,53625,1,"40726",,,25,0,,"Z001",,,,,,0,,50
"40726",,"08/12/26 00:00:00","251989",15,5,0,0,0,,,0,0,0,0,0,3658,341,0,1,"40726",,-1,,,10,"ABDUL",1,,,0,0,1,"01",0,0,,0,53625,1,"40726",,,2.4,0,,"Z001",,,,,,0,,5
"40726",,"08/12/26 00:00:00","1032",1,480,0,0,0,,,0,0,0,0,0,3659,341,0,1,"40726",,-1,,,11,"ABDUL",1,,,0,0,1,"01",0,0,,0,53625,1,"40726",,,97.78,0,,"Z001",,,,,,0,,480
"40726",,"08/12/26 00:00:00","6584",1,120,0,0,0,,,0,0,0,0,0,3660,341,0,1,"40726",,-1,,,12,"ABDUL",1,,,0,0,1,"01",0,0,,0,53625,1,"40726",,,30.29,0,,"Z001",,,,,,0,,120
"40826",,"08/04/26 00:00:00","241910",0,25000,64,200,0,,,0,0,0,0,0,3663,10060,0,1,"40826",,-1,,,1,"ABDUL",1,,,0,0,1,"01",0,0,,0,20030,1,"40826",,,0,182.97,,"Z001",,,,,,0,,25000
"40826",,"08/04/26 00:00:00","6474",0,5700,16,80,0,,,0,0,0,0,0,3664,10060,0,1,"40826",,-1,,,2,"ABDUL",1,,,0,0,1,"01",0,0,,0,20030,1,"40826",,,0,32.71,,"Z001",,,,,,0,,5700
"39426",,"08/06/26 00:00:00","262278",1,40000,0,0,0,,,0,0,0,0,0,3545,341,0,1,,,-1,,,13,"RAYYAN",1,,,0,0,1,"01",0,0,,0,0,1,"39426",,,11802.01,0,,"Z001",,,,,,0,,40000
"39426",,"08/06/26 00:00:00","241910",0,25000,50,200,0,,,0,0,0,0,0,3546,341,0,1,,,-1,,,14,"RAYYAN",1,,,0,0,1,"01",0,0,,0,0,1,"39426",,,0,182.97,,"Z001",,,,,,0,,25000
"39426",,"08/06/26 00:00:00","262129",0,20799,9,300,0,,,0,0,0,0,0,3547,341,0,1,,,-1,,,15,"RAYYAN",1,,,0,0,1,"01",0,0,,0,0,1,"39426",,,0,300,,"Z001",,,,,,0,,20799
"39426",,"08/06/26 00:00:00","262300",2,350,0,0,0,,,0,0,0,0,0,3548,341,0,1,,,-1,,,16,"RAYYAN",1,,,0,0,1,"01",0,0,,0,0,1,"39426",,,130,0,,"Z001",,,,,,0,,350
"39526",,"08/11/26 00:00:00","262296",4,2500,0,0,0,,,0,0,0,0,0,3551,365,0,1,"39526",,-1,,,1,"ABDUL",1,,,0,0,1,"01",0,0,,0,107840,1,"39526",,,0,0,,"Z001",,,,,,0,,2500
"39526",,"08/11/26 00:00:00","262278",1,28200,0,0,0,,,0,0,0,0,0,3552,365,0,1,"39526",,-1,,,2,"ABDUL",1,,,0,0,1,"01",0,0,,0,107840,1,"39526",,,2.01,0,,"Z001",,,,,,0,,28200
"39526",,"08/11/26 00:00:00","262089",50,80,0,0,0,,,0,0,0,0,0,3553,365,0,1,"39526",,-1,,,3,"ABDUL",1,,,0,0,1,"01",0,0,,0,107840,1,"39526",,,-2.33,0,,"Z001",,,,,,0,,80
"39526",,"08/11/26 00:00:00","1425",50,80,0,0,0,,,0,0,0,0,0,3554,365,0,1,"39526",,-1,,,4,"ABDUL",1,,,0,0,1,"01",0,0,,0,107840,1,"39526",,,0,0,,"Z001",,,,,,0,,80
"39526",,"08/11/26 00:00:00","241912",500,67,0,0,0,,,0,0,0,0,0,3555,365,0,1,"39526",,-1,,,5,"ABDUL",1,,,0,0,1,"01",0,0,,0,107840,1,"39526",,,0.43,0,,"Z001",,,,,,0,,67
"39526",,"08/11/26 00:00:00","241918",14,654,0,0,0,,,0,0,0,0,0,3556,365,0,1,"39526",,-1,,,6,"ABDUL",1,,,0,0,1,"01",0,0,,0,107840,1,"39526",,,0.43,0,,"Z001",,,,,,0,,654
"39526",,"08/11/26 00:00:00","252052",6,654,0,0,0,,,0,0,0,0,0,3557,365,0,1,"39526",,-1,,,7,"ABDUL",1,,,0,0,1,"01",0,0,,0,107840,1,"39526",,,0.43,0,,"Z001",,,,,,0,,654
"39526",,"08/11/26 00:00:00","251938",10,1506,0,0,0,,,0,0,0,0,0,3558,365,0,1,"39526",,-1,,,8,"ABDUL",1,,,0,0,1,"01",0,0,,0,107840,1,"39526",,,0.33,0,,"Z001",,,,,,0,,1506
"39626",,"08/10/26 00:00:00","1471",1,12500,0,0,0,,,0,1,0,0,0,3560,10002,0,1,"39626",,9,,,1,"ABDUL",1,,,0,0,1,"01",0,0,,0,12500,1,"39626",,,1700,0,,"Z001",,,,,,0,,12500
"39726",,"08/01/26 00:00:00","1263",1,700,0,0,0,,,0,0,0,0,0,3564,10041,0,1,"39726",,-1,,,1,"ABDUL",1,,,0,0,1,"01",0,0,,0,700,1,"39726",,,11.25,0,,"Z001",,,,,,0,,700
"39826",,"08/01/26 00:00:00","252049",2,15000,0,0,0,,,0,0,0,0,0,3566,365,0,1,"39826",,-1,,,1,"ABDUL",1,,,0,0,1,"01",0,0,,0,30000,1,"39826",,,1934.38,0,,"Z001",,,,,,0,,15000
"39926",,"08/06/26 00:00:00","251963",2,6500,0,0,0,,,0,0,0,0,0,3568,10056,0,1,"39926",,-1,,,1,"ABDUL",1,,,0,0,1,"01",0,0,,0,14000,1,"39926",,,1600,0,,"Z001",,,,,,0,,6500
"39926",,"08/06/26 00:00:00","241912",5,200,0,0,0,,,0,0,0,0,0,3569,10056,0,1,"39926",,-1,,,2,"ABDUL",1,,,0,0,1,"01",0,0,,0,14000,1,"39926",,,133.43,0,,"Z001",,,,,,0,,200
"40026",,"08/07/26 00:00:00","252049",2,14040,0,0,0,,,0,0,0,0,0,3571,365,0,1,"40026",,-1,,,1,"ABDUL",1,,,0,0,1,"01",0,0,,0,28080,1,"40026",,,224.86,0,,"Z001",,,,,,0,,14040
"40126",,"08/12/26 00:00:00","6474",2,6200,0,63.333332,0,,,0,0,0,0,0,3574,10025,0,1,,,-1,,,1,"ABDUL",1,,,0,0,1,"01",0,0,,0,0,1,"40126",,,1908.3,0,,"Z001",,,,,,0,,6200
"41526",,"08/13/26 00:00:00","6385",1,800,0,0,0,,,0,0,0,0,0,3726,341,0,1,"41526",,-1,,,8,"ABDUL",1,,,0,0,1,"01",0,0,,0,85100,1,"41526",,,350,0,,"Z001",,,,,,0,,800
"41526",,"08/13/26 00:00:00","856",1,695,0,0,0,,,0,0,0,0,0,3727,341,0,1,"41526",,-1,,,9,"ABDUL",1,,,0,0,1,"01",0,0,,0,85100,1,"41526",,,295,0,,"Z001",,,,,,0,,695
"41526",,"08/13/26 00:00:00","6365",2,2.5,0,0,0,,,0,0,0,0,0,3728,341,0,1,"41526",,-1,,,10,"ABDUL",1,,,0,0,1,"01",0,0,,0,85100,1,"41526",,,1.23,0,,"Z001",,,,,,0,,2.5
"41526",,"08/13/26 00:00:00","262100",1,300,0,0,0,,,0,0,0,0,0,3729,341,0,1,"41526",,-1,,,11,"ABDUL",1,,,0,0,1,"01",0,0,,0,85100,1,"41526",,,140,0,,"Z001",,,,,,0,,300
"41526",,"08/13/26 00:00:00","1037",1,300,0,0,0,,,0,0,0,0,0,3730,341,0,1,"41526",,-1,,,12,"ABDUL",1,,,0,0,1,"01",0,0,,0,85100,1,"41526",,,117.5,0,,"Z001",,,,,,0,,300
"41526",,"08/13/26 00:00:00","262218",2,35000,0,0,0,,,0,0,0,0,0,3731,341,0,1,"41526",,-1,,,13,"ABDUL",1,,,0,0,1,"01",0,0,,0,85100,1,"41526",,,5500,0,,"Z001",,,,,,0,,35000
"41526",,"08/13/26 00:00:00","251941",3,366.6666,0,0,0,,,0,0,0,0,0,3732,341,0,1,"41526",,-1,,,14,"ABDUL",1,,,0,0,1,"01",0,0,,0,85100,1,"41526",,,102.75,0,,"Z001",,,,,,0,,366.6666
"42026",,"08/14/26 00:00:00","262268",1,300,0,0,0,,,0,0,0,0,0,3734,341,0,1,"42026",,-1,,,1,"RAYYAN",1,,,0,0,1,"01",0,0,,0,23650,1,"42026",,,120,0,,"Z001",,,,,,0,,300
"42026",,"08/14/26 00:00:00","6474",0,5700,18,240,0,,,0,0,0,0,0,3735,341,0,1,"42026",,-1,,,2,"RAYYAN",1,,,0,0,1,"01",0,0,,0,23650,1,"42026",,,0,192.71,,"Z001",,,,,,0,,5700
"42026",,"08/14/26 00:00:00","6338",2,150,0,0,0,,,0,0,0,0,0,3736,341,0,1,"42026",,-1,,,3,"RAYYAN",1,,,0,0,1,"01",0,0,,0,23650,1,"42026",,,50,0,,"Z001",,,,,,0,,150
"42026",,"08/14/26 00:00:00","6390",1,750,0,0,0,,,0,0,0,0,0,3737,341,0,1,"42026",,-1,,,4,"RAYYAN",1,,,0,0,1,"01",0,0,,0,23650,1,"42026",,,250,0,,"Z001",,,,,,0,,750
"42026",,"08/14/26 00:00:00","262301",1,17500,0,0,0,,,0,0,0,0,0,3738,341,0,1,"42026",,-1,,,5,"RAYYAN",1,,,0,0,1,"01",0,0,,0,23650,1,"42026",,,5150,0,,"Z001",,,,,,0,,17500
"42226",,"08/17/26 00:00:00","6296",1,150,0,0,0,,,0,0,0,0,0,3763,341,0,1,"42226",,-1,,,3,"RAYYAN",1,,,0,0,1,"01",0,0,,0,16010,1,"42226",,,74,0,,"Z001",,,,,,0,,150
"42226",,"08/17/26 00:00:00","6334",1,350,0,0,0,,,0,0,0,0,0,3764,341,0,1,"42226",,-1,,,4,"RAYYAN",1,,,0,0,1,"01",0,0,,0,16010,1,"42226",,,70.66,0,,"Z001",,,,,,0,,350
"42226",,"08/17/26 00:00:00","6098",1,50,0,0,0,,,0,0,0,0,0,3765,341,0,1,"42226",,-1,,,5,"RAYYAN",1,,,0,0,1,"01",0,0,,0,16010,1,"42226",,,17.16,0,,"Z001",,,,,,0,,50
"42226",,"08/17/26 00:00:00","6365",1,80,0,0,0,,,0,0,0,0,0,3766,341,0,1,"42226",,-1,,,6,"RAYYAN",1,,,0,0,1,"01",0,0,,0,16010,1,"42226",,,78.73,0,,"Z001",,,,,,0,,80
"42226",,"08/17/26 00:00:00","251989",2,10,0,0,0,,,0,0,0,0,0,3767,341,0,1,"42226",,-1,,,7,"RAYYAN",1,,,0,0,1,"01",0,0,,0,16010,1,"42226",,,7.4,0,,"Z001",,,,,,0,,10
"42226",,"08/17/26 00:00:00","262086",1,300,0,0,0,,,0,0,0,0,0,3768,341,0,1,"42226",,-1,,,8,"RAYYAN",1,,,0,0,1,"01",0,0,,0,16010,1,"42226",,,172,0,,"Z001",,,,,,0,,300
"42226",,"08/17/26 00:00:00","231902",1,4800,0,0,0,,,0,0,0,0,0,3769,341,0,1,"42226",,-1,,,9,"RAYYAN",1,,,0,0,1,"01",0,0,,0,16010,1,"42226",,,-272.28,0,,"Z001",,,,,,0,,4800
"40226",,"08/07/26 00:00:00","262083",2,550,0,0,0,,,0,0,0,0,0,3576,341,0,1,"40226",,-1,,,1,"RAYYAN",1,,,0,0,1,"01",0,0,,0,80800,1,"40226",,,177.65,0,,"Z001",,,,,,0,,550
"40226",,"08/07/26 00:00:00","6338",1,200,0,0,0,,,0,0,0,0,0,3577,341,0,1,"40226",,-1,,,2,"RAYYAN",1,,,0,0,1,"01",0,0,,0,80800,1,"40226",,,100,0,,"Z001",,,,,,0,,200
"40226",,"08/07/26 00:00:00","262298",1,1500,0,0,0,,,0,0,0,0,0,3578,341,0,1,"40226",,-1,,,3,"RAYYAN",1,,,0,0,1,"01",0,0,,0,80800,1,"40226",,,500,0,,"Z001",,,,,,0,,1500
"40226",,"08/07/26 00:00:00","262218",2,33000,0,0,0,,,0,0,0,0,0,3579,341,0,1,"40226",,-1,,,4,"RAYYAN",1,,,0,0,1,"01",0,0,,0,80800,1,"40226",,,3750,0,,"Z001",,,,,,0,,33000
"40226",,"08/07/26 00:00:00","251955",0,0,2,800,0,,,0,0,0,0,0,3580,341,0,1,"40226",,-1,,,5,"RAYYAN",1,,,0,0,1,"01",0,0,,0,80800,1,"40226",,,0,150,,"Z001",,,,,,0,,0
"40226",,"08/07/26 00:00:00","252052",1,1200,0,0,0,,,0,0,0,0,0,3581,341,0,1,"40226",,-1,,,6,"RAYYAN",1,,,0,0,1,"01",0,0,,0,80800,1,"40226",,,546.4299999999999,0,,"Z001",,,,,,0,,1200
"40226",,"08/07/26 00:00:00","241933",1,1300,0,0,0,,,0,0,0,0,0,3582,341,0,1,"40226",,-1,,,7,"RAYYAN",1,,,0,0,1,"01",0,0,,0,80800,1,"40226",,,560.39,0,,"Z001",,,,,,0,,1300
"40226",,"08/07/26 00:00:00","262105",6,100,0,0,0,,,0,0,0,0,0,3583,341,0,1,"40226",,-1,,,8,"RAYYAN",1,,,0,0,1,"01",0,0,,0,80800,1,"40226",,,50,0,,"Z001",,,,,,0,,100
"40226",,"08/07/26 00:00:00","262237",0,8532,10,130,0,,,0,0,0,0,0,3584,341,0,1,"40226",,-1,,,9,"RAYYAN",1,,,0,0,1,"01",0,0,,0,80800,1,"40226",,,0,130,,"Z001",,,,,,0,,8532
"40226",,"08/07/26 00:00:00","1094",1,6000,0,0,0,,,0,0,0,0,0,3585,341,0,1,"40226",,-1,,,10,"RAYYAN",1,,,0,0,1,"01",0,0,,0,80800,1,"40226",,,1366.67,0,,"Z001",,,,,,0,,6000
"40326",,"08/08/26 00:00:00","6173",2,100,0,0,0,,,0,0,0,0,0,3587,341,0,1,"40326",,-1,,,1,"RAYYAN",1,,,0,0,1,"01",0,0,,0,50220,1,"40326",,,37.08,0,,"Z001",,,,,,0,,100
"40326",,"08/08/26 00:00:00","6063",1,50,0,0,0,,,0,0,0,0,0,3588,341,0,1,"40326",,-1,,,2,"RAYYAN",1,,,0,0,1,"01",0,0,,0,50220,1,"40326",,,25.41,0,,"Z001",,,,,,0,,50
"40326",,"08/08/26 00:00:00","201725",1,10000,0,0,0,,,0,0,0,0,0,3589,341,0,1,"40326",,-1,,,3,"RAYYAN",1,,,0,0,1,"01",0,0,,0,50220,1,"40326",,,1775,0,,"Z001",,,,,,0,,10000
"40326",,"08/08/26 00:00:00","932",1,4500,0,0,0,,,0,0,0,0,0,3590,341,0,1,"40326",,-1,,,4,"RAYYAN",1,,,0,0,1,"01",0,0,,0,50220,1,"40326",,,2300,0,,"Z001",,,,,,0,,4500
"40326",,"08/08/26 00:00:00","6316",1,2500,0,0,0,,,0,0,0,0,0,3591,341,0,1,"40326",,-1,,,5,"RAYYAN",1,,,0,0,1,"01",0,0,,0,50220,1,"40326",,,1266.67,0,,"Z001",,,,,,0,,2500
"40326",,"08/08/26 00:00:00","262140",2,100,0,0,0,,,0,0,0,0,0,3592,341,0,1,"40326",,-1,,,6,"RAYYAN",1,,,0,0,1,"01",0,0,,0,50220,1,"40326",,,77.5,0,,"Z001",,,,,,0,,100
"40326",,"08/08/26 00:00:00","241912",1,300,0,0,0,,,0,0,0,0,0,3593,341,0,1,"40326",,-1,,,7,"RAYYAN",1,,,0,0,1,"01",0,0,,0,50220,1,"40326",,,233.43,0,,"Z001",,,,,,0,,300
"40326",,"08/08/26 00:00:00","6365",1,100,0,0,0,,,0,0,0,0,0,3594,341,0,1,"40326",,-1,,,8,"RAYYAN",1,,,0,0,1,"01",0,0,,0,50220,1,"40326",,,98.73,0,,"Z001",,,,,,0,,100
"40326",,"08/08/26 00:00:00","6483",0,39000,2,500,0,,,0,0,0,0,0,3595,341,0,1,"40326",,-1,,,9,"RAYYAN",1,,,0,0,1,"01",0,0,,0,50220,1,"40326",,,0,186.5,,"Z001",,,,,,0,,39000
"28226",,"03/16/26 00:00:00","241912",3,300,0,0,0,,,0,1,0,0,0,2603,10002,0,1,,,156,,,13,"ABDUL",1,,,0,0,1,"01",0,0,,0,0,1,"28226",,"SABASABA",233.43,0,,"Z001",,,,,,0,,300
"42226",,"08/17/26 00:00:00","262122",2,4820,0,0,0,,,0,0,0,0,0,3770,341,0,1,"42226",,-1,,,10,"RAYYAN",1,,,0,0,1,"01",0,0,,0,16010,1,"42226",,,1820,0,,"Z001",,,,,,0,,4820
"42226",,"08/17/26 00:00:00","231903",0,350,8,2.5,0,,,0,0,0,0,0,3771,341,0,1,"42226",,-1,,,11,"RAYYAN",1,,,0,0,1,"01",0,0,,0,16010,1,"42226",,,0,2.5,,"Z001",,,,,,0,,350
"42326",,"08/18/26 00:00:00","6505",10,100,0,0,0,,,0,0,0,0,0,3773,341,0,1,"42326",,-1,,,1,"RAYYAN",1,,,0,0,1,"01",0,0,,0,16700,1,"42326",,,29.83,0,,"Z001",,,,,,0,,100
"42326",,"08/18/26 00:00:00","6334",1,350,0,0,0,,,0,0,0,0,0,3774,341,0,1,"42326",,-1,,,2,"RAYYAN",1,,,0,0,1,"01",0,0,,0,16700,1,"42326",,,70.66,0,,"Z001",,,,,,0,,350
"42326",,"08/18/26 00:00:00","6335",1,300,0,0,0,,,0,0,0,0,0,3775,341,0,1,"42326",,-1,,,3,"RAYYAN",1,,,0,0,1,"01",0,0,,0,16700,1,"42326",,,70,0,,"Z001",,,,,,0,,300
"42326",,"08/18/26 00:00:00","1288",1,12200,0,0,0,,,0,0,0,0,0,3776,341,0,1,"42326",,-1,,,4,"RAYYAN",1,,,0,0,1,"01",0,0,,0,16700,1,"42326",,,1954.55,0,,"Z001",,,,,,0,,12200
"42326",,"08/18/26 00:00:00","262204",1,900,0,0,0,,,0,0,0,0,0,3777,341,0,1,"42326",,-1,,,5,"RAYYAN",1,,,0,0,1,"01",0,0,,0,16700,1,"42326",,,-950,0,,"Z001",,,,,,0,,900
"42326",,"08/18/26 00:00:00","262194",1,750,0,0,0,,,0,0,0,0,0,3778,341,0,1,"42326",,-1,,,6,"RAYYAN",1,,,0,0,1,"01",0,0,,0,16700,1,"42326",,,300,0,,"Z001",,,,,,0,,750
"42326",,"08/18/26 00:00:00","6229",1,1200,0,0,0,,,0,0,0,0,0,3779,341,0,1,"42326",,-1,,,7,"RAYYAN",1,,,0,0,1,"01",0,0,,0,16700,1,"42326",,,502.35,0,,"Z001",,,,,,0,,1200
"42426",,"08/18/26 00:00:00","6616",1,250,0,0,0,,,0,0,0,0,0,3781,10041,0,1,"42426",,-1,,,1,"RAYYAN",1,,,0,0,1,"01",0,0,,0,250,1,"42426",,,117.9,0,,"Z001",,,,,,0,,250
"42626",,"08/18/26 00:00:00","231903",0,350,78,5,0,,,0,0,0,0,0,3787,10067,0,1,"42626",,0,,,1,"RAYYAN",1,,,0,0,1,"01",0,0,,0,390,1,"42626",,,0,0,,"Z001",,,,,,0,,350
"42726",,"08/19/26 00:00:00","1288",1,12000,0,0,0,,,0,0,0,0,0,3790,341,0,1,"42726",,0,,,1,"RAYYAN",1,,,0,0,1,"01",0,0,,0,13000,1,"42726",,,1754.55,0,,"Z001",,,,,,0,,12000
"42726",,"08/19/26 00:00:00","262240",1,100,0,0,0,,,0,0,0,0,0,3791,341,0,1,"42726",,0,,,2,"RAYYAN",1,,,0,0,1,"01",0,0,,0,13000,1,"42726",,,65,0,,"Z001",,,,,,0,,100
"42726",,"08/19/26 00:00:00","262196",1,550,0,0,0,,,0,0,0,0,0,3792,341,0,1,"42726",,0,,,3,"RAYYAN",1,,,0,0,1,"01",0,0,,0,13000,1,"42726",,,230,0,,"Z001",,,,,,0,,550
"42726",,"08/19/26 00:00:00","252037",1,350,0,420,0,,,0,0,0,0,0,3793,341,0,1,"42726",,0,,,4,"RAYYAN",1,,,0,0,1,"01",0,0,,0,13000,1,"42726",,,45,0,,"Z001",,,,,,0,,350
"42826",,"08/20/26 00:00:00","262128",1,250,0,0,0,,,0,0,0,0,0,3796,341,0,1,,,0,,,1,"RAYYAN",1,,,0,0,1,"01",0,0,,0,0,1,"42826",,,156.9,0,,"Z001",,,,,,0,,250
"42826",,"08/20/26 00:00:00","241923",3,400,0,0,0,,,0,0,0,0,0,3797,341,0,1,,,0,,,2,"RAYYAN",1,,,0,0,1,"01",0,0,,0,0,1,"42826",,,120,0,,"Z001",,,,,,0,,400
"42826",,"08/20/26 00:00:00","252009",5,280,0,0,0,,,0,0,0,0,0,3798,341,0,1,,,0,,,3,"RAYYAN",1,,,0,0,1,"01",0,0,,0,0,1,"42826",,,87.05,0,,"Z001",,,,,,0,,280
"28226",,"03/16/26 00:00:00","6192",10,15,0,0,0,,,0,1,0,0,0,2605,10002,0,1,,,156,,,15,"ABDUL",1,,,0,0,1,"01",0,0,,0,0,1,"28226",,"SABASABA",12.06,0,,"Z001",,,,,,0,,15
"42826",,"08/20/26 00:00:00","6505",1,100,0,0,0,,,0,0,0,0,0,3799,341,0,1,,,0,,,4,"RAYYAN",1,,,0,0,1,"01",0,0,,0,0,1,"42826",,,27.33,0,,"Z001",,,,,,0,,100
"28226",,"03/16/26 00:00:00","6272",3,15,0,0,0,,,0,1,0,0,0,2607,10002,0,1,,,156,,,17,"ABDUL",1,,,0,0,1,"01",0,0,,0,0,1,"28226",,"SABASABA",9,0,,"Z001",,,,,,0,,15
"41526",,"08/13/26 00:00:00","6099",1,150,0,0,0,,,0,0,0,0,0,3703,341,0,1,"41526",,-1,,,3,"ABDUL",1,,,0,0,1,"01",0,0,,0,85100,1,"41526",,,62.02,0,,"Z001",,,,,,0,,150
"41526",,"08/13/26 00:00:00","251963",1,7500,0,0,0,,,0,0,0,0,0,3704,341,0,1,"41526",,-1,,,4,"ABDUL",1,,,0,0,1,"01",0,0,,0,85100,1,"41526",,,2600,0,,"Z001",,,,,,0,,7500
"41526",,"08/13/26 00:00:00","262259",1,2700,0,0,0,,,0,0,0,0,0,3705,341,0,1,"41526",,-1,,,5,"ABDUL",1,,,0,0,1,"01",0,0,,0,85100,1,"41526",,,1200,0,,"Z001",,,,,,0,,2700
"41526",,"08/13/26 00:00:00","6505",2,100,0,0,0,,,0,0,0,0,0,3706,341,0,1,"41526",,-1,,,6,"ABDUL",1,,,0,0,1,"01",0,0,,0,85100,1,"41526",,,29.83,0,,"Z001",,,,,,0,,100
"41526",,"08/13/26 00:00:00","847",2,550,0,0,0,,,0,0,0,0,0,3707,341,0,1,"41526",,-1,,,7,"ABDUL",1,,,0,0,1,"01",0,0,,0,85100,1,"41526",,,252.51,0,,"Z001",,,,,,0,,550
"41626",,"08/17/26 00:00:00","262318",1,2200,0,0,0,,,0,0,0,0,0,3709,10053,0,1,"41626",,-1,,,1,"ABDUL",1,,,0,0,1,"01",0,0,,0,2200,1,"41626",,,0,0,,"Z001",,,,,,0,,2200
"41726",,"08/17/26 00:00:00","262235",10,3480,0,0,0,,,0,0,0,0,0,3711,10065,0,1,"41726",,-1,,,1,"RAYYAN",1,,,0,0,1,"01",0,0,,0,50000,1,"41726",,,303,0,,"Z001",,,,,,0,,3480
"41726",,"08/17/26 00:00:00","262236",9,5700,0,0,0,,,0,0,0,0,0,3712,10065,0,1,"41726",,-1,,,2,"RAYYAN",1,,,0,0,1,"01",0,0,,0,50000,1,"41726",,,379,0,,"Z001",,,,,,0,,5700
"41726",,"08/17/26 00:00:00","262237",1,9500,0,0,0,,,0,0,0,0,0,3713,10065,0,1,"41726",,-1,,,3,"RAYYAN",1,,,0,0,1,"01",0,0,,0,50000,1,"41726",,,968,0,,"Z001",,,,,,0,,9500
"41826",,"08/17/26 00:00:00","262235",1,3550,0,0,0,,,0,0,0,0,0,3715,10066,0,1,"41826",,-1,,,1,"ABDUL",1,,,0,0,1,"01",0,0,,0,3650,1,"41826",,,373,0,,"Z001",,,,,,0,,3550
"41826",,"08/17/26 00:00:00","6063",2,50,0,0,0,,,0,0,0,0,0,3716,10066,0,1,"41826",,-1,,,2,"ABDUL",1,,,0,0,1,"01",0,0,,0,3650,1,"41826",,,25.41,0,,"Z001",,,,,,0,,50
"28226",,"03/16/26 00:00:00","973",1,1500,0,0,0,,,0,1,0,0,0,2602,10002,0,1,,,156,,,12,"ABDUL",1,,,0,0,1,"01",0,0,,0,0,1,"28226",,"SABASABA",750,0,,"Z001",,,,,,0,,1500
"28226",,"03/16/26 00:00:00","6338",1,150,0,0,0,,,0,1,0,0,0,2606,10002,0,1,,,156,,,16,"ABDUL",1,,,0,0,1,"01",0,0,,0,0,1,"28226",,"SABASABA",50,0,,"Z001",,,,,,0,,150
"31426",,"07/02/26 00:00:00","252061",2,70,0,0,0,,,0,0,0,0,0,2828,10041,0,1,"31426",,-1,,,4,"RAYYAN",1,,,0,0,1,"01",0,0,,0,954486.22,1,"31426",,,0,0,,"Z001",,,,,,0,,70
"31426",,"07/02/26 00:00:00","6338",3,100,0,0,0,,,0,0,0,0,0,2829,10041,0,1,"31426",,-1,,,5,"RAYYAN",1,,,0,0,1,"01",0,0,,0,954486.22,1,"31426",,,0,0,,"Z001",,,,,,0,,100
"31426",,"07/02/26 00:00:00","6602",1,70.220001,0,0,0,,,0,0,0,0,0,2830,10041,0,1,"31426",,-1,,,6,"RAYYAN",1,,,0,0,1,"01",0,0,,0,954486.22,1,"31426",,,0,0,,"Z001",,,,,,0,,70.220001
"31426",,"07/02/26 00:00:00","251947",3,300000,0,0,0,,,0,0,0,0,0,2832,10041,0,1,"31426",,-1,,,7,"RAYYAN",1,,,0,0,1,"01",0,0,,0,954486.22,1,"31426",,,62137.39,0,,"Z001",,,,,,0,,300000
"31526",,"02/24/26 00:00:00","251938",20,1600,0,0,0,,,0,0,0,0,0,2834,365,0,1,"31526",,-1,,,1,"ABDUL",1,,,0,0,1,"01",0,0,,0,55430,1,"31526",,,94.33,0,,"Z001",,,,,,0,,1600
"31526",,"02/24/26 00:00:00","252021",71,330,0,0,0,,,0,0,0,0,0,2835,365,0,1,"31526",,-1,,,2,"ABDUL",1,,,0,0,1,"01",0,0,,0,55430,1,"31526",,,43.22,0,,"Z001",,,,,,0,,330
"31626",,"03/12/26 00:00:00","6565",1,19000,0,0,0,,,0,0,0,0,0,2837,365,0,1,"31626",,-1,,,1,"ABDUL",1,,,0,0,1,"01",0,0,,0,60500,1,"31626",,,1000,0,,"Z001",,,,,,0,,19000
"31626",,"03/12/26 00:00:00","231907",3,10500,0,0,0,,,0,0,0,0,0,2838,365,0,1,"31626",,-1,,,2,"ABDUL",1,,,0,0,1,"01",0,0,,0,60500,1,"31626",,,1900,0,,"Z001",,,,,,0,,10500
"31626",,"03/12/26 00:00:00","211816",1,10000,0,0,0,,,0,0,0,0,0,2841,365,0,1,"31626",,-1,,,3,"ABDUL",1,,,0,0,1,"01",0,0,,0,60500,1,"31626",,,2800,0,,"Z001",,,,,,0,,10000
"31726",,"04/08/26 00:00:00","6565",2,20000,0,0,0,,,0,0,0,0,0,2843,365,0,1,"31726",,-1,,,1,"RAYYAN",1,,,0,0,1,"01",0,0,,0,74000,1,"31726",,,2000,0,,"Z001",,,,,,0,,20000
"31726",,"04/08/26 00:00:00","6554",2,17000,0,0,0,,,0,0,0,0,0,2844,365,0,1,"31726",,-1,,,2,"RAYYAN",1,,,0,0,1,"01",0,0,,0,74000,1,"31726",,,1571.43,0,,"Z001",,,,,,0,,17000
"31826",,"05/03/26 00:00:00","241927",1,8300,0,0,0,,,0,0,0,0,0,2846,10035,0,1,"31826",,-1,,,1,"ABDUL",1,,,0,0,1,"01",0,0,,0,8300,1,"31826",,,500,0,,"Z001",,,,,,0,,8300
"31926",,"07/01/26 00:00:00","6030",7,130,0,0,0,,,0,0,0,0,0,2849,341,0,1,"31926",,-1,,,1,"ABDUL",1,,,0,0,1,"01",0,0,,0,11450,1,"31926",,,41.76,0,,"Z001",,,,,,0,,130
"31926",,"07/01/26 00:00:00","241912",2,300,0,0,0,,,0,0,0,0,0,2850,341,0,1,"31926",,-1,,,2,"ABDUL",1,,,0,0,1,"01",0,0,,0,11450,1,"31926",,,233.43,0,,"Z001",,,,,,0,,300
"31926",,"07/01/26 00:00:00","262237",0,8532,2,120,0,,,0,0,0,0,0,2851,341,0,1,"31926",,-1,,,3,"ABDUL",1,,,0,0,1,"01",0,0,,0,11450,1,"31926",,,0,120,,"Z001",,,,,,0,,8532
"31926",,"07/01/26 00:00:00","6475",0,9250,2,150,0,,,0,0,0,0,0,2852,341,0,1,"31926",,-1,,,4,"ABDUL",1,,,0,0,1,"01",0,0,,0,11450,1,"31926",,,0,74.29000000000001,,"Z001",,,,,,0,,9250
"31926",,"07/01/26 00:00:00","251941",3,400,0,0,0,,,0,0,0,0,0,2853,341,0,1,"31926",,-1,,,5,"ABDUL",1,,,0,0,1,"01",0,0,,0,11450,1,"31926",,,110,0,,"Z001",,,,,,0,,400
"31926",,"07/01/26 00:00:00","252045",2,100,0,0,0,,,0,0,0,0,0,2854,341,0,1,"31926",,-1,,,6,"ABDUL",1,,,0,0,1,"01",0,0,,0,11450,1,"31926",,,60.83,0,,"Z001",,,,,,0,,100
"31926",,"07/01/26 00:00:00","251963",1,8000,0,0,0,,,0,0,0,0,0,2855,341,0,1,"31926",,-1,,,7,"ABDUL",1,,,0,0,1,"01",0,0,,0,11450,1,"31926",,,2500,0,,"Z001",,,,,,0,,8000
"8926",,"01/19/26 00:00:00","6479",1,12000,0,150,0,,,0,0,0,0,0,776,341,0,1,"8926",,-1,,,8,"RAYYAN",1,,,0,0,1,"01",0,0,,0,15560,1,"8926",,,2182.48,0,,"Z001",,,,,,0,,12000
"8926",,"01/19/26 00:00:00","251991",10,10,0,0,0,,,0,0,0,0,0,777,341,0,1,"8926",,-1,,,9,"RAYYAN",1,,,0,0,1,"01",0,0,,0,15560,1,"8926",,,-156.67,0,,"Z001",,,,,,0,,10
"8926",,"01/19/26 00:00:00","6025",1,50,0,0,0,,,0,0,0,0,0,778,341,0,1,"8926",,-1,,,10,"RAYYAN",1,,,0,0,1,"01",0,0,,0,15560,1,"8926",,,-11.75,0,,"Z001",,,,,,0,,50
"9126",,"01/20/26 00:00:00","6098",1,50,0,0,0,,,0,0,0,0,0,784,341,0,1,"9126",,-1,,,1,"RAYYAN",1,,,0,0,1,"01",0,0,,0,15400,1,"9126",,,22.45,0,,"Z001",,,,,,0,,50
"9126",,"01/20/26 00:00:00","6063",3,50,0,0,0,,,0,0,0,0,0,785,341,0,1,"9126",,-1,,,2,"RAYYAN",1,,,0,0,1,"01",0,0,,0,15400,1,"9126",,,9,0,,"Z001",,,,,,0,,50
"9126",,"01/20/26 00:00:00","252045",2,100,0,0,0,,,0,0,0,0,0,786,341,0,1,"9126",,-1,,,3,"RAYYAN",1,,,0,0,1,"01",0,0,,0,15400,1,"9126",,,62.5,0,,"Z001",,,,,,0,,100
"9126",,"01/20/26 00:00:00","6338",1,150,0,0,0,,,0,0,0,0,0,787,341,0,1,"9126",,-1,,,4,"RAYYAN",1,,,0,0,1,"01",0,0,,0,15400,1,"9126",,,50,0,,"Z001",,,,,,0,,150
"9126",,"01/20/26 00:00:00","1032",2,500,0,0,0,,,0,0,0,0,0,788,341,0,1,"9126",,-1,,,5,"RAYYAN",1,,,0,0,1,"01",0,0,,0,15400,1,"9126",,,100,0,,"Z001",,,,,,0,,500
"9126",,"01/20/26 00:00:00","6505",5,90,0,0,0,,,0,0,0,0,0,789,341,0,1,"9126",,-1,,,6,"RAYYAN",1,,,0,0,1,"01",0,0,,0,15400,1,"9126",,,19.83,0,,"Z001",,,,,,0,,90
"9126",,"01/20/26 00:00:00","1287",1,13400,0,0,0,,,0,0,0,0,0,790,341,0,1,"9126",,-1,,,7,"RAYYAN",1,,,0,0,1,"01",0,0,,0,15400,1,"9126",,,1000,0,,"Z001",,,,,,0,,13400
"9226",,"01/21/26 00:00:00","6118",1,450,0,0,0,,,0,0,0,0,0,796,341,0,1,"9226",,-1,,,1,"RAYYAN",1,,,0,0,1,"01",0,0,,0,37950,1,"9226",,,175,0,,"Z001",,,,,,0,,450
"9226",,"01/21/26 00:00:00","221883",1,37500,0,0,0,,,0,0,0,0,0,797,341,0,1,"9226",,-1,,,2,"RAYYAN",1,,,0,0,1,"01",0,0,,0,37950,1,"9226",,,2171.04,0,,"Z001",,,,,,0,,37500
"9326",,"01/22/26 00:00:00","6118",1,550,0,0,0,,,0,0,0,0,0,802,341,0,1,"9326",,-1,,,1,"RAYYAN",1,,,0,0,1,"01",0,0,,0,185030,1,"9326",,,275,0,,"Z001",,,,,,0,,550
"9326",,"01/22/26 00:00:00","6030",3,100,0,0,0,,,0,0,0,0,0,803,341,0,1,"9326",,-1,,,2,"RAYYAN",1,,,0,0,1,"01",0,0,,0,185030,1,"9326",,,20,0,,"Z001",,,,,,0,,100
"9326",,"01/22/26 00:00:00","973",1,1500,0,0,0,,,0,0,0,0,0,807,341,0,1,"9326",,-1,,,3,"RAYYAN",1,,,0,0,1,"01",0,0,,0,185030,1,"9326",,,750,0,,"Z001",,,,,,0,,1500
"9326",,"01/22/26 00:00:00","241910",0,25000,20,250,0,,,0,0,0,0,0,814,341,0,1,"9326",,-1,,,4,"RAYYAN",1,,,0,0,1,"01",0,0,,0,185030,1,"9326",,,0,232.97,,"Z001",,,,,,0,,25000
"9326",,"01/22/26 00:00:00","6619",1,13800,0,200,0,,,0,0,0,0,0,815,341,0,1,"9326",,-1,,,5,"RAYYAN",1,,,0,0,1,"01",0,0,,0,185030,1,"9326",,,2465.6,0,,"Z001",,,,,,0,,13800
"9326",,"01/22/26 00:00:00","856",5,750,0,0,0,,,0,0,0,0,0,817,341,0,1,"9326",,-1,,,6,"RAYYAN",1,,,0,0,1,"01",0,0,,0,185030,1,"9326",,,350,0,,"Z001",,,,,,0,,750
"9426",,"01/23/26 00:00:00","252009",2,250,0,0,0,,,0,0,0,0,0,827,341,0,1,"9426",,-1,,,1,"RAYYAN",1,,,0,0,1,"01",0,0,,0,37000,1,"9426",,,57.05,0,,"Z001",,,,,,0,,250
"9326",,"01/22/26 00:00:00","6063",3,50,0,0,0,,,0,0,0,0,0,818,341,0,1,"9326",,-1,,,7,"RAYYAN",1,,,0,0,1,"01",0,0,,0,185030,1,"9326",,,9,0,,"Z001",,,,,,0,,50
"9326",,"01/22/26 00:00:00","6466",3,400,0,0,0,,,0,0,0,0,0,819,341,0,1,"9326",,-1,,,8,"RAYYAN",1,,,0,0,1,"01",0,0,,0,185030,1,"9326",,,150,0,,"Z001",,,,,,0,,400
"9326",,"01/22/26 00:00:00","6613",1,2200,0,0,0,,,0,0,0,0,0,820,341,0,1,"9326",,-1,,,9,"RAYYAN",1,,,0,0,1,"01",0,0,,0,185030,1,"9326",,,767.11,0,,"Z001",,,,,,0,,2200
"9326",,"01/22/26 00:00:00","252065",10,20,0,0,0,,,0,0,0,0,0,821,341,0,1,"9326",,-1,,,10,"RAYYAN",1,,,0,0,1,"01",0,0,,0,185030,1,"9326",,,14,0,,"Z001",,,,,,0,,20
"9326",,"01/22/26 00:00:00","251951",1,2000,0,0,0,,,0,0,0,0,0,822,341,0,1,"9326",,-1,,,11,"RAYYAN",1,,,0,0,1,"01",0,0,,0,185030,1,"9326",,,589.83,0,,"Z001",,,,,,0,,2000
"9326",,"01/22/26 00:00:00","6365",4,120,0,0,0,,,0,0,0,0,0,823,341,0,1,"9326",,-1,,,12,"RAYYAN",1,,,0,0,1,"01",0,0,,0,185030,1,"9326",,,119.39,0,,"Z001",,,,,,0,,120
"9326",,"01/22/26 00:00:00","846",16,900,0,0,0,,,0,0,0,0,0,824,341,0,1,"9326",,-1,,,13,"RAYYAN",1,,,0,0,1,"01",0,0,,0,185030,1,"9326",,,344.12,0,,"Z001",,,,,,0,,900
"9326",,"01/22/26 00:00:00","6620",2,23500,0,250,0,,,0,0,0,0,0,825,341,0,1,"9326",,-1,,,14,"RAYYAN",1,,,0,0,1,"01",0,0,,0,185030,1,"9326",,,4875.04,0,,"Z001",,,,,,0,,23500
"9426",,"01/23/26 00:00:00","6365",1,100,0,0,0,,,0,0,0,0,0,828,341,0,1,"9426",,-1,,,2,"RAYYAN",1,,,0,0,1,"01",0,0,,0,37000,1,"9426",,,99.39,0,,"Z001",,,,,,0,,100
"9426",,"01/23/26 00:00:00","1288",1,10500,0,0,0,,,0,0,0,0,0,829,341,0,1,"9426",,-1,,,3,"RAYYAN",1,,,0,0,1,"01",0,0,,0,37000,1,"9426",,,800,0,,"Z001",,,,,,0,,10500
"9426",,"01/23/26 00:00:00","1471",1,12400,0,0,0,,,0,0,0,0,0,830,341,0,1,"9426",,-1,,,4,"RAYYAN",1,,,0,0,1,"01",0,0,,0,37000,1,"9426",,,1600,0,,"Z001",,,,,,0,,12400
"9426",,"01/23/26 00:00:00","1287",1,13500,0,0,0,,,0,0,0,0,0,831,341,0,1,"9426",,-1,,,5,"RAYYAN",1,,,0,0,1,"01",0,0,,0,37000,1,"9426",,,1100,0,,"Z001",,,,,,0,,13500
"9526",,"01/24/26 00:00:00","252063",1,300,0,0,0,,,0,1,0,0,0,834,10002,0,1,,,207,,,1,"RAYYAN",1,,,0,0,1,"01",0,0,,0,0,1,"9526",,,120,0,,"Z001",,,,,,0,,300
"9626",,"01/24/26 00:00:00","6063",1,50,0,0,0,,,0,0,0,0,0,840,341,0,1,"9626",,-1,,,1,"RAYYAN",1,,,0,0,1,"01",0,0,,0,450,1,"9626",,,9,0,,"Z001",,,,,,0,,50
"9626",,"01/24/26 00:00:00","787",0,6200,5,80,0,,,0,0,0,0,0,841,341,0,1,"9626",,-1,,,2,"RAYYAN",1,,,0,0,1,"01",0,0,,0,450,1,"9626",,,0,34.49,,"Z001",,,,,,0,,6200
"9726",,"01/26/26 00:00:00","1288",1,10500,0,0,0,,,0,0,0,0,0,848,341,0,1,"9726",,-1,,,1,"RAYYAN",1,,,0,0,1,"01",0,0,,0,11450,1,"9726",,,800,0,,"Z001",,,,,,0,,10500
"9726",,"01/26/26 00:00:00","6296",1,150,0,0,0,,,0,0,0,0,0,849,341,0,1,"9726",,-1,,,2,"RAYYAN",1,,,0,0,1,"01",0,0,,0,11450,1,"9726",,,74,0,,"Z001",,,,,,0,,150
"9726",,"01/26/26 00:00:00","962",1,800,0,0,0,,,0,0,0,0,0,851,341,0,1,"9726",,-1,,,3,"RAYYAN",1,,,0,0,1,"01",0,0,,0,11450,1,"9726",,,345.64,0,,"Z001",,,,,,0,,800
"9826",,"01/27/26 00:00:00","262070",1,26616.41,0,0,0,,,0,0,0,0,0,855,365,0,1,"9826",,-1,,,1,"ABDUL",1,,,0,0,1,"01",0,0,,0,115616.41,1,"9826",,,-100.26,0,,"Z001",,,,,,0,,26616.41
"7826",,"01/06/26 00:00:00","5692",1,3400,0,0,0,,,0,0,0,0,0,704,341,0,1,"7826",,-1,,,7,"ABDUL",1,,,0,0,1,"01",0,0,,0,7450,1,"7826",,,500,0,,"Z001",,,,,,0,,3400
"7826",,"01/06/26 00:00:00","5984",1,100,0,0,0,,,0,0,0,0,0,705,341,0,1,"7826",,-1,,,8,"ABDUL",1,,,0,0,1,"01",0,0,,0,7450,1,"7826",,,70,0,,"Z001",,,,,,0,,100
"7826",,"01/06/26 00:00:00","231903",14,5,0,0,0,,,0,0,0,0,0,706,341,0,1,"7826",,-1,,,9,"ABDUL",1,,,0,0,1,"01",0,0,,0,7450,1,"7826",,,3.91,0,,"Z001",,,,,,0,,5
"7826",,"01/06/26 00:00:00","6505",2,100,0,0,0,,,0,0,0,0,0,709,341,0,1,"7826",,-1,,,10,"ABDUL",1,,,0,0,1,"01",0,0,,0,7450,1,"7826",,,29.83,0,,"Z001",,,,,,0,,100
"7926",,"01/07/26 00:00:00","6505",2,100,0,0,0,,,0,0,0,0,0,712,341,0,1,"7926",,-1,,,1,"ABDUL",1,,,0,0,1,"01",0,0,,0,200,1,"7926",,,29.83,0,,"Z001",,,,,,0,,100
"8026",,"01/08/26 00:00:00","6390",1,800,0,0,0,,,0,0,0,0,0,714,341,0,1,"8026",,-1,,,1,"ABDUL",1,,,0,0,1,"01",0,0,,0,1300,1,"8026",,,300,0,,"Z001",,,,,,0,,800
"8026",,"01/08/26 00:00:00","6616",2,250,0,0,0,,,0,0,0,0,0,715,341,0,1,"8026",,-1,,,2,"ABDUL",1,,,0,0,1,"01",0,0,,0,1300,1,"8026",,,117.9,0,,"Z001",,,,,,0,,250
"8126",,"01/09/26 00:00:00","6474",1,4900,0,60,0,,,0,0,0,0,0,717,341,0,1,"8126",,-1,,,1,"ABDUL",1,,,0,0,1,"01",0,0,,0,5150,1,"8126",,,644.09,0,,"Z001",,,,,,0,,4900
"8126",,"01/09/26 00:00:00","252045",1,150,0,0,0,,,0,0,0,0,0,718,341,0,1,"8126",,-1,,,2,"ABDUL",1,,,0,0,1,"01",0,0,,0,5150,1,"8126",,,112.5,0,,"Z001",,,,,,0,,150
"8126",,"01/09/26 00:00:00","6030",1,100,0,0,0,,,0,0,0,0,0,719,341,0,1,"8126",,-1,,,3,"ABDUL",1,,,0,0,1,"01",0,0,,0,5150,1,"8126",,,20,0,,"Z001",,,,,,0,,100
"8226",,"01/10/26 00:00:00","6332",1,250,0,0,0,,,0,0,0,0,0,721,341,0,1,"8226",,-1,,,1,"RAYYAN",1,,,0,0,1,"01",0,0,,0,1550,1,"8226",,,60,0,,"Z001",,,,,,0,,250
"8226",,"01/10/26 00:00:00","6099",1,150,0,0,0,,,0,0,0,0,0,722,341,0,1,"8226",,-1,,,2,"RAYYAN",1,,,0,0,1,"01",0,0,,0,1550,1,"8226",,,65,0,,"Z001",,,,,,0,,150
"8226",,"01/10/26 00:00:00","6189",1,500,0,0,0,,,0,0,0,0,0,723,341,0,1,"8226",,-1,,,3,"RAYYAN",1,,,0,0,1,"01",0,0,,0,1550,1,"8226",,,150,0,,"Z001",,,,,,0,,500
"8226",,"01/10/26 00:00:00","252063",1,300,0,0,0,,,0,0,0,0,0,724,341,0,1,"8226",,-1,,,4,"RAYYAN",1,,,0,0,1,"01",0,0,,0,1550,1,"8226",,,120,0,,"Z001",,,,,,0,,300
"8226",,"01/10/26 00:00:00","6505",1,100,0,0,0,,,0,0,0,0,0,725,341,0,1,"8226",,-1,,,5,"RAYYAN",1,,,0,0,1,"01",0,0,,0,1550,1,"8226",,,29.83,0,,"Z001",,,,,,0,,100
"8226",,"01/10/26 00:00:00","5970",1,200,0,0,0,,,0,0,0,0,0,726,341,0,1,"8226",,-1,,,6,"RAYYAN",1,,,0,0,1,"01",0,0,,0,1550,1,"8226",,,125,0,,"Z001",,,,,,0,,200
"8226",,"01/10/26 00:00:00","6063",1,50,0,0,0,,,0,0,0,0,0,727,341,0,1,"8226",,-1,,,7,"RAYYAN",1,,,0,0,1,"01",0,0,,0,1550,1,"8226",,,9,0,,"Z001",,,,,,0,,50
"8326",,"01/12/26 00:00:00","6587",1,200,0,0,0,,,0,0,0,0,0,731,341,0,1,"8326",,-1,,,1,"RAYYAN",1,,,0,0,1,"01",0,0,,0,200,1,"8326",,,65,0,,"Z001",,,,,,0,,200
"8426",,"01/13/26 00:00:00","252063",1,300,0,0,0,,,0,0,0,0,0,734,341,0,1,"8426",,-1,,,1,"RAYYAN",1,,,0,0,1,"01",0,0,,0,300,1,"8426",,,120,0,,"Z001",,,,,,0,,300
"8926",,"01/19/26 00:00:00","6616",6,200,0,0,0,,,0,0,0,0,0,765,341,0,1,"8926",,-1,,,5,"RAYYAN",1,,,0,0,1,"01",0,0,,0,15560,1,"8926",,,67.90000000000001,0,,"Z001",,,,,,0,,200
"8926",,"01/19/26 00:00:00","6584",2,100,0,233.33,0,,,0,0,0,0,0,766,341,0,1,"8926",,-1,,,6,"RAYYAN",1,,,0,0,1,"01",0,0,,0,15560,1,"8926",,,15,0,,"Z001",,,,,,0,,100
"8926",,"01/19/26 00:00:00","849",0,3000,10,60,0,,,0,0,0,0,0,767,341,0,1,"8926",,-1,,,7,"RAYYAN",1,,,0,0,1,"01",0,0,,0,15560,1,"8926",,,0,60,,"Z001",,,,,,0,,3000
"9026",,"01/23/26 00:00:00","849",0,3000,20,55,0,,,0,1,0,0,0,773,10002,0,1,,,208,,,1,"RAYYAN",1,,,0,0,1,"01",0,0,,0,0,1,"9026",,,0,55,,"Z001",,,,,,0,,3000
"9026",,"01/23/26 00:00:00","6492",0,7000,35,90,0,,,0,1,0,0,0,774,10002,0,1,,,208,,,2,"RAYYAN",1,,,0,0,1,"01",0,0,,0,0,1,"9026",,,0,90,,"Z001",,,,,,0,,7000
"9926",,"01/27/26 00:00:00","6025",1,50,0,0,0,,,0,0,0,0,0,857,341,0,1,"9926",,-1,,,1,"RAYYAN",1,,,0,0,1,"01",0,0,,0,40370,1,"9926",,,-11.75,0,,"Z001",,,,,,0,,50
"9926",,"01/27/26 00:00:00","5970",1,120,0,0,0,,,0,0,0,0,0,858,341,0,1,"9926",,-1,,,2,"RAYYAN",1,,,0,0,1,"01",0,0,,0,40370,1,"9926",,,45,0,,"Z001",,,,,,0,,120
"9926",,"01/27/26 00:00:00","252049",1,20000,0,0,0,,,0,0,0,0,0,859,341,0,1,"9926",,-1,,,3,"RAYYAN",1,,,0,0,1,"01",0,0,,0,40370,1,"9926",,,6650,0,,"Z001",,,,,,0,,20000
"9926",,"01/27/26 00:00:00","5817",2,10000,0,0,0,,,0,0,0,0,0,860,341,0,1,"9926",,-1,,,4,"RAYYAN",1,,,0,0,1,"01",0,0,,0,40370,1,"9926",,,2700.16,0,,"Z001",,,,,,0,,10000
"9926",,"01/27/26 00:00:00","6584",2,100,0,0,0,,,0,0,0,0,0,861,341,0,1,"9926",,-1,,,5,"RAYYAN",1,,,0,0,1,"01",0,0,,0,40370,1,"9926",,,15,0,,"Z001",,,,,,0,,100
"10026",,"01/28/26 00:00:00","1471",1,13000,0,0,0,,,0,0,0,0,0,865,341,0,1,"10026",,-1,,,1,"ABDUL",1,,,0,0,1,"01",0,0,,0,16090,1,"10026",,,2200,0,,"Z001",,,,,,0,,13000
"10026",,"01/28/26 00:00:00","251946",1,1150,0,0,0,,,0,0,0,0,0,866,341,0,1,"10026",,-1,,,2,"ABDUL",1,,,0,0,1,"01",0,0,,0,16090,1,"10026",,,325.42,0,,"Z001",,,,,,0,,1150
"10026",,"01/28/26 00:00:00","252066",2,20,0,0,0,,,0,0,0,0,0,867,341,0,1,"10026",,-1,,,3,"ABDUL",1,,,0,0,1,"01",0,0,,0,16090,1,"10026",,,7,0,,"Z001",,,,,,0,,20
"10026",,"01/28/26 00:00:00","251991",1,100,0,0,0,,,0,0,0,0,0,868,341,0,1,"10026",,-1,,,4,"ABDUL",1,,,0,0,1,"01",0,0,,0,16090,1,"10026",,,-66.67,0,,"Z001",,,,,,0,,100
"10026",,"01/28/26 00:00:00","6338",1,100,0,0,0,,,0,0,0,0,0,869,341,0,1,"10026",,-1,,,5,"ABDUL",1,,,0,0,1,"01",0,0,,0,16090,1,"10026",,,0,0,,"Z001",,,,,,0,,100
"10026",,"01/28/26 00:00:00","6505",2,100,0,0,0,,,0,0,0,0,0,870,341,0,1,"10026",,-1,,,6,"ABDUL",1,,,0,0,1,"01",0,0,,0,16090,1,"10026",,,29.83,0,,"Z001",,,,,,0,,100
"10026",,"01/28/26 00:00:00","252011",1,600,0,0,0,,,0,0,0,0,0,871,341,0,1,"10026",,-1,,,7,"ABDUL",1,,,0,0,1,"01",0,0,,0,16090,1,"10026",,,235,0,,"Z001",,,,,,0,,600
"10026",,"01/28/26 00:00:00","6099",1,150,0,0,0,,,0,0,0,0,0,872,341,0,1,"10026",,-1,,,8,"ABDUL",1,,,0,0,1,"01",0,0,,0,16090,1,"10026",,,65,0,,"Z001",,,,,,0,,150
"10026",,"01/28/26 00:00:00","962",1,750,0,0,0,,,0,0,0,0,0,874,341,0,1,"10026",,-1,,,9,"ABDUL",1,,,0,0,1,"01",0,0,,0,16090,1,"10026",,,295.64,0,,"Z001",,,,,,0,,750
"13226",,"02/20/26 00:00:00","5817",4,10500,0,0,0,,,0,0,0,0,0,1153,341,0,1,"13226",,-1,,,22,"RAYYAN",1,,,0,0,1,"01",0,0,,0,170810,1,"13226",,,3200.16,0,,"Z001",,,,,,0,,10500
"13226",,"02/20/26 00:00:00","973",1,1500,0,0,0,,,0,0,0,0,0,1154,341,0,1,"13226",,-1,,,23,"RAYYAN",1,,,0,0,1,"01",0,0,,0,170810,1,"13226",,,750,0,,"Z001",,,,,,0,,1500
"13226",,"02/20/26 00:00:00","221883",1.232558,43000,0,0,0,,,0,0,0,0,0,1155,341,0,1,"13226",,-1,,,24,"RAYYAN",1,,,0,0,1,"01",0,0,,0,170810,1,"13226",,,4579.8,0,,"Z001",,,,,,0,,43000
"13226",,"02/20/26 00:00:00","241910",0,25000,10,230,0,,,0,0,0,0,0,1156,341,0,1,"13226",,-1,,,25,"RAYYAN",1,,,0,0,1,"01",0,0,,0,170810,1,"13226",,,0,212.97,,"Z001",,,,,,0,,25000
"13226",,"02/20/26 00:00:00","6173",6,90,0,0,0,,,0,0,0,0,0,1157,341,0,1,"13226",,-1,,,26,"RAYYAN",1,,,0,0,1,"01",0,0,,0,170810,1,"13226",,,0,0,,"Z001",,,,,,0,,90
"13426",,"03/04/26 00:00:00","5797",1,2500,0,0,0,,,0,1,0,0,0,1161,10002,0,1,,,168,,,1,"RAYYAN",1,,,0,0,1,"01",0,0,,0,0,1,"13426",,,1120.1,0,,"Z001",,,,,,0,,2500
"13526",,"02/24/26 00:00:00","231907",1,11000,0,0,0,,,0,0,0,0,0,1164,341,0,1,"13526",,-1,,,1,"ABDUL",1,,,0,0,1,"01",0,0,,0,48440,1,"13526",,,2400,0,,"Z001",,,,,,0,,11000
"13526",,"02/24/26 00:00:00","6515",1,850,0,0,0,,,0,0,0,0,0,1165,341,0,1,"13526",,-1,,,2,"ABDUL",1,,,0,0,1,"01",0,0,,0,48440,1,"13526",,,320,0,,"Z001",,,,,,0,,850
"13526",,"02/24/26 00:00:00","1037",1,300,0,0,0,,,0,0,0,0,0,1166,341,0,1,"13526",,-1,,,3,"ABDUL",1,,,0,0,1,"01",0,0,,0,48440,1,"13526",,,110,0,,"Z001",,,,,,0,,300
"13526",,"02/24/26 00:00:00","251941",1,400,0,0,0,,,0,0,0,0,0,1167,341,0,1,"13526",,-1,,,4,"ABDUL",1,,,0,0,1,"01",0,0,,0,48440,1,"13526",,,75,0,,"Z001",,,,,,0,,400
"13526",,"02/24/26 00:00:00","1109",35,150,0,0,0,,,0,0,0,0,0,1168,341,0,1,"13526",,-1,,,5,"ABDUL",1,,,0,0,1,"01",0,0,,0,48440,1,"13526",,,25,0,,"Z001",,,,,,0,,150
"13526",,"02/24/26 00:00:00","6192",35,10,0,0,0,,,0,0,0,0,0,1169,341,0,1,"13526",,-1,,,6,"ABDUL",1,,,0,0,1,"01",0,0,,0,48440,1,"13526",,,7.1,0,,"Z001",,,,,,0,,10
"13526",,"02/24/26 00:00:00","1691",1,250,0,0,0,,,0,0,0,0,0,1170,341,0,1,"13526",,-1,,,7,"ABDUL",1,,,0,0,1,"01",0,0,,0,48440,1,"13526",,,153.57,0,,"Z001",,,,,,0,,250
"13526",,"02/24/26 00:00:00","6475",3,8950,0,102.78,0,,,0,0,0,0,0,1171,341,0,1,"13526",,-1,,,8,"ABDUL",1,,,0,0,1,"01",0,0,,0,48440,1,"13526",,,2194.08,0,,"Z001",,,,,,0,,8950
"13526",,"02/24/26 00:00:00","5969",3,30,0,0,0,,,0,0,0,0,0,1172,341,0,1,"13526",,-1,,,9,"ABDUL",1,,,0,0,1,"01",0,0,,0,48440,1,"13526",,,16.18,0,,"Z001",,,,,,0,,30
"13526",,"02/24/26 00:00:00","6100",60,10,0,0,0,,,0,0,0,0,0,1173,341,0,1,"13526",,-1,,,10,"ABDUL",1,,,0,0,1,"01",0,0,,0,48440,1,"13526",,,5,0,,"Z001",,,,,,0,,10
"13526",,"02/24/26 00:00:00","241929",20,15,0,0,0,,,0,0,0,0,0,1174,341,0,1,"13526",,-1,,,11,"ABDUL",1,,,0,0,1,"01",0,0,,0,48440,1,"13526",,,7.59,0,,"Z001",,,,,,0,,15
"13526",,"02/24/26 00:00:00","6133",10,50,0,0,0,,,0,0,0,0,0,1178,341,0,1,"13526",,-1,,,12,"ABDUL",1,,,0,0,1,"01",0,0,,0,48440,1,"13526",,,10,0,,"Z001",,,,,,0,,50
"13526",,"02/24/26 00:00:00","5762",20,15,0,0,0,,,0,0,0,0,0,1180,341,0,1,"13526",,-1,,,13,"ABDUL",1,,,0,0,1,"01",0,0,,0,48440,1,"13526",,,5.59,0,,"Z001",,,,,,0,,15
"10626",,"02/02/26 00:00:00","1032",1,500,0,0,0,,,0,0,0,0,0,928,341,0,1,"10626",,-1,,,9,"RAYYAN",1,,,0,0,1,"01",0,0,,0,41380,1,"10626",,,100,0,,"Z001",,,,,,0,,500
"10726",,"02/03/26 00:00:00","6505",1,100,0,0,0,,,0,0,0,0,0,931,341,0,1,"10726",,-1,,,1,"RAYYAN",1,,,0,0,1,"01",0,0,,0,4150,1,"10726",,,29.83,0,,"Z001",,,,,,0,,100
"10726",,"02/03/26 00:00:00","5799",2,2000,0,0,0,,,0,0,0,0,0,932,341,0,1,"10726",,-1,,,2,"RAYYAN",1,,,0,0,1,"01",0,0,,0,4150,1,"10726",,,868.89,0,,"Z001",,,,,,0,,2000
"10726",,"02/03/26 00:00:00","6063",1,50,0,0,0,,,0,0,0,0,0,933,341,0,1,"10726",,-1,,,3,"RAYYAN",1,,,0,0,1,"01",0,0,,0,4150,1,"10726",,,9,0,,"Z001",,,,,,0,,50
"10826",,"02/04/26 00:00:00","6591",1,5000,0,0,0,,,0,0,0,0,0,936,341,0,1,"10826",,-1,,,1,"RAYYAN",1,,,0,0,1,"01",0,0,,0,5950,1,"10826",,,1376.86,0,,"Z001",,,,,,0,,5000
"10826",,"02/04/26 00:00:00","1549",1,300,0,0,0,,,0,0,0,0,0,937,341,0,1,"10826",,-1,,,2,"RAYYAN",1,,,0,0,1,"01",0,0,,0,5950,1,"10826",,,167,0,,"Z001",,,,,,0,,300
"10826",,"02/04/26 00:00:00","6616",2,250,0,0,0,,,0,0,0,0,0,938,341,0,1,"10826",,-1,,,3,"RAYYAN",1,,,0,0,1,"01",0,0,,0,5950,1,"10826",,,117.9,0,,"Z001",,,,,,0,,250
"10826",,"02/04/26 00:00:00","252043",1,150,0,0,0,,,0,0,0,0,0,939,341,0,1,"10826",,-1,,,4,"RAYYAN",1,,,0,0,1,"01",0,0,,0,5950,1,"10826",,,43,0,,"Z001",,,,,,0,,150
"9326",,"01/22/26 00:00:00","262072",1,35500,0,0,0,,,0,0,0,0,0,942,341,0,1,"9326",,-1,,,15,"RAYYAN",1,,,0,0,1,"01",0,0,,0,185030,1,"9326",,,10500,0,,"Z001",,,,,,0,,35500
"9326",,"01/22/26 00:00:00","5817",6,9500,0,0,0,,,0,0,0,0,0,943,341,0,1,"9326",,-1,,,16,"RAYYAN",1,,,0,0,1,"01",0,0,,0,185030,1,"9326",,,2200.16,0,,"Z001",,,,,,0,,9500
"10926",,"02/05/26 00:00:00","262070",1,36000,0,0,0,,,0,0,0,0,0,946,341,0,1,"10926",,-1,,,1,"ABDUL",1,,,0,0,1,"01",0,0,,0,89950,1,"10926",,,9561.110000000001,0,,"Z001",,,,,,0,,36000
"10926",,"02/05/26 00:00:00","6505",1,100,0,0,0,,,0,0,0,0,0,947,341,0,1,"10926",,-1,,,2,"ABDUL",1,,,0,0,1,"01",0,0,,0,89950,1,"10926",,,29.83,0,,"Z001",,,,,,0,,100
"10926",,"02/05/26 00:00:00","6511",1,3600,0,0,0,,,0,0,0,0,0,950,341,0,1,"10926",,-1,,,3,"ABDUL",1,,,0,0,1,"01",0,0,,0,89950,1,"10926",,,438.13,0,,"Z001",,,,,,0,,3600
"10926",,"02/05/26 00:00:00","1032",2,500,0,0,0,,,0,0,0,0,0,951,341,0,1,"10926",,-1,,,4,"ABDUL",1,,,0,0,1,"01",0,0,,0,89950,1,"10926",,,100,0,,"Z001",,,,,,0,,500
"10926",,"02/05/26 00:00:00","6365",1,100,0,0,0,,,0,0,0,0,0,952,341,0,1,"10926",,-1,,,5,"ABDUL",1,,,0,0,1,"01",0,0,,0,89950,1,"10926",,,99.39,0,,"Z001",,,,,,0,,100
"10926",,"02/05/26 00:00:00","6481",0,15500,2.5,200,0,,,0,0,0,0,0,953,341,0,1,"10926",,-1,,,6,"ABDUL",1,,,0,0,1,"01",0,0,,0,89950,1,"10926",,,0,52.04,,"Z001",,,,,,0,,15500
"10926",,"02/05/26 00:00:00","6063",1,50,0,0,0,,,0,0,0,0,0,954,341,0,1,"10926",,-1,,,7,"ABDUL",1,,,0,0,1,"01",0,0,,0,89950,1,"10926",,,9,0,,"Z001",,,,,,0,,50
"10926",,"02/05/26 00:00:00","6334",1,350,0,0,0,,,0,0,0,0,0,955,341,0,1,"10926",,-1,,,8,"ABDUL",1,,,0,0,1,"01",0,0,,0,89950,1,"10926",,,95,0,,"Z001",,,,,,0,,350
"10926",,"02/05/26 00:00:00","6098",1,50,0,0,0,,,0,0,0,0,0,957,341,0,1,"10926",,-1,,,9,"ABDUL",1,,,0,0,1,"01",0,0,,0,89950,1,"10926",,,22.45,0,,"Z001",,,,,,0,,50
"7626",,"01/02/26 00:00:00","252037",1,200,0,0,0,,,0,0,0,0,0,681,341,0,1,"7626",,-1,,,1,"RAYYAN",1,,,0,0,1,"01",0,0,,0,77040,1,"7626",,,-105,0,,"Z001",,,,,,0,,200
"7626",,"01/02/26 00:00:00","6616",1,200,0,0,0,,,0,0,0,0,0,682,341,0,1,"7626",,-1,,,2,"RAYYAN",1,,,0,0,1,"01",0,0,,0,77040,1,"7626",,,67.90000000000001,0,,"Z001",,,,,,0,,200
"7626",,"01/02/26 00:00:00","251963",1,8500,0,0,0,,,0,0,0,0,0,683,341,0,1,"7626",,-1,,,3,"RAYYAN",1,,,0,0,1,"01",0,0,,0,77040,1,"7626",,,3000,0,,"Z001",,,,,,0,,8500
"7626",,"01/02/26 00:00:00","5817",6,9600,0,0,0,,,0,0,0,0,0,684,341,0,1,"7626",,-1,,,4,"RAYYAN",1,,,0,0,1,"01",0,0,,0,77040,1,"7626",,,2306.1,0,,"Z001",,,,,,0,,9600
"7626",,"01/02/26 00:00:00","241910",0,25000,20,250,0,,,0,0,0,0,0,685,341,0,1,"7626",,-1,,,5,"RAYYAN",1,,,0,0,1,"01",0,0,,0,77040,1,"7626",,,0,232.97,,"Z001",,,,,,0,,25000
"7626",,"01/02/26 00:00:00","1010",0,1500,10,40,0,,,0,0,0,0,0,686,341,0,1,"7626",,-1,,,6,"RAYYAN",1,,,0,0,1,"01",0,0,,0,77040,1,"7626",,,0,40,,"Z001",,,,,,0,,1500
"7626",,"01/02/26 00:00:00","6030",1,100,0,0,0,,,0,0,0,0,0,687,341,0,1,"7626",,-1,,,7,"RAYYAN",1,,,0,0,1,"01",0,0,,0,77040,1,"7626",,,20,0,,"Z001",,,,,,0,,100
"7626",,"01/02/26 00:00:00","6591",1,5000,0,0,0,,,0,0,0,0,0,688,341,0,1,"7626",,-1,,,8,"RAYYAN",1,,,0,0,1,"01",0,0,,0,77040,1,"7626",,,1193.94,0,,"Z001",,,,,,0,,5000
"7626",,"01/02/26 00:00:00","6471",0,2950,1,40,0,,,0,0,0,0,0,689,341,0,1,"7626",,-1,,,9,"RAYYAN",1,,,0,0,1,"01",0,0,,0,77040,1,"7626",,,0,11.89,,"Z001",,,,,,0,,2950
"7726",,"01/03/26 00:00:00","6602",10,100,0,0,0,,,0,0,0,0,0,691,341,0,1,"7726",,-1,,,1,"ABDUL",1,,,0,0,1,"01",0,0,,0,2750,1,"7726",,,29.78,0,,"Z001",,,,,,0,,100
"7726",,"01/03/26 00:00:00","787",0,4300,2,75,0,,,0,0,0,0,0,692,341,0,1,"7726",,-1,,,2,"ABDUL",1,,,0,0,1,"01",0,0,,0,2750,1,"7726",,,0,29.49,,"Z001",,,,,,0,,4300
"7726",,"01/03/26 00:00:00","6505",1,100,0,0,0,,,0,0,0,0,0,693,341,0,1,"7726",,-1,,,3,"ABDUL",1,,,0,0,1,"01",0,0,,0,2750,1,"7726",,,29.83,0,,"Z001",,,,,,0,,100
"7726",,"01/03/26 00:00:00","791",1,1500,0,0,0,,,0,0,0,0,0,694,341,0,1,"7726",,-1,,,4,"ABDUL",1,,,0,0,1,"01",0,0,,0,2750,1,"7726",,,875,0,,"Z001",,,,,,0,,1500
"7826",,"01/06/26 00:00:00","6474",0,4750,30,60,0,,,0,0,0,0,0,696,341,0,1,"7826",,-1,,,1,"ABDUL",1,,,0,0,1,"01",0,0,,0,7450,1,"7826",,,0,12.71,,"Z001",,,,,,0,,4750
"7826",,"01/06/26 00:00:00","6333",1,350,0,0,0,,,0,0,0,0,0,697,341,0,1,"7826",,-1,,,2,"ABDUL",1,,,0,0,1,"01",0,0,,0,7450,1,"7826",,,120,0,,"Z001",,,,,,0,,350
"7826",,"01/06/26 00:00:00","6332",1,250,0,0,0,,,0,0,0,0,0,698,341,0,1,"7826",,-1,,,3,"ABDUL",1,,,0,0,1,"01",0,0,,0,7450,1,"7826",,,60,0,,"Z001",,,,,,0,,250
"7826",,"01/06/26 00:00:00","5969",2,30,0,0,0,,,0,0,0,0,0,699,341,0,1,"7826",,-1,,,4,"ABDUL",1,,,0,0,1,"01",0,0,,0,7450,1,"7826",,,13.89,0,,"Z001",,,,,,0,,30
"7826",,"01/06/26 00:00:00","6228",1,300,0,0,0,,,0,0,0,0,0,700,341,0,1,"7826",,-1,,,5,"ABDUL",1,,,0,0,1,"01",0,0,,0,7450,1,"7826",,,150,0,,"Z001",,,,,,0,,300
"7826",,"01/06/26 00:00:00","252009",4,230,0,0,0,,,0,0,0,0,0,703,341,0,1,"7826",,-1,,,6,"ABDUL",1,,,0,0,1,"01",0,0,,0,7450,1,"7826",,,37.05,0,,"Z001",,,,,,0,,230
"8526",,"01/14/26 00:00:00","6591",1,4500,0,0,0,,,0,0,0,0,0,739,341,0,1,"8526",,-1,,,1,"RAYYAN",1,,,0,0,1,"01",0,0,,0,6200,1,"8526",,,693.9400000000001,0,,"Z001",,,,,,0,,4500
"8526",,"01/14/26 00:00:00","6619",0,13000,2,200,0,,,0,0,0,0,0,740,341,0,1,"8526",,-1,,,2,"RAYYAN",1,,,0,0,1,"01",0,0,,0,6200,1,"8526",,,0,200,,"Z001",,,,,,0,,13000
"8526",,"01/14/26 00:00:00","6505",2,100,0,0,0,,,0,0,0,0,0,741,341,0,1,"8526",,-1,,,3,"RAYYAN",1,,,0,0,1,"01",0,0,,0,6200,1,"8526",,,29.83,0,,"Z001",,,,,,0,,100
"8526",,"01/14/26 00:00:00","6334",1,350,0,0,0,,,0,0,0,0,0,742,341,0,1,"8526",,-1,,,4,"RAYYAN",1,,,0,0,1,"01",0,0,,0,6200,1,"8526",,,95,0,,"Z001",,,,,,0,,350
"8526",,"01/14/26 00:00:00","6098",1,50,0,0,0,,,0,0,0,0,0,743,341,0,1,"8526",,-1,,,5,"RAYYAN",1,,,0,0,1,"01",0,0,,0,6200,1,"8526",,,22.45,0,,"Z001",,,,,,0,,50
"8526",,"01/14/26 00:00:00","6588",1,700,0,0,0,,,0,0,0,0,0,744,341,0,1,"8526",,-1,,,6,"RAYYAN",1,,,0,0,1,"01",0,0,,0,6200,1,"8526",,,400,0,,"Z001",,,,,,0,,700
"8626",,"01/15/26 00:00:00","201789",2,100,0,0,0,,,0,0,0,0,0,746,341,0,1,"8626",,-1,,,1,"RAYYAN",1,,,0,0,1,"01",0,0,,0,400,1,"8626",,,55,0,,"Z001",,,,,,0,,100
"8626",,"01/15/26 00:00:00","6616",1,200,0,0,0,,,0,0,0,0,0,747,341,0,1,"8626",,-1,,,2,"RAYYAN",1,,,0,0,1,"01",0,0,,0,400,1,"8626",,,67.90000000000001,0,,"Z001",,,,,,0,,200
"8726",,"01/16/26 00:00:00","6474",0,4750,30,60,0,,,0,0,0,0,0,749,341,0,1,"8726",,-1,,,1,"RAYYAN",1,,,0,0,1,"01",0,0,,0,5250,1,"8726",,,0,12.71,,"Z001",,,,,,0,,4750
"8726",,"01/16/26 00:00:00","251941",1,450,0,0,0,,,0,0,0,0,0,750,341,0,1,"8726",,-1,,,2,"RAYYAN",1,,,0,0,1,"01",0,0,,0,5250,1,"8726",,,125,0,,"Z001",,,,,,0,,450
"8726",,"01/16/26 00:00:00","251942",10,300,0,0,0,,,0,0,0,0,0,751,341,0,1,"8726",,-1,,,3,"RAYYAN",1,,,0,0,1,"01",0,0,,0,5250,1,"8726",,,73.79000000000001,0,,"Z001",,,,,,0,,300
"8826",,"01/20/26 00:00:00","252015",3,450,0,0,0,,,0,0,0,0,0,753,341,0,1,"8826",,-1,,,1,"RAYYAN",1,,,0,0,1,"01",0,0,,0,3480,1,"8826",,,104.99,0,,"Z001",,,,,,0,,450
"8826",,"01/20/26 00:00:00","6589",1,780,0,0,0,,,0,0,0,0,0,754,341,0,1,"8826",,-1,,,2,"RAYYAN",1,,,0,0,1,"01",0,0,,0,3480,1,"8826",,,210,0,,"Z001",,,,,,0,,780
"8826",,"01/20/26 00:00:00","836",4,350,0,0,0,,,0,0,0,0,3.571428571,755,341,0,1,"8826",,-1,,,3,"RAYYAN",1,,,0,0,1,"01",0,0,,0,3480,1,"8826",,,120,0,,"Z001",,,,,,0,,350
"8926",,"01/19/26 00:00:00","6099",1,150,0,0,0,,,0,0,0,0,0,757,341,0,1,"8926",,-1,,,1,"RAYYAN",1,,,0,0,1,"01",0,0,,0,15560,1,"8926",,,65,0,,"Z001",,,,,,0,,150
"8926",,"01/19/26 00:00:00","6587",1,200,0,0,0,,,0,0,0,0,0,762,341,0,1,"8926",,-1,,,2,"RAYYAN",1,,,0,0,1,"01",0,0,,0,15560,1,"8926",,,65,0,,"Z001",,,,,,0,,200
"8926",,"01/19/26 00:00:00","1032",2,500,0,0,0,,,0,0,0,0,0,763,341,0,1,"8926",,-1,,,3,"RAYYAN",1,,,0,0,1,"01",0,0,,0,15560,1,"8926",,,100,0,,"Z001",,,,,,0,,500
"8926",,"01/19/26 00:00:00","5969",2,30,0,0,0,,,0,0,0,0,0,764,341,0,1,"8926",,-1,,,4,"RAYYAN",1,,,0,0,1,"01",0,0,,0,15560,1,"8926",,,13.89,0,,"Z001",,,,,,0,,30
"10126",,"01/29/26 00:00:00","252005",1,35000,0,0,0,,,0,0,0,0,0,876,341,0,1,"10126",,-1,,,1,"ABDUL",1,,,0,0,1,"01",0,0,,0,91750,1,"10126",,,10500,0,,"Z001",,,,,,0,,35000
"10126",,"01/29/26 00:00:00","241910",0,25000,8,250,0,,,0,0,0,0,0,879,341,0,1,"10126",,-1,,,2,"ABDUL",1,,,0,0,1,"01",0,0,,0,91750,1,"10126",,,0,232.97,,"Z001",,,,,,0,,25000
"10126",,"01/29/26 00:00:00","973",1,1400,0,0,0,,,0,0,0,0,0,880,341,0,1,"10126",,-1,,,3,"ABDUL",1,,,0,0,1,"01",0,0,,0,91750,1,"10126",,,650,0,,"Z001",,,,,,0,,1400
"10126",,"01/29/26 00:00:00","252045",4,150,0,0,0,,,0,0,0,0,0,881,341,0,1,"10126",,-1,,,4,"ABDUL",1,,,0,0,1,"01",0,0,,0,91750,1,"10126",,,110.83,0,,"Z001",,,,,,0,,150
"10126",,"01/29/26 00:00:00","6505",6,91.666664,0,0,0,,,0,0,0,0,0,882,341,0,1,"10126",,-1,,,5,"ABDUL",1,,,0,0,1,"01",0,0,,0,91750,1,"10126",,,21.5,0,,"Z001",,,,,,0,,91.666664
"10126",,"01/29/26 00:00:00","252020",20,350,0,0,0,,,0,0,0,0,0,885,341,0,1,"10126",,-1,,,6,"ABDUL",1,,,0,0,1,"01",0,0,,0,91750,1,"10126",,,166.31,0,,"Z001",,,,,,0,,350
"10126",,"01/29/26 00:00:00","241912",2,300,0,0,0,,,0,0,0,0,0,886,341,0,1,"10126",,-1,,,7,"ABDUL",1,,,0,0,1,"01",0,0,,0,91750,1,"10126",,,233.43,0,,"Z001",,,,,,0,,300
"10126",,"01/29/26 00:00:00","6338",2,150,0,0,0,,,0,0,0,0,0,887,341,0,1,"10126",,-1,,,8,"ABDUL",1,,,0,0,1,"01",0,0,,0,91750,1,"10126",,,50,0,,"Z001",,,,,,0,,150
"10226",,"01/30/26 00:00:00","6505",1,100,0,0,0,,,0,0,0,0,0,892,341,0,1,"10226",,-1,,,1,"RAYYAN",1,,,0,0,1,"01",0,0,,0,6120,1,"10226",,,29.83,0,,"Z001",,,,,,0,,100
"10226",,"01/30/26 00:00:00","252045",2,100,0,0,0,,,0,0,0,0,0,893,341,0,1,"10226",,-1,,,2,"RAYYAN",1,,,0,0,1,"01",0,0,,0,6120,1,"10226",,,60.83,0,,"Z001",,,,,,0,,100
"10226",,"01/30/26 00:00:00","1037",1,300,0,0,0,,,0,0,0,0,0,894,341,0,1,"10226",,-1,,,3,"RAYYAN",1,,,0,0,1,"01",0,0,,0,6120,1,"10226",,,110,0,,"Z001",,,,,,0,,300
"10226",,"01/30/26 00:00:00","6025",1,100,0,0,0,,,0,0,0,0,0,895,341,0,1,"10226",,-1,,,4,"RAYYAN",1,,,0,0,1,"01",0,0,,0,6120,1,"10226",,,38.25,0,,"Z001",,,,,,0,,100
"10226",,"01/30/26 00:00:00","6365",8,2.5,0,0,0,,,0,0,0,0,0,896,341,0,1,"10226",,-1,,,5,"RAYYAN",1,,,0,0,1,"01",0,0,,0,6120,1,"10226",,,1.89,0,,"Z001",,,,,,0,,2.5
"10226",,"01/30/26 00:00:00","6591",1,5000,0,0,0,,,0,0,0,0,0,898,341,0,1,"10226",,-1,,,6,"RAYYAN",1,,,0,0,1,"01",0,0,,0,6120,1,"10226",,,1376.86,0,,"Z001",,,,,,0,,5000
"10226",,"01/30/26 00:00:00","251942",1,400,0,0,0,,,0,0,0,0,0,899,341,0,1,"10226",,-1,,,7,"RAYYAN",1,,,0,0,1,"01",0,0,,0,6120,1,"10226",,,186.9,0,,"Z001",,,,,,0,,400
"10326",,"01/31/26 00:00:00","6619",0,13000,2.5,200,0,,,0,1,0,0,0,902,10002,0,1,,,200,,,1,"RAYYAN",1,,,0,0,1,"01",0,0,,0,0,1,"10326",,,0,200,,"Z001",,,,,,0,,13000
"10326",,"01/31/26 00:00:00","6063",1,50,0,0,0,,,0,1,0,0,0,903,10002,0,1,,,200,,,2,"RAYYAN",1,,,0,0,1,"01",0,0,,0,0,1,"10326",,,9,0,,"Z001",,,,,,0,,50
"10426",,"01/31/26 00:00:00","251972",1,7500,0,0,0,,,0,0,0,0,0,905,341,0,1,"10426",,-1,,,1,"RAYYAN",1,,,0,0,1,"01",0,0,,0,11850,1,"10426",,,1310.63,0,,"Z001",,,,,,0,,7500
"10426",,"01/31/26 00:00:00","6338",1,150,0,0,0,,,0,0,0,0,0,907,341,0,1,"10426",,-1,,,2,"RAYYAN",1,,,0,0,1,"01",0,0,,0,11850,1,"10426",,,50,0,,"Z001",,,,,,0,,150
"10426",,"01/31/26 00:00:00","6619",0,13000,5,200,0,,,0,0,0,0,0,908,341,0,1,"10426",,-1,,,3,"RAYYAN",1,,,0,0,1,"01",0,0,,0,11850,1,"10426",,,0,200,,"Z001",,,,,,0,,13000
"18526",,"04/07/26 00:00:00","5817",2,11000,0,0,0,,,0,0,0,0,0,1644,341,0,1,"18526",,-1,,,11,"RAYYAN",1,,,0,0,1,"01",0,0,,0,58680,1,"18526",,,3507.88,0,,"Z001",,,,,,0,,11000
"18626",,"04/08/26 00:00:00","6466",2,400,0,0,0,,,0,0,0,0,0,1646,341,0,1,"18626",,-1,,,1,"RAYYAN",1,,,0,0,1,"01",0,0,,0,4380,1,"18626",,,150,0,,"Z001",,,,,,0,,400
"18626",,"04/08/26 00:00:00","1032",1,500,0,0,0,,,0,0,0,0,0,1647,341,0,1,"18626",,-1,,,2,"RAYYAN",1,,,0,0,1,"01",0,0,,0,4380,1,"18626",,,111.11,0,,"Z001",,,,,,0,,500
"18626",,"04/08/26 00:00:00","252066",1,30,0,0,0,,,0,0,0,0,0,1648,341,0,1,"18626",,-1,,,3,"RAYYAN",1,,,0,0,1,"01",0,0,,0,4380,1,"18626",,,17,0,,"Z001",,,,,,0,,30
"18626",,"04/08/26 00:00:00","251941",7,350,0,0,0,,,0,0,0,0,0,1649,341,0,1,"18626",,-1,,,4,"RAYYAN",1,,,0,0,1,"01",0,0,,0,4380,1,"18626",,,60,0,,"Z001",,,,,,0,,350
"18626",,"04/08/26 00:00:00","262104",6,100,0,0,0,,,0,0,0,0,0,1650,341,0,1,"18626",,-1,,,5,"RAYYAN",1,,,0,0,1,"01",0,0,,0,4380,1,"18626",,,60,0,,"Z001",,,,,,0,,100
"18726",,"04/09/26 00:00:00","262144",1,52000,0,0,0,,,0,0,0,0,0,1652,341,0,1,"18726",,-1,,,1,"RAYYAN",1,,,0,0,1,"01",0,0,,0,171380,1,"18726",,,12000,0,,"Z001",,,,,,0,,52000
"18726",,"04/09/26 00:00:00","6621",1,4100,0,0,0,,,0,0,0,0,0,1653,341,0,1,"18726",,-1,,,2,"RAYYAN",1,,,0,0,1,"01",0,0,,0,171380,1,"18726",,,2000,0,,"Z001",,,,,,0,,4100
"18726",,"04/09/26 00:00:00","6338",3,150,0,0,0,,,0,0,0,0,0,1654,341,0,1,"18726",,-1,,,3,"RAYYAN",1,,,0,0,1,"01",0,0,,0,171380,1,"18726",,,50,0,,"Z001",,,,,,0,,150
"18726",,"04/09/26 00:00:00","6619",0,13500,2,175,0,,,0,0,0,0,0,1655,341,0,1,"18726",,-1,,,4,"RAYYAN",1,,,0,0,1,"01",0,0,,0,171380,1,"18726",,,0,49.06,,"Z001",,,,,,0,,13500
"18726",,"04/09/26 00:00:00","6505",5,100,0,0,0,,,0,0,0,0,0,1656,341,0,1,"18726",,-1,,,5,"RAYYAN",1,,,0,0,1,"01",0,0,,0,171380,1,"18726",,,29.83,0,,"Z001",,,,,,0,,100
"18726",,"04/09/26 00:00:00","252066",1,40,0,0,0,,,0,0,0,0,0,1657,341,0,1,"18726",,-1,,,6,"RAYYAN",1,,,0,0,1,"01",0,0,,0,171380,1,"18726",,,27,0,,"Z001",,,,,,0,,40
"18726",,"04/09/26 00:00:00","252015",2,550,0,0,0,,,0,0,0,0,0,1658,341,0,1,"18726",,-1,,,7,"RAYYAN",1,,,0,0,1,"01",0,0,,0,171380,1,"18726",,,204.99,0,,"Z001",,,,,,0,,550
"18726",,"04/09/26 00:00:00","262072",1,38000,0,0,0,,,0,0,0,0,0,1659,341,0,1,"18726",,-1,,,8,"RAYYAN",1,,,0,0,1,"01",0,0,,0,171380,1,"18726",,,13000,0,,"Z001",,,,,,0,,38000
"18726",,"04/09/26 00:00:00","5817",6,11000,0,0,0,,,0,0,0,0,0,1660,341,0,1,"18726",,-1,,,9,"RAYYAN",1,,,0,0,1,"01",0,0,,0,171380,1,"18726",,,3507.88,0,,"Z001",,,,,,0,,11000
"18726",,"04/09/26 00:00:00","973",1,1500,0,0,0,,,0,0,0,0,0,1661,341,0,1,"18726",,-1,,,10,"RAYYAN",1,,,0,0,1,"01",0,0,,0,171380,1,"18726",,,750,0,,"Z001",,,,,,0,,1500
"18726",,"04/09/26 00:00:00","241910",0,25000,10,250,0,,,0,0,0,0,0,1662,341,0,1,"18726",,-1,,,11,"RAYYAN",1,,,0,0,1,"01",0,0,,0,171380,1,"18726",,,0,232.97,,"Z001",,,,,,0,,25000
"18726",,"04/09/26 00:00:00","252059",1,4800,0,0,0,,,0,0,0,0,0,1663,341,0,1,"18726",,-1,,,12,"RAYYAN",1,,,0,0,1,"01",0,0,,0,171380,1,"18726",,,1821,0,,"Z001",,,,,,0,,4800
"18726",,"04/09/26 00:00:00","5969",1,40,0,0,0,,,0,0,0,0,0,1664,341,0,1,"18726",,-1,,,13,"RAYYAN",1,,,0,0,1,"01",0,0,,0,171380,1,"18726",,,22.02,0,,"Z001",,,,,,0,,40
"10426",,"01/31/26 00:00:00","6334",2,350,0,0,0,,,0,0,0,0,0,909,341,0,1,"10426",,-1,,,4,"RAYYAN",1,,,0,0,1,"01",0,0,,0,11850,1,"10426",,,95,0,,"Z001",,,,,,0,,350
"10426",,"01/31/26 00:00:00","6098",2,50,0,0,0,,,0,0,0,0,0,910,341,0,1,"10426",,-1,,,5,"RAYYAN",1,,,0,0,1,"01",0,0,,0,11850,1,"10426",,,22.45,0,,"Z001",,,,,,0,,50
"10426",,"01/31/26 00:00:00","1032",1,500,0,0,0,,,0,0,0,0,0,911,341,0,1,"10426",,-1,,,6,"RAYYAN",1,,,0,0,1,"01",0,0,,0,11850,1,"10426",,,100,0,,"Z001",,,,,,0,,500
"10426",,"01/31/26 00:00:00","5970",2,100,0,0,0,,,0,0,0,0,0,912,341,0,1,"10426",,-1,,,7,"RAYYAN",1,,,0,0,1,"01",0,0,,0,11850,1,"10426",,,25,0,,"Z001",,,,,,0,,100
"10426",,"01/31/26 00:00:00","6505",2,100,0,0,0,,,0,0,0,0,0,913,341,0,1,"10426",,-1,,,8,"RAYYAN",1,,,0,0,1,"01",0,0,,0,11850,1,"10426",,,29.83,0,,"Z001",,,,,,0,,100
"10426",,"01/31/26 00:00:00","6365",1,100,0,0,0,,,0,0,0,0,0,914,341,0,1,"10426",,-1,,,9,"RAYYAN",1,,,0,0,1,"01",0,0,,0,11850,1,"10426",,,99.39,0,,"Z001",,,,,,0,,100
"10426",,"01/31/26 00:00:00","6481",0,15500,7,200,0,,,0,0,0,0,0,915,341,0,1,"10426",,-1,,,10,"RAYYAN",1,,,0,0,1,"01",0,0,,0,11850,1,"10426",,,0,52.04,,"Z001",,,,,,0,,15500
"10526",,"02/02/26 00:00:00","6477",0,21000,4,280,0,,,0,1,0,0,0,917,10002,0,1,,,198,,,1,"RAYYAN",1,,,0,0,1,"01",0,0,,0,0,1,"10526",,,0,156.54,,"Z001",,,,,,0,,21000
"10626",,"02/02/26 00:00:00","251999",1,400,0,0,0,,,0,0,0,0,0,919,341,0,1,"10626",,-1,,,1,"RAYYAN",1,,,0,0,1,"01",0,0,,0,41380,1,"10626",,,115,0,,"Z001",,,,,,0,,400
"10626",,"02/02/26 00:00:00","252027",2,500,0,0,0,,,0,0,0,0,0,920,341,0,1,"10626",,-1,,,2,"RAYYAN",1,,,0,0,1,"01",0,0,,0,41380,1,"10626",,,200,0,,"Z001",,,,,,0,,500
"10626",,"02/02/26 00:00:00","251946",1,1000,0,0,0,,,0,0,0,0,0,921,341,0,1,"10626",,-1,,,3,"RAYYAN",1,,,0,0,1,"01",0,0,,0,41380,1,"10626",,,175.42,0,,"Z001",,,,,,0,,1000
"10626",,"02/02/26 00:00:00","1288",1,10500,0,0,0,,,0,0,0,0,0,922,341,0,1,"10626",,-1,,,4,"RAYYAN",1,,,0,0,1,"01",0,0,,0,41380,1,"10626",,,800,0,,"Z001",,,,,,0,,10500
"10626",,"02/02/26 00:00:00","1471",2,12400,0,0,0,,,0,0,0,0,0,923,341,0,1,"10626",,-1,,,5,"RAYYAN",1,,,0,0,1,"01",0,0,,0,41380,1,"10626",,,1600,0,,"Z001",,,,,,0,,12400
"10626",,"02/02/26 00:00:00","251991",0.079999998,1000,0,0,0,,,0,0,0,0,0,924,341,0,1,"10626",,-1,,,6,"RAYYAN",1,,,0,0,1,"01",0,0,,0,41380,1,"10626",,,833.33,0,,"Z001",,,,,,0,,1000
"10626",,"02/02/26 00:00:00","6471",1,3000,0,34.439999,0,,,0,0,0,0,0,925,341,0,1,"10626",,-1,,,7,"RAYYAN",1,,,0,0,1,"01",0,0,,0,41380,1,"10626",,,470.42,0,,"Z001",,,,,,0,,3000
"10626",,"02/02/26 00:00:00","6030",1,100,0,0,0,,,0,0,0,0,0,926,341,0,1,"10626",,-1,,,8,"RAYYAN",1,,,0,0,1,"01",0,0,,0,41380,1,"10626",,,20,0,,"Z001",,,,,,0,,100
"10926",,"02/05/26 00:00:00","6587",1,200,0,0,0,,,0,0,0,0,0,960,341,0,1,"10926",,-1,,,10,"ABDUL",1,,,0,0,1,"01",0,0,,0,89950,1,"10926",,,65,0,,"Z001",,,,,,0,,200
"10926",,"02/05/26 00:00:00","252003",2,24000,0,0,0,,,0,0,0,0,0,962,341,0,1,"10926",,-1,,,11,"ABDUL",1,,,0,0,1,"01",0,0,,0,89950,1,"10926",,,9550,0,,"Z001",,,,,,0,,24000
"11026",,"02/06/26 00:00:00","211864",1,6000,0,0,0,,,0,0,0,0,0,964,341,0,1,"11026",,-1,,,1,"RAYYAN",1,,,0,0,1,"01",0,0,,0,176150,1,"11026",,,773.97,0,,"Z001",,,,,,0,,6000
"11026",,"02/06/26 00:00:00","6585",1,150,0,0,0,,,0,0,0,0,0,967,341,0,1,"11026",,-1,,,3,"RAYYAN",1,,,0,0,1,"01",0,0,,0,176150,1,"11026",,,25,0,,"Z001",,,,,,0,,150
"11026",,"02/06/26 00:00:00","241926",1,100000,0,0,0,,,0,0,0,0,0,968,341,0,1,"11026",,-1,,,4,"RAYYAN",1,,,0,0,1,"01",0,0,,0,176150,1,"11026",,,13340.32,0,,"Z001",,,,,,0,,100000
"11026",,"02/06/26 00:00:00","771",1,50000,0,0,0,,,0,0,0,0,0,969,341,0,1,"11026",,-1,,,5,"RAYYAN",1,,,0,0,1,"01",0,0,,0,176150,1,"11026",,,13857.14,0,,"Z001",,,,,,0,,50000
"11126",,"02/07/26 00:00:00","1032",2,500,0,0,0,,,0,0,0,0,0,972,341,0,1,"11126",,-1,,,1,"RAYYAN",1,,,0,0,1,"01",0,0,,0,2880,1,"11126",,,100,0,,"Z001",,,,,,0,,500
"11126",,"02/07/26 00:00:00","252063",1,280,0,0,0,,,0,0,0,0,0,973,341,0,1,"11126",,-1,,,2,"RAYYAN",1,,,0,0,1,"01",0,0,,0,2880,1,"11126",,,100,0,,"Z001",,,,,,0,,280
"11126",,"02/07/26 00:00:00","252009",6,233.3333,0,0,0,,,0,0,0,0,0,975,341,0,1,"11126",,-1,,,3,"RAYYAN",1,,,0,0,1,"01",0,0,,0,2880,1,"11126",,,40.38,0,,"Z001",,,,,,0,,233.3333
"11126",,"02/07/26 00:00:00","862",1,200,0,0,0,,,0,0,0,0,0,977,341,0,1,"11126",,-1,,,4,"RAYYAN",1,,,0,0,1,"01",0,0,,0,2880,1,"11126",,,80,0,,"Z001",,,,,,0,,200
"11326",,"02/09/26 00:00:00","973",1,1400,0,0,0,,,0,0,0,0,0,984,341,0,1,"11326",,-1,,,1,"RAYYAN",1,,,0,0,1,"01",0,0,,0,3050,1,"11326",,,650,0,,"Z001",,,,,,0,,1400
"11326",,"02/09/26 00:00:00","6479",0,11500,10,150,0,,,0,0,0,0,0,985,341,0,1,"11326",,-1,,,2,"RAYYAN",1,,,0,0,1,"01",0,0,,0,3050,1,"11326",,,0,150,,"Z001",,,,,,0,,11500
"11326",,"02/09/26 00:00:00","6063",3,50,0,0,0,,,0,0,0,0,0,987,341,0,1,"11326",,-1,,,3,"RAYYAN",1,,,0,0,1,"01",0,0,,0,3050,1,"11326",,,9,0,,"Z001",,,,,,0,,50
"11426",,"01/05/26 00:00:00","6477",0,21000,54,220,0,,,0,0,0,0,0,989,355,0,1,,,-1,,,1,"RAYYAN",1,,,0,0,1,"01",0,0,,0,0,1,"11426",,,0,96.54000000000001,,"Z001",,,,,,0,,21000
"11426",,"01/05/26 00:00:00","1010",0,1500,4,70,0,,,0,0,0,0,0,990,355,0,1,,,-1,,,2,"RAYYAN",1,,,0,0,1,"01",0,0,,0,0,1,"11426",,,0,70,,"Z001",,,,,,0,,1500
"11426",,"01/05/26 00:00:00","1045",0,1700,4,50,0,,,0,0,0,0,0,991,355,0,1,,,-1,,,3,"RAYYAN",1,,,0,0,1,"01",0,0,,0,0,1,"11426",,,0,50,,"Z001",,,,,,0,,1700
"11526",,"02/10/26 00:00:00","6025",1,100,0,0,0,,,0,0,0,0,0,994,341,0,1,"11526",,-1,,,1,"ABDUL",1,,,0,0,1,"01",0,0,,0,4550,1,"11526",,,38.25,0,,"Z001",,,,,,0,,100
"11526",,"02/10/26 00:00:00","6619",0,13000,1.5,200,0,,,0,0,0,0,0,995,341,0,1,"11526",,-1,,,2,"ABDUL",1,,,0,0,1,"01",0,0,,0,4550,1,"11526",,,0,200,,"Z001",,,,,,0,,13000
"11526",,"02/10/26 00:00:00","6338",1,150,0,0,0,,,0,0,0,0,0,996,341,0,1,"11526",,-1,,,3,"ABDUL",1,,,0,0,1,"01",0,0,,0,4550,1,"11526",,,50,0,,"Z001",,,,,,0,,150
"11526",,"02/10/26 00:00:00","6505",2,100,0,0,0,,,0,0,0,0,0,997,341,0,1,"11526",,-1,,,4,"ABDUL",1,,,0,0,1,"01",0,0,,0,4550,1,"11526",,,29.83,0,,"Z001",,,,,,0,,100
"15026",,"03/07/26 00:00:00","251942",3,316.67001,0,0,0,,,0,0,0,0,0,1315,341,0,1,"15026",,-1,,,1,"ABDUL",1,,,0,0,1,"01",0,0,,0,44720.01,1,"15026",,,99.73,0,,"Z001",,,,,,0,,316.67001
"15026",,"03/07/26 00:00:00","6477",1,23000,0,255.56,0,,,0,0,0,0,0,1316,341,0,1,"15026",,-1,,,2,"ABDUL",1,,,0,0,1,"01",0,0,,0,44720.01,1,"15026",,,5715.54,0,,"Z001",,,,,,0,,23000
"11526",,"02/10/26 00:00:00","6591",1,3800,0,0,0,,,0,0,0,0,0,1020,341,0,1,"11526",,-1,,,5,"ABDUL",1,,,0,0,1,"01",0,0,,0,4550,1,"11526",,,176.86,0,,"Z001",,,,,,0,,3800
"11926",,"02/12/26 00:00:00","1032",4,500,0,0,0,,,0,0,0,0,0,1024,341,0,1,"11926",,-1,,,1,"RAYYAN",1,,,0,0,1,"01",0,0,,0,72600,1,"11926",,,100,0,,"Z001",,,,,,0,,500
"11926",,"02/12/26 00:00:00","6591",1,5000,0,0,0,,,0,0,0,0,0,1025,341,0,1,"11926",,-1,,,2,"RAYYAN",1,,,0,0,1,"01",0,0,,0,72600,1,"11926",,,1376.86,0,,"Z001",,,,,,0,,5000
"11926",,"02/12/26 00:00:00","6030",1,100,0,0,0,,,0,0,0,0,0,1026,341,0,1,"11926",,-1,,,3,"RAYYAN",1,,,0,0,1,"01",0,0,,0,72600,1,"11926",,,20,0,,"Z001",,,,,,0,,100
"11926",,"02/12/26 00:00:00","6620",0,20000,5,250,0,,,0,0,0,0,0,1027,341,0,1,"11926",,-1,,,4,"RAYYAN",1,,,0,0,1,"01",0,0,,0,72600,1,"11926",,,0,72.22,,"Z001",,,,,,0,,20000
"11926",,"02/12/26 00:00:00","241910",0,25000,30,250,0,,,0,0,0,0,0,1028,341,0,1,"11926",,-1,,,5,"RAYYAN",1,,,0,0,1,"01",0,0,,0,72600,1,"11926",,,0,232.97,,"Z001",,,,,,0,,25000
"11926",,"02/12/26 00:00:00","6505",2,100,0,0,0,,,0,0,0,0,0,1029,341,0,1,"11926",,-1,,,6,"RAYYAN",1,,,0,0,1,"01",0,0,,0,72600,1,"11926",,,29.83,0,,"Z001",,,,,,0,,100
"11926",,"02/12/26 00:00:00","252049",1,21000,0,0,0,,,0,0,0,0,6.6666667,1030,341,0,1,"11926",,-1,,,7,"RAYYAN",1,,,0,0,1,"01",0,0,,0,72600,1,"11926",,,7650,0,,"Z001",,,,,,0,,21000
"11926",,"02/12/26 00:00:00","5817",2,11000,0,0,0,,,0,0,0,0,0,1031,341,0,1,"11926",,-1,,,8,"RAYYAN",1,,,0,0,1,"01",0,0,,0,72600,1,"11926",,,3700.16,0,,"Z001",,,,,,0,,11000
"11926",,"02/12/26 00:00:00","252020",34,350,0,0,0,,,0,0,0,0,0,1032,341,0,1,"11926",,-1,,,9,"RAYYAN",1,,,0,0,1,"01",0,0,,0,72600,1,"11926",,,166.31,0,,"Z001",,,,,,0,,350
"11926",,"02/12/26 00:00:00","973",1,1500,0,0,0,,,0,0,0,0,0,1033,341,0,1,"11926",,-1,,,10,"RAYYAN",1,,,0,0,1,"01",0,0,,0,72600,1,"11926",,,750,0,,"Z001",,,,,,0,,1500
"11926",,"02/12/26 00:00:00","252043",7,150,0,0,0,,,0,0,0,0,0,1034,341,0,1,"11926",,-1,,,11,"RAYYAN",1,,,0,0,1,"01",0,0,,0,72600,1,"11926",,,43,0,,"Z001",,,,,,0,,150
"11926",,"02/12/26 00:00:00","251941",1,500,0,0,0,,,0,0,0,0,0,1035,341,0,1,"11926",,-1,,,12,"RAYYAN",1,,,0,0,1,"01",0,0,,0,72600,1,"11926",,,175,0,,"Z001",,,,,,0,,500
"12026",,"02/13/26 00:00:00","6616",1,200,0,0,0,,,0,0,0,0,0,1037,341,0,1,"12026",,-1,,,1,"RAYYAN",1,,,0,0,1,"01",0,0,,0,500,1,"12026",,,67.90000000000001,0,,"Z001",,,,,,0,,200
"12026",,"02/13/26 00:00:00","252042",1,100,0,0,0,,,0,0,0,0,0,1038,341,0,1,"12026",,-1,,,2,"RAYYAN",1,,,0,0,1,"01",0,0,,0,500,1,"12026",,,22,0,,"Z001",,,,,,0,,100
"12026",,"02/13/26 00:00:00","6505",1,100,0,0,0,,,0,0,0,0,0,1039,341,0,1,"12026",,-1,,,3,"RAYYAN",1,,,0,0,1,"01",0,0,,0,500,1,"12026",,,29.83,0,,"Z001",,,,,,0,,100
"12026",,"02/13/26 00:00:00","6602",1,100,0,0,0,,,0,0,0,0,0,1040,341,0,1,"12026",,-1,,,4,"RAYYAN",1,,,0,0,1,"01",0,0,,0,500,1,"12026",,,29.78,0,,"Z001",,,,,,0,,100
"12126",,"02/14/26 00:00:00","5817",4,11000,0,0,0,,,0,0,0,0,0,1042,341,0,1,"12126",,-1,,,1,"RAYYAN",1,,,0,0,1,"01",0,0,,0,71610,1,"12126",,,3700.16,0,,"Z001",,,,,,0,,11000
"12126",,"02/14/26 00:00:00","6567",1,4760,0,0,0,,,0,0,0,0,0,1043,341,0,1,"12126",,-1,,,2,"RAYYAN",1,,,0,0,1,"01",0,0,,0,71610,1,"12126",,,2000,0,,"Z001",,,,,,0,,4760
"11026",,"02/06/26 00:00:00","5817",2,10000,0,0,0,,,0,0,0,0,0,965,341,0,1,"11026",,-1,,,2,"RAYYAN",1,,,0,0,1,"01",0,0,,0,176150,1,"11026",,,2700.16,0,,"Z001",,,,,,0,,10000
"11626",,"02/11/26 00:00:00","241910",0,25000,20,250,0,,,0,0,0,0,0,999,365,0,1,"11626",,-1,,,1,"RAYYAN",1,,,0,0,1,"01",0,0,,0,55450,1,"11626",,,0,232.97,,"Z001",,,,,,0,,25000
"11626",,"02/11/26 00:00:00","251957",1,2500,0,0,0,,,0,0,0,0,0,1000,365,0,1,"11626",,-1,,,2,"RAYYAN",1,,,0,0,1,"01",0,0,,0,55450,1,"11626",,,1314.63,0,,"Z001",,,,,,0,,2500
"11626",,"02/11/26 00:00:00","221881",0,0,7,50,0,,,0,0,0,0,0,1001,365,0,1,"11626",,-1,,,3,"RAYYAN",1,,,0,0,1,"01",0,0,,0,55450,1,"11626",,,0,50,,"Z001",,,,,,0,,0
"11626",,"02/11/26 00:00:00","201789",8,100,0,0,0,,,0,0,0,0,0,1002,365,0,1,"11626",,-1,,,4,"RAYYAN",1,,,0,0,1,"01",0,0,,0,55450,1,"11626",,,55,0,,"Z001",,,,,,0,,100
"11626",,"02/11/26 00:00:00","252052",1,3000,0,0,0,,,0,0,0,0,0,1003,365,0,1,"11626",,-1,,,5,"RAYYAN",1,,,0,0,1,"01",0,0,,0,55450,1,"11626",,,2346.43,0,,"Z001",,,,,,0,,3000
"11626",,"02/11/26 00:00:00","251954",0,0,3,850,0,,,0,0,0,0,0,1004,365,0,1,"11626",,-1,,,6,"RAYYAN",1,,,0,0,1,"01",0,0,,0,55450,1,"11626",,,0,300,,"Z001",,,,,,0,,0
"11626",,"02/11/26 00:00:00","251938",1,3500,0,0,0,,,0,0,0,0,0,1005,365,0,1,"11626",,-1,,,7,"RAYYAN",1,,,0,0,1,"01",0,0,,0,55450,1,"11626",,,1994.33,0,,"Z001",,,,,,0,,3500
"11626",,"02/11/26 00:00:00","6358",3,250,0,0,0,,,0,0,0,0,0,1006,365,0,1,"11626",,-1,,,8,"RAYYAN",1,,,0,0,1,"01",0,0,,0,55450,1,"11626",,,130,0,,"Z001",,,,,,0,,250
"11626",,"02/11/26 00:00:00","5832",1,300,0,0,0,,,0,0,0,0,0,1007,365,0,1,"11626",,-1,,,9,"RAYYAN",1,,,0,0,1,"01",0,0,,0,55450,1,"11626",,,167.92,0,,"Z001",,,,,,0,,300
"11626",,"02/11/26 00:00:00","231903",1,350,0,0,0,,,0,0,0,0,0,1008,365,0,1,"11626",,-1,,,10,"RAYYAN",1,,,0,0,1,"01",0,0,,0,55450,1,"11626",,,348.91,0,,"Z001",,,,,,0,,350
"11626",,"02/11/26 00:00:00","5817",3,12000,0,0,0,,,0,0,0,0,0,1009,365,0,1,"11626",,-1,,,11,"RAYYAN",1,,,0,0,1,"01",0,0,,0,55450,1,"11626",,,4700.16,0,,"Z001",,,,,,0,,12000
"11626",,"02/11/26 00:00:00","241912",1,350,0,0,0,,,0,0,0,0,0,1010,365,0,1,"11626",,-1,,,12,"RAYYAN",1,,,0,0,1,"01",0,0,,0,55450,1,"11626",,,283.43,0,,"Z001",,,,,,0,,350
"11726",,"02/12/26 00:00:00","251942",4,400,0,0,0,,,0,1,0,0,0,1012,10002,0,1,,,188,,,1,"ABDUL",1,,,0,0,1,"01",0,0,,0,0,1,"11726",,,186.9,0,,"Z001",,,,,,0,,400
"11726",,"02/12/26 00:00:00","6586",2,200,0,0,0,,,0,1,0,0,0,1013,10002,0,1,,,188,,,2,"ABDUL",1,,,0,0,1,"01",0,0,,0,0,1,"11726",,,40,0,,"Z001",,,,,,0,,200
"11726",,"02/12/26 00:00:00","6616",1,250,0,0,0,,,0,1,0,0,0,1014,10002,0,1,,,188,,,3,"ABDUL",1,,,0,0,1,"01",0,0,,0,0,1,"11726",,,117.9,0,,"Z001",,,,,,0,,250
"11826",,"02/11/26 00:00:00","252061",2,100,0,0,0,,,0,0,0,0,0,1016,341,0,1,"11826",,-1,,,1,"RAYYAN",1,,,0,0,1,"01",0,0,,0,1500,1,"11826",,,30,0,,"Z001",,,,,,0,,100
"11826",,"02/11/26 00:00:00","241923",2,450,0,0,0,,,0,0,0,0,0,1017,341,0,1,"11826",,-1,,,2,"RAYYAN",1,,,0,0,1,"01",0,0,,0,1500,1,"11826",,,170,0,,"Z001",,,,,,0,,450
"11826",,"02/11/26 00:00:00","251942",1,400,0,0,0,,,0,0,0,0,0,1018,341,0,1,"11826",,-1,,,3,"RAYYAN",1,,,0,0,1,"01",0,0,,0,1500,1,"11826",,,186.9,0,,"Z001",,,,,,0,,400
"12126",,"02/14/26 00:00:00","6591",2,4000,0,0,0,,,0,0,0,0,0,1064,341,0,1,"12126",,-1,,,14,"RAYYAN",1,,,0,0,1,"01",0,0,,0,71610,1,"12126",,,517.25,0,,"Z001",,,,,,0,,4000
"12326",,"02/17/26 00:00:00","6063",1,50,0,0,0,,,0,1,0,0,0,1066,10002,0,1,,,183,,,3,"RAYYAN",1,,,0,0,1,"01",0,0,,0,0,1,"12326",,,9,0,,"Z001",,,,,,0,,50
"12326",,"02/17/26 00:00:00","791",1,1500,0,0,0,,,0,1,0,0,0,1067,10002,0,1,,,183,,,4,"RAYYAN",1,,,0,0,1,"01",0,0,,0,0,1,"12326",,,875,0,,"Z001",,,,,,0,,1500
"12426",,"01/08/26 00:00:00","6554",2,16250,0,0,0,,,0,0,0,0,0,1069,365,0,1,"12426",,-1,,,1,"RAYYAN",1,,,0,0,1,"01",0,0,,0,200433,1,"12426",,,0,0,,"Z001",,,,,,0,,16250
"12426",,"01/08/26 00:00:00","241910",12,10220,0,250,0,,,0,0,0,0,0,1070,365,0,1,"12426",,-1,,,2,"RAYYAN",1,,,0,0,1,"01",0,0,,0,200433,1,"12426",,,0.05,0,,"Z001",,,,,,0,,10220
"12426",,"01/08/26 00:00:00","241918",30,654,0,0,0,,,0,0,0,0,0,1071,365,0,1,"12426",,-1,,,3,"RAYYAN",1,,,0,0,1,"01",0,0,,0,200433,1,"12426",,,0.43,0,,"Z001",,,,,,0,,654
"12426",,"01/08/26 00:00:00","252052",12,654,0,0,0,,,0,0,0,0,0,1072,365,0,1,"12426",,-1,,,4,"RAYYAN",1,,,0,0,1,"01",0,0,,0,200433,1,"12426",,,0.43,0,,"Z001",,,,,,0,,654
"12426",,"01/08/26 00:00:00","251938",5,1506,0,0,0,,,0,0,0,0,0,1073,365,0,1,"12426",,-1,,,5,"RAYYAN",1,,,0,0,1,"01",0,0,,0,200433,1,"12426",,,0.33,0,,"Z001",,,,,,0,,1506
"12426",,"01/08/26 00:00:00","251953",5,719,0,0,0,,,0,0,0,0,0,1074,365,0,1,"12426",,-1,,,6,"RAYYAN",1,,,0,0,1,"01",0,0,,0,200433,1,"12426",,,0.63,0,,"Z001",,,,,,0,,719
"12426",,"01/08/26 00:00:00","241912",100,67,0,0,0,,,0,0,0,0,0,1075,365,0,1,"12426",,-1,,,7,"RAYYAN",1,,,0,0,1,"01",0,0,,0,200433,1,"12426",,,0.43,0,,"Z001",,,,,,0,,67
"12526",,"02/17/26 00:00:00","1037",1,300,0,0,0,,,0,0,0,0,0,1080,341,0,1,"12526",,-1,,,1,"RAYYAN",1,,,0,0,1,"01",0,0,,0,13350,1,"12526",,,110,0,,"Z001",,,,,,0,,300
"12526",,"02/17/26 00:00:00","5812",1,10000,0,0,0,,,0,0,0,0,0,1081,341,0,1,"12526",,-1,,,2,"RAYYAN",1,,,0,0,1,"01",0,0,,0,13350,1,"12526",,,2074.94,0,,"Z001",,,,,,0,,10000
"12526",,"02/17/26 00:00:00","1716",1,2600,0,0,0,,,0,0,0,0,0,1082,341,0,1,"12526",,-1,,,3,"RAYYAN",1,,,0,0,1,"01",0,0,,0,13350,1,"12526",,,736,0,,"Z001",,,,,,0,,2600
"12526",,"02/17/26 00:00:00","6099",3,150,0,0,0,,,0,0,0,0,0,1083,341,0,1,"12526",,-1,,,4,"RAYYAN",1,,,0,0,1,"01",0,0,,0,13350,1,"12526",,,65,0,,"Z001",,,,,,0,,150
"12626",,"02/18/26 00:00:00","6063",1,50,0,0,0,,,0,0,0,0,0,1086,341,0,1,"12626",,-1,,,1,"RAYYAN",1,,,0,0,1,"01",0,0,,0,300,1,"12626",,,9,0,,"Z001",,,,,,0,,50
"12626",,"02/18/26 00:00:00","6587",1,200,0,0,0,,,0,0,0,0,0,1087,341,0,1,"12626",,-1,,,2,"RAYYAN",1,,,0,0,1,"01",0,0,,0,300,1,"12626",,,65,0,,"Z001",,,,,,0,,200
"12626",,"02/18/26 00:00:00","5969",1,50,0,0,0,,,0,0,0,0,0,1088,341,0,1,"12626",,-1,,,3,"RAYYAN",1,,,0,0,1,"01",0,0,,0,300,1,"12626",,,36.18,0,,"Z001",,,,,,0,,50
"12726",,"02/19/26 00:00:00","1032",2,500,0,0,0,,,0,0,0,0,0,1090,341,0,1,"12726",,-1,,,1,"RAYYAN",1,,,0,0,1,"01",0,0,,0,11680,1,"12726",,,100,0,,"Z001",,,,,,0,,500
"12726",,"02/19/26 00:00:00","6591",1,5000,0,0,0,,,0,0,0,0,0,1091,341,0,1,"12726",,-1,,,2,"RAYYAN",1,,,0,0,1,"01",0,0,,0,11680,1,"12726",,,1517.25,0,,"Z001",,,,,,0,,5000
"12726",,"02/19/26 00:00:00","252024",1,220,0,0,0,,,0,0,0,0,0,1096,341,0,1,"12726",,-1,,,7,"RAYYAN",1,,,0,0,1,"01",0,0,,0,11680,1,"12726",,,50,0,,"Z001",,,,,,0,,220
"12826",,"02/23/26 00:00:00","6150",1,3900,0,0,0,,,0,0,0,0,0,1098,341,0,1,"12826",,-1,,,1,"RAYYAN",1,,,0,0,1,"01",0,0,,0,8280,1,"12826",,,500,0,,"Z001",,,,,,0,,3900
"12826",,"02/23/26 00:00:00","251942",7,350,0,0,0,,,0,0,0,0,0,1099,341,0,1,"12826",,-1,,,2,"RAYYAN",1,,,0,0,1,"01",0,0,,0,8280,1,"12826",,,133.06,0,,"Z001",,,,,,0,,350
"12826",,"02/23/26 00:00:00","6584",1,100,0,0,0,,,0,0,0,0,0,1100,341,0,1,"12826",,-1,,,3,"RAYYAN",1,,,0,0,1,"01",0,0,,0,8280,1,"12826",,,15,0,,"Z001",,,,,,0,,100
"12826",,"02/23/26 00:00:00","5969",1,30,0,0,0,,,0,0,0,0,0,1101,341,0,1,"12826",,-1,,,4,"RAYYAN",1,,,0,0,1,"01",0,0,,0,8280,1,"12826",,,16.18,0,,"Z001",,,,,,0,,30
"12826",,"02/23/26 00:00:00","6587",1,200,0,0,0,,,0,0,0,0,0,1102,341,0,1,"12826",,-1,,,5,"RAYYAN",1,,,0,0,1,"01",0,0,,0,8280,1,"12826",,,65,0,,"Z001",,,,,,0,,200
"12826",,"02/23/26 00:00:00","6602",3,100,0,0,0,,,0,0,0,0,0,1103,341,0,1,"12826",,-1,,,6,"RAYYAN",1,,,0,0,1,"01",0,0,,0,8280,1,"12826",,,29.78,0,,"Z001",,,,,,0,,100
"12826",,"02/23/26 00:00:00","252063",1,250,0,0,0,,,0,0,0,0,0,1104,341,0,1,"12826",,-1,,,7,"RAYYAN",1,,,0,0,1,"01",0,0,,0,8280,1,"12826",,,70,0,,"Z001",,,,,,0,,250
"12826",,"02/23/26 00:00:00","1037",3,350,0,0,0,,,0,0,0,0,0,1105,341,0,1,"12826",,-1,,,8,"RAYYAN",1,,,0,0,1,"01",0,0,,0,8280,1,"12826",,,160,0,,"Z001",,,,,,0,,350
"13026",,"02/26/26 00:00:00","252020",40,322.5,0,0,0,,,0,0,0,0,0,1109,10010,0,1,"13026",,-1,,,1,"SAID",1,,,0,0,1,"01",0,0,,0,14400,1,"13026",,,138.81,0,,"Z001",,,,,,0,,322.5
"13026",,"02/26/26 00:00:00","973",1,1500,0,0,0,,,0,0,0,0,0,1110,10010,0,1,"13026",,-1,,,2,"SAID",1,,,0,0,1,"01",0,0,,0,14400,1,"13026",,,750,0,,"Z001",,,,,,0,,1500
"13226",,"02/20/26 00:00:00","6584",10,100,0,0,0,,,0,0,0,0,0,1123,341,0,1,"13226",,-1,,,1,"RAYYAN",1,,,0,0,1,"01",0,0,,0,170810,1,"13226",,,15,0,,"Z001",,,,,,0,,100
"13326",,"02/28/26 00:00:00","6333",1,350,0,0,0,,,0,1,0,0,0,1137,10002,0,1,,,172,,,1,"RAYYAN",1,,,0,0,1,"01",0,0,,0,0,1,"13326",,,120,0,,"Z001",,,,,,0,,350
"13526",,"02/24/26 00:00:00","252048",1,350,0,0,0,,,0,0,0,0,0,1181,341,0,1,"13526",,-1,,,14,"ABDUL",1,,,0,0,1,"01",0,0,,0,48440,1,"13526",,,170,0,,"Z001",,,,,,0,,350
"13526",,"02/24/26 00:00:00","1692",1,300,0,0,0,,,0,0,0,0,0,1182,341,0,1,"13526",,-1,,,15,"ABDUL",1,,,0,0,1,"01",0,0,,0,48440,1,"13526",,,200,0,,"Z001",,,,,,0,,300
"13626",,"02/25/26 00:00:00","6030",1,100,0,0,0,,,0,0,0,0,0,1184,341,0,1,"13626",,-1,,,1,"RAYYAN",1,,,0,0,1,"01",0,0,,0,150,1,"13626",,,20,0,,"Z001",,,,,,0,,100
"13626",,"02/25/26 00:00:00","6063",1,50,0,0,0,,,0,0,0,0,0,1185,341,0,1,"13626",,-1,,,2,"RAYYAN",1,,,0,0,1,"01",0,0,,0,150,1,"13626",,,9,0,,"Z001",,,,,,0,,50
"13726",,"02/27/26 00:00:00","6584",1,100,0,0,0,,,0,0,0,0,0,1187,341,0,1,"13726",,-1,,,1,"RAYYAN",1,,,0,0,1,"01",0,0,,0,11450,1,"13726",,,15,0,,"Z001",,,,,,0,,100
"13726",,"02/27/26 00:00:00","6587",1,200,0,0,0,,,0,0,0,0,0,1188,341,0,1,"13726",,-1,,,2,"RAYYAN",1,,,0,0,1,"01",0,0,,0,11450,1,"13726",,,65,0,,"Z001",,,,,,0,,200
"12126",,"02/14/26 00:00:00","938",1,6800,0,0,0,,,0,0,0,0,0,1044,341,0,1,"12126",,-1,,,3,"RAYYAN",1,,,0,0,1,"01",0,0,,0,71610,1,"12126",,,1800,0,,"Z001",,,,,,0,,6800
"12126",,"02/14/26 00:00:00","6492",0,7000,20,100,0,,,0,0,0,0,0,1045,341,0,1,"12126",,-1,,,4,"RAYYAN",1,,,0,0,1,"01",0,0,,0,71610,1,"12126",,,0,100,,"Z001",,,,,,0,,7000
"12126",,"02/14/26 00:00:00","252045",4,100,0,0,0,,,0,0,0,0,0,1046,341,0,1,"12126",,-1,,,5,"RAYYAN",1,,,0,0,1,"01",0,0,,0,71610,1,"12126",,,60.83,0,,"Z001",,,,,,0,,100
"12126",,"02/14/26 00:00:00","5970",4,100,0,0,0,,,0,0,0,0,0,1047,341,0,1,"12126",,-1,,,6,"RAYYAN",1,,,0,0,1,"01",0,0,,0,71610,1,"12126",,,25,0,,"Z001",,,,,,0,,100
"12126",,"02/14/26 00:00:00","241910",0,25000,10,250,0,,,0,0,0,0,0,1048,341,0,1,"12126",,-1,,,7,"RAYYAN",1,,,0,0,1,"01",0,0,,0,71610,1,"12126",,,0,232.97,,"Z001",,,,,,0,,25000
"12126",,"02/14/26 00:00:00","241912",1,200,0,0,0,,,0,0,0,0,0,1049,341,0,1,"12126",,-1,,,8,"RAYYAN",1,,,0,0,1,"01",0,0,,0,71610,1,"12126",,,133.43,0,,"Z001",,,,,,0,,200
"12126",,"02/14/26 00:00:00","6025",1,100,0,0,0,,,0,0,0,0,0,1050,341,0,1,"12126",,-1,,,9,"RAYYAN",1,,,0,0,1,"01",0,0,,0,71610,1,"12126",,,38.25,0,,"Z001",,,,,,0,,100
"12126",,"02/14/26 00:00:00","6334",2,300,0,0,0,,,0,0,0,0,0,1051,341,0,1,"12126",,-1,,,10,"RAYYAN",1,,,0,0,1,"01",0,0,,0,71610,1,"12126",,,45,0,,"Z001",,,,,,0,,300
"12126",,"02/14/26 00:00:00","6587",1,200,0,0,0,,,0,0,0,0,0,1052,341,0,1,"12126",,-1,,,11,"RAYYAN",1,,,0,0,1,"01",0,0,,0,71610,1,"12126",,,65,0,,"Z001",,,,,,0,,200
"12126",,"02/14/26 00:00:00","6338",1,150,0,0,0,,,0,0,0,0,0,1053,341,0,1,"12126",,-1,,,12,"RAYYAN",1,,,0,0,1,"01",0,0,,0,71610,1,"12126",,,50,0,,"Z001",,,,,,0,,150
"12226",,"02/16/26 00:00:00","893",1,250,0,0,0,,,0,0,0,0,0,1055,341,0,1,"12226",,-1,,,1,"ABDUL",1,,,0,0,1,"01",0,0,,0,400,1,"12226",,,110,0,,"Z001",,,,,,0,,250
"12226",,"02/16/26 00:00:00","252061",1,150,0,0,0,,,0,0,0,0,0,1056,341,0,1,"12226",,-1,,,2,"ABDUL",1,,,0,0,1,"01",0,0,,0,400,1,"12226",,,80,0,,"Z001",,,,,,0,,150
"12126",,"02/14/26 00:00:00","6316",1,1500,0,0,0,,,0,0,0,0,0,1058,341,0,1,"12126",,-1,,,13,"RAYYAN",1,,,0,0,1,"01",0,0,,0,71610,1,"12126",,,600,0,,"Z001",,,,,,0,,1500
"12326",,"02/17/26 00:00:00","1288",1,11400,0,0,0,,,0,1,0,0,0,1061,10002,0,1,,,183,,,1,"RAYYAN",1,,,0,0,1,"01",0,0,,0,0,1,"12326",,,1700,0,,"Z001",,,,,,0,,11400
"12326",,"02/17/26 00:00:00","6587",1,200,0,0,0,,,0,1,0,0,0,1062,10002,0,1,,,183,,,2,"RAYYAN",1,,,0,0,1,"01",0,0,,0,0,1,"12326",,,65,0,,"Z001",,,,,,0,,200
"12726",,"02/19/26 00:00:00","5797",2,2300,0,0,0,,,0,0,0,0,0,1092,341,0,1,"12726",,-1,,,3,"RAYYAN",1,,,0,0,1,"01",0,0,,0,11680,1,"12726",,,920.1,0,,"Z001",,,,,,0,,2300
"12726",,"02/19/26 00:00:00","5969",2,30,0,0,0,,,0,0,0,0,0,1093,341,0,1,"12726",,-1,,,4,"RAYYAN",1,,,0,0,1,"01",0,0,,0,11680,1,"12726",,,16.18,0,,"Z001",,,,,,0,,30
"12726",,"02/19/26 00:00:00","6478",0,12000,5,150,0,,,0,0,0,0,0,1094,341,0,1,"12726",,-1,,,5,"RAYYAN",1,,,0,0,1,"01",0,0,,0,11680,1,"12726",,,0,150,,"Z001",,,,,,0,,12000
"12726",,"02/19/26 00:00:00","6365",0.5,100,0,0,0,,,0,0,0,0,0,1095,341,0,1,"12726",,-1,,,6,"RAYYAN",1,,,0,0,1,"01",0,0,,0,11680,1,"12726",,,99.39,0,,"Z001",,,,,,0,,100
"13226",,"02/20/26 00:00:00","5969",10,30,0,0,0,,,0,0,0,0,0,1124,341,0,1,"13226",,-1,,,2,"RAYYAN",1,,,0,0,1,"01",0,0,,0,170810,1,"13226",,,16.18,0,,"Z001",,,,,,0,,30
"13226",,"02/20/26 00:00:00","6390",3,750,0,0,0,,,0,0,0,0,0,1125,341,0,1,"13226",,-1,,,3,"RAYYAN",1,,,0,0,1,"01",0,0,,0,170810,1,"13226",,,250,0,,"Z001",,,,,,0,,750
"13226",,"02/20/26 00:00:00","1109",20,150,0,0,0,,,0,0,0,0,0,1126,341,0,1,"13226",,-1,,,4,"RAYYAN",1,,,0,0,1,"01",0,0,,0,170810,1,"13226",,,25,0,,"Z001",,,,,,0,,150
"13226",,"02/20/26 00:00:00","944",12,250,0,0,0,,,0,0,0,0,0,1127,341,0,1,"13226",,-1,,,5,"RAYYAN",1,,,0,0,1,"01",0,0,,0,170810,1,"13226",,,30,0,,"Z001",,,,,,0,,250
"13226",,"02/20/26 00:00:00","1088",4,450,0,0,0,,,0,0,0,0,0,1128,341,0,1,"13226",,-1,,,6,"RAYYAN",1,,,0,0,1,"01",0,0,,0,170810,1,"13226",,,100,0,,"Z001",,,,,,0,,450
"13226",,"02/20/26 00:00:00","1087",2,700,0,0,0,,,0,0,0,0,0,1132,341,0,1,"13226",,-1,,,7,"RAYYAN",1,,,0,0,1,"01",0,0,,0,170810,1,"13226",,,200,0,,"Z001",,,,,,0,,700
"13226",,"02/20/26 00:00:00","1093",2,2350,0,0,0,,,0,0,0,0,0,1133,341,0,1,"13226",,-1,,,8,"RAYYAN",1,,,0,0,1,"01",0,0,,0,170810,1,"13226",,,2350,0,,"Z001",,,,,,0,,2350
"13226",,"02/20/26 00:00:00","1607",4,2250,0,0,0,,,0,0,0,0,0,1140,341,0,1,"13226",,-1,,,9,"RAYYAN",1,,,0,0,1,"01",0,0,,0,170810,1,"13226",,,1350,0,,"Z001",,,,,,0,,2250
"13226",,"02/20/26 00:00:00","1032",2,500,0,0,0,,,0,0,0,0,0,1141,341,0,1,"13226",,-1,,,10,"RAYYAN",1,,,0,0,1,"01",0,0,,0,170810,1,"13226",,,100,0,,"Z001",,,,,,0,,500
"13226",,"02/20/26 00:00:00","1341",3,30,0,0,0,,,0,0,0,0,0,1142,341,0,1,"13226",,-1,,,11,"RAYYAN",1,,,0,0,1,"01",0,0,,0,170810,1,"13226",,,5,0,,"Z001",,,,,,0,,30
"13226",,"02/20/26 00:00:00","6192",20,10,0,0,0,,,0,0,0,0,0,1143,341,0,1,"13226",,-1,,,12,"RAYYAN",1,,,0,0,1,"01",0,0,,0,170810,1,"13226",,,7.1,0,,"Z001",,,,,,0,,10
"13226",,"02/20/26 00:00:00","1342",12,20,0,0,0,,,0,0,0,0,0,1144,341,0,1,"13226",,-1,,,13,"RAYYAN",1,,,0,0,1,"01",0,0,,0,170810,1,"13226",,,5,0,,"Z001",,,,,,0,,20
"13226",,"02/20/26 00:00:00","6100",60,10,0,0,0,,,0,0,0,0,0,1145,341,0,1,"13226",,-1,,,14,"RAYYAN",1,,,0,0,1,"01",0,0,,0,170810,1,"13226",,,5,0,,"Z001",,,,,,0,,10
"13226",,"02/20/26 00:00:00","241929",20,15,0,0,0,,,0,0,0,0,0,1146,341,0,1,"13226",,-1,,,15,"RAYYAN",1,,,0,0,1,"01",0,0,,0,170810,1,"13226",,,7.59,0,,"Z001",,,,,,0,,15
"13226",,"02/20/26 00:00:00","6363",3,250,0,0,0,,,0,0,0,0,0,1147,341,0,1,"13226",,-1,,,16,"RAYYAN",1,,,0,0,1,"01",0,0,,0,170810,1,"13226",,,138,0,,"Z001",,,,,,0,,250
"13226",,"02/20/26 00:00:00","6474",1,5600.0098,0,63.330002,0,,,0,0,0,0,0,1148,341,0,1,"13226",,-1,,,17,"RAYYAN",1,,,0,0,1,"01",0,0,,0,170810,1,"13226",,,1344.1,0,,"Z001",,,,,,0,,5600.0098
"13226",,"02/20/26 00:00:00","5970",3,130,0,0,0,,,0,0,0,0,0,1149,341,0,1,"13226",,-1,,,18,"RAYYAN",1,,,0,0,1,"01",0,0,,0,170810,1,"13226",,,55,0,,"Z001",,,,,,0,,130
"13226",,"02/20/26 00:00:00","252024",3,250,0,0,0,,,0,0,0,0,0,1150,341,0,1,"13226",,-1,,,19,"RAYYAN",1,,,0,0,1,"01",0,0,,0,170810,1,"13226",,,80,0,,"Z001",,,,,,0,,250
"13226",,"02/20/26 00:00:00","6030",6,100,0,0,0,,,0,0,0,0,0,1151,341,0,1,"13226",,-1,,,20,"RAYYAN",1,,,0,0,1,"01",0,0,,0,170810,1,"13226",,,20,0,,"Z001",,,,,,0,,100
"13226",,"02/20/26 00:00:00","252005",1,34500,0,0,0,,,0,0,0,0,0,1152,341,0,1,"13226",,-1,,,21,"RAYYAN",1,,,0,0,1,"01",0,0,,0,170810,1,"13226",,,14700,0,,"Z001",,,,,,0,,34500
"14626",,"03/04/26 00:00:00","6063",1,50,0,0,0,,,0,0,0,0,0,1263,341,0,1,"14626",,-1,,,8,"ABDUL",1,,,0,0,1,"01",0,0,,0,10150,1,"14626",,,9,0,,"Z001",,,,,,0,,50
"14726",,"03/05/26 00:00:00","6063",2,50,0,0,0,,,0,0,0,0,0,1265,341,0,1,"14726",,-1,,,1,"ABDUL",1,,,0,0,1,"01",0,0,,0,6040,1,"14726",,,9,0,,"Z001",,,,,,0,,50
"14726",,"03/05/26 00:00:00","6474",0,5700,2,70,0,,,0,0,0,0,0,1266,341,0,1,"14726",,-1,,,2,"ABDUL",1,,,0,0,1,"01",0,0,,0,6040,1,"14726",,,0,22.71,,"Z001",,,,,,0,,5700
"14726",,"03/05/26 00:00:00","6527",0,7650,5,120,0,,,0,0,0,0,0,1267,341,0,1,"14726",,-1,,,3,"ABDUL",1,,,0,0,1,"01",0,0,,0,6040,1,"14726",,,0,120,,"Z001",,,,,,0,,7650
"14726",,"03/05/26 00:00:00","6030",1,100,0,0,0,,,0,0,0,0,0,1268,341,0,1,"14726",,-1,,,4,"ABDUL",1,,,0,0,1,"01",0,0,,0,6040,1,"14726",,,20,0,,"Z001",,,,,,0,,100
"14726",,"03/05/26 00:00:00","6333",1,300,0,0,0,,,0,0,0,0,0,1269,341,0,1,"14726",,-1,,,5,"ABDUL",1,,,0,0,1,"01",0,0,,0,6040,1,"14726",,,70,0,,"Z001",,,,,,0,,300
"14726",,"03/05/26 00:00:00","5969",1,50,0,0,0,,,0,0,0,0,0,1270,341,0,1,"14726",,-1,,,6,"ABDUL",1,,,0,0,1,"01",0,0,,0,6040,1,"14726",,,36.18,0,,"Z001",,,,,,0,,50
"14826",,"03/06/26 00:00:00","262083",1,550,0,0,0,,,0,0,0,0,0,1273,341,0,1,"14826",,-1,,,1,"ABDUL",1,,,0,0,1,"01",0,0,,0,60090,1,"14826",,,160,0,,"Z001",,,,,,0,,550
"14826",,"03/06/26 00:00:00","1032",1,500,0,0,0,,,0,0,0,0,0,1274,341,0,1,"14826",,-1,,,2,"ABDUL",1,,,0,0,1,"01",0,0,,0,60090,1,"14826",,,111.11,0,,"Z001",,,,,,0,,500
"14826",,"03/06/26 00:00:00","252015",1,500,0,0,0,,,0,0,0,0,0,1275,341,0,1,"14826",,-1,,,3,"ABDUL",1,,,0,0,1,"01",0,0,,0,60090,1,"14826",,,154.99,0,,"Z001",,,,,,0,,500
"14826",,"03/06/26 00:00:00","252009",1,300,0,0,0,,,0,0,0,0,0,1276,341,0,1,"14826",,-1,,,4,"ABDUL",1,,,0,0,1,"01",0,0,,0,60090,1,"14826",,,107.05,0,,"Z001",,,,,,0,,300
"14826",,"03/06/26 00:00:00","1109",20,150,0,0,0,,,0,0,0,0,0,1277,341,0,1,"14826",,-1,,,5,"ABDUL",1,,,0,0,1,"01",0,0,,0,60090,1,"14826",,,25,0,,"Z001",,,,,,0,,150
"14826",,"03/06/26 00:00:00","6192",20,10,0,0,0,,,0,0,0,0,0,1278,341,0,1,"14826",,-1,,,6,"ABDUL",1,,,0,0,1,"01",0,0,,0,60090,1,"14826",,,7.1,0,,"Z001",,,,,,0,,10
"14826",,"03/06/26 00:00:00","6100",60,10,0,0,0,,,0,0,0,0,0,1279,341,0,1,"14826",,-1,,,7,"ABDUL",1,,,0,0,1,"01",0,0,,0,60090,1,"14826",,,5,0,,"Z001",,,,,,0,,10
"14826",,"03/06/26 00:00:00","1007",1,21000,0,0,0,,,0,0,0,0,0,1280,341,0,1,"14826",,-1,,,8,"ABDUL",1,,,0,0,1,"01",0,0,,0,60090,1,"14826",,,6000,0,,"Z001",,,,,,0,,21000
"14826",,"03/06/26 00:00:00","6554",1,22500,0,0,0,,,0,0,0,0,0,1281,341,0,1,"14826",,-1,,,9,"ABDUL",1,,,0,0,1,"01",0,0,,0,60090,1,"14826",,,6250,0,,"Z001",,,,,,0,,22500
"14826",,"03/06/26 00:00:00","6475",0,9250,6,100,0,,,0,0,0,0,0,1282,341,0,1,"14826",,-1,,,10,"ABDUL",1,,,0,0,1,"01",0,0,,0,60090,1,"14826",,,0,24.29,,"Z001",,,,,,0,,9250
"14826",,"03/06/26 00:00:00","6481",0,18500,10,200,0,,,0,0,0,0,0,1283,341,0,1,"14826",,-1,,,11,"ABDUL",1,,,0,0,1,"01",0,0,,0,60090,1,"14826",,,0,52.04,,"Z001",,,,,,0,,18500
"14826",,"03/06/26 00:00:00","241910",0,25000,20,250,0,,,0,0,0,0,0,1284,341,0,1,"14826",,-1,,,12,"ABDUL",1,,,0,0,1,"01",0,0,,0,60090,1,"14826",,,0,232.97,,"Z001",,,,,,0,,25000
"13726",,"02/27/26 00:00:00","1625",1,550,0,0,0,,,0,0,0,0,0,1201,341,0,1,"13726",,-1,,,5,"RAYYAN",1,,,0,0,1,"01",0,0,,0,11450,1,"13726",,,230,0,,"Z001",,,,,,0,,550
"13926",,"02/26/26 00:00:00","6063",3,50,0,0,0,,,0,0,0,0,0,1203,341,0,1,"13926",,-1,,,1,"ABDUL",1,,,0,0,1,"01",0,0,,0,6845,1,"13926",,,9,0,,"Z001",,,,,,0,,50
"13926",,"02/26/26 00:00:00","252063",1,300,0,0,0,,,0,0,0,0,0,1204,341,0,1,"13926",,-1,,,2,"ABDUL",1,,,0,0,1,"01",0,0,,0,6845,1,"13926",,,120,0,,"Z001",,,,,,0,,300
"13926",,"02/26/26 00:00:00","6478",0,12000,40,100,0,,,0,0,0,0,0,1205,341,0,1,"13926",,-1,,,3,"ABDUL",1,,,0,0,1,"01",0,0,,0,6845,1,"13926",,,0,100,,"Z001",,,,,,0,,12000
"13926",,"02/26/26 00:00:00","5762",5,20,0,0,0,,,0,0,0,0,0,1206,341,0,1,"13926",,-1,,,4,"ABDUL",1,,,0,0,1,"01",0,0,,0,6845,1,"13926",,,10.59,0,,"Z001",,,,,,0,,20
"13926",,"02/26/26 00:00:00","252065",5,10,0,0,0,,,0,0,0,0,0,1207,341,0,1,"13926",,-1,,,5,"ABDUL",1,,,0,0,1,"01",0,0,,0,6845,1,"13926",,,4,0,,"Z001",,,,,,0,,10
"13926",,"02/26/26 00:00:00","6616",8,200,0,0,0,,,0,0,0,0,0,1208,341,0,1,"13926",,-1,,,6,"ABDUL",1,,,0,0,1,"01",0,0,,0,6845,1,"13926",,,67.90000000000001,0,,"Z001",,,,,,0,,200
"13926",,"02/26/26 00:00:00","6505",2,100,0,0,0,,,0,0,0,0,0,1209,341,0,1,"13926",,-1,,,7,"ABDUL",1,,,0,0,1,"01",0,0,,0,6845,1,"13926",,,29.83,0,,"Z001",,,,,,0,,100
"13926",,"02/26/26 00:00:00","6338",2,150,0,0,0,,,0,0,0,0,0,1210,341,0,1,"13926",,-1,,,8,"ABDUL",1,,,0,0,1,"01",0,0,,0,6845,1,"13926",,,50,0,,"Z001",,,,,,0,,150
"13926",,"02/26/26 00:00:00","252000",1,120,0,0,0,,,0,0,0,0,0,1212,341,0,1,"13926",,-1,,,9,"ABDUL",1,,,0,0,1,"01",0,0,,0,6845,1,"13926",,,44,0,,"Z001",,,,,,0,,120
"13926",,"02/26/26 00:00:00","252048",0.1,250,0,0,0,,,0,0,0,0,0,1214,341,0,1,"13926",,-1,,,10,"ABDUL",1,,,0,0,1,"01",0,0,,0,6845,1,"13926",,,70,0,,"Z001",,,,,,0,,250
"14026",,"03/02/26 00:00:00","6099",3,100,0,0,0,,,0,0,0,0,0,1218,341,0,1,"14026",,-1,,,1,"RAYYAN",1,,,0,0,1,"01",0,0,,0,6020,1,"14026",,,15,0,,"Z001",,,,,,0,,100
"14026",,"03/02/26 00:00:00","6296",1,200,0,0,0,,,0,0,0,0,0,1219,341,0,1,"14026",,-1,,,2,"RAYYAN",1,,,0,0,1,"01",0,0,,0,6020,1,"14026",,,124,0,,"Z001",,,,,,0,,200
"14026",,"03/02/26 00:00:00","6478",0,12000,1,150,0,,,0,0,0,0,0,1220,341,0,1,"14026",,-1,,,3,"RAYYAN",1,,,0,0,1,"01",0,0,,0,6020,1,"14026",,,0,150,,"Z001",,,,,,0,,12000
"14026",,"03/02/26 00:00:00","6584",1,100,0,0,0,,,0,0,0,0,0,1221,341,0,1,"14026",,-1,,,4,"RAYYAN",1,,,0,0,1,"01",0,0,,0,6020,1,"14026",,,15,0,,"Z001",,,,,,0,,100
"14026",,"03/02/26 00:00:00","6150",1,3600,0,0,0,,,0,0,0,0,0,1222,341,0,1,"14026",,-1,,,5,"RAYYAN",1,,,0,0,1,"01",0,0,,0,6020,1,"14026",,,200,0,,"Z001",,,,,,0,,3600
"14026",,"03/02/26 00:00:00","847",2,500,0,0,0,,,0,0,0,0,0,1223,341,0,1,"14026",,-1,,,6,"RAYYAN",1,,,0,0,1,"01",0,0,,0,6020,1,"14026",,,196.15,0,,"Z001",,,,,,0,,500
"14026",,"03/02/26 00:00:00","251941",1,450,0,0,0,,,0,0,0,0,0,1224,341,0,1,"14026",,-1,,,7,"RAYYAN",1,,,0,0,1,"01",0,0,,0,6020,1,"14026",,,125,0,,"Z001",,,,,,0,,450
"14026",,"03/02/26 00:00:00","6365",1,100,0,0,0,,,0,0,0,0,0,1225,341,0,1,"14026",,-1,,,8,"RAYYAN",1,,,0,0,1,"01",0,0,,0,6020,1,"14026",,,99.39,0,,"Z001",,,,,,0,,100
"19626",,"04/18/26 00:00:00","836",2,350,0,0,0,,,0,0,0,0,0,1778,341,0,1,"19626",,-1,,,12,"ABDUL",1,,,0,0,1,"01",0,0,,0,22530,1,"19626",,,108.84,0,,"Z001",,,,,,0,,350
"19626",,"04/18/26 00:00:00","252048",0.12,500,0,0,0,,,0,0,0,0,0,1779,341,0,1,"19626",,-1,,,13,"ABDUL",1,,,0,0,1,"01",0,0,,0,22530,1,"19626",,,320,0,,"Z001",,,,,,0,,500
"19626",,"04/18/26 00:00:00","252047",0.12,500,0,0,0,,,0,0,0,0,0,1780,341,0,1,"19626",,-1,,,14,"ABDUL",1,,,0,0,1,"01",0,0,,0,22530,1,"19626",,,340,0,,"Z001",,,,,,0,,500
"15026",,"03/07/26 00:00:00","262175",1,150,0,0,0,,,0,0,0,0,0,1782,341,0,1,"15026",,-1,,,23,"ABDUL",1,,,0,0,1,"01",0,0,,0,44720.01,1,"15026",,,25,0,,"Z001",,,,,,0,,150
"14726",,"03/05/26 00:00:00","1088",1,500,0,0,0,,,0,0,0,0,0,1785,341,0,1,"14726",,-1,,,7,"ABDUL",1,,,0,0,1,"01",0,0,,0,6040,1,"14726",,,150,0,,"Z001",,,,,,0,,500
"14726",,"03/05/26 00:00:00","1078",2,1300,0,0,0,,,0,0,0,0,0,1786,341,0,1,"14726",,-1,,,8,"ABDUL",1,,,0,0,1,"01",0,0,,0,6040,1,"14726",,,400,0,,"Z001",,,,,,0,,1300
"14726",,"03/05/26 00:00:00","6588",3,550,0,0,0,,,0,0,0,0,0,1787,341,0,1,"14726",,-1,,,9,"ABDUL",1,,,0,0,1,"01",0,0,,0,6040,1,"14726",,,205.56,0,,"Z001",,,,,,0,,550
"16226",,"03/21/26 00:00:00","252036",0,350,6,6.6666999,0,,,0,0,0,0,0,1793,341,0,1,,,-1,,,7,"ABDUL",1,,,0,0,1,"01",0,0,,0,0,1,"16226",,,115,6.67,,"Z001",,,,,,0,,350
"16226",,"03/21/26 00:00:00","231903",0,350,20,2,0,,,0,0,0,0,0,1795,341,0,1,,,-1,,,8,"ABDUL",1,,,0,0,1,"01",0,0,,0,0,1,"16226",,,0,2,,"Z001",,,,,,0,,350
"16226",,"03/21/26 00:00:00","6358",1,100,0,0,0,,,0,0,0,0,0,1796,341,0,1,,,-1,,,9,"ABDUL",1,,,0,0,1,"01",0,0,,0,0,1,"16226",,,-20,0,,"Z001",,,,,,0,,100
"16926",,"03/24/26 00:00:00","5970",10,100,0,0,0,,,0,0,0,0,0,1799,341,0,1,"16926",,-1,,,13,"ABDUL",1,,,0,0,1,"01",0,0,,0,9430,1,"16926",,,12.89,0,,"Z001",,,,,,0,,100
"16926",,"03/24/26 00:00:00","6363",1,300,0,0,0,,,0,0,0,0,0,1800,341,0,1,"16926",,-1,,,14,"ABDUL",1,,,0,0,1,"01",0,0,,0,9430,1,"16926",,,188,0,,"Z001",,,,,,0,,300
"17826",,"04/01/26 00:00:00","5797",1,2200,0,0,0,,,0,0,0,0,0,1804,341,0,1,"17826",,-1,,,4,"ABDUL",1,,,0,0,1,"01",0,0,,0,5750,1,"17826",,,820.1,0,,"Z001",,,,,,0,,2200
"17926",,"04/02/26 00:00:00","262104",2,100,0,200,0,,,0,0,0,0,0,1806,341,0,1,"17926",,-1,,,6,"ABDUL",1,,,0,0,1,"01",0,0,,0,85595,1,"17926",,,60,0,,"Z001",,,,,,0,,100
"17926",,"04/02/26 00:00:00","6557",1,29000,0,0,0,,,0,0,0,0,0,1807,341,0,1,"17926",,-1,,,16,"ABDUL",1,,,0,0,1,"01",0,0,,0,85595,1,"17926",,,29000,0,,"Z001",,,,,,0,,29000
"17926",,"04/02/26 00:00:00","251954",5,900,0,700,0,,,0,0,0,0,0,1808,341,0,1,"17926",,-1,,,17,"ABDUL",1,,,0,0,1,"01",0,0,,0,85595,1,"17926",,,300,0,,"Z001",,,,,,0,,900
"17926",,"04/02/26 00:00:00","241912",1,250,0,0,0,,,0,0,0,0,0,1809,341,0,1,"17926",,-1,,,18,"ABDUL",1,,,0,0,1,"01",0,0,,0,85595,1,"17926",,,183.43,0,,"Z001",,,,,,0,,250
"18126",,"04/06/26 00:00:00","241912",1,300,0,0,0,,,0,0,0,0,0,1811,341,0,1,"18126",,-1,,,8,"ABDUL",1,,,0,0,1,"01",0,0,,0,21100,1,"18126",,,233.43,0,,"Z001",,,,,,0,,300
"18126",,"04/06/26 00:00:00","5969",2,30,0,0,0,,,0,0,0,0,0,1812,341,0,1,"18126",,-1,,,9,"ABDUL",1,,,0,0,1,"01",0,0,,0,21100,1,"18126",,,12.02,0,,"Z001",,,,,,0,,30
"13726",,"02/27/26 00:00:00","6218",2,5000,0,0,0,,,0,0,0,0,0,1189,341,0,1,"13726",,-1,,,3,"RAYYAN",1,,,0,0,1,"01",0,0,,0,11450,1,"13726",,,1160,0,,"Z001",,,,,,0,,5000
"13726",,"02/27/26 00:00:00","6505",6,100,0,0,0,,,0,0,0,0,0,1190,341,0,1,"13726",,-1,,,4,"RAYYAN",1,,,0,0,1,"01",0,0,,0,11450,1,"13726",,,29.83,0,,"Z001",,,,,,0,,100
"13826",,"02/28/26 00:00:00","5770",1,550,0,0,0,,,0,0,0,0,0,1192,341,0,1,"13826",,-1,,,1,"RAYYAN",1,,,0,0,1,"01",0,0,,0,38150,1,"13826",,,330,0,,"Z001",,,,,,0,,550
"13826",,"02/28/26 00:00:00","6451",1,750,0,0,0,,,0,0,0,0,0,1193,341,0,1,"13826",,-1,,,2,"RAYYAN",1,,,0,0,1,"01",0,0,,0,38150,1,"13826",,,350,0,,"Z001",,,,,,0,,750
"13826",,"02/28/26 00:00:00","6333",2,350,0,0,0,,,0,0,0,0,0,1194,341,0,1,"13826",,-1,,,3,"RAYYAN",1,,,0,0,1,"01",0,0,,0,38150,1,"13826",,,120,0,,"Z001",,,,,,0,,350
"13826",,"02/28/26 00:00:00","252043",2,150,0,0,0,,,0,0,0,0,0,1195,341,0,1,"13826",,-1,,,4,"RAYYAN",1,,,0,0,1,"01",0,0,,0,38150,1,"13826",,,43,0,,"Z001",,,,,,0,,150
"13826",,"02/28/26 00:00:00","1288",3,10500,0,0,0,,,0,0,0,0,0,1196,341,0,1,"13826",,-1,,,5,"RAYYAN",1,,,0,0,1,"01",0,0,,0,38150,1,"13826",,,800,0,,"Z001",,,,,,0,,10500
"13826",,"02/28/26 00:00:00","5970",1,100,0,0,0,,,0,0,0,0,0,1197,341,0,1,"13826",,-1,,,6,"RAYYAN",1,,,0,0,1,"01",0,0,,0,38150,1,"13826",,,25,0,,"Z001",,,,,,0,,100
"13826",,"02/28/26 00:00:00","6563",1,3400,0,0,0,,,0,0,0,0,0,1198,341,0,1,"13826",,-1,,,7,"RAYYAN",1,,,0,0,1,"01",0,0,,0,38150,1,"13826",,,900,0,,"Z001",,,,,,0,,3400
"13826",,"02/28/26 00:00:00","6515",1,850,0,0,0,,,0,0,0,0,0,1199,341,0,1,"13826",,-1,,,8,"RAYYAN",1,,,0,0,1,"01",0,0,,0,38150,1,"13826",,,320,0,,"Z001",,,,,,0,,850
"14026",,"03/02/26 00:00:00","5970",1,120,0,0,0,,,0,0,0,0,0,1226,341,0,1,"14026",,-1,,,9,"RAYYAN",1,,,0,0,1,"01",0,0,,0,6020,1,"14026",,,45,0,,"Z001",,,,,,0,,120
"14126",,"03/03/26 00:00:00","6390",3,750,0,0,0,,,0,0,0,0,0,1228,341,0,1,"14126",,-1,,,1,"RAYYAN",1,,,0,0,1,"01",0,0,,0,8330,1,"14126",,,250,0,,"Z001",,,,,,0,,750
"14126",,"03/03/26 00:00:00","6192",26,10,0,0,0,,,0,0,0,0,0,1229,341,0,1,"14126",,-1,,,2,"RAYYAN",1,,,0,0,1,"01",0,0,,0,8330,1,"14126",,,7.1,0,,"Z001",,,,,,0,,10
"14126",,"03/03/26 00:00:00","891",1,250,0,0,0,,,0,0,0,0,0,1230,341,0,1,"14126",,-1,,,3,"RAYYAN",1,,,0,0,1,"01",0,0,,0,8330,1,"14126",,,100,0,,"Z001",,,,,,0,,250
"14126",,"03/03/26 00:00:00","1032",10,465,0,0,0,,,0,0,0,0,0,1231,341,0,1,"14126",,-1,,,4,"RAYYAN",1,,,0,0,1,"01",0,0,,0,8330,1,"14126",,,76.11,0,,"Z001",,,,,,0,,465
"14126",,"03/03/26 00:00:00","5969",8,30,0,0,0,,,0,0,0,0,0,1232,341,0,1,"14126",,-1,,,5,"RAYYAN",1,,,0,0,1,"01",0,0,,0,8330,1,"14126",,,16.18,0,,"Z001",,,,,,0,,30
"14126",,"03/03/26 00:00:00","6098",4,50,0,0,0,,,0,0,0,0,0,1233,341,0,1,"14126",,-1,,,6,"RAYYAN",1,,,0,0,1,"01",0,0,,0,8330,1,"14126",,,22.45,0,,"Z001",,,,,,0,,50
"14126",,"03/03/26 00:00:00","1219",2,150,0,0,0,,,0,0,0,0,0,1234,341,0,1,"14126",,-1,,,7,"RAYYAN",1,,,0,0,1,"01",0,0,,0,8330,1,"14126",,,-30,0,,"Z001",,,,,,0,,150
"14126",,"03/03/26 00:00:00","1109",1,120,0,0,0,,,0,0,0,0,0,1235,341,0,1,"14126",,-1,,,8,"RAYYAN",1,,,0,0,1,"01",0,0,,0,8330,1,"14126",,,-5,0,,"Z001",,,,,,0,,120
"15026",,"03/07/26 00:00:00","6492",0,9500,2,120,0,,,0,0,0,0,0,1317,341,0,1,"15026",,-1,,,3,"ABDUL",1,,,0,0,1,"01",0,0,,0,44720.01,1,"15026",,,0,120,,"Z001",,,,,,0,,9500
"15026",,"03/07/26 00:00:00","6586",1,200,0,0,0,,,0,0,0,0,0,1318,341,0,1,"15026",,-1,,,4,"ABDUL",1,,,0,0,1,"01",0,0,,0,44720.01,1,"15026",,,40,0,,"Z001",,,,,,0,,200
"15026",,"03/07/26 00:00:00","1556",1,3500,0,0,0,,,0,0,0,0,0,1319,341,0,1,"15026",,-1,,,5,"ABDUL",1,,,0,0,1,"01",0,0,,0,44720.01,1,"15026",,,1000,0,,"Z001",,,,,,0,,3500
"15026",,"03/07/26 00:00:00","5797",1,2250,0,0,0,,,0,0,0,0,0,1320,341,0,1,"15026",,-1,,,6,"ABDUL",1,,,0,0,1,"01",0,0,,0,44720.01,1,"15026",,,870.1,0,,"Z001",,,,,,0,,2250
"15026",,"03/07/26 00:00:00","6296",1,100,0,0,0,,,0,0,0,0,0,1321,341,0,1,"15026",,-1,,,7,"ABDUL",1,,,0,0,1,"01",0,0,,0,44720.01,1,"15026",,,24,0,,"Z001",,,,,,0,,100
"15026",,"03/07/26 00:00:00","6338",1,100,0,0,0,,,0,0,0,0,0,1322,341,0,1,"15026",,-1,,,8,"ABDUL",1,,,0,0,1,"01",0,0,,0,44720.01,1,"15026",,,0,0,,"Z001",,,,,,0,,100
"15026",,"03/07/26 00:00:00","6572",1,2700,0,0,0,,,0,0,0,0,0,1323,341,0,1,"15026",,-1,,,9,"ABDUL",1,,,0,0,1,"01",0,0,,0,44720.01,1,"15026",,,900,0,,"Z001",,,,,,0,,2700
"15026",,"03/07/26 00:00:00","1037",2,290,0,0,0,,,0,0,0,0,0,1324,341,0,1,"15026",,-1,,,10,"ABDUL",1,,,0,0,1,"01",0,0,,0,44720.01,1,"15026",,,100,0,,"Z001",,,,,,0,,290
"15026",,"03/07/26 00:00:00","251978",1,5500,0,0,0,,,0,0,0,0,0,1325,341,0,1,"15026",,-1,,,11,"ABDUL",1,,,0,0,1,"01",0,0,,0,44720.01,1,"15026",,,800,0,,"Z001",,,,,,0,,5500
"15026",,"03/07/26 00:00:00","262083",1,500,0,0,0,,,0,0,0,0,0,1326,341,0,1,"15026",,-1,,,12,"ABDUL",1,,,0,0,1,"01",0,0,,0,44720.01,1,"15026",,,110,0,,"Z001",,,,,,0,,500
"15026",,"03/07/26 00:00:00","6608",1,1700,0,0,0,,,0,0,0,0,0,1327,341,0,1,"15026",,-1,,,13,"ABDUL",1,,,0,0,1,"01",0,0,,0,44720.01,1,"15026",,,962.8099999999999,0,,"Z001",,,,,,0,,1700
"15026",,"03/07/26 00:00:00","856",2,600,0,0,0,,,0,0,0,0,0,1328,341,0,1,"15026",,-1,,,14,"ABDUL",1,,,0,0,1,"01",0,0,,0,44720.01,1,"15026",,,200,0,,"Z001",,,,,,0,,600
"15026",,"03/07/26 00:00:00","252042",2,150,0,0,0,,,0,0,0,0,0,1329,341,0,1,"15026",,-1,,,15,"ABDUL",1,,,0,0,1,"01",0,0,,0,44720.01,1,"15026",,,72,0,,"Z001",,,,,,0,,150
"15026",,"03/07/26 00:00:00","251941",1,400,0,0,0,,,0,0,0,0,0,1330,341,0,1,"15026",,-1,,,16,"ABDUL",1,,,0,0,1,"01",0,0,,0,44720.01,1,"15026",,,75,0,,"Z001",,,,,,0,,400
"15026",,"03/07/26 00:00:00","6319",5,150,0,0,0,,,0,0,0,0,0,1331,341,0,1,"15026",,-1,,,17,"ABDUL",1,,,0,0,1,"01",0,0,,0,44720.01,1,"15026",,,60,0,,"Z001",,,,,,0,,150
"15026",,"03/07/26 00:00:00","6616",1,250,0,0,0,,,0,0,0,0,0,1332,341,0,1,"15026",,-1,,,18,"ABDUL",1,,,0,0,1,"01",0,0,,0,44720.01,1,"15026",,,117.9,0,,"Z001",,,,,,0,,250
"15026",,"03/07/26 00:00:00","862",1,200,0,0,0,,,0,0,0,0,0,1333,341,0,1,"15026",,-1,,,19,"ABDUL",1,,,0,0,1,"01",0,0,,0,44720.01,1,"15026",,,80,0,,"Z001",,,,,,0,,200
"15026",,"03/07/26 00:00:00","5969",1,30,0,0,0,,,0,0,0,0,0,1334,341,0,1,"15026",,-1,,,20,"ABDUL",1,,,0,0,1,"01",0,0,,0,44720.01,1,"15026",,,16.18,0,,"Z001",,,,,,0,,30
"15026",,"03/07/26 00:00:00","6063",1,50,0,0,0,,,0,0,0,0,0,1335,341,0,1,"15026",,-1,,,21,"ABDUL",1,,,0,0,1,"01",0,0,,0,44720.01,1,"15026",,,9,0,,"Z001",,,,,,0,,50
"15026",,"03/07/26 00:00:00","6474",0,5700,1,70,0,,,0,0,0,0,0,1336,341,0,1,"15026",,-1,,,22,"ABDUL",1,,,0,0,1,"01",0,0,,0,44720.01,1,"15026",,,0,22.71,,"Z001",,,,,,0,,5700
"15126",,"03/09/26 00:00:00","6099",1,150,0,0,0,,,0,0,0,0,0,1338,341,0,1,"15126",,-1,,,1,"RAYYAN",1,,,0,0,1,"01",0,0,,0,40950,1,"15126",,,65,0,,"Z001",,,,,,0,,150
"15126",,"03/09/26 00:00:00","5817",4,10000,0,0,0,,,0,0,0,0,0,1339,341,0,1,"15126",,-1,,,2,"RAYYAN",1,,,0,0,1,"01",0,0,,0,40950,1,"15126",,,2507.88,0,,"Z001",,,,,,0,,10000
"15126",,"03/09/26 00:00:00","251942",1,300,0,0,0,,,0,0,0,0,0,1340,341,0,1,"15126",,-1,,,3,"RAYYAN",1,,,0,0,1,"01",0,0,,0,40950,1,"15126",,,83.06,0,,"Z001",,,,,,0,,300
"15126",,"03/09/26 00:00:00","252044",2,250,0,0,0,,,0,0,0,0,0,1341,341,0,1,"15126",,-1,,,4,"RAYYAN",1,,,0,0,1,"01",0,0,,0,40950,1,"15126",,,120,0,,"Z001",,,,,,0,,250
"15226",,"03/10/26 00:00:00","6505",1,100,0,0,0,,,0,0,0,0,0,1343,341,0,1,"15226",,-1,,,1,"RAYYAN",1,,,0,0,1,"01",0,0,,0,61300,1,"15226",,,29.83,0,,"Z001",,,,,,0,,100
"15226",,"03/10/26 00:00:00","1288",2,10500,0,0,0,,,0,0,0,0,0,1344,341,0,1,"15226",,-1,,,2,"RAYYAN",1,,,0,0,1,"01",0,0,,0,61300,1,"15226",,,800,0,,"Z001",,,,,,0,,10500
"15226",,"03/10/26 00:00:00","5817",2,9500,0,0,0,,,0,0,0,0,0,1345,341,0,1,"15226",,-1,,,3,"RAYYAN",1,,,0,0,1,"01",0,0,,0,61300,1,"15226",,,2007.88,0,,"Z001",,,,,,0,,9500
"15226",,"03/10/26 00:00:00","875",1,1200,0,0,0,,,0,0,0,0,0,1346,341,0,1,"15226",,-1,,,4,"RAYYAN",1,,,0,0,1,"01",0,0,,0,61300,1,"15226",,,350,0,,"Z001",,,,,,0,,1200
"15226",,"03/10/26 00:00:00","252003",1,20000,0,0,0,,,0,0,0,0,0,1347,341,0,1,"15226",,-1,,,5,"RAYYAN",1,,,0,0,1,"01",0,0,,0,61300,1,"15226",,,5550,0,,"Z001",,,,,,0,,20000
"15326",,"03/11/26 00:00:00","251941",1,450,0,0,0,,,0,0,0,0,0,1349,341,0,1,"15326",,-1,,,1,"RAYYAN",1,,,0,0,1,"01",0,0,,0,10450,1,"15326",,,125,0,,"Z001",,,,,,0,,450
"15326",,"03/11/26 00:00:00","6602",1,100,0,0,0,,,0,0,0,0,0,1350,341,0,1,"15326",,-1,,,2,"RAYYAN",1,,,0,0,1,"01",0,0,,0,10450,1,"15326",,,29.78,0,,"Z001",,,,,,0,,100
"15326",,"03/11/26 00:00:00","241923",1,400,0,0,0,,,0,0,0,0,0,1351,341,0,1,"15326",,-1,,,3,"RAYYAN",1,,,0,0,1,"01",0,0,,0,10450,1,"15326",,,120,0,,"Z001",,,,,,0,,400
"15326",,"03/11/26 00:00:00","5839",1,9500,0,0,0,,,0,0,0,0,0,1352,341,0,1,"15326",,-1,,,4,"RAYYAN",1,,,0,0,1,"01",0,0,,0,10450,1,"15326",,,3500,0,,"Z001",,,,,,0,,9500
"15426",,"03/12/26 00:00:00","251941",2,425,0,0,0,,,0,0,0,0,0,1354,341,0,1,"15426",,-1,,,1,"RAYYAN",1,,,0,0,1,"01",0,0,,0,22700,1,"15426",,,100,0,,"Z001",,,,,,0,,425
"15426",,"03/12/26 00:00:00","859",1,3300,0,0,0,,,0,0,0,0,0,1355,341,0,1,"15426",,-1,,,2,"RAYYAN",1,,,0,0,1,"01",0,0,,0,22700,1,"15426",,,467,0,,"Z001",,,,,,0,,3300
"15426",,"03/12/26 00:00:00","201725",1,9000,0,0,0,,,0,0,0,0,0,1356,341,0,1,"15426",,-1,,,3,"RAYYAN",1,,,0,0,1,"01",0,0,,0,22700,1,"15426",,,2350,0,,"Z001",,,,,,0,,9000
"15426",,"03/12/26 00:00:00","6616",2,200,0,0,0,,,0,0,0,0,0,1357,341,0,1,"15426",,-1,,,4,"RAYYAN",1,,,0,0,1,"01",0,0,,0,22700,1,"15426",,,67.90000000000001,0,,"Z001",,,,,,0,,200
"15426",,"03/12/26 00:00:00","221885",1,8500,0,0,0,,,0,0,0,0,0,1358,341,0,1,"15426",,-1,,,5,"RAYYAN",1,,,0,0,1,"01",0,0,,0,22700,1,"15426",,,1777.4,0,,"Z001",,,,,,0,,8500
"15426",,"03/12/26 00:00:00","251942",2,325,0,0,0,,,0,0,0,0,0,1359,341,0,1,"15426",,-1,,,6,"RAYYAN",1,,,0,0,1,"01",0,0,,0,22700,1,"15426",,,108.06,0,,"Z001",,,,,,0,,325
"14926",,"03/10/26 00:00:00","6030",20,100,0,0,0,,,0,0,0,0,0,1361,10012,0,1,"14926",,-1,,,10,"ABDUL",1,,,0,0,1,"01",0,0,,0,120000,1,"14926",,,20,0,,"Z001",,,,,,0,,100
"15526",,"03/14/26 00:00:00","6474",12,5610,0,63.333332,0,,,0,0,0,0,0,1363,10012,0,1,,,-1,,,1,"ABDUL",1,,,0,0,1,"01",0,0,,0,0,1,"15526",,,1318.3,0,,"Z001",,,,,,0,,5610
"15626",,"03/13/26 00:00:00","6030",1,100,0,0,0,,,0,0,0,0,0,1365,341,0,1,"15626",,-1,,,1,"RAYYAN",1,,,0,0,1,"01",0,0,,0,18450,1,"15626",,,20,0,,"Z001",,,,,,0,,100
"15626",,"03/13/26 00:00:00","252045",3,100,0,0,0,,,0,0,0,0,0,1366,341,0,1,"15626",,-1,,,2,"RAYYAN",1,,,0,0,1,"01",0,0,,0,18450,1,"15626",,,60.83,0,,"Z001",,,,,,0,,100
"15626",,"03/13/26 00:00:00","6098",1,50,0,0,0,,,0,0,0,0,0,1367,341,0,1,"15626",,-1,,,3,"RAYYAN",1,,,0,0,1,"01",0,0,,0,18450,1,"15626",,,22.45,0,,"Z001",,,,,,0,,50
"15626",,"03/13/26 00:00:00","6338",1,150,0,0,0,,,0,0,0,0,0,1368,341,0,1,"15626",,-1,,,4,"RAYYAN",1,,,0,0,1,"01",0,0,,0,18450,1,"15626",,,50,0,,"Z001",,,,,,0,,150
"15626",,"03/13/26 00:00:00","1287",1,13200,0,0,0,,,0,0,0,0,0,1369,341,0,1,"15626",,-1,,,5,"RAYYAN",1,,,0,0,1,"01",0,0,,0,18450,1,"15626",,,800,0,,"Z001",,,,,,0,,13200
"15626",,"03/13/26 00:00:00","241920",1,2800,0,0,0,,,0,0,0,0,0,1370,341,0,1,"15626",,-1,,,6,"RAYYAN",1,,,0,0,1,"01",0,0,,0,18450,1,"15626",,,800,0,,"Z001",,,,,,0,,2800
"15626",,"03/13/26 00:00:00","6620",0,20000,6,250,0,,,0,0,0,0,0,1371,341,0,1,"15626",,-1,,,7,"RAYYAN",1,,,0,0,1,"01",0,0,,0,18450,1,"15626",,,0,72.22,,"Z001",,,,,,0,,20000
"15626",,"03/13/26 00:00:00","6334",1,350,0,0,0,,,0,0,0,0,0,1372,341,0,1,"15626",,-1,,,8,"RAYYAN",1,,,0,0,1,"01",0,0,,0,18450,1,"15626",,,90.41,0,,"Z001",,,,,,0,,350
"15726",,"03/14/26 00:00:00","251952",1,1300,0,0,0,,,0,0,0,0,0,1374,341,0,1,"15726",,-1,,,1,"ABDUL",1,,,0,0,1,"01",0,0,,0,15100,1,"15726",,,328.71,0,,"Z001",,,,,,0,,1300
"15726",,"03/14/26 00:00:00","241919",2,1800,0,0,0,,,0,0,0,0,0,1375,341,0,1,"15726",,-1,,,2,"ABDUL",1,,,0,0,1,"01",0,0,,0,15100,1,"15726",,,300,0,,"Z001",,,,,,0,,1800
"15726",,"03/14/26 00:00:00","241923",1,400,0,0,0,,,0,0,0,0,0,1376,341,0,1,"15726",,-1,,,3,"ABDUL",1,,,0,0,1,"01",0,0,,0,15100,1,"15726",,,120,0,,"Z001",,,,,,0,,400
"15726",,"03/14/26 00:00:00","6099",1,150,0,0,0,,,0,0,0,0,0,1377,341,0,1,"15726",,-1,,,4,"ABDUL",1,,,0,0,1,"01",0,0,,0,15100,1,"15726",,,65,0,,"Z001",,,,,,0,,150
"15726",,"03/14/26 00:00:00","252015",1,450,0,0,0,,,0,0,0,0,0,1378,341,0,1,"15726",,-1,,,5,"ABDUL",1,,,0,0,1,"01",0,0,,0,15100,1,"15726",,,104.99,0,,"Z001",,,,,,0,,450
"15826",,"03/16/26 00:00:00","262083",1,500,0,0,0,,,0,0,0,0,0,1380,341,0,1,"15826",,-1,,,1,"ABDUL",1,,,0,0,1,"01",0,0,,0,34900,1,"15826",,,110,0,,"Z001",,,,,,0,,500
"15826",,"03/16/26 00:00:00","251946",1,1000,0,0,0,,,0,0,0,0,0,1381,341,0,1,"15826",,-1,,,2,"ABDUL",1,,,0,0,1,"01",0,0,,0,34900,1,"15826",,,175.42,0,,"Z001",,,,,,0,,1000
"15826",,"03/16/26 00:00:00","6477",0,23000,40,270,0,,,0,0,0,0,0,1382,341,0,1,"15826",,-1,,,3,"ABDUL",1,,,0,0,1,"01",0,0,,0,34900,1,"15826",,,0,146.54,,"Z001",,,,,,0,,23000
"15826",,"03/16/26 00:00:00","5816",1,6500,0,0,0,,,0,0,0,0,0,1383,341,0,1,"15826",,-1,,,4,"ABDUL",1,,,0,0,1,"01",0,0,,0,34900,1,"15826",,,1700,0,,"Z001",,,,,,0,,6500
"15826",,"03/16/26 00:00:00","6602",9,100,0,0,0,,,0,0,0,0,0,1384,341,0,1,"15826",,-1,,,5,"ABDUL",1,,,0,0,1,"01",0,0,,0,34900,1,"15826",,,29.78,0,,"Z001",,,,,,0,,100
"15926",,"03/17/26 00:00:00","251941",1,450,0,0,0,,,0,0,0,0,0,1386,341,0,1,"15926",,-1,,,1,"RAYYAN",1,,,0,0,1,"01",0,0,,0,104850,1,"15926",,,125,0,,"Z001",,,,,,0,,450
"15926",,"03/17/26 00:00:00","211863",1,6300,0,0,0,,,0,0,0,0,0,1387,341,0,1,"15926",,-1,,,2,"RAYYAN",1,,,0,0,1,"01",0,0,,0,104850,1,"15926",,,2244.64,0,,"Z001",,,,,,0,,6300
"15926",,"03/17/26 00:00:00","1288",1,10500,0,0,0,,,0,0,0,0,0,1388,341,0,1,"15926",,-1,,,3,"RAYYAN",1,,,0,0,1,"01",0,0,,0,104850,1,"15926",,,800,0,,"Z001",,,,,,0,,10500
"15926",,"03/17/26 00:00:00","6471",2,3400,0,36.666668,0,,,0,0,0,0,0,1389,341,0,1,"15926",,-1,,,4,"RAYYAN",1,,,0,0,1,"01",0,0,,0,104850,1,"15926",,,853.01,0,,"Z001",,,,,,0,,3400
"15926",,"03/17/26 00:00:00","6338",1,150,0,0,0,,,0,0,0,0,0,1390,341,0,1,"15926",,-1,,,5,"RAYYAN",1,,,0,0,1,"01",0,0,,0,104850,1,"15926",,,50,0,,"Z001",,,,,,0,,150
"15926",,"03/17/26 00:00:00","6587",1,300,0,0,0,,,0,0,0,0,0,1391,341,0,1,"15926",,-1,,,6,"RAYYAN",1,,,0,0,1,"01",0,0,,0,104850,1,"15926",,,165,0,,"Z001",,,,,,0,,300
"15926",,"03/17/26 00:00:00","5817",4,10000,0,0,0,,,0,0,0,0,0,1392,341,0,1,"15926",,-1,,,7,"RAYYAN",1,,,0,0,1,"01",0,0,,0,104850,1,"15926",,,2507.88,0,,"Z001",,,,,,0,,10000
"15926",,"03/17/26 00:00:00","1032",1,500,0,0,0,,,0,0,0,0,0,1393,341,0,1,"15926",,-1,,,8,"RAYYAN",1,,,0,0,1,"01",0,0,,0,104850,1,"15926",,,111.11,0,,"Z001",,,,,,0,,500
"15926",,"03/17/26 00:00:00","252004",1,28000,0,0,0,,,0,0,0,0,0,1394,341,0,1,"15926",,-1,,,9,"RAYYAN",1,,,0,0,1,"01",0,0,,0,104850,1,"15926",,,8400,0,,"Z001",,,,,,0,,28000
"15926",,"03/17/26 00:00:00","6478",1,10950,0,150,0,,,0,0,0,0,0,1395,341,0,1,"15926",,-1,,,10,"RAYYAN",1,,,0,0,1,"01",0,0,,0,104850,1,"15926",,,1697.47,0,,"Z001",,,,,,0,,10950
"15926",,"03/17/26 00:00:00","6173",10,90,0,0,0,,,0,0,0,0,0,1396,341,0,1,"15926",,-1,,,11,"RAYYAN",1,,,0,0,1,"01",0,0,,0,104850,1,"15926",,,18.95,0,,"Z001",,,,,,0,,90
"16026",,"03/18/26 00:00:00","262083",1,600,0,0,0,,,0,0,0,0,0,1398,341,0,1,"16026",,-1,,,1,"RAYYAN",1,,,0,0,1,"01",0,0,,0,64510,1,"16026",,,210,0,,"Z001",,,,,,0,,600
"16026",,"03/18/26 00:00:00","939",1,8940,0,0,0,,,0,0,0,0,0,1399,341,0,1,"16026",,-1,,,2,"RAYYAN",1,,,0,0,1,"01",0,0,,0,64510,1,"16026",,,1940,0,,"Z001",,,,,,0,,8940
"15826",,"03/16/26 00:00:00","6492",1,11000,0,150,0,,,0,0,0,0,0,1414,341,0,1,"15826",,-1,,,6,"ABDUL",1,,,0,0,1,"01",0,0,,0,34900,1,"15826",,,4690,0,,"Z001",,,,,,0,,11000
"15826",,"03/16/26 00:00:00","6585",2,200,0,0,0,,,0,0,0,0,0,1415,341,0,1,"15826",,-1,,,7,"ABDUL",1,,,0,0,1,"01",0,0,,0,34900,1,"15826",,,75,0,,"Z001",,,,,,0,,200
"15826",,"03/16/26 00:00:00","6584",4,100,0,0,0,,,0,0,0,0,0,1416,341,0,1,"15826",,-1,,,8,"ABDUL",1,,,0,0,1,"01",0,0,,0,34900,1,"15826",,,15,0,,"Z001",,,,,,0,,100
"15826",,"03/16/26 00:00:00","252032",1,100,0,0,0,,,0,0,0,0,0,1417,341,0,1,"15826",,-1,,,9,"ABDUL",1,,,0,0,1,"01",0,0,,0,34900,1,"15826",,,-59.99,0,,"Z001",,,,,,0,,100
"15826",,"03/16/26 00:00:00","6365",2,150,0,0,0,,,0,0,0,0,0,1418,341,0,1,"15826",,-1,,,10,"ABDUL",1,,,0,0,1,"01",0,0,,0,34900,1,"15826",,,149.39,0,,"Z001",,,,,,0,,150
"15826",,"03/16/26 00:00:00","6063",5,50,0,0,0,,,0,0,0,0,0,1419,341,0,1,"15826",,-1,,,11,"ABDUL",1,,,0,0,1,"01",0,0,,0,34900,1,"15826",,,9,0,,"Z001",,,,,,0,,50
"15826",,"03/16/26 00:00:00","252063",1,300,0,0,0,,,0,0,0,0,0,1420,341,0,1,"15826",,-1,,,12,"ABDUL",1,,,0,0,1,"01",0,0,,0,34900,1,"15826",,,120,0,,"Z001",,,,,,0,,300
"15826",,"03/16/26 00:00:00","252015",1,450,0,0,0,,,0,0,0,0,0,1421,341,0,1,"15826",,-1,,,13,"ABDUL",1,,,0,0,1,"01",0,0,,0,34900,1,"15826",,,104.99,0,,"Z001",,,,,,0,,450
"16126",,"03/19/26 00:00:00","6030",1,100,0,0,0,,,0,0,0,0,0,1423,341,0,1,"16126",,-1,,,1,"RAYYAN",1,,,0,0,1,"01",0,0,,0,8990,1,"16126",,,20,0,,"Z001",,,,,,0,,100
"16126",,"03/19/26 00:00:00","787",0,6200,3,80,0,,,0,0,0,0,0,1424,341,0,1,"16126",,-1,,,2,"RAYYAN",1,,,0,0,1,"01",0,0,,0,8990,1,"16126",,,0,34.49,,"Z001",,,,,,0,,6200
"16126",,"03/19/26 00:00:00","6471",1,3250,0,36.669998,0,,,0,0,0,0,0,1425,341,0,1,"16126",,-1,,,3,"RAYYAN",1,,,0,0,1,"01",0,0,,0,8990,1,"16126",,,703.01,0,,"Z001",,,,,,0,,3250
"16126",,"03/19/26 00:00:00","251951",1,1900,0,0,0,,,0,0,0,0,0,1426,341,0,1,"16126",,-1,,,4,"RAYYAN",1,,,0,0,1,"01",0,0,,0,8990,1,"16126",,,489.83,0,,"Z001",,,,,,0,,1900
"16126",,"03/19/26 00:00:00","241920",1,3000,0,0,0,,,0,0,0,0,0,1427,341,0,1,"16126",,-1,,,5,"RAYYAN",1,,,0,0,1,"01",0,0,,0,8990,1,"16126",,,1000,0,,"Z001",,,,,,0,,3000
"16126",,"03/19/26 00:00:00","262087",1,350,0,0,0,,,0,0,0,0,0,1428,341,0,1,"16126",,-1,,,6,"RAYYAN",1,,,0,0,1,"01",0,0,,0,8990,1,"16126",,,142.99,0,,"Z001",,,,,,0,,350
"16126",,"03/19/26 00:00:00","6338",1,150,0,0,0,,,0,0,0,0,0,1429,341,0,1,"16126",,-1,,,7,"RAYYAN",1,,,0,0,1,"01",0,0,,0,8990,1,"16126",,,50,0,,"Z001",,,,,,0,,150
"15826",,"03/16/26 00:00:00","6316",1,2000,0,0,0,,,0,0,0,0,0,1433,341,0,1,"15826",,-1,,,14,"ABDUL",1,,,0,0,1,"01",0,0,,0,34900,1,"15826",,,1100,0,,"Z001",,,,,,0,,2000
"16226",,"03/21/26 00:00:00","252015",1,450,0,0,0,,,0,0,0,0,0,1436,341,0,1,,,-1,,,1,"ABDUL",1,,,0,0,1,"01",0,0,,0,0,1,"16226",,,104.99,0,,"Z001",,,,,,0,,450
"16226",,"03/21/26 00:00:00","6587",1,200,0,0,0,,,0,0,0,0,0,1437,341,0,1,,,-1,,,2,"ABDUL",1,,,0,0,1,"01",0,0,,0,0,1,"16226",,,65,0,,"Z001",,,,,,0,,200
"16226",,"03/21/26 00:00:00","5969",1,30,0,0,0,,,0,0,0,0,0,1438,341,0,1,,,-1,,,3,"ABDUL",1,,,0,0,1,"01",0,0,,0,0,1,"16226",,,16.18,0,,"Z001",,,,,,0,,30
"26026",,"06/04/26 00:00:00","251938",1,3700,0,0,0,,,0,0,0,0,0,2361,10028,0,1,"26026",,-1,,,10,"RAYYAN",1,,,0,0,1,"01",0,0,,0,500000,1,"26026",,,2194.33,0,,"Z001",,,,,,0,,3700
"26026",,"06/04/26 00:00:00","252057",1,1200,0,0,0,,,0,0,0,0,0,2362,10028,0,1,"26026",,-1,,,11,"RAYYAN",1,,,0,0,1,"01",0,0,,0,500000,1,"26026",,,1039.75,0,,"Z001",,,,,,0,,1200
"26026",,"06/04/26 00:00:00","252056",1,300,0,0,0,,,0,0,0,0,0,2363,10028,0,1,"26026",,-1,,,12,"RAYYAN",1,,,0,0,1,"01",0,0,,0,500000,1,"26026",,,216.1,0,,"Z001",,,,,,0,,300
"26026",,"06/04/26 00:00:00","251970",1,850,0,0,0,,,0,0,0,0,0,2364,10028,0,1,"26026",,-1,,,13,"RAYYAN",1,,,0,0,1,"01",0,0,,0,500000,1,"26026",,,566,0,,"Z001",,,,,,0,,850
"26026",,"06/04/26 00:00:00","6317",1,7500,0,0,0,,,0,0,0,0,0,2365,10028,0,1,"26026",,-1,,,14,"RAYYAN",1,,,0,0,1,"01",0,0,,0,500000,1,"26026",,,3437.14,0,,"Z001",,,,,,0,,7500
"26026",,"06/04/26 00:00:00","6189",2,700,0,0,0,,,0,0,0,0,0,2366,10028,0,1,"26026",,-1,,,15,"RAYYAN",1,,,0,0,1,"01",0,0,,0,500000,1,"26026",,,350,0,,"Z001",,,,,,0,,700
"26026",,"06/04/26 00:00:00","241910",0,25000,30,300,0,,,0,0,0,0,0,2367,10028,0,1,"26026",,-1,,,16,"RAYYAN",1,,,0,0,1,"01",0,0,,0,500000,1,"26026",,,0,282.97,,"Z001",,,,,,0,,25000
"26026",,"06/04/26 00:00:00","6476",0,13500,40,200,0,,,0,0,0,0,0,2368,10028,0,1,"26026",,-1,,,17,"RAYYAN",1,,,0,0,1,"01",0,0,,0,500000,1,"26026",,,0,87.88,,"Z001",,,,,,0,,13500
"26026",,"06/04/26 00:00:00","6364",1,350,0,100,0,,,0,0,0,0,0,2369,10028,0,1,"26026",,-1,,,18,"RAYYAN",1,,,0,0,1,"01",0,0,,0,500000,1,"26026",,,193.67,0,,"Z001",,,,,,0,,350
"26026",,"06/04/26 00:00:00","6030",3,150,0,0,0,,,0,0,0,0,0,2370,10028,0,1,"26026",,-1,,,19,"RAYYAN",1,,,0,0,1,"01",0,0,,0,500000,1,"26026",,,61.76,0,,"Z001",,,,,,0,,150
"26026",,"06/04/26 00:00:00","262116",2,360,0,0,0,,,0,0,0,0,0,2371,10028,0,1,"26026",,-1,,,20,"RAYYAN",1,,,0,0,1,"01",0,0,,0,500000,1,"26026",,,100,0,,"Z001",,,,,,0,,360
"26026",,"06/04/26 00:00:00","6173",5,100,0,0,0,,,0,0,0,0,0,2372,10028,0,1,"26026",,-1,,,21,"RAYYAN",1,,,0,0,1,"01",0,0,,0,500000,1,"26026",,,37.08,0,,"Z001",,,,,,0,,100
"26126",,"06/03/26 00:00:00","5970",2,130,0,0,0,,,0,0,0,0,0,2374,341,0,1,"26126",,-1,,,1,"RAYYAN",1,,,0,0,1,"01",0,0,,0,11700,1,"26126",,,42.89,0,,"Z001",,,,,,0,,130
"26126",,"06/03/26 00:00:00","1400",20,2.5,0,0,0,,,0,0,0,0,0,2375,341,0,1,"26126",,-1,,,2,"RAYYAN",1,,,0,0,1,"01",0,0,,0,11700,1,"26126",,,1.97,0,,"Z001",,,,,,0,,2.5
"26126",,"06/03/26 00:00:00","6334",1,350,0,0,0,,,0,0,0,0,0,2376,341,0,1,"26126",,-1,,,3,"RAYYAN",1,,,0,0,1,"01",0,0,,0,11700,1,"26126",,,72.13,0,,"Z001",,,,,,0,,350
"26126",,"06/03/26 00:00:00","6098",1,50,0,0,0,,,0,0,0,0,0,2377,341,0,1,"26126",,-1,,,4,"RAYYAN",1,,,0,0,1,"01",0,0,,0,11700,1,"26126",,,17.16,0,,"Z001",,,,,,0,,50
"26126",,"06/03/26 00:00:00","6063",1,80,0,0,0,,,0,0,0,0,0,2378,341,0,1,"26126",,-1,,,5,"RAYYAN",1,,,0,0,1,"01",0,0,,0,11700,1,"26126",,,36.67,0,,"Z001",,,,,,0,,80
"26126",,"06/03/26 00:00:00","262158",1,550,0,0,0,,,0,0,0,0,0,2379,341,0,1,"26126",,-1,,,6,"RAYYAN",1,,,0,0,1,"01",0,0,,0,11700,1,"26126",,,220,0,,"Z001",,,,,,0,,550
"26126",,"06/03/26 00:00:00","6613",1,1950,0,0,0,,,0,0,0,0,0,2381,341,0,1,"26126",,-1,,,7,"RAYYAN",1,,,0,0,1,"01",0,0,,0,11700,1,"26126",,,517.11,0,,"Z001",,,,,,0,,1950
"18926",,"04/11/26 00:00:00","252029",1,50,0,0,0,,,0,0,0,0,0,1818,341,0,1,"18926",,-1,,,12,"ABDUL",1,,,0,0,1,"01",0,0,,0,74450,1,"18926",,,25,0,,"Z001",,,,,,0,,50
"19826",,"04/20/26 00:00:00","251965",1,1300,0,0,0,,,0,0,0,0,0,1821,341,0,1,"19826",,-1,,,1,"ABDUL",1,,,0,0,1,"01",0,0,,0,4780,1,"19826",,,286.28,0,,"Z001",,,,,,0,,1300
"19826",,"04/20/26 00:00:00","241912",2,250,0,0,0,,,0,0,0,0,0,1822,341,0,1,"19826",,-1,,,2,"ABDUL",1,,,0,0,1,"01",0,0,,0,4780,1,"19826",,,183.43,0,,"Z001",,,,,,0,,250
"19826",,"04/20/26 00:00:00","241910",0,25000,10,250,0,,,0,0,0,0,0,1823,341,0,1,"19826",,-1,,,3,"ABDUL",1,,,0,0,1,"01",0,0,,0,4780,1,"19826",,,0,232.97,,"Z001",,,,,,0,,25000
"19826",,"04/20/26 00:00:00","221881",0,800,2,40,0,,,0,0,0,0,0,1824,341,0,1,"19826",,-1,,,4,"ABDUL",1,,,0,0,1,"01",0,0,,0,4780,1,"19826",,,0,40,,"Z001",,,,,,0,,800
"19826",,"04/20/26 00:00:00","252065",4,10,0,0,0,,,0,0,0,0,0,1825,341,0,1,"19826",,-1,,,5,"ABDUL",1,,,0,0,1,"01",0,0,,0,4780,1,"19826",,,4,0,,"Z001",,,,,,0,,10
"19826",,"04/20/26 00:00:00","252064",4,20,0,0,0,,,0,0,0,0,0,1826,341,0,1,"19826",,-1,,,6,"ABDUL",1,,,0,0,1,"01",0,0,,0,4780,1,"19826",,,10,0,,"Z001",,,,,,0,,20
"19826",,"04/20/26 00:00:00","6002",2,40,0,0,0,,,0,0,0,0,0,1827,341,0,1,"19826",,-1,,,7,"ABDUL",1,,,0,0,1,"01",0,0,,0,4780,1,"19826",,,15,0,,"Z001",,,,,,0,,40
"19826",,"04/20/26 00:00:00","262179",1,200,0,0,0,,,0,0,0,0,0,1829,341,0,1,"19826",,-1,,,8,"ABDUL",1,,,0,0,1,"01",0,0,,0,4780,1,"19826",,,80,0,,"Z001",,,,,,0,,200
"20026",,"04/21/26 00:00:00","6333",1,350,0,0,0,,,0,0,0,0,0,1840,341,0,1,"20026",,-1,,,1,"ABDUL",1,,,0,0,1,"01",0,0,,0,1980,1,"20026",,,120,0,,"Z001",,,,,,0,,350
"20026",,"04/21/26 00:00:00","1692",0,250,4,20,0,,,0,0,0,0,0,1841,341,0,1,"20026",,-1,,,2,"ABDUL",1,,,0,0,1,"01",0,0,,0,1980,1,"20026",,,0,20,,"Z001",,,,,,0,,250
"20126",,"04/22/26 00:00:00","6505",1,100,0,0,0,,,0,0,0,0,0,1848,341,0,1,"20126",,-1,,,1,"ABDUL",1,,,0,0,1,"01",0,0,,0,73730,1,"20126",,,29.83,0,,"Z001",,,,,,0,,100
"20126",,"04/22/26 00:00:00","231903",1,330,0,5,0,,,0,0,0,0,0,1849,341,0,1,"20126",,-1,,,2,"ABDUL",1,,,0,0,1,"01",0,0,,0,73730,1,"20126",,,328.91,0,,"Z001",,,,,,0,,330
"20126",,"04/22/26 00:00:00","6466",1,400,0,0,0,,,0,0,0,0,0,1850,341,0,1,"20126",,-1,,,3,"ABDUL",1,,,0,0,1,"01",0,0,,0,73730,1,"20126",,,150,0,,"Z001",,,,,,0,,400
"20126",,"04/22/26 00:00:00","1549",1,300,0,0,0,,,0,0,0,0,0,1851,341,0,1,"20126",,-1,,,4,"ABDUL",1,,,0,0,1,"01",0,0,,0,73730,1,"20126",,,167,0,,"Z001",,,,,,0,,300
"20126",,"04/22/26 00:00:00","251941",2,350,0,0,0,,,0,0,0,0,0,1852,341,0,1,"20126",,-1,,,5,"ABDUL",1,,,0,0,1,"01",0,0,,0,73730,1,"20126",,,60,0,,"Z001",,,,,,0,,350
"20126",,"04/22/26 00:00:00","262101",2,450,0,0,0,,,0,0,0,0,0,1853,341,0,1,"20126",,-1,,,6,"ABDUL",1,,,0,0,1,"01",0,0,,0,73730,1,"20126",,,270,0,,"Z001",,,,,,0,,450
"20126",,"04/22/26 00:00:00","771",1,50000,0,0,0,,,0,0,0,0,0,1854,341,0,1,"20126",,-1,,,7,"ABDUL",1,,,0,0,1,"01",0,0,,0,73730,1,"20126",,,15000,0,,"Z001",,,,,,0,,50000
"20126",,"04/22/26 00:00:00","1288",2,10500,0,0,0,,,0,0,0,0,0,1855,341,0,1,"20126",,-1,,,8,"ABDUL",1,,,0,0,1,"01",0,0,,0,73730,1,"20126",,,800,0,,"Z001",,,,,,0,,10500
"14126",,"03/03/26 00:00:00","6190",4,15,0,0,0,,,0,0,0,0,0,1236,341,0,1,"14126",,-1,,,9,"RAYYAN",1,,,0,0,1,"01",0,0,,0,8330,1,"14126",,,10,0,,"Z001",,,,,,0,,15
"14226",,"03/07/26 00:00:00","1032",5,500,0,0,0,,,0,1,0,0,0,1238,10002,0,1,,,165,,,1,"ABDUL",1,,,0,0,1,"01",0,0,,0,0,1,"14226",,,111.11,0,,"Z001",,,,,,0,,500
"14326",,"03/07/26 00:00:00","1341",12,40,0,0,0,,,0,0,0,0,0,1240,10011,0,1,"14326",,-1,,,1,"RAYYAN",1,,,0,0,1,"01",0,0,,0,50960,1,"14326",,,15,0,,"Z001",,,,,,0,,40
"14326",,"03/07/26 00:00:00","1400",16,5,0,0,0,,,0,0,0,0,0,1241,10011,0,1,"14326",,-1,,,2,"RAYYAN",1,,,0,0,1,"01",0,0,,0,50960,1,"14326",,,4.47,0,,"Z001",,,,,,0,,5
"14326",,"03/07/26 00:00:00","6030",4,100,0,0,0,,,0,0,0,0,0,1242,10011,0,1,"14326",,-1,,,3,"RAYYAN",1,,,0,0,1,"01",0,0,,0,50960,1,"14326",,,20,0,,"Z001",,,,,,0,,100
"14326",,"03/07/26 00:00:00","6476",4,11150,0,150,0,,,0,0,0,0,0,1243,10011,0,1,"14326",,-1,,,4,"RAYYAN",1,,,0,0,1,"01",0,0,,0,50960,1,"14326",,,1096.21,0,,"Z001",,,,,,0,,11150
"14326",,"03/07/26 00:00:00","944",18,300,0,0,0,,,0,0,0,0,0,1244,10011,0,1,"14326",,-1,,,5,"RAYYAN",1,,,0,0,1,"01",0,0,,0,50960,1,"14326",,,80,0,,"Z001",,,,,,0,,300
"14426",,"03/07/26 00:00:00","6478",0,12000,30,130,0,,,0,0,0,0,0,1246,10011,0,1,"14426",,-1,,,1,"ABDUL",1,,,0,0,1,"01",0,0,,0,17050,1,"14426",,,0,130,,"Z001",,,,,,0,,12000
"14426",,"03/07/26 00:00:00","999",1,8500,0,0,0,,,0,0,0,0,0,1247,10011,0,1,"14426",,-1,,,2,"ABDUL",1,,,0,0,1,"01",0,0,,0,17050,1,"14426",,,2800,0,,"Z001",,,,,,0,,8500
"14426",,"03/07/26 00:00:00","1581",1,4500,0,0,0,,,0,0,0,0,0,1248,10011,0,1,"14426",,-1,,,3,"ABDUL",1,,,0,0,1,"01",0,0,,0,17050,1,"14426",,,4500,0,,"Z001",,,,,,0,,4500
"14426",,"03/07/26 00:00:00","6338",1,150,0,0,0,,,0,0,0,0,0,1249,10011,0,1,"14426",,-1,,,4,"ABDUL",1,,,0,0,1,"01",0,0,,0,17050,1,"14426",,,50,0,,"Z001",,,,,,0,,150
"14626",,"03/04/26 00:00:00","6025",1,100,0,0,0,,,0,0,0,0,0,1256,341,0,1,"14626",,-1,,,1,"ABDUL",1,,,0,0,1,"01",0,0,,0,10150,1,"14626",,,38.25,0,,"Z001",,,,,,0,,100
"14626",,"03/04/26 00:00:00","5930",2,850,0,0,0,,,0,0,0,0,0,1257,341,0,1,"14626",,-1,,,2,"ABDUL",1,,,0,0,1,"01",0,0,,0,10150,1,"14626",,,450,0,,"Z001",,,,,,0,,850
"14626",,"03/04/26 00:00:00","6474",1,5600,0,63.330002,0,,,0,0,0,0,0,1258,341,0,1,"14626",,-1,,,3,"ABDUL",1,,,0,0,1,"01",0,0,,0,10150,1,"14626",,,1308.3,0,,"Z001",,,,,,0,,5600
"14626",,"03/04/26 00:00:00","6030",1,100,0,0,0,,,0,0,0,0,0,1259,341,0,1,"14626",,-1,,,4,"ABDUL",1,,,0,0,1,"01",0,0,,0,10150,1,"14626",,,20,0,,"Z001",,,,,,0,,100
"14626",,"03/04/26 00:00:00","1078",1,1300,0,0,0,,,0,0,0,0,0,1260,341,0,1,"14626",,-1,,,5,"ABDUL",1,,,0,0,1,"01",0,0,,0,10150,1,"14626",,,400,0,,"Z001",,,,,,0,,1300
"14626",,"03/04/26 00:00:00","1037",2,350,0,0,0,,,0,0,0,0,0,1261,341,0,1,"14626",,-1,,,6,"ABDUL",1,,,0,0,1,"01",0,0,,0,10150,1,"14626",,,160,0,,"Z001",,,,,,0,,350
"14626",,"03/04/26 00:00:00","251942",2,300,0,0,0,,,0,0,0,0,0,1262,341,0,1,"14626",,-1,,,7,"ABDUL",1,,,0,0,1,"01",0,0,,0,10150,1,"14626",,,83.06,0,,"Z001",,,,,,0,,300
"21726",,"03/23/26 00:00:00","252020",500,178.64,0,0,0,,,0,0,0,0,0,2004,365,0,1,"21726",,-1,,,1,"RAYYAN",1,,,0,0,1,"01",0,0,,0,89320,1,"21726",,,-5.05,0,,"Z001",,,,,,0,,178.64
"14826",,"03/06/26 00:00:00","5970",2,120,0,0,0,,,0,0,0,0,0,1285,341,0,1,"14826",,-1,,,13,"ABDUL",1,,,0,0,1,"01",0,0,,0,60090,1,"14826",,,45,0,,"Z001",,,,,,0,,120
"14826",,"03/06/26 00:00:00","251969",2,500,0,0,0,,,0,0,0,0,0,1286,341,0,1,"14826",,-1,,,14,"ABDUL",1,,,0,0,1,"01",0,0,,0,60090,1,"14826",,,187.5,0,,"Z001",,,,,,0,,500
"14826",,"03/06/26 00:00:00","251942",6,350,0,0,0,,,0,0,0,0,0,1287,341,0,1,"14826",,-1,,,15,"ABDUL",1,,,0,0,1,"01",0,0,,0,60090,1,"14826",,,133.06,0,,"Z001",,,,,,0,,350
"14926",,"03/10/26 00:00:00","262088",200,500,0,0,0,,,0,0,0,0,0,1294,10012,0,1,"14926",,-1,,,1,"ABDUL",1,,,0,0,1,"01",0,0,,0,120000,1,"14926",,,108.57,0,,"Z001",,,,,,0,,500
"14926",,"03/10/26 00:00:00","6334",40,331.25,0,0,0,,,0,0,0,0,0,1295,10012,0,1,"14926",,-1,,,2,"ABDUL",1,,,0,0,1,"01",0,0,,0,120000,1,"14926",,,71.66,0,,"Z001",,,,,,0,,331.25
"14926",,"03/10/26 00:00:00","6587",10,185,0,0,0,,,0,0,0,0,0,1296,10012,0,1,"14926",,-1,,,3,"ABDUL",1,,,0,0,1,"01",0,0,,0,120000,1,"14926",,,50,0,,"Z001",,,,,,0,,185
"14926",,"03/10/26 00:00:00","6586",12,200,0,0,0,,,0,0,0,0,0,1297,10012,0,1,"14926",,-1,,,4,"ABDUL",1,,,0,0,1,"01",0,0,,0,120000,1,"14926",,,40,0,,"Z001",,,,,,0,,200
"14926",,"03/10/26 00:00:00","6335",3,300,0,0,0,,,0,0,0,0,0,1298,10012,0,1,"14926",,-1,,,5,"ABDUL",1,,,0,0,1,"01",0,0,,0,120000,1,"14926",,,70,0,,"Z001",,,,,,0,,300
"14926",,"03/10/26 00:00:00","6585",2,180,0,0,0,,,0,0,0,0,0,1299,10012,0,1,"14926",,-1,,,6,"ABDUL",1,,,0,0,1,"01",0,0,,0,120000,1,"14926",,,55,0,,"Z001",,,,,,0,,180
"14926",,"03/10/26 00:00:00","6584",3,100,0,0,0,,,0,0,0,0,0,1300,10012,0,1,"14926",,-1,,,7,"ABDUL",1,,,0,0,1,"01",0,0,,0,120000,1,"14926",,,15,0,,"Z001",,,,,,0,,100
"14926",,"03/10/26 00:00:00","251942",1,350,0,0,0,,,0,0,0,0,0,1303,10012,0,1,"14926",,-1,,,8,"ABDUL",1,,,0,0,1,"01",0,0,,0,120000,1,"14926",,,133.06,0,,"Z001",,,,,,0,,350
"14926",,"03/10/26 00:00:00","241923",1,400,0,0,0,,,0,0,0,0,0,1304,10012,0,1,"14926",,-1,,,9,"ABDUL",1,,,0,0,1,"01",0,0,,0,120000,1,"14926",,,120,0,,"Z001",,,,,,0,,400
"16026",,"03/18/26 00:00:00","252028",1,550,0,0,0,,,0,0,0,0,0,1400,341,0,1,"16026",,-1,,,3,"RAYYAN",1,,,0,0,1,"01",0,0,,0,64510,1,"16026",,,100,0,,"Z001",,,,,,0,,550
"16026",,"03/18/26 00:00:00","6588",1,450,0,0,0,,,0,0,0,0,0,1401,341,0,1,"16026",,-1,,,4,"RAYYAN",1,,,0,0,1,"01",0,0,,0,64510,1,"16026",,,105.56,0,,"Z001",,,,,,0,,450
"16026",,"03/18/26 00:00:00","5970",1,120,0,0,0,,,0,0,0,0,0,1402,341,0,1,"16026",,-1,,,5,"RAYYAN",1,,,0,0,1,"01",0,0,,0,64510,1,"16026",,,45,0,,"Z001",,,,,,0,,120
"16026",,"03/18/26 00:00:00","6030",2,100,0,0,0,,,0,0,0,0,0,1403,341,0,1,"16026",,-1,,,6,"RAYYAN",1,,,0,0,1,"01",0,0,,0,64510,1,"16026",,,20,0,,"Z001",,,,,,0,,100
"16026",,"03/18/26 00:00:00","1556",1,3500,0,0,0,,,0,0,0,0,0,1404,341,0,1,"16026",,-1,,,7,"RAYYAN",1,,,0,0,1,"01",0,0,,0,64510,1,"16026",,,1000,0,,"Z001",,,,,,0,,3500
"16026",,"03/18/26 00:00:00","252043",1,150,0,0,0,,,0,0,0,0,0,1405,341,0,1,"16026",,-1,,,8,"RAYYAN",1,,,0,0,1,"01",0,0,,0,64510,1,"16026",,,43,0,,"Z001",,,,,,0,,150
"16026",,"03/18/26 00:00:00","252003",1,26000,0,0,0,,,0,0,0,0,0,1406,341,0,1,"16026",,-1,,,9,"RAYYAN",1,,,0,0,1,"01",0,0,,0,64510,1,"16026",,,11550,0,,"Z001",,,,,,0,,26000
"17726",,"03/07/26 00:00:00","262100",7,350,0,0,0,,,0,0,0,0,10.2,1554,341,0,1,"17726",,-1,,,1,"RAYYAN",1,,,0,0,1,"01",0,0,,0,2200,1,"17726",,,350,0,,"Z001",,,,,,0,,350
"17826",,"04/01/26 00:00:00","6365",1,100,0,0,0,,,0,0,0,0,0,1556,341,0,1,"17826",,-1,,,1,"ABDUL",1,,,0,0,1,"01",0,0,,0,5750,1,"17826",,,99.39,0,,"Z001",,,,,,0,,100
"17826",,"04/01/26 00:00:00","6572",1,3000,0,0,0,,,0,0,0,0,0,1557,341,0,1,"17826",,-1,,,2,"ABDUL",1,,,0,0,1,"01",0,0,,0,5750,1,"17826",,,1200,0,,"Z001",,,,,,0,,3000
"17826",,"04/01/26 00:00:00","1032",1,450,0,0,0,,,0,0,0,0,0,1558,341,0,1,"17826",,-1,,,3,"ABDUL",1,,,0,0,1,"01",0,0,,0,5750,1,"17826",,,61.11,0,,"Z001",,,,,,0,,450
"17926",,"04/02/26 00:00:00","6505",4,100,0,0,0,,,0,0,0,0,0,1560,341,0,1,"17926",,-1,,,1,"ABDUL",1,,,0,0,1,"01",0,0,,0,85595,1,"17926",,,29.83,0,,"Z001",,,,,,0,,100
"17926",,"04/02/26 00:00:00","6602",3,100,0,0,0,,,0,0,0,0,0,1561,341,0,1,"17926",,-1,,,2,"ABDUL",1,,,0,0,1,"01",0,0,,0,85595,1,"17926",,,29.78,0,,"Z001",,,,,,0,,100
"17926",,"04/02/26 00:00:00","231902",1,8200,0,0,0,,,0,0,0,0,0,1562,341,0,1,"17926",,-1,,,3,"ABDUL",1,,,0,0,1,"01",0,0,,0,85595,1,"17926",,,3127.72,0,,"Z001",,,,,,0,,8200
"17926",,"04/02/26 00:00:00","6554",1,27000,0,0,0,,,0,0,0,0,1.666667,1563,341,0,1,"17926",,-1,,,4,"ABDUL",1,,,0,0,1,"01",0,0,,0,85595,1,"17926",,,11571.43,0,,"Z001",,,,,,0,,27000
"17926",,"04/02/26 00:00:00","241910",0,25000,14,250,0,,,0,0,0,0,0,1564,341,0,1,"17926",,-1,,,5,"ABDUL",1,,,0,0,1,"01",0,0,,0,85595,1,"17926",,,0,232.97,,"Z001",,,,,,0,,25000
"17926",,"04/02/26 00:00:00","1034",1,350,0,0,0,,,0,0,0,0,0,1572,341,0,1,"17926",,-1,,,7,"ABDUL",1,,,0,0,1,"01",0,0,,0,85595,1,"17926",,,150,0,,"Z001",,,,,,0,,350
"17926",,"04/02/26 00:00:00","6338",1,150,0,0,0,,,0,0,0,0,0,1574,341,0,1,"17926",,-1,,,8,"ABDUL",1,,,0,0,1,"01",0,0,,0,85595,1,"17926",,,50,0,,"Z001",,,,,,0,,150
"17926",,"04/02/26 00:00:00","6563",1,3000,0,0,0,,,0,0,0,0,0,1575,341,0,1,"17926",,-1,,,9,"ABDUL",1,,,0,0,1,"01",0,0,,0,85595,1,"17926",,,500,0,,"Z001",,,,,,0,,3000
"17926",,"04/02/26 00:00:00","6063",1,50,0,0,0,,,0,0,0,0,0,1576,341,0,1,"17926",,-1,,,10,"ABDUL",1,,,0,0,1,"01",0,0,,0,85595,1,"17926",,,9,0,,"Z001",,,,,,0,,50
"17926",,"04/02/26 00:00:00","1032",1,500,0,0,0,,,0,0,0,0,0,1577,341,0,1,"17926",,-1,,,11,"ABDUL",1,,,0,0,1,"01",0,0,,0,85595,1,"17926",,,111.11,0,,"Z001",,,,,,0,,500
"17926",,"04/02/26 00:00:00","252011",1,600,0,0,0,,,0,0,0,0,0,1578,341,0,1,"17926",,-1,,,12,"ABDUL",1,,,0,0,1,"01",0,0,,0,85595,1,"17926",,,235,0,,"Z001",,,,,,0,,600
"17926",,"04/02/26 00:00:00","6098",1,44,0,0,0,,,0,0,0,0,0,1579,341,0,1,"17926",,-1,,,13,"ABDUL",1,,,0,0,1,"01",0,0,,0,85595,1,"17926",,,11.16,0,,"Z001",,,,,,0,,44
"17926",,"04/02/26 00:00:00","1400",2,0.5,0,0,0,,,0,0,0,0,0,1580,341,0,1,"17926",,-1,,,14,"ABDUL",1,,,0,0,1,"01",0,0,,0,85595,1,"17926",,,-0.03,0,,"Z001",,,,,,0,,0.5
"17926",,"04/02/26 00:00:00","924",1,8000,0,0,0,,,0,0,0,0,0,1581,341,0,1,"17926",,-1,,,15,"ABDUL",1,,,0,0,1,"01",0,0,,0,85595,1,"17926",,,1200,0,,"Z001",,,,,,0,,8000
"18126",,"04/06/26 00:00:00","251990",2,100,0,0,0,,,0,0,0,0,0,1813,341,0,1,"18126",,-1,,,10,"ABDUL",1,,,0,0,1,"01",0,0,,0,21100,1,"18126",,,40,0,,"Z001",,,,,,0,,100
"16026",,"03/18/26 00:00:00","973",1,1500,0,0,0,,,0,0,0,0,0,1407,341,0,1,"16026",,-1,,,10,"RAYYAN",1,,,0,0,1,"01",0,0,,0,64510,1,"16026",,,750,0,,"Z001",,,,,,0,,1500
"16026",,"03/18/26 00:00:00","252021",50,450,0,0,0,,,0,0,0,0,0,1408,341,0,1,"16026",,-1,,,11,"RAYYAN",1,,,0,0,1,"01",0,0,,0,64510,1,"16026",,,163.22,0,,"Z001",,,,,,0,,450
"15726",,"03/14/26 00:00:00","251942",12,325,0,0,0,,,0,0,0,0,0,1411,341,0,1,"15726",,-1,,,6,"ABDUL",1,,,0,0,1,"01",0,0,,0,15100,1,"15726",,,100.52,0,,"Z001",,,,,,0,,325
"16226",,"03/21/26 00:00:00","5970",1,120,0,0,0,,,0,0,0,0,0,1439,341,0,1,,,-1,,,4,"ABDUL",1,,,0,0,1,"01",0,0,,0,0,1,"16226",,,45,0,,"Z001",,,,,,0,,120
"16226",,"03/21/26 00:00:00","6002",1,70,0,0,0,,,0,0,0,0,0,1440,341,0,1,,,-1,,,5,"ABDUL",1,,,0,0,1,"01",0,0,,0,0,1,"16226",,,45,0,,"Z001",,,,,,0,,70
"16226",,"03/21/26 00:00:00","6338",1,150,0,0,0,,,0,0,0,0,0,1441,341,0,1,,,-1,,,6,"ABDUL",1,,,0,0,1,"01",0,0,,0,0,1,"16226",,,50,0,,"Z001",,,,,,0,,150
"16326",,"03/26/26 00:00:00","251984",3,3600,0,0,0,,,0,0,0,0,0,1444,341,0,1,"16326",,-1,,"ZEINAB SWALEH",1,"RAYYAN",1,,,0,0,1,"01",0,0,,0,19630,1,"16326",,,450,0,,"Z001",,,,,,0,,3600
"16326",,"03/26/26 00:00:00","787",0,6200,3,80,0,,,0,0,0,0,0,1445,341,0,1,"16326",,-1,,"ZEINAB SWALEH",2,"RAYYAN",1,,,0,0,1,"01",0,0,,0,19630,1,"16326",,,0,34.49,,"Z001",,,,,,0,,6200
"16326",,"03/26/26 00:00:00","5969",3,30,0,0,0,,,0,0,0,0,0,1446,341,0,1,"16326",,-1,,"ZEINAB SWALEH",3,"RAYYAN",1,,,0,0,1,"01",0,0,,0,19630,1,"16326",,,12.02,0,,"Z001",,,,,,0,,30
"16326",,"03/26/26 00:00:00","999",1,8500,0,0,0,,,0,0,0,0,0,1447,341,0,1,"16326",,-1,,"ZEINAB SWALEH",4,"RAYYAN",1,,,0,0,1,"01",0,0,,0,19630,1,"16326",,,2800,0,,"Z001",,,,,,0,,8500
"16426",,"03/26/26 00:00:00","6474",3,5700,0,63.333332,0,,,0,0,0,0,0,1449,10012,0,1,,,-1,,,1,"SAID",1,,,0,0,1,"01",0,0,,0,0,1,"16426",,,1408.3,0,,"Z001",,,,,,0,,5700
"16526",,"03/27/26 00:00:00","241926",1,100000,0,0,0,,,0,0,0,0,0,1451,10017,0,1,"16526",,-1,,,1,"RAYYAN",1,,,0,0,1,"01",0,0,,0,62250,1,"16526",,,13340.32,0,,"Z001",,,,,,0,,100000
"16526",,"03/27/26 00:00:00","771",1,50000,0,0,0,,,0,0,0,0,0,1452,10017,0,1,"16526",,-1,,,2,"RAYYAN",1,,,0,0,1,"01",0,0,,0,62250,1,"16526",,,13857.14,0,,"Z001",,,,,,0,,50000
"16526",,"03/27/26 00:00:00","251944",1,2250,0,0,0,,,0,0,0,0,0,1453,10017,0,1,"16526",,-1,,,3,"RAYYAN",1,,,0,0,1,"01",0,0,,0,62250,1,"16526",,,833.33,0,,"Z001",,,,,,0,,2250
"16626",,"03/27/26 00:00:00","1095",1,8500,0,0,0,,,0,0,0,0,0,1455,10018,0,1,,,-1,,,1,"RAYYAN",1,,,0,0,1,"01",0,0,,0,0,1,"16626",,,1500,0,,"Z001",,,,,,0,,8500
"16626",,"03/27/26 00:00:00","241931",1,2500,0,0,0,,,0,0,0,0,0,1456,10018,0,1,,,-1,,,2,"RAYYAN",1,,,0,0,1,"01",0,0,,0,0,1,"16626",,,698,0,,"Z001",,,,,,0,,2500
"16626",,"03/27/26 00:00:00","6346",2,500,0,0,0,,,0,0,0,0,0,1457,10018,0,1,,,-1,,,3,"RAYYAN",1,,,0,0,1,"01",0,0,,0,0,1,"16626",,,71.84,0,,"Z001",,,,,,0,,500
"16626",,"03/27/26 00:00:00","854",1,2000,0,0,0,,,0,0,0,0,0,1458,10018,0,1,,,-1,,,4,"RAYYAN",1,,,0,0,1,"01",0,0,,0,0,1,"16626",,,1350,0,,"Z001",,,,,,0,,2000
"16626",,"03/27/26 00:00:00","241910",0,25000,30,160,0,,,0,0,0,0,0,1459,10018,0,1,,,-1,,,5,"RAYYAN",1,,,0,0,1,"01",0,0,,0,0,1,"16626",,,0,142.97,,"Z001",,,,,,0,,25000
"16726",,"03/23/26 00:00:00","6556",1,13500,0,0,0,,,0,0,0,0,0,1463,341,0,1,"16726",,-1,,,1,"RAYYAN",1,,,0,0,1,"01",0,0,,0,13500,1,"16726",,,1634.68,0,,"Z001",,,,,,0,,13500
"16926",,"03/24/26 00:00:00","6505",3,100,0,0,0,,,0,0,0,0,0,1475,341,0,1,"16926",,-1,,,1,"ABDUL",1,,,0,0,1,"01",0,0,,0,9430,1,"16926",,,29.83,0,,"Z001",,,,,,0,,100
"16926",,"03/24/26 00:00:00","1562",1,100,0,0,0,,,0,0,0,0,0,1476,341,0,1,"16926",,-1,,,2,"ABDUL",1,,,0,0,1,"01",0,0,,0,9430,1,"16926",,,65,0,,"Z001",,,,,,0,,100
"16926",,"03/24/26 00:00:00","6586",1,200,0,0,0,,,0,0,0,0,0,1477,341,0,1,"16926",,-1,,,3,"ABDUL",1,,,0,0,1,"01",0,0,,0,9430,1,"16926",,,40,0,,"Z001",,,,,,0,,200
"16926",,"03/24/26 00:00:00","6474",0,5700,40,65,0,,,0,0,0,0,0,1478,341,0,1,"16926",,-1,,,4,"ABDUL",1,,,0,0,1,"01",0,0,,0,9430,1,"16926",,,0,17.71,,"Z001",,,,,,0,,5700
"16926",,"03/24/26 00:00:00","6471",0,3300,20,40,0,,,0,0,0,0,0,1479,341,0,1,"16926",,-1,,,5,"ABDUL",1,,,0,0,1,"01",0,0,,0,9430,1,"16926",,,0,11.89,,"Z001",,,,,,0,,3300
"16926",,"03/24/26 00:00:00","6063",2,50,0,0,0,,,0,0,0,0,0,1480,341,0,1,"16926",,-1,,,6,"ABDUL",1,,,0,0,1,"01",0,0,,0,9430,1,"16926",,,9,0,,"Z001",,,,,,0,,50
"16926",,"03/24/26 00:00:00","6334",6,350,0,0,0,,,0,0,0,0,0,1481,341,0,1,"16926",,-1,,,7,"ABDUL",1,,,0,0,1,"01",0,0,,0,9430,1,"16926",,,90.41,0,,"Z001",,,,,,0,,350
"18126",,"04/06/26 00:00:00","262171",2,200,0,0,0,,,0,0,0,0,0,1814,341,0,1,"18126",,-1,,,11,"ABDUL",1,,,0,0,1,"01",0,0,,0,21100,1,"18126",,,65,0,,"Z001",,,,,,0,,200
"20026",,"04/21/26 00:00:00","251952",1,1500,0,0,0,,,0,0,0,0,0,1842,341,0,1,"20026",,-1,,,3,"ABDUL",1,,,0,0,1,"01",0,0,,0,1980,1,"20026",,,528.71,0,,"Z001",,,,,,0,,1500
"20026",,"04/21/26 00:00:00","6063",1,50,0,0,0,,,0,0,0,0,0,1843,341,0,1,"20026",,-1,,,4,"ABDUL",1,,,0,0,1,"01",0,0,,0,1980,1,"20026",,,9,0,,"Z001",,,,,,0,,50
"20226",,"04/23/26 00:00:00","6476",1,13500,0,150,0,,,0,0,0,0,0,1857,341,0,1,"20226",,-1,,,1,"ABDUL",1,,,0,0,1,"01",0,0,,0,20800,1,"20226",,,2119.35,0,,"Z001",,,,,,0,,13500
"20226",,"04/23/26 00:00:00","6474",0,5700,45,77.777779,0,,,0,0,0,0,0,1858,341,0,1,"20226",,-1,,,2,"ABDUL",1,,,0,0,1,"01",0,0,,0,20800,1,"20226",,,0,30.49,,"Z001",,,,,,0,,5700
"20226",,"04/23/26 00:00:00","6335",1,300,0,0,0,,,0,0,0,0,0,1859,341,0,1,"20226",,-1,,,3,"ABDUL",1,,,0,0,1,"01",0,0,,0,20800,1,"20226",,,70,0,,"Z001",,,,,,0,,300
"20226",,"04/23/26 00:00:00","6471",1,3500,0,36.666668,0,,,0,0,0,0,0,1860,341,0,1,"20226",,-1,,,4,"ABDUL",1,,,0,0,1,"01",0,0,,0,20800,1,"20226",,,953.01,0,,"Z001",,,,,,0,,3500
"20326",,"04/24/26 00:00:00","262128",5,200,0,0,0,,,0,0,0,0,0,1862,341,0,1,"20326",,-1,,,1,"ABDUL",1,,,0,0,1,"01",0,0,,0,2600,1,"20326",,,108.06,0,,"Z001",,,,,,0,,200
"20326",,"04/24/26 00:00:00","6586",1,200,0,0,0,,,0,0,0,0,0,1863,341,0,1,"20326",,-1,,,2,"ABDUL",1,,,0,0,1,"01",0,0,,0,2600,1,"20326",,,40,0,,"Z001",,,,,,0,,200
"16926",,"03/24/26 00:00:00","6587",5,200,0,0,0,,,0,0,0,0,0,1482,341,0,1,"16926",,-1,,,8,"ABDUL",1,,,0,0,1,"01",0,0,,0,9430,1,"16926",,,65,0,,"Z001",,,,,,0,,200
"16926",,"03/24/26 00:00:00","6098",5,50,0,0,0,,,0,0,0,0,0,1483,341,0,1,"16926",,-1,,,9,"ABDUL",1,,,0,0,1,"01",0,0,,0,9430,1,"16926",,,17.16,0,,"Z001",,,,,,0,,50
"16926",,"03/24/26 00:00:00","5969",6,30,0,0,0,,,0,0,0,0,0,1484,341,0,1,"16926",,-1,,,10,"ABDUL",1,,,0,0,1,"01",0,0,,0,9430,1,"16926",,,12.02,0,,"Z001",,,,,,0,,30
"16926",,"03/24/26 00:00:00","6584",1,100,0,0,0,,,0,0,0,0,0,1485,341,0,1,"16926",,-1,,,11,"ABDUL",1,,,0,0,1,"01",0,0,,0,9430,1,"16926",,,15,0,,"Z001",,,,,,0,,100
"16926",,"03/24/26 00:00:00","6585",2,200,0,0,0,,,0,0,0,0,0,1486,341,0,1,"16926",,-1,,,12,"ABDUL",1,,,0,0,1,"01",0,0,,0,9430,1,"16926",,,75,0,,"Z001",,,,,,0,,200
"17026",,"03/25/26 00:00:00","251942",10,325,0,0,0,,,0,0,0,0,0,1488,341,0,1,"17026",,-1,,,1,"RAYYAN",1,,,0,0,1,"01",0,0,,0,3250,1,"17026",,,100.52,0,,"Z001",,,,,,0,,325
"17126",,"03/26/26 00:00:00","6099",1,150,0,0,0,,,0,0,0,0,0,1490,341,0,1,"17126",,-1,,,1,"RAYYAN",1,,,0,0,1,"01",0,0,,0,350,1,"17126",,,65,0,,"Z001",,,,,,0,,150
"17126",,"03/26/26 00:00:00","252045",2,100,0,0,0,,,0,0,0,0,0,1491,341,0,1,"17126",,-1,,,2,"RAYYAN",1,,,0,0,1,"01",0,0,,0,350,1,"17126",,,60.83,0,,"Z001",,,,,,0,,100
"17226",,"03/27/26 00:00:00","251942",1,350,0,0,0,,,0,0,0,0,0,1494,341,0,1,"17226",,-1,,,1,"RAYYAN",1,,,0,0,1,"01",0,0,,0,4100,1,"17226",,,125.52,0,,"Z001",,,,,,0,,350
"17226",,"03/27/26 00:00:00","6479",0,13500,20,145,0,,,0,0,0,0,0,1495,341,0,1,"17226",,-1,,,2,"RAYYAN",1,,,0,0,1,"01",0,0,,0,4100,1,"17226",,,0,145,,"Z001",,,,,,0,,13500
"17226",,"03/27/26 00:00:00","6334",1,350,0,0,0,,,0,0,0,0,0,1496,341,0,1,"17226",,-1,,,3,"RAYYAN",1,,,0,0,1,"01",0,0,,0,4100,1,"17226",,,90.41,0,,"Z001",,,,,,0,,350
"17226",,"03/27/26 00:00:00","6098",1,50,0,0,0,,,0,0,0,0,0,1497,341,0,1,"17226",,-1,,,4,"RAYYAN",1,,,0,0,1,"01",0,0,,0,4100,1,"17226",,,17.16,0,,"Z001",,,,,,0,,50
"17226",,"03/27/26 00:00:00","262101",1,300,0,0,0,,,0,0,0,0,0,1498,341,0,1,"17226",,-1,,,5,"RAYYAN",1,,,0,0,1,"01",0,0,,0,4100,1,"17226",,,120,0,,"Z001",,,,,,0,,300
"17226",,"03/27/26 00:00:00","252042",1,150,0,0,0,,,0,0,0,0,0,1499,341,0,1,"17226",,-1,,,6,"RAYYAN",1,,,0,0,1,"01",0,0,,0,4100,1,"17226",,,72,0,,"Z001",,,,,,0,,150
"17326",,"03/28/26 00:00:00","262069",1,36000,0,0,0,,,0,0,0,0,0,1501,341,0,1,,,-1,,,1,"RAYYAN",1,,,0,0,1,"01",0,0,,0,0,1,"17326",,,10801.96,0,,"Z001",,,,,,0,,36000
"17326",,"03/28/26 00:00:00","5817",2,11000,0,0,0,,,0,0,0,0,0,1502,341,0,1,,,-1,,,2,"RAYYAN",1,,,0,0,1,"01",0,0,,0,0,1,"17326",,,3507.88,0,,"Z001",,,,,,0,,11000
"17326",,"03/28/26 00:00:00","252020",40,300,0,0,0,,,0,0,0,0,0,1503,341,0,1,,,-1,,,3,"RAYYAN",1,,,0,0,1,"01",0,0,,0,0,1,"17326",,,116.31,0,,"Z001",,,,,,0,,300
"17326",,"03/28/26 00:00:00","241910",0,25000,50,250,0,,,0,0,0,0,0,1504,341,0,1,,,-1,,,4,"RAYYAN",1,,,0,0,1,"01",0,0,,0,0,1,"17326",,,0,232.97,,"Z001",,,,,,0,,25000
"17326",,"03/28/26 00:00:00","973",1,1500,0,0,0,,,0,0,0,0,0,1505,341,0,1,,,-1,,,5,"RAYYAN",1,,,0,0,1,"01",0,0,,0,0,1,"17326",,,750,0,,"Z001",,,,,,0,,1500
"17326",,"03/28/26 00:00:00","1109",5,200,0,0,0,,,0,0,0,0,0,1506,341,0,1,,,-1,,,6,"RAYYAN",1,,,0,0,1,"01",0,0,,0,0,1,"17326",,,70.19,0,,"Z001",,,,,,0,,200
"17326",,"03/28/26 00:00:00","6192",5,10,0,0,0,,,0,0,0,0,0,1507,341,0,1,,,-1,,,7,"RAYYAN",1,,,0,0,1,"01",0,0,,0,0,1,"17326",,,7.47,0,,"Z001",,,,,,0,,10
"17326",,"03/28/26 00:00:00","5970",1,120,0,0,0,,,0,0,0,0,0,1508,341,0,1,,,-1,,,8,"RAYYAN",1,,,0,0,1,"01",0,0,,0,0,1,"17326",,,32.89,0,,"Z001",,,,,,0,,120
"17326",,"03/28/26 00:00:00","262101",2,400,0,0,0,,,0,0,0,0,50,1509,341,0,1,,,-1,,,9,"RAYYAN",1,,,0,0,1,"01",0,0,,0,0,1,"17326",,,220,0,,"Z001",,,,,,0,,400
"17326",,"03/28/26 00:00:00","251954",0,600,1,800,0,,,0,0,0,0,0,1510,341,0,1,,,-1,,,10,"RAYYAN",1,,,0,0,1,"01",0,0,,0,0,1,"17326",,,0,250,,"Z001",,,,,,0,,600
"17326",,"03/28/26 00:00:00","262119",30,200,0,0,0,,,0,0,0,0,0,1511,341,0,1,,,-1,,,11,"RAYYAN",1,,,0,0,1,"01",0,0,,0,0,1,"17326",,,110,0,,"Z001",,,,,,0,,200
"17326",,"03/28/26 00:00:00","252043",1,150,0,0,0,,,0,0,0,0,0,1512,341,0,1,,,-1,,,12,"RAYYAN",1,,,0,0,1,"01",0,0,,0,0,1,"17326",,,43,0,,"Z001",,,,,,0,,150
"17326",,"03/28/26 00:00:00","6030",1,100,0,0,0,,,0,0,0,0,0,1513,341,0,1,,,-1,,,13,"RAYYAN",1,,,0,0,1,"01",0,0,,0,0,1,"17326",,,20,0,,"Z001",,,,,,0,,100
"17326",,"03/28/26 00:00:00","6616",1,200,0,0,0,,,0,0,0,0,0,1514,341,0,1,,,-1,,,14,"RAYYAN",1,,,0,0,1,"01",0,0,,0,0,1,"17326",,,67.90000000000001,0,,"Z001",,,,,,0,,200
"17326",,"03/28/26 00:00:00","1032",2,550,0,0,0,,,0,0,0,0,0,1515,341,0,1,,,-1,,,15,"RAYYAN",1,,,0,0,1,"01",0,0,,0,0,1,"17326",,,161.11,0,,"Z001",,,,,,0,,550
"17326",,"03/28/26 00:00:00","252027",1,550,0,0,0,,,0,0,0,0,0,1516,341,0,1,,,-1,,,16,"RAYYAN",1,,,0,0,1,"01",0,0,,0,0,1,"17326",,,250,0,,"Z001",,,,,,0,,550
"17326",,"03/28/26 00:00:00","962",1,750,0,0,0,,,0,0,0,0,0,1517,341,0,1,,,-1,,,17,"RAYYAN",1,,,0,0,1,"01",0,0,,0,0,1,"17326",,,337.63,0,,"Z001",,,,,,0,,750
"17326",,"03/28/26 00:00:00","252013",2,800,0,0,0,,,0,0,0,0,0,1518,341,0,1,,,-1,,,18,"RAYYAN",1,,,0,0,1,"01",0,0,,0,0,1,"17326",,,283.8,0,,"Z001",,,,,,0,,800
"17326",,"03/28/26 00:00:00","252011",2,700,0,0,0,,,0,0,0,0,0,1520,341,0,1,,,-1,,,19,"RAYYAN",1,,,0,0,1,"01",0,0,,0,0,1,"17326",,,335,0,,"Z001",,,,,,0,,700
"17326",,"03/28/26 00:00:00","1037",1,300,0,0,0,,,0,0,0,0,0,1521,341,0,1,,,-1,,,20,"RAYYAN",1,,,0,0,1,"01",0,0,,0,0,1,"17326",,,117.5,0,,"Z001",,,,,,0,,300
"17426",,"03/29/26 00:00:00","973",1,1200,0,0,0,,,0,0,0,0,0,1524,341,0,1,"17426",,-1,,,1,"RAYYAN",1,,,0,0,1,"01",0,0,,0,1400,1,"17426",,,450,0,,"Z001",,,,,,0,,1200
"17426",,"03/29/26 00:00:00","6505",2,100,0,0,0,,,0,0,0,0,0,1525,341,0,1,"17426",,-1,,,2,"RAYYAN",1,,,0,0,1,"01",0,0,,0,1400,1,"17426",,,29.83,0,,"Z001",,,,,,0,,100
"17526",,"03/30/26 00:00:00","973",1,1300,0,0,0,,,0,0,0,0,0,1528,341,0,1,"17526",,-1,,,1,"RAYYAN",1,,,0,0,1,"01",0,0,,0,13500,1,"17526",,,550,0,,"Z001",,,,,,0,,1300
"17526",,"03/30/26 00:00:00","241920",1,2900,0,0,0,,,0,0,0,0,0,1529,341,0,1,"17526",,-1,,,2,"RAYYAN",1,,,0,0,1,"01",0,0,,0,13500,1,"17526",,,900,0,,"Z001",,,,,,0,,2900
"17526",,"03/30/26 00:00:00","252045",1,100,0,0,0,,,0,0,0,0,0,1530,341,0,1,"17526",,-1,,,3,"RAYYAN",1,,,0,0,1,"01",0,0,,0,13500,1,"17526",,,60.83,0,,"Z001",,,,,,0,,100
"17526",,"03/30/26 00:00:00","252015",1,500,0,0,0,,,0,0,0,0,0,1531,341,0,1,"17526",,-1,,,4,"RAYYAN",1,,,0,0,1,"01",0,0,,0,13500,1,"17526",,,154.99,0,,"Z001",,,,,,0,,500
"17526",,"03/30/26 00:00:00","251972",1,8500,0,0,0,,,0,0,0,0,0,1532,341,0,1,"17526",,-1,,,5,"RAYYAN",1,,,0,0,1,"01",0,0,,0,13500,1,"17526",,,2310.63,0,,"Z001",,,,,,0,,8500
"17526",,"03/30/26 00:00:00","6616",1,200,0,0,0,,,0,0,0,0,0,1533,341,0,1,"17526",,-1,,,6,"RAYYAN",1,,,0,0,1,"01",0,0,,0,13500,1,"17526",,,67.90000000000001,0,,"Z001",,,,,,0,,200
"15726",,"03/14/26 00:00:00","251941",12,425,0,0,0,,,0,0,0,0,0,1535,341,0,1,"15726",,-1,,,7,"ABDUL",1,,,0,0,1,"01",0,0,,0,15100,1,"15726",,,100,0,,"Z001",,,,,,0,,425
"15726",,"03/14/26 00:00:00","6616",1,200,0,0,0,,,0,0,0,0,0,1536,341,0,1,"15726",,-1,,,8,"ABDUL",1,,,0,0,1,"01",0,0,,0,15100,1,"15726",,,67.90000000000001,0,,"Z001",,,,,,0,,200
"17626",,"01/26/26 00:00:00","241910",0,25000,20,250,0,,,0,0,0,0,0,1538,10019,0,1,,,-1,,,1,"RAYYAN",1,,,0,0,1,"01",0,0,,0,0,1,"17626",,,0,232.97,,"Z001",,,,,,0,,25000
"17626",,"01/26/26 00:00:00","251957",1,2500,0,0,0,,,0,0,0,0,0,1539,10019,0,1,,,-1,,,2,"RAYYAN",1,,,0,0,1,"01",0,0,,0,0,1,"17626",,,1314.63,0,,"Z001",,,,,,0,,2500
"17626",,"01/26/26 00:00:00","221881",0,800,7,50,0,,,0,0,0,0,0,1540,10019,0,1,,,-1,,,3,"RAYYAN",1,,,0,0,1,"01",0,0,,0,0,1,"17626",,,0,50,,"Z001",,,,,,0,,800
"17626",,"01/26/26 00:00:00","262104",8,100,0,0,0,,,0,0,0,0,0,1541,10019,0,1,,,-1,,,4,"RAYYAN",1,,,0,0,1,"01",0,0,,0,0,1,"17626",,,100,0,,"Z001",,,,,,0,,100
"17626",,"01/26/26 00:00:00","252052",1,3000,0,0,0,,,0,0,0,0,0,1542,10019,0,1,,,-1,,,5,"RAYYAN",1,,,0,0,1,"01",0,0,,0,0,1,"17626",,,2346.43,0,,"Z001",,,,,,0,,3000
"17626",,"01/26/26 00:00:00","251954",0,0,3,850,0,,,0,0,0,0,0,1543,10019,0,1,,,-1,,,6,"RAYYAN",1,,,0,0,1,"01",0,0,,0,0,1,"17626",,,0,300,,"Z001",,,,,,0,,0
"17626",,"01/26/26 00:00:00","251938",1,3500,0,0,0,,,0,0,0,0,0,1544,10019,0,1,,,-1,,,7,"RAYYAN",1,,,0,0,1,"01",0,0,,0,0,1,"17626",,,1994.33,0,,"Z001",,,,,,0,,3500
"17626",,"01/26/26 00:00:00","6358",3,300,0,0,0,,,0,0,0,0,0,1545,10019,0,1,,,-1,,,8,"RAYYAN",1,,,0,0,1,"01",0,0,,0,0,1,"17626",,,180,0,,"Z001",,,,,,0,,300
"17626",,"01/26/26 00:00:00","5832",1,300,0,0,0,,,0,0,0,0,0,1546,10019,0,1,,,-1,,,9,"RAYYAN",1,,,0,0,1,"01",0,0,,0,0,1,"17626",,,167.92,0,,"Z001",,,,,,0,,300
"17626",,"01/26/26 00:00:00","231903",1,350,0,0,0,,,0,0,0,0,0,1547,10019,0,1,,,-1,,,10,"RAYYAN",1,,,0,0,1,"01",0,0,,0,0,1,"17626",,,348.91,0,,"Z001",,,,,,0,,350
"17626",,"01/26/26 00:00:00","5817",3,11000,0,0,0,,,0,0,0,0,0,1548,10019,0,1,,,-1,,,11,"RAYYAN",1,,,0,0,1,"01",0,0,,0,0,1,"17626",,,3700.16,0,,"Z001",,,,,,0,,11000
"17626",,"01/26/26 00:00:00","241912",1,300,0,0,0,,,0,0,0,0,0,1549,10019,0,1,,,-1,,,12,"RAYYAN",1,,,0,0,1,"01",0,0,,0,0,1,"17626",,,233.43,0,,"Z001",,,,,,0,,300
"18026",,"04/04/26 00:00:00","5692",1,3500,0,0,0,,,0,0,0,0,0,1583,341,0,1,"18026",,-1,,,1,"RAYYAN",1,,,0,0,1,"01",0,0,,0,15945,1,"18026",,,600,0,,"Z001",,,,,,0,,3500
"18026",,"04/04/26 00:00:00","6505",1,100,0,0,0,,,0,0,0,0,0,1584,341,0,1,"18026",,-1,,,2,"RAYYAN",1,,,0,0,1,"01",0,0,,0,15945,1,"18026",,,29.83,0,,"Z001",,,,,,0,,100
"18026",,"04/04/26 00:00:00","6616",1,250,0,0,0,,,0,0,0,0,0,1585,341,0,1,"18026",,-1,,,3,"RAYYAN",1,,,0,0,1,"01",0,0,,0,15945,1,"18026",,,117.9,0,,"Z001",,,,,,0,,250
"18026",,"04/04/26 00:00:00","201725",1,9500,0,0,0,,,0,0,0,0,0,1586,341,0,1,"18026",,-1,,,4,"RAYYAN",1,,,0,0,1,"01",0,0,,0,15945,1,"18026",,,2850,0,,"Z001",,,,,,0,,9500
"18026",,"04/04/26 00:00:00","6474",0,5700,9,75,0,,,0,0,0,0,0,1587,341,0,1,"18026",,-1,,,5,"RAYYAN",1,,,0,0,1,"01",0,0,,0,15945,1,"18026",,,0,27.71,,"Z001",,,,,,0,,5700
"18026",,"04/04/26 00:00:00","6477",0,23000,4,280,0,,,0,0,0,0,0,1588,341,0,1,"18026",,-1,,,6,"RAYYAN",1,,,0,0,1,"01",0,0,,0,15945,1,"18026",,,0,156.54,,"Z001",,,,,,0,,23000
"18026",,"04/04/26 00:00:00","6584",2,100,0,0,0,,,0,0,0,0,0,1589,341,0,1,"18026",,-1,,,7,"RAYYAN",1,,,0,0,1,"01",0,0,,0,15945,1,"18026",,,15,0,,"Z001",,,,,,0,,100
"18026",,"04/04/26 00:00:00","6602",2,100,0,0,0,,,0,0,0,0,0,1590,341,0,1,"18026",,-1,,,8,"RAYYAN",1,,,0,0,1,"01",0,0,,0,15945,1,"18026",,,29.78,0,,"Z001",,,,,,0,,100
"18026",,"04/04/26 00:00:00","5969",2,25,0,0,0,,,0,0,0,0,0,1591,341,0,1,"18026",,-1,,,9,"RAYYAN",1,,,0,0,1,"01",0,0,,0,15945,1,"18026",,,7.02,0,,"Z001",,,,,,0,,25
"18026",,"04/04/26 00:00:00","6587",1,200,0,0,0,,,0,0,0,0,0,1592,341,0,1,"18026",,-1,,,10,"RAYYAN",1,,,0,0,1,"01",0,0,,0,15945,1,"18026",,,65,0,,"Z001",,,,,,0,,200
"18026",,"04/04/26 00:00:00","6338",1,150,0,0,0,,,0,0,0,0,0,1593,341,0,1,"18026",,-1,,,11,"RAYYAN",1,,,0,0,1,"01",0,0,,0,15945,1,"18026",,,50,0,,"Z001",,,,,,0,,150
"18126",,"04/06/26 00:00:00","6471",5,3500,6,50,0,,,0,0,0,0,0,1595,341,0,1,"18126",,-1,,,1,"ABDUL",1,,,0,0,1,"01",0,0,,0,21100,1,"18126",,,953.01,21.89,,"Z001",,,,,,0,,3500
"18126",,"04/06/26 00:00:00","5970",8,130,0,0,0,,,0,0,0,0,0,1596,341,0,1,"18126",,-1,,,2,"ABDUL",1,,,0,0,1,"01",0,0,,0,21100,1,"18126",,,42.89,0,,"Z001",,,,,,0,,130
"18126",,"04/06/26 00:00:00","6363",1,250,0,0,0,,,0,0,0,0,0,1599,341,0,1,"18126",,-1,,,3,"ABDUL",1,,,0,0,1,"01",0,0,,0,21100,1,"18126",,,138,0,,"Z001",,,,,,0,,250
"18126",,"04/06/26 00:00:00","6030",1,100,0,0,0,,,0,0,0,0,0,1600,341,0,1,"18126",,-1,,,4,"ABDUL",1,,,0,0,1,"01",0,0,,0,21100,1,"18126",,,20,0,,"Z001",,,,,,0,,100
"18126",,"04/06/26 00:00:00","6585",1,150,0,0,0,,,0,0,0,0,0,1601,341,0,1,"18126",,-1,,,5,"ABDUL",1,,,0,0,1,"01",0,0,,0,21100,1,"18126",,,25,0,,"Z001",,,,,,0,,150
"18126",,"04/06/26 00:00:00","5762",20,20,0,0,0,,,0,0,0,0,0,1602,341,0,1,"18126",,-1,,,6,"ABDUL",1,,,0,0,1,"01",0,0,,0,21100,1,"18126",,,4.1,0,,"Z001",,,,,,0,,20
"18126",,"04/06/26 00:00:00","262128",2,200,0,0,0,,,0,0,0,0,0,1603,341,0,1,"18126",,-1,,,7,"ABDUL",1,,,0,0,1,"01",0,0,,0,21100,1,"18126",,,108.06,0,,"Z001",,,,,,0,,200
"18226",,"04/10/26 00:00:00","262147",2,5000,0,0,0,,,0,1,0,0,0,1605,10002,0,1,,,131,,,1,"RAYYAN",1,,,0,0,1,"01",0,0,,0,0,1,"18226",,,700,0,,"Z001",,,,,,0,,5000
"18326",,"04/11/26 00:00:00","6192",15,10,0,0,0,,,0,1,0,0,0,1607,10002,0,1,,,130,,,1,"RAYYAN",1,,,0,0,1,"01",0,0,,0,0,1,"18326",,,7.47,0,,"Z001",,,,,,0,,10
"18326",,"04/11/26 00:00:00","6173",15,100,0,0,0,,,0,1,0,0,0,1608,10002,0,1,,,130,,,2,"RAYYAN",1,,,0,0,1,"01",0,0,,0,0,1,"18326",,,37.08,0,,"Z001",,,,,,0,,100
"18426",,"04/11/26 00:00:00","262130",2,10500,0,0,0,,,0,0,0,0,0,1611,10012,0,1,,,-1,,,1,"SAID",1,,,0,0,1,"01",0,0,,0,0,1,"18426",,,2394.8,0,,"Z001",,,,,,0,,10500
"18426",,"04/11/26 00:00:00","6510",0,0,14,3050,0,,,0,0,0,0,0,1612,10012,0,1,,,-1,,,2,"SAID",1,,,0,0,1,"01",0,0,,0,0,1,"18426",,,0,3050,,"Z001",,,,,,0,,0
"18426",,"04/11/26 00:00:00","262136",1,13000,0,0,0,,,0,0,0,0,0,1613,10012,0,1,,,-1,,,3,"SAID",1,,,0,0,1,"01",0,0,,0,0,1,"18426",,,3000,0,,"Z001",,,,,,0,,13000
"18426",,"04/11/26 00:00:00","262134",20,300,0,0,0,,,0,0,0,0,0,1614,10012,0,1,,,-1,,,4,"SAID",1,,,0,0,1,"01",0,0,,0,0,1,"18426",,,154,0,,"Z001",,,,,,0,,300
"18426",,"04/11/26 00:00:00","262135",10,350,0,0,0,,,0,0,0,0,0,1615,10012,0,1,,,-1,,,5,"SAID",1,,,0,0,1,"01",0,0,,0,0,1,"18426",,,183,0,,"Z001",,,,,,0,,350
"18426",,"04/11/26 00:00:00","262133",12,1200,0,0,0,,,0,0,0,0,0,1616,10012,0,1,,,-1,,,6,"SAID",1,,,0,0,1,"01",0,0,,0,0,1,"18426",,,461,0,,"Z001",,,,,,0,,1200
"18426",,"04/11/26 00:00:00","6189",1,600,0,0,0,,,0,0,0,0,0,1617,10012,0,1,,,-1,,,7,"SAID",1,,,0,0,1,"01",0,0,,0,0,1,"18426",,,250,0,,"Z001",,,,,,0,,600
"18426",,"04/11/26 00:00:00","6358",5,300,0,0,0,,,0,0,0,0,0,1618,10012,0,1,,,-1,,,8,"SAID",1,,,0,0,1,"01",0,0,,0,0,1,"18426",,,180,0,,"Z001",,,,,,0,,300
"18426",,"04/11/26 00:00:00","262151",20,7800,0,0,0,,,0,0,0,0,0,1619,10012,0,1,,,-1,,,9,"SAID",1,,,0,0,1,"01",0,0,,0,0,1,"18426",,,1300,0,,"Z001",,,,,,0,,7800
"18426",,"04/11/26 00:00:00","262152",25,350,0,0,0,,,0,0,0,0,0,1620,10012,0,1,,,-1,,,10,"SAID",1,,,0,0,1,"01",0,0,,0,0,1,"18426",,,200,0,,"Z001",,,,,,0,,350
"18426",,"04/11/26 00:00:00","6471",4,3600,0,36.669998,0,,,0,0,0,0,0,1621,10012,0,1,,,-1,,,11,"SAID",1,,,0,0,1,"01",0,0,,0,0,1,"18426",,,1053.01,0,,"Z001",,,,,,0,,3600
"18426",,"04/11/26 00:00:00","6173",3,100,0,0,0,,,0,0,0,0,0,1622,10012,0,1,,,-1,,,12,"SAID",1,,,0,0,1,"01",0,0,,0,0,1,"18426",,,37.08,0,,"Z001",,,,,,0,,100
"18426",,"04/11/26 00:00:00","6476",16,14400,0,150,0,,,0,0,0,0,0,1623,10012,0,1,,,-1,,,13,"SAID",1,,,0,0,1,"01",0,0,,0,0,1,"18426",,,3019.35,0,,"Z001",,,,,,0,,14400
"18426",,"04/11/26 00:00:00","251943",12,1800,0,0,0,,,0,0,0,0,0,1624,10012,0,1,,,-1,,,14,"SAID",1,,,0,0,1,"01",0,0,,0,0,1,"18426",,,500,0,,"Z001",,,,,,0,,1800
"18426",,"04/11/26 00:00:00","6586",16,200,0,0,0,,,0,0,0,0,0,1625,10012,0,1,,,-1,,,15,"SAID",1,,,0,0,1,"01",0,0,,0,0,1,"18426",,,40,0,,"Z001",,,,,,0,,200
"18526",,"04/07/26 00:00:00","6338",1,150,0,0,0,,,0,0,0,0,0,1631,341,0,1,"18526",,-1,,,1,"RAYYAN",1,,,0,0,1,"01",0,0,,0,58680,1,"18526",,,50,0,,"Z001",,,,,,0,,150
"18526",,"04/07/26 00:00:00","6399",1,200,0,0,0,,,0,0,0,0,0,1632,341,0,1,"18526",,-1,,,2,"RAYYAN",1,,,0,0,1,"01",0,0,,0,58680,1,"18526",,,90,0,,"Z001",,,,,,0,,200
"18526",,"04/07/26 00:00:00","5692",1,3400,0,0,0,,,0,0,0,0,0,1633,341,0,1,"18526",,-1,,,3,"RAYYAN",1,,,0,0,1,"01",0,0,,0,58680,1,"18526",,,500,0,,"Z001",,,,,,0,,3400
"18526",,"04/07/26 00:00:00","6477",0,23000,1,280,0,,,0,0,0,0,0,1634,341,0,1,"18526",,-1,,,4,"RAYYAN",1,,,0,0,1,"01",0,0,,0,58680,1,"18526",,,0,156.54,,"Z001",,,,,,0,,23000
"18526",,"04/07/26 00:00:00","5811",1,8200,0,0,0,,,0,0,0,0,0,1635,341,0,1,"18526",,-1,,,5,"RAYYAN",1,,,0,0,1,"01",0,0,,0,58680,1,"18526",,,1994.63,0,,"Z001",,,,,,0,,8200
"18526",,"04/07/26 00:00:00","6334",1,350,0,0,0,,,0,0,0,0,0,1636,341,0,1,"18526",,-1,,,6,"RAYYAN",1,,,0,0,1,"01",0,0,,0,58680,1,"18526",,,90.41,0,,"Z001",,,,,,0,,350
"18526",,"04/07/26 00:00:00","252052",2,2500,0,0,0,,,0,0,0,0,0,1637,341,0,1,"18526",,-1,,,7,"RAYYAN",1,,,0,0,1,"01",0,0,,0,58680,1,"18526",,,1846.43,0,,"Z001",,,,,,0,,2500
"18526",,"04/07/26 00:00:00","251938",2,3500,0,0,0,,,0,0,0,0,0,1638,341,0,1,"18526",,-1,,,8,"RAYYAN",1,,,0,0,1,"01",0,0,,0,58680,1,"18526",,,1994.33,0,,"Z001",,,,,,0,,3500
"18526",,"04/07/26 00:00:00","251944",2,2500,0,0,0,,,0,0,0,0,0,1641,341,0,1,"18526",,-1,,,9,"RAYYAN",1,,,0,0,1,"01",0,0,,0,58680,1,"18526",,,1083.33,0,,"Z001",,,,,,0,,2500
"18526",,"04/07/26 00:00:00","6346",2,850,0,0,0,,,0,0,0,0,0,1642,341,0,1,"18526",,-1,,,10,"RAYYAN",1,,,0,0,1,"01",0,0,,0,58680,1,"18526",,,421.84,0,,"Z001",,,,,,0,,850
"18826",,"04/10/26 00:00:00","1037",1,300,0,0,0,,,0,0,0,0,0,1666,341,0,1,"18826",,-1,,,1,"RAYYAN",1,,,0,0,1,"01",0,0,,0,1400,1,"18826",,,117.5,0,,"Z001",,,,,,0,,300
"18826",,"04/10/26 00:00:00","6365",1,100,0,0,0,,,0,0,0,0,0,1667,341,0,1,"18826",,-1,,,2,"RAYYAN",1,,,0,0,1,"01",0,0,,0,1400,1,"18826",,,99.39,0,,"Z001",,,,,,0,,100
"18826",,"04/10/26 00:00:00","6334",1,350,0,0,0,,,0,0,0,0,0,1668,341,0,1,"18826",,-1,,,3,"RAYYAN",1,,,0,0,1,"01",0,0,,0,1400,1,"18826",,,90.41,0,,"Z001",,,,,,0,,350
"18826",,"04/10/26 00:00:00","6338",1,150,0,0,0,,,0,0,0,0,0,1669,341,0,1,"18826",,-1,,,4,"RAYYAN",1,,,0,0,1,"01",0,0,,0,1400,1,"18826",,,50,0,,"Z001",,,,,,0,,150
"18826",,"04/10/26 00:00:00","251941",1,400,0,0,0,,,0,0,0,0,0,1670,341,0,1,"18826",,-1,,,5,"RAYYAN",1,,,0,0,1,"01",0,0,,0,1400,1,"18826",,,110,0,,"Z001",,,,,,0,,400
"18826",,"04/10/26 00:00:00","252042",1,100,0,0,0,,,0,0,0,0,0,1671,341,0,1,"18826",,-1,,,6,"RAYYAN",1,,,0,0,1,"01",0,0,,0,1400,1,"18826",,,22,0,,"Z001",,,,,,0,,100
"18926",,"04/11/26 00:00:00","1562",4,100,0,0,0,,,0,0,0,0,0,1673,341,0,1,"18926",,-1,,,1,"ABDUL",1,,,0,0,1,"01",0,0,,0,74450,1,"18926",,,65,0,,"Z001",,,,,,0,,100
"18926",,"04/11/26 00:00:00","262069",1,35500,0,0,0,,,0,0,0,0,0,1674,341,0,1,"18926",,-1,,,2,"ABDUL",1,,,0,0,1,"01",0,0,,0,74450,1,"18926",,,10301.96,0,,"Z001",,,,,,0,,35500
"18926",,"04/11/26 00:00:00","5817",2,11000,0,0,0,,,0,0,0,0,0,1675,341,0,1,"18926",,-1,,,3,"ABDUL",1,,,0,0,1,"01",0,0,,0,74450,1,"18926",,,3507.88,0,,"Z001",,,,,,0,,11000
"18926",,"04/11/26 00:00:00","241910",0,25000,30,250,0,,,0,0,0,0,0,1676,341,0,1,"18926",,-1,,,4,"ABDUL",1,,,0,0,1,"01",0,0,,0,74450,1,"18926",,,0,232.97,,"Z001",,,,,,0,,25000
"18926",,"04/11/26 00:00:00","973",1,1500,0,0,0,,,0,0,0,0,0,1677,341,0,1,"18926",,-1,,,5,"ABDUL",1,,,0,0,1,"01",0,0,,0,74450,1,"18926",,,750,0,,"Z001",,,,,,0,,1500
"18926",,"04/11/26 00:00:00","251936",1,1300,0,0,0,,,0,0,0,0,0,1678,341,0,1,"18926",,-1,,,6,"ABDUL",1,,,0,0,1,"01",0,0,,0,74450,1,"18926",,,444,0,,"Z001",,,,,,0,,1300
"18926",,"04/11/26 00:00:00","262089",4,200,0,0,0,,,0,0,0,0,0,1679,341,0,1,"18926",,-1,,,7,"ABDUL",1,,,0,0,1,"01",0,0,,0,74450,1,"18926",,,120,0,,"Z001",,,,,,0,,200
"18926",,"04/11/26 00:00:00","6030",3,100,0,0,0,,,0,0,0,0,0,1680,341,0,1,"18926",,-1,,,8,"ABDUL",1,,,0,0,1,"01",0,0,,0,74450,1,"18926",,,20,0,,"Z001",,,,,,0,,100
"18926",,"04/11/26 00:00:00","1425",2,200,0,0,0,,,0,0,0,0,0,1681,341,0,1,"18926",,-1,,,9,"ABDUL",1,,,0,0,1,"01",0,0,,0,74450,1,"18926",,,120,0,,"Z001",,,,,,0,,200
"18926",,"04/11/26 00:00:00","262155",1,4000,0,0,0,,,0,0,0,0,0,1683,341,0,1,"18926",,-1,,,10,"ABDUL",1,,,0,0,1,"01",0,0,,0,74450,1,"18926",,,1000,0,,"Z001",,,,,,0,,4000
"19026",,"04/13/26 00:00:00","221869",1,750,0,0,0,,,0,0,0,0,0,1685,341,0,1,"19026",,-1,,,1,"SAID",1,,,0,0,1,"01",0,0,,0,83730,1,"19026",,,305,0,,"Z001",,,,,,0,,750
"19026",,"04/13/26 00:00:00","6229",2,1000,0,0,0,,,0,0,0,0,0,1686,341,0,1,"19026",,-1,,,2,"SAID",1,,,0,0,1,"01",0,0,,0,83730,1,"19026",,,302.35,0,,"Z001",,,,,,0,,1000
"19026",,"04/13/26 00:00:00","5817",4,11000,0,0,0,,,0,0,0,0,0,1687,341,0,1,"19026",,-1,,,3,"SAID",1,,,0,0,1,"01",0,0,,0,83730,1,"19026",,,2975.44,0,,"Z001",,,,,,0,,11000
"19026",,"04/13/26 00:00:00","241933",1,1500,0,0,0,,,0,0,0,0,0,1688,341,0,1,"19026",,-1,,,4,"SAID",1,,,0,0,1,"01",0,0,,0,83730,1,"19026",,,760.39,0,,"Z001",,,,,,0,,1500
"19026",,"04/13/26 00:00:00","252037",2,450,0,0,0,,,0,0,0,0,0,1689,341,0,1,"19026",,-1,,,5,"SAID",1,,,0,0,1,"01",0,0,,0,83730,1,"19026",,,145,0,,"Z001",,,,,,0,,450
"19026",,"04/13/26 00:00:00","6192",18,10,0,0,0,,,0,0,0,0,0,1690,341,0,1,"19026",,-1,,,6,"SAID",1,,,0,0,1,"01",0,0,,0,83730,1,"19026",,,7.47,0,,"Z001",,,,,,0,,10
"19026",,"04/13/26 00:00:00","6100",15,10,0,0,0,,,0,0,0,0,0,1691,341,0,1,"19026",,-1,,,7,"SAID",1,,,0,0,1,"01",0,0,,0,83730,1,"19026",,,5,0,,"Z001",,,,,,0,,10
"19026",,"04/13/26 00:00:00","6173",13,100,0,0,0,,,0,0,0,0,0,1692,341,0,1,"19026",,-1,,,8,"SAID",1,,,0,0,1,"01",0,0,,0,83730,1,"19026",,,37.08,0,,"Z001",,,,,,0,,100
"19026",,"04/13/26 00:00:00","252052",1,2000,0,0,0,,,0,0,0,0,0,1693,341,0,1,"19026",,-1,,,9,"SAID",1,,,0,0,1,"01",0,0,,0,83730,1,"19026",,,1346.43,0,,"Z001",,,,,,0,,2000
"19026",,"04/13/26 00:00:00","1288",2,10500,0,0,0,,,0,0,0,0,0,1694,341,0,1,"19026",,-1,,,10,"SAID",1,,,0,0,1,"01",0,0,,0,83730,1,"19026",,,800,0,,"Z001",,,,,,0,,10500
"19026",,"04/13/26 00:00:00","6385",1,700,0,0,0,,,0,0,0,0,0,1695,341,0,1,"19026",,-1,,,11,"SAID",1,,,0,0,1,"01",0,0,,0,83730,1,"19026",,,250,0,,"Z001",,,,,,0,,700
"19026",,"04/13/26 00:00:00","6338",1,150,0,0,0,,,0,0,0,0,0,1696,341,0,1,"19026",,-1,,,12,"SAID",1,,,0,0,1,"01",0,0,,0,83730,1,"19026",,,50,0,,"Z001",,,,,,0,,150
"19026",,"04/13/26 00:00:00","241910",0,25000,10,250,0,,,0,0,0,0,0,1697,341,0,1,"19026",,-1,,,13,"SAID",1,,,0,0,1,"01",0,0,,0,83730,1,"19026",,,0,232.97,,"Z001",,,,,,0,,25000
"19026",,"04/13/26 00:00:00","1368",1,2400,0,0,0,,,0,0,0,0,0,1698,341,0,1,"19026",,-1,,,14,"SAID",1,,,0,0,1,"01",0,0,,0,83730,1,"19026",,,700,0,,"Z001",,,,,,0,,2400
"19026",,"04/13/26 00:00:00","241912",7,292.85715,0,0,0,,,0,0,0,0,0,1699,341,0,1,"19026",,-1,,,15,"SAID",1,,,0,0,1,"01",0,0,,0,83730,1,"19026",,,226.28,0,,"Z001",,,,,,0,,292.85715
"19026",,"04/13/26 00:00:00","5832",1,350,0,0,0,,,0,0,0,0,0,1700,341,0,1,"19026",,-1,,,16,"SAID",1,,,0,0,1,"01",0,0,,0,83730,1,"19026",,,217.92,0,,"Z001",,,,,,0,,350
"19026",,"04/13/26 00:00:00","6474",0,5700,10,80,0,,,0,0,0,0,0,1701,341,0,1,"19026",,-1,,,17,"SAID",1,,,0,0,1,"01",0,0,,0,83730,1,"19026",,,0,32.71,,"Z001",,,,,,0,,5700
"19026",,"04/13/26 00:00:00","6030",1,100,0,0,0,,,0,0,0,0,0,1702,341,0,1,"19026",,-1,,,18,"SAID",1,,,0,0,1,"01",0,0,,0,83730,1,"19026",,,20,0,,"Z001",,,,,,0,,100
"19026",,"04/13/26 00:00:00","787",0,6200,10,90,0,,,0,0,0,0,0,1703,341,0,1,"19026",,-1,,,19,"SAID",1,,,0,0,1,"01",0,0,,0,83730,1,"19026",,,0,44.49,,"Z001",,,,,,0,,6200
"18926",,"04/11/26 00:00:00","241912",2,350,0,0,0,,,0,0,0,0,0,1706,341,0,1,"18926",,-1,,,11,"ABDUL",1,,,0,0,1,"01",0,0,,0,74450,1,"18926",,,283.43,0,,"Z001",,,,,,0,,350
"19126",,"04/14/26 00:00:00","6116",1,700,0,0,0,,,0,0,0,0,0,1709,341,0,1,"19126",,-1,,,1,"RAYYAN",1,,,0,0,1,"01",0,0,,0,102100,1,"19126",,,150,0,,"Z001",,,,,,0,,700
"19126",,"04/14/26 00:00:00","6338",2,150,0,0,0,,,0,0,0,0,0,1710,341,0,1,"19126",,-1,,,2,"RAYYAN",1,,,0,0,1,"01",0,0,,0,102100,1,"19126",,,50,0,,"Z001",,,,,,0,,150
"19126",,"04/14/26 00:00:00","1692",1,200,0,0,0,,,0,0,0,0,0,1711,341,0,1,"19126",,-1,,,3,"RAYYAN",1,,,0,0,1,"01",0,0,,0,102100,1,"19126",,,100,0,,"Z001",,,,,,0,,200
"19126",,"04/14/26 00:00:00","241926",1,100000,0,0,0,,,0,0,0,0,0,1712,341,0,1,"19126",,-1,,,4,"RAYYAN",1,,,0,0,1,"01",0,0,,0,102100,1,"19126",,,20000,0,,"Z001",,,,,,0,,100000
"19126",,"04/14/26 00:00:00","6466",1,350,0,0,0,,,0,0,0,0,0,1713,341,0,1,"19126",,-1,,,5,"RAYYAN",1,,,0,0,1,"01",0,0,,0,102100,1,"19126",,,100,0,,"Z001",,,,,,0,,350
"19126",,"04/14/26 00:00:00","6099",1,150,0,0,0,,,0,0,0,0,0,1714,341,0,1,"19126",,-1,,,6,"RAYYAN",1,,,0,0,1,"01",0,0,,0,102100,1,"19126",,,65,0,,"Z001",,,,,,0,,150
"19126",,"04/14/26 00:00:00","241923",1,400,0,0,0,,,0,0,0,0,0,1715,341,0,1,"19126",,-1,,,7,"RAYYAN",1,,,0,0,1,"01",0,0,,0,102100,1,"19126",,,120,0,,"Z001",,,,,,0,,400
"19226",,"04/15/26 00:00:00","862",1,200,0,0,0,,,0,0,0,0,0,1717,341,0,1,"19226",,-1,,,1,"RAYYAN",1,,,0,0,1,"01",0,0,,0,62600,1,"19226",,,80,0,,"Z001",,,,,,0,,200
"19226",,"04/15/26 00:00:00","6334",2,350,0,0,0,,,0,0,0,0,0,1718,341,0,1,"19226",,-1,,,2,"RAYYAN",1,,,0,0,1,"01",0,0,,0,62600,1,"19226",,,90.41,0,,"Z001",,,,,,0,,350
"19226",,"04/15/26 00:00:00","251979",1,500,0,0,0,,,0,0,0,0,0,1719,341,0,1,"19226",,-1,,,3,"RAYYAN",1,,,0,0,1,"01",0,0,,0,62600,1,"19226",,,270,0,,"Z001",,,,,,0,,500
"19226",,"04/15/26 00:00:00","6338",3,150,0,0,0,,,0,0,0,0,0,1720,341,0,1,"19226",,-1,,,4,"RAYYAN",1,,,0,0,1,"01",0,0,,0,62600,1,"19226",,,50,0,,"Z001",,,,,,0,,150
"19226",,"04/15/26 00:00:00","6063",8,50,0,0,0,,,0,0,0,0,0,1721,341,0,1,"19226",,-1,,,5,"RAYYAN",1,,,0,0,1,"01",0,0,,0,62600,1,"19226",,,9,0,,"Z001",,,,,,0,,50
"19226",,"04/15/26 00:00:00","6332",1,250,0,0,0,,,0,0,0,0,0,1722,341,0,1,"19226",,-1,,,6,"RAYYAN",1,,,0,0,1,"01",0,0,,0,62600,1,"19226",,,60,0,,"Z001",,,,,,0,,250
"19226",,"04/15/26 00:00:00","5817",4,11000,0,0,0,,,0,0,0,0,0,1723,341,0,1,"19226",,-1,,,7,"RAYYAN",1,,,0,0,1,"01",0,0,,0,62600,1,"19226",,,2975.44,0,,"Z001",,,,,,0,,11000
"19226",,"04/15/26 00:00:00","262158",1,650,0,0,0,,,0,0,0,0,0,1724,341,0,1,"19226",,-1,,,8,"RAYYAN",1,,,0,0,1,"01",0,0,,0,62600,1,"19226",,,200,0,,"Z001",,,,,,0,,650
"19226",,"04/15/26 00:00:00","262159",1,450,0,0,0,,,0,0,0,0,0,1725,341,0,1,"19226",,-1,,,9,"RAYYAN",1,,,0,0,1,"01",0,0,,0,62600,1,"19226",,,230,0,,"Z001",,,,,,0,,450
"19226",,"04/15/26 00:00:00","252020",50,300,0,0,0,,,0,0,0,0,0,1727,341,0,1,"19226",,-1,,,10,"RAYYAN",1,,,0,0,1,"01",0,0,,0,62600,1,"19226",,,116.31,0,,"Z001",,,,,,0,,300
"19326",,"04/18/26 00:00:00","791",1,1500,0,0,0,,,0,1,0,0,0,1729,10002,0,1,,,123,,,1,"RAYYAN",1,,,0,0,1,"01",0,0,,0,0,1,"19326",,,561.36,0,,"Z001",,,,,,0,,1500
"19426",,"04/16/26 00:00:00","6030",1,100,0,0,0,,,0,0,0,0,0,1731,341,0,1,"19426",,-1,,,1,"RAYYAN",1,,,0,0,1,"01",0,0,,0,3240,1,"19426",,,20,0,,"Z001",,,,,,0,,100
"19426",,"04/16/26 00:00:00","251941",1,400,0,0,0,,,0,0,0,0,0,1732,341,0,1,"19426",,-1,,,2,"RAYYAN",1,,,0,0,1,"01",0,0,,0,3240,1,"19426",,,110,0,,"Z001",,,,,,0,,400
"19426",,"04/16/26 00:00:00","262083",1,650,0,0,0,,,0,0,0,0,0,1733,341,0,1,"19426",,-1,,,3,"RAYYAN",1,,,0,0,1,"01",0,0,,0,3240,1,"19426",,,277.65,0,,"Z001",,,,,,0,,650
"19426",,"04/16/26 00:00:00","6334",2,350,0,0,0,,,0,0,0,0,0,1734,341,0,1,"19426",,-1,,,4,"RAYYAN",1,,,0,0,1,"01",0,0,,0,3240,1,"19426",,,90.41,0,,"Z001",,,,,,0,,350
"19426",,"04/16/26 00:00:00","6098",2,50,0,0,0,,,0,0,0,0,0,1735,341,0,1,"19426",,-1,,,5,"RAYYAN",1,,,0,0,1,"01",0,0,,0,3240,1,"19426",,,17.16,0,,"Z001",,,,,,0,,50
"19426",,"04/16/26 00:00:00","6505",1,100,0,0,0,,,0,0,0,0,0,1736,341,0,1,"19426",,-1,,,6,"RAYYAN",1,,,0,0,1,"01",0,0,,0,3240,1,"19426",,,29.83,0,,"Z001",,,,,,0,,100
"19426",,"04/16/26 00:00:00","5970",3,130,0,0,0,,,0,0,0,0,0,1737,341,0,1,"19426",,-1,,,7,"RAYYAN",1,,,0,0,1,"01",0,0,,0,3240,1,"19426",,,42.89,0,,"Z001",,,,,,0,,130
"19426",,"04/16/26 00:00:00","6474",0,5700,10,80,0,,,0,0,0,0,0,1738,341,0,1,"19426",,-1,,,8,"RAYYAN",1,,,0,0,1,"01",0,0,,0,3240,1,"19426",,,0,32.71,,"Z001",,,,,,0,,5700
"19526",,"04/17/26 00:00:00","1032",3,500,0,0,0,,,0,0,0,0,0,1740,341,0,1,"19526",,-1,,,1,"RAYYAN",1,,,0,0,1,"01",0,0,,0,10830,1,"19526",,,111.11,0,,"Z001",,,,,,0,,500
"19526",,"04/17/26 00:00:00","6505",3,100,0,0,0,,,0,0,0,0,0,1741,341,0,1,"19526",,-1,,,2,"RAYYAN",1,,,0,0,1,"01",0,0,,0,10830,1,"19526",,,29.83,0,,"Z001",,,,,,0,,100
"19526",,"04/17/26 00:00:00","6616",1,200,0,0,0,,,0,0,0,0,0,1742,341,0,1,"19526",,-1,,,3,"RAYYAN",1,,,0,0,1,"01",0,0,,0,10830,1,"19526",,,67.90000000000001,0,,"Z001",,,,,,0,,200
"19526",,"04/17/26 00:00:00","6602",3,100,0,0,0,,,0,0,0,0,0,1743,341,0,1,"19526",,-1,,,4,"RAYYAN",1,,,0,0,1,"01",0,0,,0,10830,1,"19526",,,29.78,0,,"Z001",,,,,,0,,100
"19526",,"04/17/26 00:00:00","6584",1,150,0,0,0,,,0,0,0,0,0,1744,341,0,1,"19526",,-1,,,5,"RAYYAN",1,,,0,0,1,"01",0,0,,0,10830,1,"19526",,,65,0,,"Z001",,,,,,0,,150
"19526",,"04/17/26 00:00:00","6587",1,200,0,0,0,,,0,0,0,0,0,1745,341,0,1,"19526",,-1,,,6,"RAYYAN",1,,,0,0,1,"01",0,0,,0,10830,1,"19526",,,65,0,,"Z001",,,,,,0,,200
"19526",,"04/17/26 00:00:00","5969",1,30,0,0,0,,,0,0,0,0,0,1746,341,0,1,"19526",,-1,,,7,"RAYYAN",1,,,0,0,1,"01",0,0,,0,10830,1,"19526",,,12.02,0,,"Z001",,,,,,0,,30
"19526",,"04/17/26 00:00:00","6334",1,350,0,0,0,,,0,0,0,0,0,1747,341,0,1,"19526",,-1,,,8,"RAYYAN",1,,,0,0,1,"01",0,0,,0,10830,1,"19526",,,90.41,0,,"Z001",,,,,,0,,350
"19526",,"04/17/26 00:00:00","251936",3,1500,0,0,0,,,0,0,0,0,0,1748,341,0,1,"19526",,-1,,,9,"RAYYAN",1,,,0,0,1,"01",0,0,,0,10830,1,"19526",,,644,0,,"Z001",,,,,,0,,1500
"19526",,"04/17/26 00:00:00","1425",6,200,0,0,0,,,0,0,0,0,0,1749,341,0,1,"19526",,-1,,,10,"RAYYAN",1,,,0,0,1,"01",0,0,,0,10830,1,"19526",,,120,0,,"Z001",,,,,,0,,200
"19526",,"04/17/26 00:00:00","262089",4,200,0,0,0,,,0,0,0,0,0,1750,341,0,1,"19526",,-1,,,11,"RAYYAN",1,,,0,0,1,"01",0,0,,0,10830,1,"19526",,,120,0,,"Z001",,,,,,0,,200
"19526",,"04/17/26 00:00:00","252015",1,450,0,0,0,,,0,0,0,0,0,1751,341,0,1,"19526",,-1,,,12,"RAYYAN",1,,,0,0,1,"01",0,0,,0,10830,1,"19526",,,104.99,0,,"Z001",,,,,,0,,450
"19526",,"04/17/26 00:00:00","6099",1,150,0,0,0,,,0,0,0,0,0,1752,341,0,1,"19526",,-1,,,13,"RAYYAN",1,,,0,0,1,"01",0,0,,0,10830,1,"19526",,,65,0,,"Z001",,,,,,0,,150
"19526",,"04/17/26 00:00:00","1034",1,300,0,0,0,,,0,0,0,0,0,1753,341,0,1,"19526",,-1,,,14,"RAYYAN",1,,,0,0,1,"01",0,0,,0,10830,1,"19526",,,100,0,,"Z001",,,,,,0,,300
"19526",,"04/17/26 00:00:00","6476",0,13500,1,200,0,,,0,0,0,0,0,1754,341,0,1,"19526",,-1,,,15,"RAYYAN",1,,,0,0,1,"01",0,0,,0,10830,1,"19526",,,0,87.88,,"Z001",,,,,,0,,13500
"19526",,"04/17/26 00:00:00","6063",1,50,0,0,0,,,0,0,0,0,0,1756,341,0,1,"19526",,-1,,,16,"RAYYAN",1,,,0,0,1,"01",0,0,,0,10830,1,"19526",,,9,0,,"Z001",,,,,,0,,50
"19526",,"04/17/26 00:00:00","6365",1,150,0,0,0,,,0,0,0,0,0,1757,341,0,1,"19526",,-1,,,17,"RAYYAN",1,,,0,0,1,"01",0,0,,0,10830,1,"19526",,,149.39,0,,"Z001",,,,,,0,,150
"19626",,"04/18/26 00:00:00","6474",1,5700,8,80,0,,,0,0,0,0,0,1759,341,0,1,"19626",,-1,,,1,"ABDUL",1,,,0,0,1,"01",0,0,,0,22530,1,"19626",,,1408.3,32.71,,"Z001",,,,,,0,,5700
"19626",,"04/18/26 00:00:00","6471",1,3400,0,36.669998,0,,,0,0,0,0,0,1760,341,0,1,"19626",,-1,,,2,"ABDUL",1,,,0,0,1,"01",0,0,,0,22530,1,"19626",,,853.01,0,,"Z001",,,,,,0,,3400
"19626",,"04/18/26 00:00:00","6030",3,100,0,0,0,,,0,0,0,0,0,1761,341,0,1,"19626",,-1,,,3,"ABDUL",1,,,0,0,1,"01",0,0,,0,22530,1,"19626",,,20,0,,"Z001",,,,,,0,,100
"19626",,"04/18/26 00:00:00","6602",1,100,0,0,0,,,0,0,0,0,0,1762,341,0,1,"19626",,-1,,,4,"ABDUL",1,,,0,0,1,"01",0,0,,0,22530,1,"19626",,,29.78,0,,"Z001",,,,,,0,,100
"19626",,"04/18/26 00:00:00","6586",2,200,0,0,0,,,0,0,0,0,0,1763,341,0,1,"19626",,-1,,,5,"ABDUL",1,,,0,0,1,"01",0,0,,0,22530,1,"19626",,,40,0,,"Z001",,,,,,0,,200
"19626",,"04/18/26 00:00:00","211830",1,9700,0,0,0,,,0,0,0,0,0,1764,341,0,1,"19626",,-1,,,6,"ABDUL",1,,,0,0,1,"01",0,0,,0,22530,1,"19626",,,2628,0,,"Z001",,,,,,0,,9700
"19626",,"04/18/26 00:00:00","6466",1,350,0,0,0,,,0,0,0,0,0,1765,341,0,1,"19626",,-1,,,7,"ABDUL",1,,,0,0,1,"01",0,0,,0,22530,1,"19626",,,100,0,,"Z001",,,,,,0,,350
"19626",,"04/18/26 00:00:00","862",1,200,0,0,0,,,0,0,0,0,0,1766,341,0,1,"19626",,-1,,,8,"ABDUL",1,,,0,0,1,"01",0,0,,0,22530,1,"19626",,,80,0,,"Z001",,,,,,0,,200
"19626",,"04/18/26 00:00:00","962",1,650,0,0,0,,,0,0,0,0,0,1767,341,0,1,"19626",,-1,,,9,"ABDUL",1,,,0,0,1,"01",0,0,,0,22530,1,"19626",,,237.63,0,,"Z001",,,,,,0,,650
"19626",,"04/18/26 00:00:00","6365",1,120,0,0,0,,,0,0,0,0,0,1768,341,0,1,"19626",,-1,,,10,"ABDUL",1,,,0,0,1,"01",0,0,,0,22530,1,"19626",,,119.39,0,,"Z001",,,,,,0,,120
"19626",,"04/18/26 00:00:00","6338",1,150,0,0,0,,,0,0,0,0,0,1771,341,0,1,"19626",,-1,,,11,"ABDUL",1,,,0,0,1,"01",0,0,,0,22530,1,"19626",,,50,0,,"Z001",,,,,,0,,150
"20326",,"04/24/26 00:00:00","262163",1,200,0,0,0,,,0,0,0,0,0,1864,341,0,1,"20326",,-1,,,3,"ABDUL",1,,,0,0,1,"01",0,0,,0,2600,1,"20326",,,110,0,,"Z001",,,,,,0,,200
"20326",,"04/24/26 00:00:00","252047",0,350,8,5,0,,,0,0,0,0,0,1865,341,0,1,"20326",,-1,,,4,"ABDUL",1,,,0,0,1,"01",0,0,,0,2600,1,"20326",,,0,5,,"Z001",,,,,,0,,350
"20326",,"04/24/26 00:00:00","252066",1,10,0,0,0,,,0,0,0,0,0,1866,341,0,1,"20326",,-1,,,5,"ABDUL",1,,,0,0,1,"01",0,0,,0,2600,1,"20326",,,-3,0,,"Z001",,,,,,0,,10
"20326",,"04/24/26 00:00:00","6332",1,250,0,0,0,,,0,0,0,0,0,1867,341,0,1,"20326",,-1,,,6,"ABDUL",1,,,0,0,1,"01",0,0,,0,2600,1,"20326",,,60,0,,"Z001",,,,,,0,,250
"20326",,"04/24/26 00:00:00","252027",1,550,0,0,0,,,0,0,0,0,0,1868,341,0,1,"20326",,-1,,,7,"ABDUL",1,,,0,0,1,"01",0,0,,0,2600,1,"20326",,,250,0,,"Z001",,,,,,0,,550
"20326",,"04/24/26 00:00:00","6338",1,150,0,0,0,,,0,0,0,0,0,1869,341,0,1,"20326",,-1,,,8,"ABDUL",1,,,0,0,1,"01",0,0,,0,2600,1,"20326",,,50,0,,"Z001",,,,,,0,,150
"20326",,"04/24/26 00:00:00","252045",2,100,0,0,0,,,0,0,0,0,0,1870,341,0,1,"20326",,-1,,,9,"ABDUL",1,,,0,0,1,"01",0,0,,0,2600,1,"20326",,,60.83,0,,"Z001",,,,,,0,,100
"20426",,"04/13/26 00:00:00","771",1,35000,0,0,0,,,0,0,0,0,0,1875,365,0,1,"20426",,-1,,,2,"RAYYAN",1,,,0,0,1,"01",0,0,,0,182690.53,1,"20426",,,0,0,,"Z001",,,,,,0,,35000
"20426",,"04/13/26 00:00:00","251963",10,5500,0,0,0,,,0,0,0,0,0,1879,365,0,1,"20426",,-1,,,3,"RAYYAN",1,,,0,0,1,"01",0,0,,0,182690.53,1,"20426",,,0,0,,"Z001",,,,,,0,,5500
"20426",,"04/13/26 00:00:00","252049",1,14000,0,0,0,,,0,0,0,0,0,1880,365,0,1,"20426",,-1,,,4,"RAYYAN",1,,,0,0,1,"01",0,0,,0,182690.53,1,"20426",,,650,0,,"Z001",,,,,,0,,14000
"20626",,"04/25/26 00:00:00","6602",3,100,0,0,0,,,0,0,0,0,0,1886,341,0,1,,,-1,,,1,"RAYYAN",1,,,0,0,1,"01",0,0,,0,0,1,"20626",,,29.78,0,,"Z001",,,,,,0,,100
"20626",,"04/25/26 00:00:00","241918",1,2500,0,0,0,,,0,0,0,0,0,1887,341,0,1,,,-1,,,2,"RAYYAN",1,,,0,0,1,"01",0,0,,0,0,1,"20626",,,1846.43,0,,"Z001",,,,,,0,,2500
"20626",,"04/25/26 00:00:00","241933",1,1700,0,0,0,,,0,0,0,0,0,1888,341,0,1,,,-1,,,3,"RAYYAN",1,,,0,0,1,"01",0,0,,0,0,1,"20626",,,960.39,0,,"Z001",,,,,,0,,1700
"20626",,"04/25/26 00:00:00","5832",1,700,0,0,0,,,0,0,0,0,0,1889,341,0,1,,,-1,,,4,"RAYYAN",1,,,0,0,1,"01",0,0,,0,0,1,"20626",,,567.92,0,,"Z001",,,,,,0,,700
"20626",,"04/25/26 00:00:00","1556",1,3300,0,0,0,,,0,0,0,0,0,1890,341,0,1,,,-1,,,5,"RAYYAN",1,,,0,0,1,"01",0,0,,0,0,1,"20626",,,800,0,,"Z001",,,,,,0,,3300
"20626",,"04/25/26 00:00:00","6365",1,100,0,0,0,,,0,0,0,0,0,1891,341,0,1,,,-1,,,6,"RAYYAN",1,,,0,0,1,"01",0,0,,0,0,1,"20626",,,99.39,0,,"Z001",,,,,,0,,100
"20626",,"04/25/26 00:00:00","6025",1,100,0,0,0,,,0,0,0,0,0,1892,341,0,1,,,-1,,,7,"RAYYAN",1,,,0,0,1,"01",0,0,,0,0,1,"20626",,,38.25,0,,"Z001",,,,,,0,,100
"20626",,"04/25/26 00:00:00","262163",1,200,0,0,0,,,0,0,0,0,0,1893,341,0,1,,,-1,,,8,"RAYYAN",1,,,0,0,1,"01",0,0,,0,0,1,"20626",,,110,0,,"Z001",,,,,,0,,200
"20626",,"04/25/26 00:00:00","262171",1,200,0,0,0,,,0,0,0,0,0,1894,341,0,1,,,-1,,,9,"RAYYAN",1,,,0,0,1,"01",0,0,,0,0,1,"20626",,,65,0,,"Z001",,,,,,0,,200
"20626",,"04/25/26 00:00:00","6296",1,150,0,0,0,,,0,0,0,0,0,1895,341,0,1,,,-1,,,10,"RAYYAN",1,,,0,0,1,"01",0,0,,0,0,1,"20626",,,74,0,,"Z001",,,,,,0,,150
"20626",,"04/25/26 00:00:00","262179",1,250,0,0,0,,,0,0,0,0,0,1896,341,0,1,,,-1,,,11,"RAYYAN",1,,,0,0,1,"01",0,0,,0,0,1,"20626",,,130,0,,"Z001",,,,,,0,,250
"20626",,"04/25/26 00:00:00","6063",1,50,0,0,0,,,0,0,0,0,0,1897,341,0,1,,,-1,,,12,"RAYYAN",1,,,0,0,1,"01",0,0,,0,0,1,"20626",,,9,0,,"Z001",,,,,,0,,50
"21826",,"01/18/26 00:00:00","262076",200,600,0,0,0,,,0,0,0,0,0,2006,365,0,1,"21826",,-1,,,1,"RAYYAN",1,,,0,0,1,"01",0,0,,0,120000,1,"21826",,,177.76,0,,"Z001",,,,,,0,,600
"31426",,"07/02/26 00:00:00","1109",9,130,0,0,0,,,0,0,0,0,0,2825,10041,0,1,"31426",,-1,,,1,"RAYYAN",1,,,0,0,1,"01",0,0,,0,954486.22,1,"31426",,,0.19,0,,"Z001",,,,,,0,,130
"20726",,"04/27/26 00:00:00","6063",2,50,0,0,0,,,0,0,0,0,0,1899,341,0,1,,,-1,,,1,"RAYYAN",1,,,0,0,1,"01",0,0,,0,0,1,"20726",,,9,0,,"Z001",,,,,,0,,50
"20726",,"04/27/26 00:00:00","6030",2,100,0,0,0,,,0,0,0,0,0,1900,341,0,1,,,-1,,,2,"RAYYAN",1,,,0,0,1,"01",0,0,,0,0,1,"20726",,,20,0,,"Z001",,,,,,0,,100
"20726",,"04/27/26 00:00:00","5817",4,11250,0,0,0,,,0,0,0,0,0,1901,341,0,1,,,-1,,,3,"RAYYAN",1,,,0,0,1,"01",0,0,,0,0,1,"20726",,,3225.44,0,,"Z001",,,,,,0,,11250
"20726",,"04/27/26 00:00:00","5833",1,700,0,0,0,,,0,0,0,0,0,1902,341,0,1,,,-1,,,4,"RAYYAN",1,,,0,0,1,"01",0,0,,0,0,1,"20726",,,149.76,0,,"Z001",,,,,,0,,700
"20726",,"04/27/26 00:00:00","6099",3,200,0,0,0,,,0,0,0,0,0,1903,341,0,1,,,-1,,,5,"RAYYAN",1,,,0,0,1,"01",0,0,,0,0,1,"20726",,,115,0,,"Z001",,,,,,0,,200
"20726",,"04/27/26 00:00:00","1011",1,450,0,0,0,,,0,0,0,0,0,1904,341,0,1,,,-1,,,6,"RAYYAN",1,,,0,0,1,"01",0,0,,0,0,1,"20726",,,190,0,,"Z001",,,,,,0,,450
"20726",,"04/27/26 00:00:00","1032",4,500,0,0,0,,,0,0,0,0,0,1905,341,0,1,,,-1,,,7,"RAYYAN",1,,,0,0,1,"01",0,0,,0,0,1,"20726",,,111.11,0,,"Z001",,,,,,0,,500
"20726",,"04/27/26 00:00:00","262128",12,200,0,0,0,,,0,0,0,0,0,1906,341,0,1,,,-1,,,8,"RAYYAN",1,,,0,0,1,"01",0,0,,0,0,1,"20726",,,105.43,0,,"Z001",,,,,,0,,200
"20726",,"04/27/26 00:00:00","6505",2,150,0,0,0,,,0,0,0,0,0,1907,341,0,1,,,-1,,,9,"RAYYAN",1,,,0,0,1,"01",0,0,,0,0,1,"20726",,,79.83,0,,"Z001",,,,,,0,,150
"20726",,"04/27/26 00:00:00","6602",1,100,0,0,0,,,0,0,0,0,0,1908,341,0,1,,,-1,,,10,"RAYYAN",1,,,0,0,1,"01",0,0,,0,0,1,"20726",,,29.78,0,,"Z001",,,,,,0,,100
"20726",,"04/27/26 00:00:00","6587",1,200,0,0,0,,,0,0,0,0,0,1909,341,0,1,,,-1,,,11,"RAYYAN",1,,,0,0,1,"01",0,0,,0,0,1,"20726",,,65,0,,"Z001",,,,,,0,,200
"20726",,"04/27/26 00:00:00","973",1,1500,0,0,0,,,0,0,0,0,0,1910,341,0,1,,,-1,,,12,"RAYYAN",1,,,0,0,1,"01",0,0,,0,0,1,"20726",,,750,0,,"Z001",,,,,,0,,1500
"20826",,"04/28/26 00:00:00","6338",5,150,0,0,0,,,0,0,0,0,0,1912,341,0,1,"20826",,-1,,,1,"RAYYAN",1,,,0,0,1,"01",0,0,,0,4115,1,"20826",,,50,0,,"Z001",,,,,,0,,150
"20826",,"04/28/26 00:00:00","231903",0,350,4,2.5,0,,,0,0,0,0,0,1913,341,0,1,"20826",,-1,,,2,"RAYYAN",1,,,0,0,1,"01",0,0,,0,4115,1,"20826",,,0,2.5,,"Z001",,,,,,0,,350
"20826",,"04/28/26 00:00:00","6492",0,9500,10,150,0,,,0,0,0,0,0,1914,341,0,1,"20826",,-1,,,3,"RAYYAN",1,,,0,0,1,"01",0,0,,0,4115,1,"20826",,,0,150,,"Z001",,,,,,0,,9500
"20826",,"04/28/26 00:00:00","221881",0,800,10,60,0,,,0,0,0,0,0,1915,341,0,1,"20826",,-1,,,4,"RAYYAN",1,,,0,0,1,"01",0,0,,0,4115,1,"20826",,,0,60,,"Z001",,,,,,0,,800
"20826",,"04/28/26 00:00:00","1238",5,25,0,0,0,,,0,0,0,0,0,1916,341,0,1,"20826",,-1,,,5,"RAYYAN",1,,,0,0,1,"01",0,0,,0,4115,1,"20826",,,10,0,,"Z001",,,,,,0,,25
"20826",,"04/28/26 00:00:00","6584",1,100,0,0,0,,,0,0,0,0,0,1917,341,0,1,"20826",,-1,,,6,"RAYYAN",1,,,0,0,1,"01",0,0,,0,4115,1,"20826",,,15,0,,"Z001",,,,,,0,,100
"20826",,"04/28/26 00:00:00","5969",1,30,0,0,0,,,0,0,0,0,0,1918,341,0,1,"20826",,-1,,,7,"RAYYAN",1,,,0,0,1,"01",0,0,,0,4115,1,"20826",,,12.02,0,,"Z001",,,,,,0,,30
"20826",,"04/28/26 00:00:00","251942",2,350,0,0,0,,,0,0,0,0,0,1919,341,0,1,"20826",,-1,,,8,"RAYYAN",1,,,0,0,1,"01",0,0,,0,4115,1,"20826",,,125.52,0,,"Z001",,,,,,0,,350
"20826",,"04/28/26 00:00:00","251991",1,300,0,0,0,,,0,0,0,0,0,1921,341,0,1,"20826",,-1,,,9,"RAYYAN",1,,,0,0,1,"01",0,0,,0,4115,1,"20826",,,133.33,0,,"Z001",,,,,,0,,300
"20926",,"04/29/26 00:00:00","252009",2,250,0,0,0,,,0,0,0,0,0,1923,341,0,1,"20926",,-1,,,1,"RAYYAN",1,,,0,0,1,"01",0,0,,0,27900,1,"20926",,,57.05,0,,"Z001",,,,,,0,,250
"20926",,"04/29/26 00:00:00","262083",1,500,0,0,0,,,0,0,0,0,0,1924,341,0,1,"20926",,-1,,,2,"RAYYAN",1,,,0,0,1,"01",0,0,,0,27900,1,"20926",,,127.65,0,,"Z001",,,,,,0,,500
"20926",,"04/29/26 00:00:00","791",1,1500,0,0,0,,,0,0,0,0,0,1925,341,0,1,"20926",,-1,,,3,"RAYYAN",1,,,0,0,1,"01",0,0,,0,27900,1,"20926",,,561.36,0,,"Z001",,,,,,0,,1500
"20926",,"04/29/26 00:00:00","5817",1,11000,0,0,0,,,0,0,0,0,0,1926,341,0,1,"20926",,-1,,,4,"RAYYAN",1,,,0,0,1,"01",0,0,,0,27900,1,"20926",,,2975.44,0,,"Z001",,,,,,0,,11000
"20926",,"04/29/26 00:00:00","6505",1,100,0,0,0,,,0,0,0,0,0,1927,341,0,1,"20926",,-1,,,5,"RAYYAN",1,,,0,0,1,"01",0,0,,0,27900,1,"20926",,,29.83,0,,"Z001",,,,,,0,,100
"20926",,"04/29/26 00:00:00","252045",5,100,0,0,0,,,0,0,0,0,0,1928,341,0,1,"20926",,-1,,,6,"RAYYAN",1,,,0,0,1,"01",0,0,,0,27900,1,"20926",,,60.83,0,,"Z001",,,,,,0,,100
"20926",,"04/29/26 00:00:00","252042",2,150,0,0,0,,,0,0,0,0,0,1929,341,0,1,"20926",,-1,,,7,"RAYYAN",1,,,0,0,1,"01",0,0,,0,27900,1,"20926",,,72,0,,"Z001",,,,,,0,,150
"20926",,"04/29/26 00:00:00","6556",1,13500,0,0,0,,,0,0,0,0,0,1930,341,0,1,"20926",,-1,,,8,"RAYYAN",1,,,0,0,1,"01",0,0,,0,27900,1,"20926",,,1634.68,0,,"Z001",,,,,,0,,13500
"21026",,"04/30/26 00:00:00","6591",1,5000,0,0,0,,,0,0,0,0,0,1932,341,0,1,"21026",,-1,,,1,"RAYYAN",1,,,0,0,1,"01",0,0,,0,5350,1,"21026",,,1370.53,0,,"Z001",,,,,,0,,5000
"21026",,"04/30/26 00:00:00","1037",1,350,0,0,0,,,0,0,0,0,0,1933,341,0,1,"21026",,-1,,,2,"RAYYAN",1,,,0,0,1,"01",0,0,,0,5350,1,"21026",,,167.5,0,,"Z001",,,,,,0,,350
"21126",,"05/01/26 00:00:00","262158",1,550,0,0,0,,,0,0,0,0,0,1935,341,0,1,"21126",,-1,,,1,"RAYYAN",1,,,0,0,1,"01",0,0,,0,550,1,"21126",,,100,0,,"Z001",,,,,,0,,550
"21226",,"05/02/26 00:00:00","1037",1,350,0,0,0,,,0,0,0,0,0,1937,341,0,1,"21226",,-1,,,1,"RAYYAN",1,,,0,0,1,"01",0,0,,0,56150,1,"21226",,,167.5,0,,"Z001",,,,,,0,,350
"21226",,"05/02/26 00:00:00","1032",2,450,0,0,0,,,0,0,0,0,0,1938,341,0,1,"21226",,-1,,,2,"RAYYAN",1,,,0,0,1,"01",0,0,,0,56150,1,"21226",,,61.11,0,,"Z001",,,,,,0,,450
"21226",,"05/02/26 00:00:00","6334",1,450,0,0,0,,,0,0,0,0,0,1939,341,0,1,"21226",,-1,,,3,"RAYYAN",1,,,0,0,1,"01",0,0,,0,56150,1,"21226",,,190.41,0,,"Z001",,,,,,0,,450
"21226",,"05/02/26 00:00:00","6098",1,50,0,0,0,,,0,0,0,0,0,1940,341,0,1,"21226",,-1,,,4,"RAYYAN",1,,,0,0,1,"01",0,0,,0,56150,1,"21226",,,17.16,0,,"Z001",,,,,,0,,50
"26026",,"06/04/26 00:00:00","923",1,122530,0,0,0,,,0,0,0,0,0,2448,10028,0,1,"26026",,-1,,,22,"RAYYAN",1,,,0,0,1,"01",0,0,,0,500000,1,"26026",,,122530,0,,"Z001",,,,,,0,,122530
"26926",,"01/02/26 00:00:00","241916",3,200000,0,0,0,,,0,0,0,0,0,2450,365,0,1,"26926",,-1,,,1,"RAYYAN",1,,,0,0,1,"01",0,0,,0,600000,1,"26926",,,24824.17,0,,"Z001",,,,,,0,,200000
"27126",,"02/26/26 00:00:00","898",1,36000,0,0,0,,,0,0,0,0,0,2454,10030,0,1,"27126",,-1,,,1,"RAYYAN",1,,,0,0,1,"01",0,0,,0,170000,1,"27126",,,11000,0,,"Z001",,,,,,0,,36000
"27126",,"02/26/26 00:00:00","940",1,67000,0,0,0,,,0,0,0,0,0,2455,10030,0,1,"27126",,-1,,,2,"RAYYAN",1,,,0,0,1,"01",0,0,,0,170000,1,"27126",,,13000,0,,"Z001",,,,,,0,,67000
"27126",,"02/26/26 00:00:00","5817",4,11000,0,0,0,,,0,0,0,0,0,2456,10030,0,1,"27126",,-1,,,3,"RAYYAN",1,,,0,0,1,"01",0,0,,0,170000,1,"27126",,,3700.16,0,,"Z001",,,,,,0,,11000
"27126",,"02/26/26 00:00:00","241910",0,25000,20,200,0,,,0,0,0,0,0,2457,10030,0,1,"27126",,-1,,,4,"RAYYAN",1,,,0,0,1,"01",0,0,,0,170000,1,"27126",,,0,182.97,,"Z001",,,,,,0,,25000
"27126",,"02/26/26 00:00:00","6317",1,3000,0,0,0,,,0,0,0,0,0,2458,10030,0,1,"27126",,-1,,,5,"RAYYAN",1,,,0,0,1,"01",0,0,,0,170000,1,"27126",,,-1062.86,0,,"Z001",,,,,,0,,3000
"27126",,"02/26/26 00:00:00","252052",1,2500,0,0,0,,,0,0,0,0,0,2459,10030,0,1,"27126",,-1,,,6,"RAYYAN",1,,,0,0,1,"01",0,0,,0,170000,1,"27126",,,1846.43,0,,"Z001",,,,,,0,,2500
"27126",,"02/26/26 00:00:00","251938",1,3000,0,0,0,,,0,0,0,0,0,2460,10030,0,1,"27126",,-1,,,7,"RAYYAN",1,,,0,0,1,"01",0,0,,0,170000,1,"27126",,,1494.33,0,,"Z001",,,,,,0,,3000
"27126",,"02/26/26 00:00:00","6346",1,500,0,0,0,,,0,0,0,0,0,2461,10030,0,1,"27126",,-1,,,8,"RAYYAN",1,,,0,0,1,"01",0,0,,0,170000,1,"27126",,,71.84,0,,"Z001",,,,,,0,,500
"27126",,"02/26/26 00:00:00","251944",1,2500,0,0,0,,,0,0,0,0,0,2462,10030,0,1,"27126",,-1,,,9,"RAYYAN",1,,,0,0,1,"01",0,0,,0,170000,1,"27126",,,1083.33,0,,"Z001",,,,,,0,,2500
"27126",,"02/26/26 00:00:00","241931",1,3500,0,0,0,,,0,0,0,0,0,2463,10030,0,1,"27126",,-1,,,10,"RAYYAN",1,,,0,0,1,"01",0,0,,0,170000,1,"27126",,,1698,0,,"Z001",,,,,,0,,3500
"27126",,"02/26/26 00:00:00","251936",1,1500,0,0,0,,,0,0,0,0,0,2464,10030,0,1,"27126",,-1,,,11,"RAYYAN",1,,,0,0,1,"01",0,0,,0,170000,1,"27126",,,1500,0,,"Z001",,,,,,0,,1500
"27126",,"02/26/26 00:00:00","262089",4,200,0,0,0,,,0,0,0,0,0,2465,10030,0,1,"27126",,-1,,,12,"RAYYAN",1,,,0,0,1,"01",0,0,,0,170000,1,"27126",,,200,0,,"Z001",,,,,,0,,200
"27126",,"02/26/26 00:00:00","1425",6,166.666,0,0,0,,,0,0,0,0,0,2466,10030,0,1,"27126",,-1,,,13,"RAYYAN",1,,,0,0,1,"01",0,0,,0,170000,1,"27126",,,166.67,0,,"Z001",,,,,,0,,166.666
"27126",,"02/26/26 00:00:00","252024",2,250,0,0,0,,,0,0,0,0,0,2467,10030,0,1,"27126",,-1,,,14,"RAYYAN",1,,,0,0,1,"01",0,0,,0,170000,1,"27126",,,80,0,,"Z001",,,,,,0,,250
"27126",,"02/26/26 00:00:00","6173",2,100,0,0,0,,,0,0,0,0,0,2468,10030,0,1,"27126",,-1,,,15,"RAYYAN",1,,,0,0,1,"01",0,0,,0,170000,1,"27126",,,10,0,,"Z001",,,,,,0,,100
"27326",,"06/09/26 00:00:00","1556",1,3700,0,0,0,,,0,0,0,0,0,2485,341,0,1,,,-1,,,1,"RAYYAN",1,,,0,0,1,"01",0,0,,0,0,1,"27326",,,1200,0,,"Z001",,,,,,0,,3700
"27726",,"06/13/26 00:00:00","6591",1,4800,0,0,0,,,0,0,0,0,0,2535,10024,0,1,,,-1,,,1,"RAYYAN",1,,,0,0,1,"01",0,0,,0,0,1,"27726",,,1101.66,0,,"Z001",,,,,,0,,4800
"21226",,"05/02/26 00:00:00","973",1,1200,0,0,0,,,0,0,0,0,0,1941,341,0,1,"21226",,-1,,,5,"RAYYAN",1,,,0,0,1,"01",0,0,,0,56150,1,"21226",,,450,0,,"Z001",,,,,,0,,1200
"21226",,"05/02/26 00:00:00","5958",20,70,0,0,0,,,0,0,0,0,0,1942,341,0,1,"21226",,-1,,,6,"RAYYAN",1,,,0,0,1,"01",0,0,,0,56150,1,"21226",,,30,0,,"Z001",,,,,,0,,70
"21226",,"05/02/26 00:00:00","6602",10,100,0,0,0,,,0,0,0,0,0,1943,341,0,1,"21226",,-1,,,7,"RAYYAN",1,,,0,0,1,"01",0,0,,0,56150,1,"21226",,,29.78,0,,"Z001",,,,,,0,,100
"21226",,"05/02/26 00:00:00","252005",1,35500,0,0,0,,,0,0,0,0,0,1944,341,0,1,"21226",,-1,,,8,"RAYYAN",1,,,0,0,1,"01",0,0,,0,56150,1,"21226",,,15700,0,,"Z001",,,,,,0,,35500
"21226",,"05/02/26 00:00:00","241931",1,2800,0,0,0,,,0,0,0,0,0,1945,341,0,1,"21226",,-1,,,9,"RAYYAN",1,,,0,0,1,"01",0,0,,0,56150,1,"21226",,,998,0,,"Z001",,,,,,0,,2800
"21226",,"05/02/26 00:00:00","241918",1,2500,0,0,0,,,0,0,0,0,0,1946,341,0,1,"21226",,-1,,,10,"RAYYAN",1,,,0,0,1,"01",0,0,,0,56150,1,"21226",,,1846.43,0,,"Z001",,,,,,0,,2500
"21226",,"05/02/26 00:00:00","251938",1,3500,0,0,0,,,0,0,0,0,0,1947,341,0,1,"21226",,-1,,,11,"RAYYAN",1,,,0,0,1,"01",0,0,,0,56150,1,"21226",,,1994.33,0,,"Z001",,,,,,0,,3500
"21226",,"05/02/26 00:00:00","1674",1,3200,0,0,0,,,0,0,0,0,0,1948,341,0,1,"21226",,-1,,,12,"RAYYAN",1,,,0,0,1,"01",0,0,,0,56150,1,"21226",,,1200,0,,"Z001",,,,,,0,,3200
"21226",,"05/02/26 00:00:00","5832",2,300,0,0,0,,,0,0,0,0,0,1949,341,0,1,"21226",,-1,,,13,"RAYYAN",1,,,0,0,1,"01",0,0,,0,56150,1,"21226",,,167.92,0,,"Z001",,,,,,0,,300
"21226",,"05/02/26 00:00:00","251969",1,850,0,0,0,,,0,0,0,0,0,1950,341,0,1,"21226",,-1,,,14,"RAYYAN",1,,,0,0,1,"01",0,0,,0,56150,1,"21226",,,537.5,0,,"Z001",,,,,,0,,850
"21226",,"05/02/26 00:00:00","6364",1,300,0,0,0,,,0,0,0,0,0,1951,341,0,1,"21226",,-1,,,15,"RAYYAN",1,,,0,0,1,"01",0,0,,0,56150,1,"21226",,,143.67,0,,"Z001",,,,,,0,,300
"21226",,"05/02/26 00:00:00","6030",4,100,0,0,0,,,0,0,0,0,0,1952,341,0,1,"21226",,-1,,,16,"RAYYAN",1,,,0,0,1,"01",0,0,,0,56150,1,"21226",,,20,0,,"Z001",,,,,,0,,100
"21226",,"05/02/26 00:00:00","262116",1,350,0,0,0,,,0,0,0,0,0,1953,341,0,1,"21226",,-1,,,17,"RAYYAN",1,,,0,0,1,"01",0,0,,0,56150,1,"21226",,,90,0,,"Z001",,,,,,0,,350
"21226",,"05/02/26 00:00:00","6466",1,400,0,0,0,,,0,0,0,0,0,1954,341,0,1,"21226",,-1,,,18,"RAYYAN",1,,,0,0,1,"01",0,0,,0,56150,1,"21226",,,150,0,,"Z001",,,,,,0,,400
"21226",,"05/02/26 00:00:00","251942",1,400,0,0,0,,,0,0,0,0,0,1955,341,0,1,"21226",,-1,,,19,"RAYYAN",1,,,0,0,1,"01",0,0,,0,56150,1,"21226",,,175.52,0,,"Z001",,,,,,0,,400
"21326",,"05/04/26 00:00:00","262098",1,3000,0,0,0,,,0,0,0,0,0,1957,341,0,1,"21326",,-1,,,1,"RAYYAN",1,,,0,0,1,"01",0,0,,0,412950,1,"21326",,,1500,0,,"Z001",,,,,,0,,3000
"21326",,"05/04/26 00:00:00","252003",1,25000,0,0,0,,,0,0,0,0,0,1958,341,0,1,"21326",,-1,,,2,"RAYYAN",1,,,0,0,1,"01",0,0,,0,412950,1,"21326",,,9235.290000000001,0,,"Z001",,,,,,0,,25000
"21326",,"05/04/26 00:00:00","5817",10,11000,0,0,0,,,0,0,0,0,0,1959,341,0,1,"21326",,-1,,,3,"RAYYAN",1,,,0,0,1,"01",0,0,,0,412950,1,"21326",,,2975.44,0,,"Z001",,,,,,0,,11000
"21326",,"05/04/26 00:00:00","973",1,1250,0,0,0,,,0,0,0,0,0,1960,341,0,1,"21326",,-1,,,4,"RAYYAN",1,,,0,0,1,"01",0,0,,0,412950,1,"21326",,,500,0,,"Z001",,,,,,0,,1250
"21326",,"05/04/26 00:00:00","241912",6,250,0,0,0,,,0,0,0,0,0,1961,341,0,1,"21326",,-1,,,5,"RAYYAN",1,,,0,0,1,"01",0,0,,0,412950,1,"21326",,,183.43,0,,"Z001",,,,,,0,,250
"21326",,"05/04/26 00:00:00","1439",1,7300,0,0,0,,,0,0,0,0,0,1962,341,0,1,"21326",,-1,,,6,"RAYYAN",1,,,0,0,1,"01",0,0,,0,412950,1,"21326",,,1700,0,,"Z001",,,,,,0,,7300
"21326",,"05/04/26 00:00:00","251936",8,1500,0,0,0,,,0,0,0,0,0,1963,341,0,1,"21326",,-1,,,7,"RAYYAN",1,,,0,0,1,"01",0,0,,0,412950,1,"21326",,,644,0,,"Z001",,,,,,0,,1500
"21326",,"05/04/26 00:00:00","262089",12,200,0,0,0,,,0,0,0,0,0,1964,341,0,1,"21326",,-1,,,8,"RAYYAN",1,,,0,0,1,"01",0,0,,0,412950,1,"21326",,,120,0,,"Z001",,,,,,0,,200
"21326",,"05/04/26 00:00:00","1425",16,200,0,0,0,,,0,0,0,0,0,1965,341,0,1,"21326",,-1,,,9,"RAYYAN",1,,,0,0,1,"01",0,0,,0,412950,1,"21326",,,120,0,,"Z001",,,,,,0,,200
"21326",,"05/04/26 00:00:00","241910",0,25000,20,250,0,,,0,0,0,0,0,1966,341,0,1,"21326",,-1,,,10,"RAYYAN",1,,,0,0,1,"01",0,0,,0,412950,1,"21326",,,0,232.97,,"Z001",,,,,,0,,25000
"21326",,"05/04/26 00:00:00","262116",2,400,0,0,0,,,0,0,0,0,0,1967,341,0,1,"21326",,-1,,,11,"RAYYAN",1,,,0,0,1,"01",0,0,,0,412950,1,"21326",,,140,0,,"Z001",,,,,,0,,400
"21326",,"05/04/26 00:00:00","5832",2,300,0,0,0,,,0,0,0,0,0,1968,341,0,1,"21326",,-1,,,12,"RAYYAN",1,,,0,0,1,"01",0,0,,0,412950,1,"21326",,,167.92,0,,"Z001",,,,,,0,,300
"21326",,"05/04/26 00:00:00","262105",4,100,0,0,0,,,0,0,0,0,0,1969,341,0,1,"21326",,-1,,,13,"RAYYAN",1,,,0,0,1,"01",0,0,,0,412950,1,"21326",,,50,0,,"Z001",,,,,,0,,100
"21326",,"05/04/26 00:00:00","6476",0,13500,10,200,0,,,0,0,0,0,0,1970,341,0,1,"21326",,-1,,,14,"RAYYAN",1,,,0,0,1,"01",0,0,,0,412950,1,"21326",,,0,87.88,,"Z001",,,,,,0,,13500
"21326",,"05/04/26 00:00:00","262195",1,1000,0,0,0,,,0,0,0,0,0,1971,341,0,1,"21326",,-1,,,15,"RAYYAN",1,,,0,0,1,"01",0,0,,0,412950,1,"21326",,,450,0,,"Z001",,,,,,0,,1000
"21326",,"05/04/26 00:00:00","262144",1,52000,0,0,0,,,0,0,0,0,0,1972,341,0,1,"21326",,-1,,,16,"RAYYAN",1,,,0,0,1,"01",0,0,,0,412950,1,"21326",,,12000,0,,"Z001",,,,,,0,,52000
"21326",,"05/04/26 00:00:00","241916",1,185000,0,0,0,,,0,0,0,0,0,1973,341,0,1,"21326",,-1,,,17,"RAYYAN",1,,,0,0,1,"01",0,0,,0,412950,1,"21326",,,29000,0,,"Z001",,,,,,0,,185000
"21326",,"05/04/26 00:00:00","6616",2,250,0,0,0,,,0,0,0,0,0,1974,341,0,1,"21326",,-1,,,18,"RAYYAN",1,,,0,0,1,"01",0,0,,0,412950,1,"21326",,,117.9,0,,"Z001",,,,,,0,,250
"21426",,"05/05/26 00:00:00","6584",3,100,0,0,0,,,0,0,0,0,0,1978,341,0,1,"21426",,-1,,,1,"RAYYAN",1,,,0,0,1,"01",0,0,,0,5075,1,"21426",,,15,0,,"Z001",,,,,,0,,100
"21426",,"05/05/26 00:00:00","6602",2,100,0,0,0,,,0,0,0,0,0,1979,341,0,1,"21426",,-1,,,2,"RAYYAN",1,,,0,0,1,"01",0,0,,0,5075,1,"21426",,,29.78,0,,"Z001",,,,,,0,,100
"21426",,"05/05/26 00:00:00","5969",3,25,0,0,0,,,0,0,0,0,0,1980,341,0,1,"21426",,-1,,,3,"RAYYAN",1,,,0,0,1,"01",0,0,,0,5075,1,"21426",,,7.02,0,,"Z001",,,,,,0,,25
"21426",,"05/05/26 00:00:00","6334",1,300,0,0,0,,,0,0,0,0,0,1981,341,0,1,"21426",,-1,,,4,"RAYYAN",1,,,0,0,1,"01",0,0,,0,5075,1,"21426",,,40.41,0,,"Z001",,,,,,0,,300
"21426",,"05/05/26 00:00:00","6338",1,150,0,0,0,,,0,0,0,0,0,1982,341,0,1,"21426",,-1,,,5,"RAYYAN",1,,,0,0,1,"01",0,0,,0,5075,1,"21426",,,50,0,,"Z001",,,,,,0,,150
"21426",,"05/05/26 00:00:00","6616",5,240,0,0,0,,,0,0,0,0,0,1983,341,0,1,"21426",,-1,,,6,"RAYYAN",1,,,0,0,1,"01",0,0,,0,5075,1,"21426",,,107.9,0,,"Z001",,,,,,0,,240
"21426",,"05/05/26 00:00:00","6505",15,113.33333,0,0,0,,,0,0,0,0,0,1984,341,0,1,"21426",,-1,,,7,"RAYYAN",1,,,0,0,1,"01",0,0,,0,5075,1,"21426",,,43.17,0,,"Z001",,,,,,0,,113.33333
"21426",,"05/05/26 00:00:00","6030",5,100,0,0,0,,,0,0,0,0,0,1985,341,0,1,"21426",,-1,,,8,"RAYYAN",1,,,0,0,1,"01",0,0,,0,5075,1,"21426",,,20,0,,"Z001",,,,,,0,,100
"21426",,"05/05/26 00:00:00","862",2,200,0,0,0,,,0,0,0,0,0,1986,341,0,1,"21426",,-1,,,9,"RAYYAN",1,,,0,0,1,"01",0,0,,0,5075,1,"21426",,,80,0,,"Z001",,,,,,0,,200
"21426",,"05/05/26 00:00:00","252009",1,250,0,0,0,,,0,0,0,0,0,1987,341,0,1,"21426",,-1,,,10,"RAYYAN",1,,,0,0,1,"01",0,0,,0,5075,1,"21426",,,57.05,0,,"Z001",,,,,,0,,250
"21526",,"05/06/26 00:00:00","252003",1,22000,0,0,0,,,0,0,0,0,0,1989,341,0,1,"21526",,-1,,,1,"RAYYAN",1,,,0,0,1,"01",0,0,,0,24250,1,"21526",,,6235.29,0,,"Z001",,,,,,0,,22000
"21526",,"05/06/26 00:00:00","962",1,600,0,0,0,,,0,0,0,0,0,1990,341,0,1,"21526",,-1,,,2,"RAYYAN",1,,,0,0,1,"01",0,0,,0,24250,1,"21526",,,187.63,0,,"Z001",,,,,,0,,600
"21526",,"05/06/26 00:00:00","231903",0,350,20,2.5,0,,,0,0,0,0,0,1991,341,0,1,"21526",,-1,,,3,"RAYYAN",1,,,0,0,1,"01",0,0,,0,24250,1,"21526",,,0,2.5,,"Z001",,,,,,0,,350
"21526",,"05/06/26 00:00:00","262125",1,150,0,0,0,,,0,0,0,0,0,1992,341,0,1,"21526",,-1,,,4,"RAYYAN",1,,,0,0,1,"01",0,0,,0,24250,1,"21526",,,60,0,,"Z001",,,,,,0,,150
"21526",,"05/06/26 00:00:00","262198",2,400,0,0,0,,,0,0,0,0,0,1993,341,0,1,"21526",,-1,,,5,"RAYYAN",1,,,0,0,1,"01",0,0,,0,24250,1,"21526",,,190,0,,"Z001",,,,,,0,,400
"21526",,"05/06/26 00:00:00","6338",1,150,0,0,0,,,0,0,0,0,0,1994,341,0,1,"21526",,-1,,,6,"RAYYAN",1,,,0,0,1,"01",0,0,,0,24250,1,"21526",,,50,0,,"Z001",,,,,,0,,150
"21526",,"05/06/26 00:00:00","6296",2,150,0,0,0,,,0,0,0,0,0,1995,341,0,1,"21526",,-1,,,7,"RAYYAN",1,,,0,0,1,"01",0,0,,0,24250,1,"21526",,,74,0,,"Z001",,,,,,0,,150
"21526",,"05/06/26 00:00:00","6025",2,100,0,0,0,,,0,0,0,0,0,1996,341,0,1,"21526",,-1,,,8,"RAYYAN",1,,,0,0,1,"01",0,0,,0,24250,1,"21526",,,38.25,0,,"Z001",,,,,,0,,100
"21626",,"04/16/26 00:00:00","252021",71,285,0,0,0,,,0,0,0,0,0,1998,365,0,1,"21626",,-1,,,1,"RAYYAN",1,,,0,0,1,"01",0,0,,0,20235,1,"21626",,,-39.8,0,,"Z001",,,,,,0,,285
"21926",,"02/24/26 00:00:00","262076",176,600,0,0,0,,,0,0,0,0,0,2008,10022,0,1,"21926",,-1,,,1,"RAYYAN",1,,,0,0,1,"01",0,0,,0,1000,1,"21926",,,177.76,0,,"Z001",,,,,,0,,600
"21926",,"02/24/26 00:00:00","973",1,1500,0,0,0,,,0,0,0,0,0,2010,10022,0,1,"21926",,-1,,,2,"RAYYAN",1,,,0,0,1,"01",0,0,,0,1000,1,"21926",,,750,0,,"Z001",,,,,,0,,1500
"21926",,"02/24/26 00:00:00","262205",1,40000,0,0,0,,,0,0,0,0,0,2013,10022,0,1,"21926",,-1,,,3,"RAYYAN",1,,,0,0,1,"01",0,0,,0,1000,1,"21926",,,10600,0,,"Z001",,,,,,0,,40000
"22026",,"03/08/26 00:00:00","252021",400,350,0,0,0,,,0,0,0,0,0,2015,367,0,1,,,-1,,,1,"RAYYAN",1,,,0,0,1,"01",0,0,,0,0,1,"22026",,,63.22,0,,"Z001",,,,,,0,,350
"22126",,"04/26/26 00:00:00","252021",430,400,0,0,0,,,0,0,0,0,0,2018,367,0,1,,,-1,,,1,"RAYYAN",1,,,0,0,1,"01",0,0,,0,0,1,"22126",,,75.2,0,,"Z001",,,,,,0,,400
"24826",,"05/01/26 00:00:00","6602",6,100,0,0,0,,,0,0,0,0,0,2262,10026,0,1,,,-1,,,4,"RAYYAN",1,,,0,0,1,"01",0,0,,0,0,1,"24826",,,29.78,0,,"Z001",,,,,,0,,100
"24826",,"05/01/26 00:00:00","251990",6,100,0,0,0,,,0,0,0,0,0,2263,10026,0,1,,,-1,,,5,"RAYYAN",1,,,0,0,1,"01",0,0,,0,0,1,"24826",,,40,0,,"Z001",,,,,,0,,100
"24826",,"05/01/26 00:00:00","252064",6,10,0,0,0,,,0,0,0,0,0,2264,10026,0,1,,,-1,,,6,"RAYYAN",1,,,0,0,1,"01",0,0,,0,0,1,"24826",,,0,0,,"Z001",,,,,,0,,10
"24826",,"05/01/26 00:00:00","6589",2,750,0,0,0,,,0,0,0,0,0,2265,10026,0,1,,,-1,,,7,"RAYYAN",1,,,0,0,1,"01",0,0,,0,0,1,"24826",,,180,0,,"Z001",,,,,,0,,750
"24826",,"05/01/26 00:00:00","6333",4,350,0,0,0,,,0,0,0,0,0,2266,10026,0,1,,,-1,,,8,"RAYYAN",1,,,0,0,1,"01",0,0,,0,0,1,"24826",,,120,0,,"Z001",,,,,,0,,350
"24826",,"05/01/26 00:00:00","6332",2,250,0,0,0,,,0,0,0,0,0,2267,10026,0,1,,,-1,,,9,"RAYYAN",1,,,0,0,1,"01",0,0,,0,0,1,"24826",,,60,0,,"Z001",,,,,,0,,250
"24826",,"05/01/26 00:00:00","836",12,350,0,0,0,,,0,0,0,0,0,2268,10026,0,1,,,-1,,,10,"RAYYAN",1,,,0,0,1,"01",0,0,,0,0,1,"24826",,,108.84,0,,"Z001",,,,,,0,,350
"24826",,"05/01/26 00:00:00","6590",2,250,0,0,0,,,0,0,0,0,0,2269,10026,0,1,,,-1,,,11,"RAYYAN",1,,,0,0,1,"01",0,0,,0,0,1,"24826",,,70,0,,"Z001",,,,,,0,,250
"24826",,"05/01/26 00:00:00","6118",2,600,0,0,0,,,0,0,0,0,0,2270,10026,0,1,,,-1,,,12,"RAYYAN",1,,,0,0,1,"01",0,0,,0,0,1,"24826",,,325,0,,"Z001",,,,,,0,,600
"24826",,"05/01/26 00:00:00","252066",6,20,0,0,0,,,0,0,0,0,0,2271,10026,0,1,,,-1,,,13,"RAYYAN",1,,,0,0,1,"01",0,0,,0,0,1,"24826",,,7,0,,"Z001",,,,,,0,,20
"24826",,"05/01/26 00:00:00","6335",1,300,0,0,0,,,0,0,0,0,0,2272,10026,0,1,,,-1,,,14,"RAYYAN",1,,,0,0,1,"01",0,0,,0,0,1,"24826",,,70,0,,"Z001",,,,,,0,,300
"24826",,"05/01/26 00:00:00","6030",1,100,0,0,0,,,0,0,0,0,0,2273,10026,0,1,,,-1,,,15,"RAYYAN",1,,,0,0,1,"01",0,0,,0,0,1,"24826",,,20,0,,"Z001",,,,,,0,,100
"24826",,"05/01/26 00:00:00","252047",1.33,387.22,0,5,0,,,0,0,0,0,0,2274,10026,0,1,,,-1,,,16,"RAYYAN",1,,,0,0,1,"01",0,0,,0,0,1,"24826",,,227.22,0,,"Z001",,,,,,0,,387.22
"24826",,"05/01/26 00:00:00","6587",4,200,0,0,0,,,0,0,0,0,0,2275,10026,0,1,,,-1,,,17,"RAYYAN",1,,,0,0,1,"01",0,0,,0,0,1,"24826",,,65,0,,"Z001",,,,,,0,,200
"24926",,"05/28/26 00:00:00","1287",1,12400,0,0,0,,,0,0,0,0,0,2281,365,0,1,"24926",,-1,,,1,"RAYYAN",1,,,0,0,1,"01",0,0,,0,55250,1,"24926",,,0,0,,"Z001",,,,,,0,,12400
"24926",,"05/28/26 00:00:00","241918",12,1000,0,0,0,,,0,0,0,0,0,2282,365,0,1,"24926",,-1,,,2,"RAYYAN",1,,,0,0,1,"01",0,0,,0,55250,1,"24926",,,346.43,0,,"Z001",,,,,,0,,1000
"24926",,"05/28/26 00:00:00","262218",1,29000,0,0,0,,,0,0,0,0,0,2283,365,0,1,"24926",,-1,,,3,"RAYYAN",1,,,0,0,1,"01",0,0,,0,55250,1,"24926",,,0,0,,"Z001",,,,,,0,,29000
"24926",,"05/28/26 00:00:00","241931",1,1850,0,0,0,,,0,0,0,0,0,2284,365,0,1,"24926",,-1,,,4,"RAYYAN",1,,,0,0,1,"01",0,0,,0,55250,1,"24926",,,48,0,,"Z001",,,,,,0,,1850
"25026",,"05/29/26 00:00:00","241931",5,1850,0,0,0,,,0,0,0,0,0,2286,365,0,1,"25026",,-1,,,1,"ABDUL",1,,,0,0,1,"01",0,0,,0,52750,1,"25026",,,48,0,,"Z001",,,,,,0,,1850
"22226",,"05/07/26 00:00:00","252029",1,50,0,0,0,,,0,0,0,0,0,2021,341,0,1,"22226",,-1,,,1,"RAYYAN",1,,,0,0,1,"01",0,0,,0,1950,1,"22226",,,25,0,,"Z001",,,,,,0,,50
"22226",,"05/07/26 00:00:00","6616",1,200,0,0,0,,,0,0,0,0,0,2022,341,0,1,"22226",,-1,,,2,"RAYYAN",1,,,0,0,1,"01",0,0,,0,1950,1,"22226",,,67.90000000000001,0,,"Z001",,,,,,0,,200
"22226",,"05/07/26 00:00:00","262194",1,650,0,0,0,,,0,0,0,0,0,2023,341,0,1,"22226",,-1,,,3,"RAYYAN",1,,,0,0,1,"01",0,0,,0,1950,1,"22226",,,200,0,,"Z001",,,,,,0,,650
"22226",,"05/07/26 00:00:00","262101",2,350,0,0,0,,,0,0,0,0,0,2024,341,0,1,"22226",,-1,,,4,"RAYYAN",1,,,0,0,1,"01",0,0,,0,1950,1,"22226",,,170,0,,"Z001",,,,,,0,,350
"22226",,"05/07/26 00:00:00","6364",1,350,0,0,0,,,0,0,0,0,0,2025,341,0,1,"22226",,-1,,,5,"RAYYAN",1,,,0,0,1,"01",0,0,,0,1950,1,"22226",,,193.67,0,,"Z001",,,,,,0,,350
"22326",,"05/08/26 00:00:00","262187",1,850,0,0,0,,,0,0,0,0,0,2027,341,0,1,"22326",,-1,,,1,"RAYYAN",1,,,0,0,1,"01",0,0,,0,17100,1,"22326",,,270,0,,"Z001",,,,,,0,,850
"22326",,"05/08/26 00:00:00","6614",2,5500,0,0,0,,,0,0,0,0,0,2028,341,0,1,"22326",,-1,,,2,"RAYYAN",1,,,0,0,1,"01",0,0,,0,17100,1,"22326",,,2500,0,,"Z001",,,,,,0,,5500
"22326",,"05/08/26 00:00:00","787",0,6200,30,100,0,,,0,0,0,0,0,2029,341,0,1,"22326",,-1,,,3,"RAYYAN",1,,,0,0,1,"01",0,0,,0,17100,1,"22326",,,0,54.49,,"Z001",,,,,,0,,6200
"22326",,"05/08/26 00:00:00","6390",1,800,0,0,0,,,0,0,0,0,0,2030,341,0,1,"22326",,-1,,,4,"RAYYAN",1,,,0,0,1,"01",0,0,,0,17100,1,"22326",,,300,0,,"Z001",,,,,,0,,800
"22326",,"05/08/26 00:00:00","6338",1,150,0,0,0,,,0,0,0,0,0,2031,341,0,1,"22326",,-1,,,5,"RAYYAN",1,,,0,0,1,"01",0,0,,0,17100,1,"22326",,,50,0,,"Z001",,,,,,0,,150
"22326",,"05/08/26 00:00:00","252045",5,100,0,0,0,,,0,0,0,0,0,2032,341,0,1,"22326",,-1,,,6,"RAYYAN",1,,,0,0,1,"01",0,0,,0,17100,1,"22326",,,60.83,0,,"Z001",,,,,,0,,100
"22326",,"05/08/26 00:00:00","6589",1,800,0,0,0,,,0,0,0,0,0,2033,341,0,1,"22326",,-1,,,7,"RAYYAN",1,,,0,0,1,"01",0,0,,0,17100,1,"22326",,,230,0,,"Z001",,,,,,0,,800
"22426",,"05/09/26 00:00:00","251963",1,11000,0,0,0,,,0,0,0,0,0,2035,341,0,1,"22426",,-1,,,1,"RAYYAN",1,,,0,0,1,"01",0,0,,0,22950,1,"22426",,,5500,0,,"Z001",,,,,,0,,11000
"22426",,"05/09/26 00:00:00","201725",1,11000,0,0,0,,,0,0,0,0,0,2036,341,0,1,"22426",,-1,,,2,"RAYYAN",1,,,0,0,1,"01",0,0,,0,22950,1,"22426",,,4350,0,,"Z001",,,,,,0,,11000
"22426",,"05/09/26 00:00:00","6346",1,500,0,0,0,,,0,0,0,0,0,2037,341,0,1,"22426",,-1,,,3,"RAYYAN",1,,,0,0,1,"01",0,0,,0,22950,1,"22426",,,71.84,0,,"Z001",,,,,,0,,500
"22426",,"05/09/26 00:00:00","1032",1,450,0,0,0,,,0,0,0,0,0,2038,341,0,1,"22426",,-1,,,4,"RAYYAN",1,,,0,0,1,"01",0,0,,0,22950,1,"22426",,,61.11,0,,"Z001",,,,,,0,,450
"22526",,"05/10/26 00:00:00","6025",1,100,0,0,0,,,0,0,0,0,0,2040,341,0,1,"22526",,-1,,,1,"RAYYAN",1,,,0,0,1,"01",0,0,,0,1450,1,"22526",,,38.25,0,,"Z001",,,,,,0,,100
"22526",,"05/10/26 00:00:00","262128",1,200,0,0,0,,,0,0,0,0,0,2041,341,0,1,"22526",,-1,,,2,"RAYYAN",1,,,0,0,1,"01",0,0,,0,1450,1,"22526",,,106.9,0,,"Z001",,,,,,0,,200
"22526",,"05/10/26 00:00:00","6616",1,250,0,0,0,,,0,0,0,0,0,2042,341,0,1,"22526",,-1,,,3,"RAYYAN",1,,,0,0,1,"01",0,0,,0,1450,1,"22526",,,117.9,0,,"Z001",,,,,,0,,250
"37526",,"07/27/26 00:00:00","262260",1,3000,0,0,0,,,0,0,0,0,0,3332,365,0,1,"37526",,-1,,,2,"RAYYAN",1,,,0,0,1,"01",0,0,,0,33113.35,1,"37526",,,0,0,,"Z001",,,,,,0,,3000
"35826",,"07/21/26 00:00:00","262286",4,35000,0,0,0,,,0,0,0,0,0,3334,10010,0,1,"35826",,-1,,,1,"RAYYAN",1,,,0,0,1,"01",0,0,,0,564000,1,"35826",,,11000,0,,"Z001",,,,,,0,,35000
"37626",,"07/28/26 00:00:00","241933",5,1500,0,0,0,,,0,0,0,0,0,3336,10010,0,1,"37626",,-1,,,1,"RAYYAN",1,,,0,0,1,"01",0,0,,0,645350,1,"37626",,,760.39,0,,"Z001",,,,,,0,,1500
"37626",,"07/28/26 00:00:00","252052",5,2000,0,0,0,,,0,0,0,0,0,3337,10010,0,1,"37626",,-1,,,2,"RAYYAN",1,,,0,0,1,"01",0,0,,0,645350,1,"37626",,,1346.43,0,,"Z001",,,,,,0,,2000
"37626",,"07/28/26 00:00:00","6346",5,500,0,0,0,,,0,0,0,0,0,3338,10010,0,1,"37626",,-1,,,3,"RAYYAN",1,,,0,0,1,"01",0,0,,0,645350,1,"37626",,,71.84,0,,"Z001",,,,,,0,,500
"37626",,"07/28/26 00:00:00","241912",5,250,0,0,0,,,0,0,0,0,0,3339,10010,0,1,"37626",,-1,,,4,"RAYYAN",1,,,0,0,1,"01",0,0,,0,645350,1,"37626",,,183.43,0,,"Z001",,,,,,0,,250
"37626",,"07/28/26 00:00:00","251936",3,1500,0,0,0,,,0,0,0,0,0,3340,10010,0,1,"37626",,-1,,,5,"RAYYAN",1,,,0,0,1,"01",0,0,,0,645350,1,"37626",,,644,0,,"Z001",,,,,,0,,1500
"37626",,"07/28/26 00:00:00","262089",20,200,0,0,0,,,0,0,0,0,0,3341,10010,0,1,"37626",,-1,,,6,"RAYYAN",1,,,0,0,1,"01",0,0,,0,645350,1,"37626",,,83.41,0,,"Z001",,,,,,0,,200
"37626",,"07/28/26 00:00:00","1425",10,200,0,0,0,,,0,0,0,0,0,3342,10010,0,1,"37626",,-1,,,7,"RAYYAN",1,,,0,0,1,"01",0,0,,0,645350,1,"37626",,,120,0,,"Z001",,,,,,0,,200
"37626",,"07/28/26 00:00:00","6364",2,300,0,100,0,,,0,0,0,0,0,3343,10010,0,1,"37626",,-1,,,8,"RAYYAN",1,,,0,0,1,"01",0,0,,0,645350,1,"37626",,,143.67,0,,"Z001",,,,,,0,,300
"37626",,"07/28/26 00:00:00","262116",5,560,0,0,0,,,0,0,0,0,0,3344,10010,0,1,"37626",,-1,,,9,"RAYYAN",1,,,0,0,1,"01",0,0,,0,645350,1,"37626",,,210,0,,"Z001",,,,,,0,,560
"37626",,"07/28/26 00:00:00","252024",5,250,0,0,0,,,0,0,0,0,0,3345,10010,0,1,"37626",,-1,,,10,"RAYYAN",1,,,0,0,1,"01",0,0,,0,645350,1,"37626",,,80,0,,"Z001",,,,,,0,,250
"37626",,"07/28/26 00:00:00","6173",10,100,0,0,0,,,0,0,0,0,0,3346,10010,0,1,"37626",,-1,,,11,"RAYYAN",1,,,0,0,1,"01",0,0,,0,645350,1,"37626",,,37.08,0,,"Z001",,,,,,0,,100
"37626",,"07/28/26 00:00:00","6192",10,20,0,0,0,,,0,0,0,0,0,3347,10010,0,1,"37626",,-1,,,12,"RAYYAN",1,,,0,0,1,"01",0,0,,0,645350,1,"37626",,,17.47,0,,"Z001",,,,,,0,,20
"37626",,"07/28/26 00:00:00","241910",0,25000,30,250,0,,,0,0,0,0,0,3348,10010,0,1,"37626",,-1,,,13,"RAYYAN",1,,,0,0,1,"01",0,0,,0,645350,1,"37626",,,0,232.97,,"Z001",,,,,,0,,25000
"37626",,"07/28/26 00:00:00","1010",0,1500,2,50,0,,,0,0,0,0,0,3349,10010,0,1,"37626",,-1,,,14,"RAYYAN",1,,,0,0,1,"01",0,0,,0,645350,1,"37626",,,0,50,,"Z001",,,,,,0,,1500
"37626",,"07/28/26 00:00:00","251991",0,500,15,10,0,,,0,0,0,0,0,3350,10010,0,1,"37626",,-1,,,15,"RAYYAN",1,,,0,0,1,"01",0,0,,0,645350,1,"37626",,,0,10,,"Z001",,,,,,0,,500
"37626",,"07/28/26 00:00:00","5817",10,11000,0,0,0,,,0,0,0,0,0,3351,10010,0,1,"37626",,-1,,,16,"RAYYAN",1,,,0,0,1,"01",0,0,,0,645350,1,"37626",,,2537.74,0,,"Z001",,,,,,0,,11000
"37626",,"07/28/26 00:00:00","262286",5,35000,0,0,0,,,0,0,0,0,0,3355,10010,0,1,"37626",,-1,,,18,"RAYYAN",1,,,0,0,1,"01",0,0,,0,645350,1,"37626",,,11000,0,,"Z001",,,,,,0,,35000
"25026",,"05/29/26 00:00:00","251957",5,1200,0,0,0,,,0,0,0,0,0,2287,365,0,1,"25026",,-1,,,2,"ABDUL",1,,,0,0,1,"01",0,0,,0,52750,1,"25026",,,14.63,0,,"Z001",,,,,,0,,1200
"25026",,"05/29/26 00:00:00","241927",2,8000,0,0,0,,,0,0,0,0,0,2288,365,0,1,"25026",,-1,,,3,"ABDUL",1,,,0,0,1,"01",0,0,,0,52750,1,"25026",,,200,0,,"Z001",,,,,,0,,8000
"25026",,"05/29/26 00:00:00","252020",30,200,0,0,0,,,0,0,0,0,0,2289,365,0,1,"25026",,-1,,,4,"ABDUL",1,,,0,0,1,"01",0,0,,0,52750,1,"25026",,,16.31,0,,"Z001",,,,,,0,,200
"25126",,"05/28/26 00:00:00","262098",1,3300,0,0,0,,,0,0,0,0,0,2291,341,0,1,"25126",,-1,,,1,"ABDUL",1,,,0,0,1,"01",0,0,,0,166795,1,"25126",,,1800,0,,"Z001",,,,,,0,,3300
"25126",,"05/28/26 00:00:00","1219",5,230,0,0,0,,,0,0,0,0,0,2292,341,0,1,"25126",,-1,,,2,"ABDUL",1,,,0,0,1,"01",0,0,,0,166795,1,"25126",,,56.05,0,,"Z001",,,,,,0,,230
"25126",,"05/28/26 00:00:00","6190",3,15,0,0,0,,,0,0,0,0,0,2293,341,0,1,"25126",,-1,,,3,"ABDUL",1,,,0,0,1,"01",0,0,,0,166795,1,"25126",,,10.68,0,,"Z001",,,,,,0,,15
"25126",,"05/28/26 00:00:00","6365",1,100,0,0,0,,,0,0,0,0,0,2294,341,0,1,"25126",,-1,,,4,"ABDUL",1,,,0,0,1,"01",0,0,,0,166795,1,"25126",,,99.39,0,,"Z001",,,,,,0,,100
"25126",,"05/28/26 00:00:00","6505",2,100,0,0,0,,,0,0,0,0,0,2295,341,0,1,"25126",,-1,,,5,"ABDUL",1,,,0,0,1,"01",0,0,,0,166795,1,"25126",,,29.83,0,,"Z001",,,,,,0,,100
"25126",,"05/28/26 00:00:00","262156",1,62000,0,0,0,,,0,0,0,0,0,2296,341,0,1,"25126",,-1,,,6,"ABDUL",1,,,0,0,1,"01",0,0,,0,166795,1,"25126",,,25403.04,0,,"Z001",,,,,,0,,62000
"25126",,"05/28/26 00:00:00","262157",1,100000,0,0,0,,,0,0,0,0,0,2297,341,0,1,"25126",,-1,,,7,"ABDUL",1,,,0,0,1,"01",0,0,,0,166795,1,"25126",,,21309.47,0,,"Z001",,,,,,0,,100000
"25226",,"05/29/26 00:00:00","6098",1,50,0,0,0,,,0,0,0,0,0,2299,341,0,1,"25226",,-1,,,1,"RAYYAN",1,,,0,0,1,"01",0,0,,0,125810,1,"25226",,,17.16,0,,"Z001",,,,,,0,,50
"25226",,"05/29/26 00:00:00","252047",0,350,2,5,0,,,0,0,0,0,0,2300,341,0,1,"25226",,-1,,,2,"RAYYAN",1,,,0,0,1,"01",0,0,,0,125810,1,"25226",,,0,5,,"Z001",,,,,,0,,350
"25226",,"05/29/26 00:00:00","5817",6,12000,0,0,0,,,0,0,0,0,0,2302,341,0,1,"25226",,-1,,,4,"RAYYAN",1,,,0,0,1,"01",0,0,,0,125810,1,"25226",,,3975.44,0,,"Z001",,,,,,0,,12000
"25226",,"05/29/26 00:00:00","252021",15,450,0,0,0,,,0,0,0,0,0,2303,341,0,1,"25226",,-1,,,5,"RAYYAN",1,,,0,0,1,"01",0,0,,0,125810,1,"25226",,,125.2,0,,"Z001",,,,,,0,,450
"25226",,"05/29/26 00:00:00","241910",0,25000,10,300,0,,,0,0,0,0,0,2304,341,0,1,"25226",,-1,,,6,"RAYYAN",1,,,0,0,1,"01",0,0,,0,125810,1,"25226",,,0,282.97,,"Z001",,,,,,0,,25000
"25226",,"05/29/26 00:00:00","973",1,1200,0,0,0,,,0,0,0,0,0,2305,341,0,1,"25226",,-1,,,7,"RAYYAN",1,,,0,0,1,"01",0,0,,0,125810,1,"25226",,,450,0,,"Z001",,,,,,0,,1200
"25226",,"05/29/26 00:00:00","241912",1,300,0,0,0,,,0,0,0,0,0,2306,341,0,1,"25226",,-1,,,8,"RAYYAN",1,,,0,0,1,"01",0,0,,0,125810,1,"25226",,,233.43,0,,"Z001",,,,,,0,,300
"25326",,"05/30/26 00:00:00","262098",1,2500,0,0,0,,,0,0,0,0,0,2308,341,0,1,"25326",,-1,,,1,"ABDUL",1,,,0,0,1,"01",0,0,,0,101200,1,"25326",,,1000,0,,"Z001",,,,,,0,,2500
"35026",,"03/22/26 00:00:00","262113",1,40000,0,0,0,,,0,0,0,0,0,3089,10050,0,1,"35026",,-1,,,1,"RAYYAN",1,,,0,0,1,"01",0,0,,0,40000,1,"35026",,,9800,0,,"Z001",,,,,,0,,40000
"22526",,"05/10/26 00:00:00","6099",1,200,0,0,0,,,0,0,0,0,0,2043,341,0,1,"22526",,-1,,,4,"RAYYAN",1,,,0,0,1,"01",0,0,,0,1450,1,"22526",,,115,0,,"Z001",,,,,,0,,200
"22526",,"05/10/26 00:00:00","262194",1,700,0,0,0,,,0,0,0,0,0,2044,341,0,1,"22526",,-1,,,5,"RAYYAN",1,,,0,0,1,"01",0,0,,0,1450,1,"22526",,,250,0,,"Z001",,,,,,0,,700
"22626",,"05/12/26 00:00:00","262146",1,9400,0,0,0,,,0,0,0,0,0,2046,341,0,1,"22626",,-1,,,1,"RAYYAN",1,,,0,0,1,"01",0,0,,0,11110,1,"22626",,,1251,0,,"Z001",,,,,,0,,9400
"22626",,"05/12/26 00:00:00","252044",1,250,0,0,0,,,0,0,0,0,0,2047,341,0,1,"22626",,-1,,,2,"RAYYAN",1,,,0,0,1,"01",0,0,,0,11110,1,"22626",,,120,0,,"Z001",,,,,,0,,250
"22626",,"05/12/26 00:00:00","1691",0,300,6,10,0,,,0,0,0,0,0,2048,341,0,1,"22626",,-1,,,3,"RAYYAN",1,,,0,0,1,"01",0,0,,0,11110,1,"22626",,,0,10,,"Z001",,,,,,0,,300
"22626",,"05/12/26 00:00:00","251946",1,1000,0,0,0,,,0,0,0,0,0,2051,341,0,1,"22626",,-1,,,4,"RAYYAN",1,,,0,0,1,"01",0,0,,0,11110,1,"22626",,,175.42,0,,"Z001",,,,,,0,,1000
"22626",,"05/12/26 00:00:00","6365",2,100,0,0,0,,,0,0,0,0,0,2052,341,0,1,"22626",,-1,,,5,"RAYYAN",1,,,0,0,1,"01",0,0,,0,11110,1,"22626",,,99.39,0,,"Z001",,,,,,0,,100
"22626",,"05/12/26 00:00:00","6030",2,100,0,0,0,,,0,0,0,0,0,2053,341,0,1,"22626",,-1,,,6,"RAYYAN",1,,,0,0,1,"01",0,0,,0,11110,1,"22626",,,20,0,,"Z001",,,,,,0,,100
"22726",,"05/13/26 00:00:00","1287",2,13500,0,0,0,,,0,0,0,0,0,2055,341,0,1,"22726",,-1,,,1,"RAYYAN",1,,,0,0,1,"01",0,0,,0,31250,1,"22726",,,1100,0,,"Z001",,,,,,0,,13500
"22726",,"05/13/26 00:00:00","6030",1,100,0,0,0,,,0,0,0,0,0,2056,341,0,1,"22726",,-1,,,2,"RAYYAN",1,,,0,0,1,"01",0,0,,0,31250,1,"22726",,,20,0,,"Z001",,,,,,0,,100
"22726",,"05/13/26 00:00:00","6173",1,100,0,0,0,,,0,0,0,0,0,2057,341,0,1,"22726",,-1,,,3,"RAYYAN",1,,,0,0,1,"01",0,0,,0,31250,1,"22726",,,37.08,0,,"Z001",,,,,,0,,100
"22726",,"05/13/26 00:00:00","252029",1,50,0,0,0,,,0,0,0,0,0,2058,341,0,1,"22726",,-1,,,4,"RAYYAN",1,,,0,0,1,"01",0,0,,0,31250,1,"22726",,,25,0,,"Z001",,,,,,0,,50
"22726",,"05/13/26 00:00:00","262196",1,500,0,0,0,,,0,0,0,0,0,2059,341,0,1,"22726",,-1,,,5,"RAYYAN",1,,,0,0,1,"01",0,0,,0,31250,1,"22726",,,180,0,,"Z001",,,,,,0,,500
"22726",,"05/13/26 00:00:00","6025",1,100,0,0,0,,,0,0,0,0,0,2060,341,0,1,"22726",,-1,,,6,"RAYYAN",1,,,0,0,1,"01",0,0,,0,31250,1,"22726",,,38.25,0,,"Z001",,,,,,0,,100
"22726",,"05/13/26 00:00:00","6338",1,150,0,0,0,,,0,0,0,0,0,2061,341,0,1,"22726",,-1,,,7,"RAYYAN",1,,,0,0,1,"01",0,0,,0,31250,1,"22726",,,50,0,,"Z001",,,,,,0,,150
"22726",,"05/13/26 00:00:00","862",1,200,0,0,0,,,0,0,0,0,0,2062,341,0,1,"22726",,-1,,,8,"RAYYAN",1,,,0,0,1,"01",0,0,,0,31250,1,"22726",,,80,0,,"Z001",,,,,,0,,200
"22726",,"05/13/26 00:00:00","262100",1,350,0,0,0,,,0,0,0,0,0,2063,341,0,1,"22726",,-1,,,9,"RAYYAN",1,,,0,0,1,"01",0,0,,0,31250,1,"22726",,,190,0,,"Z001",,,,,,0,,350
"22726",,"05/13/26 00:00:00","262181",1,2700,0,0,0,,,0,0,0,0,0,2066,341,0,1,"22726",,-1,,,10,"RAYYAN",1,,,0,0,1,"01",0,0,,0,31250,1,"22726",,,500,0,,"Z001",,,,,,0,,2700
"22826",,"05/14/26 00:00:00","6334",9,300,0,0,0,,,0,0,0,0,0,2068,341,0,1,"22826",,-1,,,1,"RAYYAN",1,,,0,0,1,"01",0,0,,0,97820,1,"22826",,,40.41,0,,"Z001",,,,,,0,,300
"27726",,"06/13/26 00:00:00","262196",1,550,0,0,0,,,0,0,0,0,0,2538,10024,0,1,,,-1,,,4,"RAYYAN",1,,,0,0,1,"01",0,0,,0,0,1,"27726",,,230,0,,"Z001",,,,,,0,,550
"27826",,"03/27/26 00:00:00","771",1,57000,0,0,0,,,0,0,0,0,0,2540,10031,0,1,"27826",,-1,,,1,"ABDUL",1,,,0,0,1,"01",0,0,,0,298800,1,"27826",,,20857.14,0,,"Z001",,,,,,0,,57000
"27926",,"06/13/26 00:00:00","262230",12,1375,0,0,0,,,0,0,0,0,0,2545,341,0,1,"27926",,-1,,,1,"RAYYAN",1,,,0,0,1,"01",0,0,,0,76500,1,"27926",,,1011,0,,"Z001",,,,,,0,,1375
"27926",,"06/13/26 00:00:00","6391",2,130,0,0,0,,,0,0,0,0,0,2546,341,0,1,"27926",,-1,,,2,"RAYYAN",1,,,0,0,1,"01",0,0,,0,76500,1,"27926",,,32.5,0,,"Z001",,,,,,0,,130
"27926",,"06/13/26 00:00:00","262170",2,20,0,0,0,,,0,0,0,0,0,2547,341,0,1,"27926",,-1,,,3,"RAYYAN",1,,,0,0,1,"01",0,0,,0,76500,1,"27926",,,10,0,,"Z001",,,,,,0,,20
"27926",,"06/13/26 00:00:00","6466",1,350,0,0,0,,,0,0,0,0,0,2548,341,0,1,"27926",,-1,,,4,"RAYYAN",1,,,0,0,1,"01",0,0,,0,76500,1,"27926",,,100,0,,"Z001",,,,,,0,,350
"27926",,"06/13/26 00:00:00","6063",1,70,0,0,0,,,0,0,0,0,0,2549,341,0,1,"27926",,-1,,,5,"RAYYAN",1,,,0,0,1,"01",0,0,,0,76500,1,"27926",,,26.67,0,,"Z001",,,,,,0,,70
"27926",,"06/13/26 00:00:00","201725",1,10000,0,0,0,,,0,0,0,0,0,2550,341,0,1,"27926",,-1,,,6,"RAYYAN",1,,,0,0,1,"01",0,0,,0,76500,1,"27926",,,3350,0,,"Z001",,,,,,0,,10000
"27926",,"06/13/26 00:00:00","937",1,4800,0,0,0,,,0,0,0,0,0,2551,341,0,1,"27926",,-1,,,7,"RAYYAN",1,,,0,0,1,"01",0,0,,0,76500,1,"27926",,,2200,0,,"Z001",,,,,,0,,4800
"27926",,"06/13/26 00:00:00","251948",1,34000,0,0,0,,,0,0,0,0,0,2553,341,0,1,"27926",,-1,,,8,"RAYYAN",1,,,0,0,1,"01",0,0,,0,76500,1,"27926",,,11440.46,0,,"Z001",,,,,,0,,34000
"27926",,"06/13/26 00:00:00","262098",3,2766.6699,0,0,0,,,0,0,0,0,0,2554,341,0,1,"27926",,-1,,,9,"RAYYAN",1,,,0,0,1,"01",0,0,,0,76500,1,"27926",,,1266.67,0,,"Z001",,,,,,0,,2766.6699
"27926",,"06/13/26 00:00:00","6479",0,13500,5,200,0,,,0,0,0,0,0,2555,341,0,1,"27926",,-1,,,10,"RAYYAN",1,,,0,0,1,"01",0,0,,0,76500,1,"27926",,,0,200,,"Z001",,,,,,0,,13500
"27926",,"06/13/26 00:00:00","6616",5,200,0,0,0,,,0,0,0,0,0,2556,341,0,1,"27926",,-1,,,11,"RAYYAN",1,,,0,0,1,"01",0,0,,0,76500,1,"27926",,,67.90000000000001,0,,"Z001",,,,,,0,,200
"27926",,"06/13/26 00:00:00","5970",1,130,0,0,0,,,0,0,0,0,0,2557,341,0,1,"27926",,-1,,,12,"RAYYAN",1,,,0,0,1,"01",0,0,,0,76500,1,"27926",,,42.89,0,,"Z001",,,,,,0,,130
"27626",,"06/12/26 00:00:00","262231",2,8500,0,0,0,,,0,0,0,0,0,2559,341,0,1,,,-1,,,17,"RAYYAN",1,,,0,0,1,"01",0,0,,0,0,1,"27626",,,8500,0,,"Z001",,,,,,0,,8500
"28026",,"06/15/26 00:00:00","1471",1,12800,0,0,0,,,0,1,0,0,0,2561,10002,0,1,,,65,,,1,"RAYYAN",1,,,0,0,1,"01",0,0,,0,0,1,"28026",,,2000,0,,"Z001",,,,,,0,,12800
"27826",,"03/27/26 00:00:00","241926",1,100000,0,0,0,,,0,0,0,0,0,2564,10031,0,1,"27826",,-1,,,2,"ABDUL",1,,,0,0,1,"01",0,0,,0,298800,1,"27826",,,13340.32,0,,"Z001",,,,,,0,,100000
"27826",,"03/27/26 00:00:00","5817",8,11000,0,0,0,,,0,0,0,0,0,2565,10031,0,1,"27826",,-1,,,3,"ABDUL",1,,,0,0,1,"01",0,0,,0,298800,1,"27826",,,3507.88,0,,"Z001",,,,,,0,,11000
"27826",,"03/27/26 00:00:00","241918",1,3500,0,0,0,,,0,0,0,0,0,2566,10031,0,1,"27826",,-1,,,4,"ABDUL",1,,,0,0,1,"01",0,0,,0,298800,1,"27826",,,2846.43,0,,"Z001",,,,,,0,,3500
"27826",,"03/27/26 00:00:00","251938",1,3500,0,0,0,,,0,0,0,0,0,2567,10031,0,1,"27826",,-1,,,5,"ABDUL",1,,,0,0,1,"01",0,0,,0,298800,1,"27826",,,1994.33,0,,"Z001",,,,,,0,,3500
"27826",,"03/27/26 00:00:00","251969",1,850,0,0,0,,,0,0,0,0,0,2568,10031,0,1,"27826",,-1,,,6,"ABDUL",1,,,0,0,1,"01",0,0,,0,298800,1,"27826",,,537.5,0,,"Z001",,,,,,0,,850
"27826",,"03/27/26 00:00:00","1674",1,3500,0,0,0,,,0,0,0,0,0,2569,10031,0,1,"27826",,-1,,,7,"ABDUL",1,,,0,0,1,"01",0,0,,0,298800,1,"27826",,,1500,0,,"Z001",,,,,,0,,3500
"27826",,"03/27/26 00:00:00","241931",1,3500,0,0,0,,,0,0,0,0,0,2570,10031,0,1,"27826",,-1,,,8,"ABDUL",1,,,0,0,1,"01",0,0,,0,298800,1,"27826",,,1698,0,,"Z001",,,,,,0,,3500
"27826",,"03/27/26 00:00:00","241910",0,25000,40,250,0,,,0,0,0,0,0,2571,10031,0,1,"27826",,-1,,,9,"ABDUL",1,,,0,0,1,"01",0,0,,0,298800,1,"27826",,,0,232.97,,"Z001",,,,,,0,,25000
"27826",,"03/27/26 00:00:00","5832",2,300,0,0,0,,,0,0,0,0,0,2572,10031,0,1,"27826",,-1,,,10,"ABDUL",1,,,0,0,1,"01",0,0,,0,298800,1,"27826",,,167.92,0,,"Z001",,,,,,0,,300
"27826",,"03/27/26 00:00:00","6476",0,13500,40,200,0,,,0,0,0,0,0,2573,10031,0,1,"27826",,-1,,,11,"ABDUL",1,,,0,0,1,"01",0,0,,0,298800,1,"27826",,,0,87.88,,"Z001",,,,,,0,,13500
"27826",,"03/27/26 00:00:00","251936",8,1500,0,0,0,,,0,0,0,0,0,2574,10031,0,1,"27826",,-1,,,12,"ABDUL",1,,,0,0,1,"01",0,0,,0,298800,1,"27826",,,644,0,,"Z001",,,,,,0,,1500
"27826",,"03/27/26 00:00:00","1425",12,200,0,0,0,,,0,0,0,0,0,2575,10031,0,1,"27826",,-1,,,13,"ABDUL",1,,,0,0,1,"01",0,0,,0,298800,1,"27826",,,120,0,,"Z001",,,,,,0,,200
"27826",,"03/27/26 00:00:00","262089",8,200,0,0,0,,,0,0,0,0,0,2576,10031,0,1,"27826",,-1,,,14,"ABDUL",1,,,0,0,1,"01",0,0,,0,298800,1,"27826",,,120,0,,"Z001",,,,,,0,,200
"27826",,"03/27/26 00:00:00","262116",2,350,0,0,0,,,0,0,0,0,0,2577,10031,0,1,"27826",,-1,,,15,"ABDUL",1,,,0,0,1,"01",0,0,,0,298800,1,"27826",,,90,0,,"Z001",,,,,,0,,350
"27826",,"03/27/26 00:00:00","6173",5,180,0,0,0,,,0,0,0,0,0,2578,10031,0,1,"27826",,-1,,,16,"ABDUL",1,,,0,0,1,"01",0,0,,0,298800,1,"27826",,,117.08,0,,"Z001",,,,,,0,,180
"27826",,"03/27/26 00:00:00","6192",10,10,0,0,0,,,0,0,0,0,0,2579,10031,0,1,"27826",,-1,,,17,"ABDUL",1,,,0,0,1,"01",0,0,,0,298800,1,"27826",,,7.47,0,,"Z001",,,,,,0,,10
"27826",,"03/27/26 00:00:00","6365",20,10,0,0,0,,,0,0,0,0,0,2580,10031,0,1,"27826",,-1,,,18,"ABDUL",1,,,0,0,1,"01",0,0,,0,298800,1,"27826",,,9.390000000000001,0,,"Z001",,,,,,0,,10
"27826",,"03/27/26 00:00:00","6030",5,100,0,0,0,,,0,0,0,0,0,2581,10031,0,1,"27826",,-1,,,19,"ABDUL",1,,,0,0,1,"01",0,0,,0,298800,1,"27826",,,20,0,,"Z001",,,,,,0,,100
"27826",,"03/27/26 00:00:00","6364",1,300,0,100,0,,,0,0,0,0,0,2582,10031,0,1,"27826",,-1,,,20,"ABDUL",1,,,0,0,1,"01",0,0,,0,298800,1,"27826",,,143.67,0,,"Z001",,,,,,0,,300
"27826",,"03/27/26 00:00:00","241912",2,300,0,0,0,,,0,0,0,0,0,2583,10031,0,1,"27826",,-1,,,21,"ABDUL",1,,,0,0,1,"01",0,0,,0,298800,1,"27826",,,233.43,0,,"Z001",,,,,,0,,300
"27826",,"03/27/26 00:00:00","1010",0,1500,2,50,0,,,0,0,0,0,0,2584,10031,0,1,"27826",,-1,,,22,"ABDUL",1,,,0,0,1,"01",0,0,,0,298800,1,"27826",,,0,50,,"Z001",,,,,,0,,1500
"27826",,"03/27/26 00:00:00","6477",0,23000,2,300,0,,,0,0,0,0,0,2585,10031,0,1,"27826",,-1,,,23,"ABDUL",1,,,0,0,1,"01",0,0,,0,298800,1,"27826",,,0,176.54,,"Z001",,,,,,0,,23000
"27826",,"03/27/26 00:00:00","252037",1,350,0,420,0,,,0,0,0,0,0,2586,10031,0,1,"27826",,-1,,,24,"ABDUL",1,,,0,0,1,"01",0,0,,0,298800,1,"27826",,,45,0,,"Z001",,,,,,0,,350
"28126",,"06/17/26 00:00:00","262069",3,25000,0,0,0,,,0,0,0,0,0,2589,365,0,1,,,-1,,,1,"ABDUL",1,,,0,0,1,"01",0,0,,0,0,1,"28126",,,-312.85,0,,"Z001",,,,,,0,,25000
"28226",,"03/16/26 00:00:00","241910",0,25000,50,250,0,,,0,1,0,0,0,2591,10002,0,1,,,156,,,1,"ABDUL",1,,,0,0,1,"01",0,0,,0,0,1,"28226",,"SABASABA",0,232.97,,"Z001",,,,,,0,,25000
"28226",,"03/16/26 00:00:00","787",0,6200,25,80,0,,,0,1,0,0,0,2592,10002,0,1,,,156,,,2,"ABDUL",1,,,0,0,1,"01",0,0,,0,0,1,"28226",,"SABASABA",0,34.49,,"Z001",,,,,,0,,6200
"28226",,"03/16/26 00:00:00","1109",8,170,0,0,0,,,0,1,0,0,0,2593,10002,0,1,,,156,,,3,"ABDUL",1,,,0,0,1,"01",0,0,,0,0,1,"28226",,"SABASABA",45,0,,"Z001",,,,,,0,,170
"28226",,"03/16/26 00:00:00","251936",7,1500,0,0,0,,,0,1,0,0,0,2594,10002,0,1,,,156,,,4,"ABDUL",1,,,0,0,1,"01",0,0,,0,0,1,"28226",,"SABASABA",644,0,,"Z001",,,,,,0,,1500
"28226",,"03/16/26 00:00:00","262170",32,20,0,0,0,,,0,1,0,0,0,2595,10002,0,1,,,156,,,5,"ABDUL",1,,,0,0,1,"01",0,0,,0,0,1,"28226",,"SABASABA",20,0,,"Z001",,,,,,0,,20
"28226",,"03/16/26 00:00:00","791",1,1500,0,0,0,,,0,1,0,0,0,2596,10002,0,1,,,156,,,6,"ABDUL",1,,,0,0,1,"01",0,0,,0,0,1,"28226",,"SABASABA",561.36,0,,"Z001",,,,,,0,,1500
"28226",,"03/16/26 00:00:00","6619",0,13500,1,200,0,,,0,1,0,0,0,2597,10002,0,1,,,156,,,7,"ABDUL",1,,,0,0,1,"01",0,0,,0,0,1,"28226",,"SABASABA",0,74.06,,"Z001",,,,,,0,,13500
"28226",,"03/16/26 00:00:00","1425",4,200,0,0,0,,,0,1,0,0,0,2598,10002,0,1,,,156,,,8,"ABDUL",1,,,0,0,1,"01",0,0,,0,0,1,"28226",,"SABASABA",120,0,,"Z001",,,,,,0,,200
"28226",,"03/16/26 00:00:00","262089",8,200,0,0,0,,,0,1,0,0,0,2599,10002,0,1,,,156,,,9,"ABDUL",1,,,0,0,1,"01",0,0,,0,0,1,"28226",,"SABASABA",120,0,,"Z001",,,,,,0,,200
"28226",,"03/16/26 00:00:00","6396",1,5200,0,0,0,,,0,1,0,0,0,2600,10002,0,1,,,156,,,10,"ABDUL",1,,,0,0,1,"01",0,0,,0,0,1,"28226",,"SABASABA",1430,0,,"Z001",,,,,,0,,5200
"28226",,"03/16/26 00:00:00","252052",1,2500,0,0,0,,,0,1,0,0,0,2604,10002,0,1,,,156,,,14,"ABDUL",1,,,0,0,1,"01",0,0,,0,0,1,"28226",,"SABASABA",1846.43,0,,"Z001",,,,,,0,,2500
"38326",,"07/31/26 00:00:00","6476",5,15100,0,150,0,,,0,1,0,0,0,3392,10002,0,1,,,19,,,1,"RAYYAN",1,,,0,0,1,"01",0,0,,0,0,1,"38326",,,3719.35,0,,"Z001",,,,,,0,,15100
"22826",,"05/14/26 00:00:00","6587",19,227.8947,0,0,0,,,0,0,0,0,0,2069,341,0,1,"22826",,-1,,,2,"RAYYAN",1,,,0,0,1,"01",0,0,,0,97820,1,"22826",,,92.89,0,,"Z001",,,,,,0,,227.8947
"22826",,"05/14/26 00:00:00","6586",7,200,0,0,0,,,0,0,0,0,0,2070,341,0,1,"22826",,-1,,,3,"RAYYAN",1,,,0,0,1,"01",0,0,,0,97820,1,"22826",,,40,0,,"Z001",,,,,,0,,200
"22826",,"05/14/26 00:00:00","6584",6,100,0,0,0,,,0,0,0,0,0,2071,341,0,1,"22826",,-1,,,4,"RAYYAN",1,,,0,0,1,"01",0,0,,0,97820,1,"22826",,,15,0,,"Z001",,,,,,0,,100
"22826",,"05/14/26 00:00:00","6585",7,150,0,0,0,,,0,0,0,0,0,2072,341,0,1,"22826",,-1,,,5,"RAYYAN",1,,,0,0,1,"01",0,0,,0,97820,1,"22826",,,25,0,,"Z001",,,,,,0,,150
"22826",,"05/14/26 00:00:00","6228",3,250,0,0,0,,,0,0,0,0,0,2073,341,0,1,"22826",,-1,,,6,"RAYYAN",1,,,0,0,1,"01",0,0,,0,97820,1,"22826",,,100,0,,"Z001",,,,,,0,,250
"22826",,"05/14/26 00:00:00","6505",7,100,0,0,0,,,0,0,0,0,0,2074,341,0,1,"22826",,-1,,,7,"RAYYAN",1,,,0,0,1,"01",0,0,,0,97820,1,"22826",,,29.83,0,,"Z001",,,,,,0,,100
"22826",,"05/14/26 00:00:00","251985",4,82.5,0,0,0,,,0,0,0,0,0,2075,341,0,1,"22826",,-1,,,8,"RAYYAN",1,,,0,0,1,"01",0,0,,0,97820,1,"22826",,,30,0,,"Z001",,,,,,0,,82.5
"22826",,"05/14/26 00:00:00","1032",9,450,0,0,0,,,0,0,0,0,0,2076,341,0,1,"22826",,-1,,,9,"RAYYAN",1,,,0,0,1,"01",0,0,,0,97820,1,"22826",,,61.11,0,,"Z001",,,,,,0,,450
"22826",,"05/14/26 00:00:00","6063",5,50,0,0,0,,,0,0,0,0,0,2077,341,0,1,"22826",,-1,,,10,"RAYYAN",1,,,0,0,1,"01",0,0,,0,97820,1,"22826",,,9,0,,"Z001",,,,,,0,,50
"22826",,"05/14/26 00:00:00","6098",2,30,0,0,0,,,0,0,0,0,0,2078,341,0,1,"22826",,-1,,,11,"RAYYAN",1,,,0,0,1,"01",0,0,,0,97820,1,"22826",,,-2.84,0,,"Z001",,,,,,0,,30
"22826",,"05/14/26 00:00:00","5969",3,20,0,0,0,,,0,0,0,0,0,2079,341,0,1,"22826",,-1,,,12,"RAYYAN",1,,,0,0,1,"01",0,0,,0,97820,1,"22826",,,2.02,0,,"Z001",,,,,,0,,20
"22826",,"05/14/26 00:00:00","6515",1,850,0,0,0,,,0,0,0,0,0,2080,341,0,1,"22826",,-1,,,13,"RAYYAN",1,,,0,0,1,"01",0,0,,0,97820,1,"22826",,,320,0,,"Z001",,,,,,0,,850
"22826",,"05/14/26 00:00:00","262212",1,150,0,0,0,,,0,0,0,0,0,2081,341,0,1,"22826",,-1,,,14,"RAYYAN",1,,,0,0,1,"01",0,0,,0,97820,1,"22826",,,70,0,,"Z001",,,,,,0,,150
"22826",,"05/14/26 00:00:00","6474",8,5575,0,63.330002,0,,,0,0,0,0,0,2082,341,0,1,"22826",,-1,,,15,"RAYYAN",1,,,0,0,1,"01",0,0,,0,97820,1,"22826",,,1283.3,0,,"Z001",,,,,,0,,5575
"22826",,"05/14/26 00:00:00","6471",9,3366.6699,0,36.669998,0,,,0,0,0,0,0,2083,341,0,1,"22826",,-1,,,16,"RAYYAN",1,,,0,0,1,"01",0,0,,0,97820,1,"22826",,,819.6799999999999,0,,"Z001",,,,,,0,,3366.6699
"22826",,"05/14/26 00:00:00","6030",6,100,0,0,0,,,0,0,0,0,0,2084,341,0,1,"22826",,-1,,,17,"RAYYAN",1,,,0,0,1,"01",0,0,,0,97820,1,"22826",,,20,0,,"Z001",,,,,,0,,100
"22826",,"05/14/26 00:00:00","6127",18,180,0,0,0,,,0,0,0,0,0,2085,341,0,1,"22826",,-1,,,18,"RAYYAN",1,,,0,0,1,"01",0,0,,0,97820,1,"22826",,,50,0,,"Z001",,,,,,0,,180
"22826",,"05/14/26 00:00:00","6335",1,300,0,0,0,,,0,0,0,0,0,2086,341,0,1,"22826",,-1,,,19,"RAYYAN",1,,,0,0,1,"01",0,0,,0,97820,1,"22826",,,70,0,,"Z001",,,,,,0,,300
"22826",,"05/14/26 00:00:00","252045",2,100,0,0,0,,,0,0,0,0,0,2088,341,0,1,"22826",,-1,,,20,"RAYYAN",1,,,0,0,1,"01",0,0,,0,97820,1,"22826",,,60.83,0,,"Z001",,,,,,0,,100
"22826",,"05/14/26 00:00:00","251946",1,1200,0,0,0,,,0,0,0,0,0,2089,341,0,1,"22826",,-1,,,21,"RAYYAN",1,,,0,0,1,"01",0,0,,0,97820,1,"22826",,,375.42,0,,"Z001",,,,,,0,,1200
"22826",,"05/14/26 00:00:00","6365",1,100,0,0,0,,,0,0,0,0,0,2090,341,0,1,"22826",,-1,,,22,"RAYYAN",1,,,0,0,1,"01",0,0,,0,97820,1,"22826",,,99.39,0,,"Z001",,,,,,0,,100
"22926",,"05/15/26 00:00:00","5761",15,30,0,0,0,,,0,0,0,0,0,2092,341,0,1,"22926",,-1,,,1,"RAYYAN",1,,,0,0,1,"01",0,0,,0,1850,1,"22926",,,15.13,0,,"Z001",,,,,,0,,30
"22926",,"05/15/26 00:00:00","6030",1,100,0,0,0,,,0,0,0,0,0,2093,341,0,1,"22926",,-1,,,2,"RAYYAN",1,,,0,0,1,"01",0,0,,0,1850,1,"22926",,,20,0,,"Z001",,,,,,0,,100
"22926",,"05/15/26 00:00:00","6616",1,200,0,0,0,,,0,0,0,0,0,2094,341,0,1,"22926",,-1,,,3,"RAYYAN",1,,,0,0,1,"01",0,0,,0,1850,1,"22926",,,67.90000000000001,0,,"Z001",,,,,,0,,200
"22926",,"05/15/26 00:00:00","6466",1,400,0,0,0,,,0,0,0,0,0,2095,341,0,1,"22926",,-1,,,4,"RAYYAN",1,,,0,0,1,"01",0,0,,0,1850,1,"22926",,,150,0,,"Z001",,,,,,0,,400
"22926",,"05/15/26 00:00:00","252029",1,50,0,0,0,,,0,0,0,0,0,2096,341,0,1,"22926",,-1,,,5,"RAYYAN",1,,,0,0,1,"01",0,0,,0,1850,1,"22926",,,25,0,,"Z001",,,,,,0,,50
"22926",,"05/15/26 00:00:00","6063",1,50,0,0,0,,,0,0,0,0,0,2097,341,0,1,"22926",,-1,,,6,"RAYYAN",1,,,0,0,1,"01",0,0,,0,1850,1,"22926",,,9,0,,"Z001",,,,,,0,,50
"22926",,"05/15/26 00:00:00","262196",1,600,0,0,0,,,0,0,0,0,0,2098,341,0,1,"22926",,-1,,,7,"RAYYAN",1,,,0,0,1,"01",0,0,,0,1850,1,"22926",,,280,0,,"Z001",,,,,,0,,600
"23026",,"05/15/26 00:00:00","875",1,1500,0,0,0,,,0,0,0,0,0,2100,355,0,1,"23026",,-1,,,1,"ABDUL",1,,,0,0,1,"01",0,0,,0,2200,1,"23026",,,650,0,,"Z001",,,,,,0,,1500
"23026",,"05/15/26 00:00:00","836",2,350,0,0,0,,,0,0,0,0,0,2101,355,0,1,"23026",,-1,,,2,"ABDUL",1,,,0,0,1,"01",0,0,,0,2200,1,"23026",,,108.84,0,,"Z001",,,,,,0,,350
"23226",,"05/16/26 00:00:00","1037",1,50,0,0,0,,,0,0,0,0,0,2105,341,0,1,"23226",,-1,,,1,"ABDUL",1,,,0,0,1,"01",0,0,,0,7160,1,"23226",,,-132.5,0,,"Z001",,,,,,0,,50
"23226",,"05/16/26 00:00:00","859",1,3250,0,0,0,,,0,0,0,0,0,2106,341,0,1,"23226",,-1,,,2,"ABDUL",1,,,0,0,1,"01",0,0,,0,7160,1,"23226",,,1386,0,,"Z001",,,,,,0,,3250
"23226",,"05/16/26 00:00:00","6364",0,100,20,10,0,,,0,0,0,0,0,2109,341,0,1,"23226",,-1,,,3,"ABDUL",1,,,0,0,1,"01",0,0,,0,7160,1,"23226",,,0,10,,"Z001",,,,,,0,,100
"23226",,"05/16/26 00:00:00","5970",1,130,0,0,0,,,0,0,0,0,0,2110,341,0,1,"23226",,-1,,,4,"ABDUL",1,,,0,0,1,"01",0,0,,0,7160,1,"23226",,,42.89,0,,"Z001",,,,,,0,,130
"23226",,"05/16/26 00:00:00","6334",2,350,0,0,0,,,0,0,0,0,0,2111,341,0,1,"23226",,-1,,,5,"ABDUL",1,,,0,0,1,"01",0,0,,0,7160,1,"23226",,,90.41,0,,"Z001",,,,,,0,,350
"23226",,"05/16/26 00:00:00","6098",2,50,0,0,0,,,0,0,0,0,0,2112,341,0,1,"23226",,-1,,,6,"ABDUL",1,,,0,0,1,"01",0,0,,0,7160,1,"23226",,,17.16,0,,"Z001",,,,,,0,,50
"23226",,"05/16/26 00:00:00","251990",1,100,0,0,0,,,0,0,0,0,0,2113,341,0,1,"23226",,-1,,,7,"ABDUL",1,,,0,0,1,"01",0,0,,0,7160,1,"23226",,,40,0,,"Z001",,,,,,0,,100
"23926",,"05/21/26 00:00:00","241919",4,2125,0,0,0,,,0,0,0,0,0,2170,341,0,1,"23926",,-1,,,1,"ABDUL",1,,,0,0,1,"01",0,0,,0,98750,1,"23926",,,625,0,,"Z001",,,,,,0,,2125
"34326",,"05/20/26 00:00:00","262146",1,11100,0,0,0,,,0,0,0,0,0,3057,10047,0,1,,,-1,,,8,"RAYYAN",1,,,0,0,1,"01",0,0,,0,0,1,"34326",,,2951,0,,"Z001",,,,,,0,,11100
"10126",,"01/29/26 00:00:00","5817",4,11000,0,0,0,,,0,0,0,0,0,3060,341,0,1,"10126",,-1,,,9,"ABDUL",1,,,0,0,1,"01",0,0,,0,91750,1,"10126",,,3700.16,0,,"Z001",,,,,,0,,11000
"10126",,"01/29/26 00:00:00","6334",1,300,0,0,0,,,0,0,0,0,0,3061,341,0,1,"10126",,-1,,,10,"ABDUL",1,,,0,0,1,"01",0,0,,0,91750,1,"10126",,,45,0,,"Z001",,,,,,0,,300
"25026",,"05/29/26 00:00:00","262217",1,15500,0,0,0,,,0,0,0,0,0,3064,365,0,1,"25026",,-1,,,5,"ABDUL",1,,,0,0,1,"01",0,0,,0,52750,1,"25026",,,0,0,,"Z001",,,,,,0,,15500
"34426",,"06/24/26 00:00:00","6420",1,8000,0,0,0,,,0,0,0,0,0,3066,10018,0,1,,,-1,,,1,"ABDUL",1,,,0,0,1,"01",0,0,,0,0,1,"34426",,,5900,0,,"Z001",,,,,,0,,8000
"34426",,"06/24/26 00:00:00","262261",2,200,0,0,0,,,0,0,0,0,0,3067,10018,0,1,,,-1,,,2,"ABDUL",1,,,0,0,1,"01",0,0,,0,0,1,"34426",,,200,0,,"Z001",,,,,,0,,200
"34526",,"07/08/26 00:00:00","251970",8,850,0,0,0,,,0,0,0,0,0,3069,10025,0,1,,,-1,,,1,"ABDUL",1,,,0,0,1,"01",0,0,,0,0,1,"34526",,,566,0,,"Z001",,,,,,0,,850
"34626",,"07/12/26 00:00:00","999",1,9500,0,0,0,,,0,0,0,0,0,3071,355,0,1,,,-1,,,1,"RAYYAN",1,,,0,0,1,"01",0,0,,0,0,1,"34626",,,3200,0,,"Z001",,,,,,0,,9500
"34726",,"07/15/26 00:00:00","999",1,9000,0,0,0,,,0,0,0,0,0,3073,355,0,1,,,-1,,,1,"ABDUL",1,,,0,0,1,"01",0,0,,0,0,1,"34726",,,2700,0,,"Z001",,,,,,0,,9000
"34826",,"07/15/26 00:00:00","6515",1,1000,0,0,0,,,0,0,0,0,0,3075,10030,0,1,,,-1,,,1,"ABDUL",1,,,0,0,1,"01",0,0,,0,0,1,"34826",,,470,0,,"Z001",,,,,,0,,1000
"34926",,"07/16/26 00:00:00","262215",2,3000,0,0,0,,,0,0,0,0,0,3077,10049,0,1,,,-1,,,1,"RAYYAN",1,,,0,0,1,"01",0,0,,0,0,1,"34926",,,1653.94,0,,"Z001",,,,,,0,,3000
"34926",,"07/16/26 00:00:00","252050",2,1500,0,0,0,,,0,0,0,0,0,3078,10049,0,1,,,-1,,,2,"RAYYAN",1,,,0,0,1,"01",0,0,,0,0,1,"34926",,,1099.32,0,,"Z001",,,,,,0,,1500
"34926",,"07/16/26 00:00:00","241912",10,250,0,0,0,,,0,0,0,0,0,3079,10049,0,1,,,-1,,,3,"RAYYAN",1,,,0,0,1,"01",0,0,,0,0,1,"34926",,,183.43,0,,"Z001",,,,,,0,,250
"34926",,"07/16/26 00:00:00","241918",2,3000,0,0,0,,,0,0,0,0,0,3080,10049,0,1,,,-1,,,4,"RAYYAN",1,,,0,0,1,"01",0,0,,0,0,1,"34926",,,2346.43,0,,"Z001",,,,,,0,,3000
"34926",,"07/16/26 00:00:00","251938",2,3500,0,0,0,,,0,0,0,0,0,3081,10049,0,1,,,-1,,,5,"RAYYAN",1,,,0,0,1,"01",0,0,,0,0,1,"34926",,,1994.33,0,,"Z001",,,,,,0,,3500
"34926",,"07/16/26 00:00:00","262144",1,60000,0,0,0,,,0,0,0,0,0,3082,10049,0,1,,,-1,,,6,"RAYYAN",1,,,0,0,1,"01",0,0,,0,0,1,"34926",,,22400,0,,"Z001",,,,,,0,,60000
"34926",,"07/16/26 00:00:00","262255",1,100000,0,0,0,,,0,0,0,0,0,3083,10049,0,1,,,-1,,,7,"RAYYAN",1,,,0,0,1,"01",0,0,,0,0,1,"34926",,,22000,0,,"Z001",,,,,,0,,100000
"34926",,"07/16/26 00:00:00","923",1,130000,0,0,0,,,0,0,0,0,0,3084,10049,0,1,,,-1,,,8,"RAYYAN",1,,,0,0,1,"01",0,0,,0,0,1,"34926",,,40000,0,,"Z001",,,,,,0,,130000
"25226",,"05/29/26 00:00:00","262072",1,42500,0,0,0,,,0,0,0,0,0,3087,341,0,1,"25226",,-1,,,3,"RAYYAN",1,,,0,0,1,"01",0,0,,0,125810,1,"25226",,,17150,0,,"Z001",,,,,,0,,42500
"23226",,"05/16/26 00:00:00","1034",2,325,0,0,0,,,0,0,0,0,0,2116,341,0,1,"23226",,-1,,,8,"ABDUL",1,,,0,0,1,"01",0,0,,0,7160,1,"23226",,,125,0,,"Z001",,,,,,0,,325
"23226",,"05/16/26 00:00:00","6481",0,18500,5,250,0,,,0,0,0,0,0,2117,341,0,1,"23226",,-1,,,9,"ABDUL",1,,,0,0,1,"01",0,0,,0,7160,1,"23226",,,0,102.04,,"Z001",,,,,,0,,18500
"23226",,"05/16/26 00:00:00","6587",1,200,0,0,0,,,0,0,0,0,0,2118,341,0,1,"23226",,-1,,,10,"ABDUL",1,,,0,0,1,"01",0,0,,0,7160,1,"23226",,,65,0,,"Z001",,,,,,0,,200
"23226",,"05/16/26 00:00:00","6590",1,250,0,0,0,,,0,0,0,0,0,2119,341,0,1,"23226",,-1,,,11,"ABDUL",1,,,0,0,1,"01",0,0,,0,7160,1,"23226",,,70,0,,"Z001",,,,,,0,,250
"23226",,"05/16/26 00:00:00","262199",1,100,0,0,0,,,0,0,0,0,0,2120,341,0,1,"23226",,-1,,,12,"ABDUL",1,,,0,0,1,"01",0,0,,0,7160,1,"23226",,,55,0,,"Z001",,,,,,0,,100
"23226",,"05/16/26 00:00:00","6063",1,50,0,0,0,,,0,0,0,0,0,2122,341,0,1,"23226",,-1,,,13,"ABDUL",1,,,0,0,1,"01",0,0,,0,7160,1,"23226",,,9,0,,"Z001",,,,,,0,,50
"23226",,"05/16/26 00:00:00","6365",1,130,0,0,0,,,0,0,0,0,0,2124,341,0,1,"23226",,-1,,,14,"ABDUL",1,,,0,0,1,"01",0,0,,0,7160,1,"23226",,,129.39,0,,"Z001",,,,,,0,,130
"23326",,"05/17/26 00:00:00","252049",1,25000,0,0,0,,,0,0,0,0,0,2127,341,0,1,"23326",,-1,,,1,"ABDUL",1,,,0,0,1,"01",0,0,,0,60600,1,"23326",,,11650,0,,"Z001",,,,,,0,,25000
"23326",,"05/17/26 00:00:00","973",1,1200,0,0,0,,,0,0,0,0,0,2128,341,0,1,"23326",,-1,,,2,"ABDUL",1,,,0,0,1,"01",0,0,,0,60600,1,"23326",,,450,0,,"Z001",,,,,,0,,1200
"23326",,"05/17/26 00:00:00","241912",1,300,0,0,0,,,0,0,0,0,0,2129,341,0,1,"23326",,-1,,,3,"ABDUL",1,,,0,0,1,"01",0,0,,0,60600,1,"23326",,,233.43,0,,"Z001",,,,,,0,,300
"23326",,"05/17/26 00:00:00","5817",2,13000,0,0,0,,,0,0,0,0,0,2130,341,0,1,"23326",,-1,,,4,"ABDUL",1,,,0,0,1,"01",0,0,,0,60600,1,"23326",,,4975.44,0,,"Z001",,,,,,0,,13000
"23326",,"05/17/26 00:00:00","252020",10,300,0,0,0,,,0,0,0,0,0,2131,341,0,1,"23326",,-1,,,5,"ABDUL",1,,,0,0,1,"01",0,0,,0,60600,1,"23326",,,116.31,0,,"Z001",,,,,,0,,300
"23326",,"05/17/26 00:00:00","252043",2,150,0,0,0,,,0,0,0,0,0,2132,341,0,1,"23326",,-1,,,6,"ABDUL",1,,,0,0,1,"01",0,0,,0,60600,1,"23326",,,43,0,,"Z001",,,,,,0,,150
"23326",,"05/17/26 00:00:00","1032",3,500,0,0,0,,,0,0,0,0,0,2133,341,0,1,"23326",,-1,,,7,"ABDUL",1,,,0,0,1,"01",0,0,,0,60600,1,"23326",,,111.11,0,,"Z001",,,,,,0,,500
"23326",,"05/17/26 00:00:00","252042",1,150,0,0,0,,,0,0,0,0,0,2134,341,0,1,"23326",,-1,,,8,"ABDUL",1,,,0,0,1,"01",0,0,,0,60600,1,"23326",,,72,0,,"Z001",,,,,,0,,150
"23326",,"05/17/26 00:00:00","6585",1,150,0,0,0,,,0,0,0,0,0,2135,341,0,1,"23326",,-1,,,9,"ABDUL",1,,,0,0,1,"01",0,0,,0,60600,1,"23326",,,25,0,,"Z001",,,,,,0,,150
"23326",,"05/17/26 00:00:00","6572",1,3000,0,0,0,,,0,0,0,0,0,2136,341,0,1,"23326",,-1,,,10,"ABDUL",1,,,0,0,1,"01",0,0,,0,60600,1,"23326",,,1200,0,,"Z001",,,,,,0,,3000
"23426",,"05/19/26 00:00:00","262216",10,350,0,0,0,,,0,0,0,0,0,2138,341,0,1,"23426",,-1,,,1,"ABDUL",1,,,0,0,1,"01",0,0,,0,6250,1,"23426",,,350,0,,"Z001",,,,,,0,,350
"23426",,"05/19/26 00:00:00","252014",3,833.33331,0,0,0,,,0,0,0,0,0,2139,341,0,1,"23426",,-1,,,2,"ABDUL",1,,,0,0,1,"01",0,0,,0,6250,1,"23426",,,197.45,0,,"Z001",,,,,,0,,833.33331
"24026",,"05/24/26 00:00:00","6471",4,3450,0,36.669998,0,,,0,0,0,0,0,2199,10025,0,1,,,-1,,,5,"SAID",1,,,0,0,1,"01",0,0,,0,0,1,"24026",,,903.01,0,,"Z001",,,,,,0,,3450
"24326",,"05/22/26 00:00:00","262196",1,550,0,0,0,,,0,0,0,0,0,2201,341,0,1,"24326",,-1,,,1,"RAYYAN",1,,,0,0,1,"01",0,0,,0,11230,1,"24326",,,230,0,,"Z001",,,,,,0,,550
"24326",,"05/22/26 00:00:00","6478",0,12000,7,200,0,,,0,0,0,0,0,2202,341,0,1,"24326",,-1,,,2,"RAYYAN",1,,,0,0,1,"01",0,0,,0,11230,1,"24326",,,0,200,,"Z001",,,,,,0,,12000
"24326",,"05/22/26 00:00:00","6587",1,200,0,0,0,,,0,0,0,0,0,2203,341,0,1,"24326",,-1,,,3,"RAYYAN",1,,,0,0,1,"01",0,0,,0,11230,1,"24326",,,65,0,,"Z001",,,,,,0,,200
"24326",,"05/22/26 00:00:00","5969",1,30,0,0,0,,,0,0,0,0,0,2204,341,0,1,"24326",,-1,,,4,"RAYYAN",1,,,0,0,1,"01",0,0,,0,11230,1,"24326",,,12.02,0,,"Z001",,,,,,0,,30
"24326",,"05/22/26 00:00:00","6365",1,100,0,0,0,,,0,0,0,0,0,2205,341,0,1,"24326",,-1,,,5,"RAYYAN",1,,,0,0,1,"01",0,0,,0,11230,1,"24326",,,99.39,0,,"Z001",,,,,,0,,100
"24326",,"05/22/26 00:00:00","262210",4,25,0,0,0,,,0,0,0,0,0,2206,341,0,1,"24326",,-1,,,6,"RAYYAN",1,,,0,0,1,"01",0,0,,0,11230,1,"24326",,,20.83,0,,"Z001",,,,,,0,,25
"24326",,"05/22/26 00:00:00","6591",1,5000,0,0,0,,,0,0,0,0,0,2207,341,0,1,"24326",,-1,,,7,"RAYYAN",1,,,0,0,1,"01",0,0,,0,11230,1,"24326",,,1301.66,0,,"Z001",,,,,,0,,5000
"24326",,"05/22/26 00:00:00","6099",2,200,0,0,0,,,0,0,0,0,0,2208,341,0,1,"24326",,-1,,,8,"RAYYAN",1,,,0,0,1,"01",0,0,,0,11230,1,"24326",,,115,0,,"Z001",,,,,,0,,200
"24326",,"05/22/26 00:00:00","252063",2,350,0,0,0,,,0,0,0,0,0,2209,341,0,1,"24326",,-1,,,9,"RAYYAN",1,,,0,0,1,"01",0,0,,0,11230,1,"24326",,,211.67,0,,"Z001",,,,,,0,,350
"24326",,"05/22/26 00:00:00","6616",1,200,0,0,0,,,0,0,0,0,0,2210,341,0,1,"24326",,-1,,,10,"RAYYAN",1,,,0,0,1,"01",0,0,,0,11230,1,"24326",,,67.90000000000001,0,,"Z001",,,,,,0,,200
"24326",,"05/22/26 00:00:00","262100",1,350,0,0,0,,,0,0,0,0,0,2211,341,0,1,"24326",,-1,,,11,"RAYYAN",1,,,0,0,1,"01",0,0,,0,11230,1,"24326",,,190,0,,"Z001",,,,,,0,,350
"24326",,"05/22/26 00:00:00","262187",1,1200,0,0,0,,,0,0,0,0,0,2212,341,0,1,"24326",,-1,,,12,"RAYYAN",1,,,0,0,1,"01",0,0,,0,11230,1,"24326",,,620,0,,"Z001",,,,,,0,,1200
"24326",,"05/22/26 00:00:00","251946",1,1000,0,0,0,,,0,0,0,0,0,2213,341,0,1,"24326",,-1,,,13,"RAYYAN",1,,,0,0,1,"01",0,0,,0,11230,1,"24326",,,175.42,0,,"Z001",,,,,,0,,1000
"24426",,"05/23/26 00:00:00","262187",1,1000,0,0,0,,,0,0,0,0,0,2215,341,0,1,"24426",,-1,,,1,"RAYYAN",1,,,0,0,1,"01",0,0,,0,5150,1,"24426",,,420,0,,"Z001",,,,,,0,,1000
"24426",,"05/23/26 00:00:00","6563",1,3800,0,0,0,,,0,0,0,0,0,2216,341,0,1,"24426",,-1,,,2,"RAYYAN",1,,,0,0,1,"01",0,0,,0,5150,1,"24426",,,1300,0,,"Z001",,,,,,0,,3800
"24426",,"05/23/26 00:00:00","6505",3,116.6666,0,0,0,,,0,0,0,0,0,2217,341,0,1,"24426",,-1,,,3,"RAYYAN",1,,,0,0,1,"01",0,0,,0,5150,1,"24426",,,46.5,0,,"Z001",,,,,,0,,116.6666
"24526",,"05/25/26 00:00:00","6505",1,100,0,0,0,,,0,0,0,0,0,2219,341,0,1,"24526",,-1,,,1,"RAYYAN",1,,,0,0,1,"01",0,0,,0,48450,1,"24526",,,29.83,0,,"Z001",,,,,,0,,100
"24526",,"05/25/26 00:00:00","262158",1,600,0,0,0,,,0,0,0,0,0,2220,341,0,1,"24526",,-1,,,2,"RAYYAN",1,,,0,0,1,"01",0,0,,0,48450,1,"24526",,,270,0,,"Z001",,,,,,0,,600
"24726",,"03/30/26 00:00:00","5969",57,20,0,0,0,,,0,0,0,0,0,2242,10026,0,1,,,-1,,,11,"RAYYAN",1,,,0,0,1,"01",0,0,,0,0,1,"24726",,,2.02,0,,"Z001",,,,,,0,,20
"24726",,"03/30/26 00:00:00","6098",17,40,0,0,0,,,0,0,0,0,0,2243,10026,0,1,,,-1,,,12,"RAYYAN",1,,,0,0,1,"01",0,0,,0,0,1,"24726",,,7.16,0,,"Z001",,,,,,0,,40
"24726",,"03/30/26 00:00:00","5761",20,20,0,0,0,,,0,0,0,0,0,2244,10026,0,1,,,-1,,,13,"RAYYAN",1,,,0,0,1,"01",0,0,,0,0,1,"24726",,,5.13,0,,"Z001",,,,,,0,,20
"24726",,"03/30/26 00:00:00","1092",35,20,0,0,0,,,0,0,0,0,0,2245,10026,0,1,,,-1,,,14,"RAYYAN",1,,,0,0,1,"01",0,0,,0,0,1,"24726",,,10,0,,"Z001",,,,,,0,,20
"24726",,"03/30/26 00:00:00","6030",4,100,0,0,0,,,0,0,0,0,0,2246,10026,0,1,,,-1,,,15,"RAYYAN",1,,,0,0,1,"01",0,0,,0,0,1,"24726",,,20,0,,"Z001",,,,,,0,,100
"24726",,"03/30/26 00:00:00","758",2,2500,0,0,0,,,0,0,0,0,0,2247,10026,0,1,,,-1,,,16,"RAYYAN",1,,,0,0,1,"01",0,0,,0,0,1,"24726",,,950,0,,"Z001",,,,,,0,,2500
"24726",,"03/30/26 00:00:00","252048",1,350,0,5,0,,,0,0,0,0,0,2248,10026,0,1,,,-1,,,17,"RAYYAN",1,,,0,0,1,"01",0,0,,0,0,1,"24726",,,170,0,,"Z001",,,,,,0,,350
"24726",,"03/30/26 00:00:00","6192",105,10,0,0,0,,,0,0,0,0,0,2249,10026,0,1,,,-1,,,18,"RAYYAN",1,,,0,0,1,"01",0,0,,0,0,1,"24726",,,7.47,0,,"Z001",,,,,,0,,10
"24726",,"03/30/26 00:00:00","6190",10,15,0,0,0,,,0,0,0,0,0,2250,10026,0,1,,,-1,,,19,"RAYYAN",1,,,0,0,1,"01",0,0,,0,0,1,"24726",,,10.68,0,,"Z001",,,,,,0,,15
"24726",,"03/30/26 00:00:00","1400",150,2,0,0,0,,,0,0,0,0,0,2251,10026,0,1,,,-1,,,20,"RAYYAN",1,,,0,0,1,"01",0,0,,0,0,1,"24726",,,1.47,0,,"Z001",,,,,,0,,2
"24726",,"03/30/26 00:00:00","6475",1,9200,0,102.78,0,,,0,0,0,0,0,2252,10026,0,1,,,-1,,,21,"RAYYAN",1,,,0,0,1,"01",0,0,,0,0,1,"24726",,,2444.08,0,,"Z001",,,,,,0,,9200
"24726",,"03/30/26 00:00:00","6229",2,1000,0,0,0,,,0,0,0,0,0,2253,10026,0,1,,,-1,,,22,"RAYYAN",1,,,0,0,1,"01",0,0,,0,0,1,"24726",,,302.35,0,,"Z001",,,,,,0,,1000
"24726",,"03/30/26 00:00:00","5757",5,15,0,0,0,,,0,0,0,0,0,2254,10026,0,1,,,-1,,,23,"RAYYAN",1,,,0,0,1,"01",0,0,,0,0,1,"24726",,,9,0,,"Z001",,,,,,0,,15
"24726",,"03/30/26 00:00:00","1084",0,6800,25,80,0,,,0,0,0,0,0,2255,10026,0,1,,,-1,,,24,"RAYYAN",1,,,0,0,1,"01",0,0,,0,0,1,"24726",,,0,30.69,,"Z001",,,,,,0,,6800
"24726",,"03/30/26 00:00:00","262170",2,30,0,0,0,,,0,0,0,0,0,2256,10026,0,1,,,-1,,,25,"RAYYAN",1,,,0,0,1,"01",0,0,,0,0,1,"24726",,,20,0,,"Z001",,,,,,0,,30
"24726",,"03/30/26 00:00:00","251982",1,200,0,0,0,,,0,0,0,0,0,2257,10026,0,1,,,-1,,,26,"RAYYAN",1,,,0,0,1,"01",0,0,,0,0,1,"24726",,,110,0,,"Z001",,,,,,0,,200
"24826",,"05/01/26 00:00:00","6505",10,100,0,0,0,,,0,0,0,0,0,2259,10026,0,1,,,-1,,,1,"RAYYAN",1,,,0,0,1,"01",0,0,,0,0,1,"24826",,,29.83,0,,"Z001",,,,,,0,,100
"24826",,"05/01/26 00:00:00","6584",7,100,0,0,0,,,0,0,0,0,0,2260,10026,0,1,,,-1,,,2,"RAYYAN",1,,,0,0,1,"01",0,0,,0,0,1,"24826",,,15,0,,"Z001",,,,,,0,,100
"24826",,"05/01/26 00:00:00","6334",7,350,0,0,0,,,0,0,0,0,0,2261,10026,0,1,,,-1,,,3,"RAYYAN",1,,,0,0,1,"01",0,0,,0,0,1,"24826",,,90.41,0,,"Z001",,,,,,0,,350
"25326",,"05/30/26 00:00:00","262198",1,500,0,0,0,,,0,0,0,0,0,2309,341,0,1,"25326",,-1,,,2,"ABDUL",1,,,0,0,1,"01",0,0,,0,101200,1,"25326",,,290,0,,"Z001",,,,,,0,,500
"25326",,"05/30/26 00:00:00","5798",1,2500,0,0,0,,,0,0,0,0,0,2311,341,0,1,"25326",,-1,,,3,"ABDUL",1,,,0,0,1,"01",0,0,,0,101200,1,"25326",,,1083,0,,"Z001",,,,,,0,,2500
"25326",,"05/30/26 00:00:00","6602",2,100,0,0,0,,,0,0,0,0,0,2312,341,0,1,"25326",,-1,,,4,"ABDUL",1,,,0,0,1,"01",0,0,,0,101200,1,"25326",,,29.78,0,,"Z001",,,,,,0,,100
"25326",,"05/30/26 00:00:00","262100",2,300,0,0,0,,,0,0,0,0,0,2313,341,0,1,"25326",,-1,,,5,"ABDUL",1,,,0,0,1,"01",0,0,,0,101200,1,"25326",,,140,0,,"Z001",,,,,,0,,300
"25326",,"05/30/26 00:00:00","252045",6,100,0,0,0,,,0,0,0,0,0,2314,341,0,1,"25326",,-1,,,6,"ABDUL",1,,,0,0,1,"01",0,0,,0,101200,1,"25326",,,60.83,0,,"Z001",,,,,,0,,100
"25326",,"05/30/26 00:00:00","5797",1,1400,0,0,0,,,0,0,0,0,0,2315,341,0,1,"25326",,-1,,,7,"ABDUL",1,,,0,0,1,"01",0,0,,0,101200,1,"25326",,,20.1,0,,"Z001",,,,,,0,,1400
"25326",,"05/30/26 00:00:00","6505",1,100,0,0,0,,,0,0,0,0,0,2316,341,0,1,"25326",,-1,,,8,"ABDUL",1,,,0,0,1,"01",0,0,,0,101200,1,"25326",,,29.83,0,,"Z001",,,,,,0,,100
"25326",,"05/30/26 00:00:00","6338",1,150,0,0,0,,,0,0,0,0,0,2317,341,0,1,"25326",,-1,,,9,"ABDUL",1,,,0,0,1,"01",0,0,,0,101200,1,"25326",,,50,0,,"Z001",,,,,,0,,150
"25326",,"05/30/26 00:00:00","5969",3,30,0,0,0,,,0,0,0,0,0,2318,341,0,1,"25326",,-1,,,10,"ABDUL",1,,,0,0,1,"01",0,0,,0,101200,1,"25326",,,12.02,0,,"Z001",,,,,,0,,30
"25326",,"05/30/26 00:00:00","6587",1,200,0,0,0,,,0,0,0,0,0,2319,341,0,1,"25326",,-1,,,11,"ABDUL",1,,,0,0,1,"01",0,0,,0,101200,1,"25326",,,65,0,,"Z001",,,,,,0,,200
"25326",,"05/30/26 00:00:00","849",0,4300,2,80,0,,,0,0,0,0,0,2320,341,0,1,"25326",,-1,,,12,"ABDUL",1,,,0,0,1,"01",0,0,,0,101200,1,"25326",,,0,80,,"Z001",,,,,,0,,4300
"25326",,"05/30/26 00:00:00","262128",1,200,0,0,0,,,0,0,0,0,0,2322,341,0,1,"25326",,-1,,,13,"ABDUL",1,,,0,0,1,"01",0,0,,0,101200,1,"25326",,,106.9,0,,"Z001",,,,,,0,,200
"25326",,"05/30/26 00:00:00","5817",8,11500,0,0,0,,,0,0,0,0,0,2324,341,0,1,"25326",,-1,,,14,"ABDUL",1,,,0,0,1,"01",0,0,,0,101200,1,"25326",,,3475.44,0,,"Z001",,,,,,0,,11500
"25426",,"06/02/26 00:00:00","252021",183,400,0,0,0,,,0,0,0,0,0,2326,367,0,1,,,-1,,,1,"RAYYAN",1,,,0,0,1,"01",0,0,,0,0,1,"25426",,,75.2,0,,"Z001",,,,,,0,,400
"25526",,"06/02/26 00:00:00","201757",612,300,0,0,0,,,0,0,0,0,0,2328,10025,0,1,,,-1,,,1,"RAYYAN",1,,,0,0,1,"01",0,0,,0,0,1,"25526",,,150.03,0,,"Z001",,,,,,0,,300
"25626",,"05/07/26 00:00:00","262202",30,6700,0,0,0,,,0,0,0,0,0,2331,10025,0,1,"25626",,-1,,,1,"ABDUL",1,,,0,0,1,"01",0,0,,0,201000,1,"25626",,,1500,0,,"Z001",,,,,,0,,6700
"25726",,"06/02/26 00:00:00","262202",48,6500,0,0,0,,,0,0,0,0,0,2333,10025,0,1,,,-1,,,1,"ABDUL",1,,,0,0,1,"01",0,0,,0,0,1,"25726",,,1300,0,,"Z001",,,,,,0,,6500
"25726",,"06/02/26 00:00:00","1240",10,1400,0,0,0,,,0,0,0,0,0,2335,10025,0,1,,,-1,,,2,"ABDUL",1,,,0,0,1,"01",0,0,,0,0,1,"25726",,,315,0,,"Z001",,,,,,0,,1400
"25826",,"06/01/26 00:00:00","1288",1,10500,0,0,0,,,0,0,0,0,0,2339,341,0,1,"25826",,-1,,,1,"ABDUL",1,,,0,0,1,"01",0,0,,0,11600,1,"25826",,,800,0,,"Z001",,,,,,0,,10500
"23526",,"05/20/26 00:00:00","6192",4,10,0,0,0,,,0,0,0,0,0,2151,341,0,1,"23526",,-1,,,8,"ABDUL",1,,,0,0,1,"01",0,0,,0,2205,1,"23526",,,7.47,0,,"Z001",,,,,,0,,10
"23526",,"05/20/26 00:00:00","1131",4,20,0,0,0,,,0,0,0,0,0,2152,341,0,1,"23526",,-1,,,9,"ABDUL",1,,,0,0,1,"01",0,0,,0,2205,1,"23526",,,4.67,0,,"Z001",,,,,,0,,20
"23626",,"05/21/26 00:00:00","6610",5,900,0,0,0,,,0,0,0,0,0,2154,10024,0,1,,,-1,,,1,"ABDUL",1,,,0,0,1,"01",0,0,,0,0,1,"23626",,,300,0,,"Z001",,,,,,0,,900
"23626",,"05/21/26 00:00:00","6511",1,3600,0,0,0,,,0,0,0,0,0,2155,10024,0,1,,,-1,,,2,"ABDUL",1,,,0,0,1,"01",0,0,,0,0,1,"23626",,,438.13,0,,"Z001",,,,,,0,,3600
"23626",,"05/21/26 00:00:00","262160",2,1100,0,0,0,,,0,0,0,0,0,2156,10024,0,1,,,-1,,,3,"ABDUL",1,,,0,0,1,"01",0,0,,0,0,1,"23626",,,343.75,0,,"Z001",,,,,,0,,1100
"23626",,"05/21/26 00:00:00","262196",1,550,0,0,0,,,0,0,0,0,0,2157,10024,0,1,,,-1,,,4,"ABDUL",1,,,0,0,1,"01",0,0,,0,0,1,"23626",,,230,0,,"Z001",,,,,,0,,550
"23626",,"05/21/26 00:00:00","1556",1,3700,0,0,0,,,0,0,0,0,0,2158,10024,0,1,,,-1,,,5,"ABDUL",1,,,0,0,1,"01",0,0,,0,0,1,"23626",,,1200,0,,"Z001",,,,,,0,,3700
"23626",,"05/21/26 00:00:00","787",0,6200,2,100,0,,,0,0,0,0,0,2159,10024,0,1,,,-1,,,6,"ABDUL",1,,,0,0,1,"01",0,0,,0,0,1,"23626",,,0,54.49,,"Z001",,,,,,0,,6200
"23726",,"05/08/26 00:00:00","251985",50,80,0,0,0,,,0,0,0,0,0,2162,10025,0,1,,,-1,,,1,"ABDUL",1,,,0,0,1,"01",0,0,,0,0,1,"23726",,,27.5,0,,"Z001",,,,,,0,,80
"23726",,"05/08/26 00:00:00","6471",2,3450,0,36.666668,0,,,0,0,0,0,0,2163,10025,0,1,,,-1,,,2,"ABDUL",1,,,0,0,1,"01",0,0,,0,0,1,"23726",,,903.01,0,,"Z001",,,,,,0,,3450
"23826",,"05/15/26 00:00:00","201757",22,300,0,0,0,,,0,0,0,0,0,2165,10025,0,1,,,-1,,,1,"SAID",1,,,0,0,1,"01",0,0,,0,0,1,"23826",,,160,0,,"Z001",,,,,,0,,300
"23826",,"05/15/26 00:00:00","836",2,300,0,0,0,,,0,0,0,0,0,2166,10025,0,1,,,-1,,,2,"SAID",1,,,0,0,1,"01",0,0,,0,0,1,"23826",,,58.84,0,,"Z001",,,,,,0,,300
"23926",,"05/21/26 00:00:00","5799",1,1500,0,0,0,,,0,0,0,0,0,2171,341,0,1,"23926",,-1,,,2,"ABDUL",1,,,0,0,1,"01",0,0,,0,98750,1,"23926",,,368.89,0,,"Z001",,,,,,0,,1500
"23926",,"05/21/26 00:00:00","5797",1,2600,0,0,0,,,0,0,0,0,0,2172,341,0,1,"23926",,-1,,,3,"ABDUL",1,,,0,0,1,"01",0,0,,0,98750,1,"23926",,,1220.1,0,,"Z001",,,,,,0,,2600
"23926",,"05/21/26 00:00:00","221885",7,10500,0,0,0,,,0,0,0,0,0,2173,341,0,1,"23926",,-1,,,4,"ABDUL",1,,,0,0,1,"01",0,0,,0,98750,1,"23926",,,3725.8,0,,"Z001",,,,,,0,,10500
"23926",,"05/21/26 00:00:00","252063",1,300,0,0,0,,,0,0,0,0,0,2174,341,0,1,"23926",,-1,,,5,"ABDUL",1,,,0,0,1,"01",0,0,,0,98750,1,"23926",,,161.67,0,,"Z001",,,,,,0,,300
"23926",,"05/21/26 00:00:00","6481",0,18500,20,247,0,,,0,0,0,0,0,2175,341,0,1,"23926",,-1,,,6,"ABDUL",1,,,0,0,1,"01",0,0,,0,98750,1,"23926",,,0,99.04000000000001,,"Z001",,,,,,0,,18500
"23926",,"05/21/26 00:00:00","251983",1,150,0,0,0,,,0,0,0,0,0,2176,341,0,1,"23926",,-1,,,7,"ABDUL",1,,,0,0,1,"01",0,0,,0,98750,1,"23926",,,90,0,,"Z001",,,,,,0,,150
"23926",,"05/21/26 00:00:00","6030",1,100,0,0,0,,,0,0,0,0,0,2177,341,0,1,"23926",,-1,,,8,"ABDUL",1,,,0,0,1,"01",0,0,,0,98750,1,"23926",,,20,0,,"Z001",,,,,,0,,100
"28226",,"03/16/26 00:00:00","1238",10,25,0,0,0,,,0,1,0,0,0,2608,10002,0,1,,,156,,,18,"ABDUL",1,,,0,0,1,"01",0,0,,0,0,1,"28226",,"SABASABA",10,0,,"Z001",,,,,,0,,25
"28226",,"03/16/26 00:00:00","6173",1,100,0,0,0,,,0,1,0,0,0,2609,10002,0,1,,,156,,,19,"ABDUL",1,,,0,0,1,"01",0,0,,0,0,1,"28226",,"SABASABA",28.95,0,,"Z001",,,,,,0,,100
"28226",,"03/16/26 00:00:00","252066",1,25,0,0,0,,,0,1,0,0,0,2610,10002,0,1,,,156,,,20,"ABDUL",1,,,0,0,1,"01",0,0,,0,0,1,"28226",,"SABASABA",12,0,,"Z001",,,,,,0,,25
"28226",,"03/16/26 00:00:00","252038",1,750,0,750,0,,,0,1,0,0,0,2611,10002,0,1,,,156,,,21,"ABDUL",1,,,0,0,1,"01",0,0,,0,0,1,"28226",,"SABASABA",185,0,,"Z001",,,,,,0,,750
"28326",,"06/17/26 00:00:00","6471",3,3600,0,36.666668,0,,,0,0,0,0,0,2613,10001,0,1,,,-1,,,1,"ABDUL",1,,,0,0,1,"01",0,0,,0,0,1,"28326",,,1034.78,0,,"Z001",,,,,,0,,3600
"28326",,"06/17/26 00:00:00","6192",3,15,0,0,0,,,0,0,0,0,0,2614,10001,0,1,,,-1,,,2,"ABDUL",1,,,0,0,1,"01",0,0,,0,0,1,"28326",,,12.47,0,,"Z001",,,,,,0,,15
"28326",,"06/17/26 00:00:00","252065",2,10,0,0,0,,,0,0,0,0,0,2615,10001,0,1,,,-1,,,3,"ABDUL",1,,,0,0,1,"01",0,0,,0,0,1,"28326",,,4,0,,"Z001",,,,,,0,,10
"28326",,"06/17/26 00:00:00","6063",2,50,0,0,0,,,0,0,0,0,0,2616,10001,0,1,,,-1,,,4,"ABDUL",1,,,0,0,1,"01",0,0,,0,0,1,"28326",,,6.67,0,,"Z001",,,,,,0,,50
"28326",,"06/17/26 00:00:00","6391",1,130,0,0,0,,,0,0,0,0,0,2617,10001,0,1,,,-1,,,5,"ABDUL",1,,,0,0,1,"01",0,0,,0,0,1,"28326",,,32.5,0,,"Z001",,,,,,0,,130
"28326",,"06/17/26 00:00:00","6333",4,350,0,0,0,,,0,0,0,0,0,2618,10001,0,1,,,-1,,,6,"ABDUL",1,,,0,0,1,"01",0,0,,0,0,1,"28326",,,110.43,0,,"Z001",,,,,,0,,350
"28226",,"03/16/26 00:00:00","251991",0.1,1000,0,10,0,,,0,1,0,0,0,2620,10002,0,1,,,156,,,11,"ABDUL",1,,,0,0,1,"01",0,0,,0,0,1,"28226",,"SABASABA",833.33,0,,"Z001",,,,,,0,,1000
"28526",,"06/18/26 00:00:00","6335",1,300,0,0,0,,,0,0,0,0,0,2627,10033,0,1,"28526",,-1,,,1,"RAYYAN",1,,,0,0,1,"01",0,0,,0,30000,1,"28526",,,70,0,,"Z001",,,,,,0,,300
"28526",,"06/18/26 00:00:00","875",1,1200,0,0,0,,,0,0,0,0,0,2628,10033,0,1,"28526",,-1,,,2,"RAYYAN",1,,,0,0,1,"01",0,0,,0,30000,1,"28526",,,350,0,,"Z001",,,,,,0,,1200
"28526",,"06/18/26 00:00:00","836",2,350,0,0,0,,,0,0,0,0,0,2629,10033,0,1,"28526",,-1,,,3,"RAYYAN",1,,,0,0,1,"01",0,0,,0,30000,1,"28526",,,108.84,0,,"Z001",,,,,,0,,350
"28526",,"06/18/26 00:00:00","262146",1,10000,0,0,0,,,0,0,0,0,0,2630,10033,0,1,"28526",,-1,,,4,"RAYYAN",1,,,0,0,1,"01",0,0,,0,30000,1,"28526",,,1851,0,,"Z001",,,,,,0,,10000
"28526",,"06/18/26 00:00:00","6365",2,120,0,0,0,,,0,0,0,0,0,2631,10033,0,1,"28526",,-1,,,5,"RAYYAN",1,,,0,0,1,"01",0,0,,0,30000,1,"28526",,,119.31,0,,"Z001",,,,,,0,,120
"28526",,"06/18/26 00:00:00","6602",6,100,0,0,0,,,0,0,0,0,0,2632,10033,0,1,"28526",,-1,,,6,"RAYYAN",1,,,0,0,1,"01",0,0,,0,30000,1,"28526",,,29.78,0,,"Z001",,,,,,0,,100
"28526",,"06/18/26 00:00:00","5969",2,30,0,0,0,,,0,0,0,0,0,2633,10033,0,1,"28526",,-1,,,7,"RAYYAN",1,,,0,0,1,"01",0,0,,0,30000,1,"28526",,,12.02,0,,"Z001",,,,,,0,,30
"38326",,"07/31/26 00:00:00","262170",10,20,0,0,0,,,0,1,0,0,0,3393,10002,0,1,,,19,,,2,"RAYYAN",1,,,0,0,1,"01",0,0,,0,0,1,"38326",,,10,0,,"Z001",,,,,,0,,20
"28826",,"06/16/26 00:00:00","262232",1,20500,0,0,0,,,0,0,0,0,0,2658,341,0,1,"28826",,-1,,,3,"RAYYAN",1,,,0,0,1,"01",0,0,,0,24100,1,"28826",,,20500,0,,"Z001",,,,,,0,,20500
"28826",,"06/16/26 00:00:00","252009",2,300,0,0,0,,,0,0,0,0,0,2659,341,0,1,"28826",,-1,,,4,"RAYYAN",1,,,0,0,1,"01",0,0,,0,24100,1,"28826",,,107.05,0,,"Z001",,,,,,0,,300
"28826",,"06/16/26 00:00:00","6602",1,100,0,0,0,,,0,0,0,0,0,2660,341,0,1,"28826",,-1,,,5,"RAYYAN",1,,,0,0,1,"01",0,0,,0,24100,1,"28826",,,29.78,0,,"Z001",,,,,,0,,100
"28826",,"06/16/26 00:00:00","262181",1,2400,0,0,0,,,0,0,0,0,0,2661,341,0,1,"28826",,-1,,,6,"RAYYAN",1,,,0,0,1,"01",0,0,,0,24100,1,"28826",,,200,0,,"Z001",,,,,,0,,2400
"28926",,"06/17/26 00:00:00","262194",1,800,0,0,0,,,0,0,0,0,0,2663,341,0,1,"28926",,-1,,,1,"RAYYAN",1,,,0,0,1,"01",0,0,,0,18920,1,"28926",,,350,0,,"Z001",,,,,,0,,800
"28926",,"06/17/26 00:00:00","1084",0,6800,2,100,0,,,0,0,0,0,0,2664,341,0,1,"28926",,-1,,,2,"RAYYAN",1,,,0,0,1,"01",0,0,,0,18920,1,"28926",,,0,50.69,,"Z001",,,,,,0,,6800
"28926",,"06/17/26 00:00:00","262221",1,17500,0,0,0,,,0,0,0,0,0,2665,341,0,1,"28926",,-1,,,3,"RAYYAN",1,,,0,0,1,"01",0,0,,0,18920,1,"28926",,,5500,0,,"Z001",,,,,,0,,17500
"28926",,"06/17/26 00:00:00","1034",1,300,0,0,0,,,0,0,0,0,0,2666,341,0,1,"28926",,-1,,,4,"RAYYAN",1,,,0,0,1,"01",0,0,,0,18920,1,"28926",,,100,0,,"Z001",,,,,,0,,300
"28926",,"06/17/26 00:00:00","6584",1,120,0,0,0,,,0,0,0,0,0,2667,341,0,1,"28926",,-1,,,5,"RAYYAN",1,,,0,0,1,"01",0,0,,0,18920,1,"28926",,,30.29,0,,"Z001",,,,,,0,,120
"29026",,"06/19/26 00:00:00","201725",1,9500,0,0,0,,,0,0,0,0,0,2669,10001,0,1,,,-1,,,1,"RAYYAN",1,,,0,0,1,"01",0,0,,0,0,1,"29026",,,2850,0,,"Z001",,,,,,0,,9500
"29026",,"06/19/26 00:00:00","241912",2,250,0,0,0,,,0,0,0,0,0,2670,10001,0,1,,,-1,,,2,"RAYYAN",1,,,0,0,1,"01",0,0,,0,0,1,"29026",,,183.43,0,,"Z001",,,,,,0,,250
"29126",,"06/18/26 00:00:00","6556",1,14700,0,0,0,,,0,0,0,0,0,2672,341,0,1,"29126",,-1,,,1,"RAYYAN",1,,,0,0,1,"01",0,0,,0,26600,1,"29126",,,2217.17,0,,"Z001",,,,,,0,,14700
"29126",,"06/18/26 00:00:00","251941",1,400,0,0,0,,,0,0,0,0,0,2673,341,0,1,"29126",,-1,,,2,"RAYYAN",1,,,0,0,1,"01",0,0,,0,26600,1,"29126",,,110,0,,"Z001",,,,,,0,,400
"29126",,"06/18/26 00:00:00","262210",4,25,0,0,0,,,0,0,0,0,0,2674,341,0,1,"29126",,-1,,,3,"RAYYAN",1,,,0,0,1,"01",0,0,,0,26600,1,"29126",,,20.83,0,,"Z001",,,,,,0,,25
"29126",,"06/18/26 00:00:00","252043",1,150,0,0,0,,,0,0,0,0,0,2675,341,0,1,"29126",,-1,,,4,"RAYYAN",1,,,0,0,1,"01",0,0,,0,26600,1,"29126",,,43,0,,"Z001",,,,,,0,,150
"29126",,"06/18/26 00:00:00","262122",1,4000,0,0,0,,,0,0,0,0,0,2676,341,0,1,"29126",,-1,,,5,"RAYYAN",1,,,0,0,1,"01",0,0,,0,26600,1,"29126",,,1000,0,,"Z001",,,,,,0,,4000
"29126",,"06/18/26 00:00:00","6390",1,750,0,0,0,,,0,0,0,0,0,2677,341,0,1,"29126",,-1,,,6,"RAYYAN",1,,,0,0,1,"01",0,0,,0,26600,1,"29126",,,250,0,,"Z001",,,,,,0,,750
"29126",,"06/18/26 00:00:00","6129",1,6300,0,0,0,,,0,0,0,0,0,2678,341,0,1,"29126",,-1,,,7,"RAYYAN",1,,,0,0,1,"01",0,0,,0,26600,1,"29126",,,1800,0,,"Z001",,,,,,0,,6300
"29126",,"06/18/26 00:00:00","862",1,200,0,0,0,,,0,0,0,0,0,2679,341,0,1,"29126",,-1,,,8,"RAYYAN",1,,,0,0,1,"01",0,0,,0,26600,1,"29126",,,80,0,,"Z001",,,,,,0,,200
"29226",,"06/20/26 00:00:00","1471",1,12500,0,0,0,,,0,0,0,0,0,2681,10037,0,1,"29226",,-1,,,1,"ABDUL",1,,,0,0,1,"01",0,0,,0,12500,1,"29226",,,1700,0,,"Z001",,,,,,0,,12500
"29326",,"06/22/26 00:00:00","5811",1,6539.5298,0,0,0,,,0,0,0,0,0,2683,10029,0,1,,,-1,,,1,"ABDUL",1,,,0,0,1,"01",0,0,,0,0,1,"29326",,,0,0,,"Z001",,,,,,0,,6539.5298
"29326",,"06/22/26 00:00:00","6316",1,2000,0,0,0,,,0,0,0,0,0,2684,10029,0,1,,,-1,,,2,"ABDUL",1,,,0,0,1,"01",0,0,,0,0,1,"29326",,,766.67,0,,"Z001",,,,,,0,,2000
"29326",,"06/22/26 00:00:00","262189",1,100,0,0,0,,,0,0,0,0,0,2685,10029,0,1,,,-1,,,3,"ABDUL",1,,,0,0,1,"01",0,0,,0,0,1,"29326",,,55,0,,"Z001",,,,,,0,,100
"29326",,"06/22/26 00:00:00","262188",2,100,0,0,0,,,0,0,0,0,0,2686,10029,0,1,,,-1,,,4,"ABDUL",1,,,0,0,1,"01",0,0,,0,0,1,"29326",,,50,0,,"Z001",,,,,,0,,100
"29326",,"06/22/26 00:00:00","6497",0,27000,2,300,0,,,0,0,0,0,0,2687,10029,0,1,,,-1,,,5,"ABDUL",1,,,0,0,1,"01",0,0,,0,0,1,"29326",,,0,300,,"Z001",,,,,,0,,27000
"29426",,"06/09/26 00:00:00","6567",1,4000,0,0,0,,,0,0,0,0,0,2690,10038,0,1,"29426",,-1,,,1,"ABDUL",1,,,0,0,1,"01",0,0,,0,4000,1,"29426",,,1240,0,,"Z001",,,,,,0,,4000
"29526",,"06/19/26 00:00:00","221881",0,800,8,50,0,,,0,0,0,0,0,2692,341,0,1,"29526",,-1,,,1,"RAYYAN",1,,,0,0,1,"01",0,0,,0,6140,1,"29526",,,0,50,,"Z001",,,,,,0,,800
"29526",,"06/19/26 00:00:00","6498",0,6000,6,100,0,,,0,0,0,0,0,2693,341,0,1,"29526",,-1,,,2,"RAYYAN",1,,,0,0,1,"01",0,0,,0,6140,1,"29526",,,0,100,,"Z001",,,,,,0,,6000
"29526",,"06/19/26 00:00:00","251991",1,400,0,10,0,,,0,0,0,0,0,2694,341,0,1,"29526",,-1,,,3,"RAYYAN",1,,,0,0,1,"01",0,0,,0,6140,1,"29526",,,233.33,0,,"Z001",,,,,,0,,400
"29526",,"06/19/26 00:00:00","262080",1,3000,0,0,0,,,0,0,0,0,0,2695,341,0,1,"29526",,-1,,,4,"RAYYAN",1,,,0,0,1,"01",0,0,,0,6140,1,"29526",,,1300,0,,"Z001",,,,,,0,,3000
"29526",,"06/19/26 00:00:00","262116",1,350,0,0,0,,,0,0,0,0,0,2696,341,0,1,"29526",,-1,,,5,"RAYYAN",1,,,0,0,1,"01",0,0,,0,6140,1,"29526",,,90,0,,"Z001",,,,,,0,,350
"29526",,"06/19/26 00:00:00","6098",3,50,0,0,0,,,0,0,0,0,0,2697,341,0,1,"29526",,-1,,,6,"RAYYAN",1,,,0,0,1,"01",0,0,,0,6140,1,"29526",,,17.16,0,,"Z001",,,,,,0,,50
"29526",,"06/19/26 00:00:00","5969",3,30,0,0,0,,,0,0,0,0,0,2698,341,0,1,"29526",,-1,,,7,"RAYYAN",1,,,0,0,1,"01",0,0,,0,6140,1,"29526",,,12.02,0,,"Z001",,,,,,0,,30
"29526",,"06/19/26 00:00:00","262197",1,350,0,0,0,,,0,0,0,0,0,2699,341,0,1,"29526",,-1,,,8,"RAYYAN",1,,,0,0,1,"01",0,0,,0,6140,1,"29526",,,170,0,,"Z001",,,,,,0,,350
"29526",,"06/19/26 00:00:00","6173",8,100,0,0,0,,,0,0,0,0,0,2700,341,0,1,"29526",,-1,,,9,"RAYYAN",1,,,0,0,1,"01",0,0,,0,6140,1,"29526",,,37.08,0,,"Z001",,,,,,0,,100
"29626",,"06/20/26 00:00:00","6334",1,350,0,0,0,,,0,0,0,0,0,2702,341,0,1,"29626",,-1,,,1,"RAYYAN",1,,,0,0,1,"01",0,0,,0,3060,1,"29626",,,70.66,0,,"Z001",,,,,,0,,350
"29626",,"06/20/26 00:00:00","6587",1,200,0,0,0,,,0,0,0,0,0,2703,341,0,1,"29626",,-1,,,2,"RAYYAN",1,,,0,0,1,"01",0,0,,0,3060,1,"29626",,,65,0,,"Z001",,,,,,0,,200
"29626",,"06/20/26 00:00:00","6098",1,50,0,0,0,,,0,0,0,0,0,2704,341,0,1,"29626",,-1,,,3,"RAYYAN",1,,,0,0,1,"01",0,0,,0,3060,1,"29626",,,17.16,0,,"Z001",,,,,,0,,50
"23926",,"05/21/26 00:00:00","6572",2,3000,0,0,0,,,0,0,0,0,0,2193,341,0,1,"23926",,-1,,,13,"ABDUL",1,,,0,0,1,"01",0,0,,0,98750,1,"23926",,,1200,0,,"Z001",,,,,,0,,3000
"24226",,"05/22/26 00:00:00","262160",4,900,0,0,0,,,0,0,0,0,0,2196,10024,0,1,,,-1,,,1,"ABDUL",1,,,0,0,1,"01",0,0,,0,0,1,"24226",,,143.75,0,,"Z001",,,,,,0,,900
"24226",,"05/22/26 00:00:00","262190",1,1300,0,0,0,,,0,0,0,0,0,2197,10024,0,1,,,-1,,,2,"ABDUL",1,,,0,0,1,"01",0,0,,0,0,1,"24226",,,450,0,,"Z001",,,,,,0,,1300
"24526",,"05/25/26 00:00:00","252003",1,25000,0,0,0,,,0,0,0,0,0,2221,341,0,1,"24526",,-1,,,3,"RAYYAN",1,,,0,0,1,"01",0,0,,0,48450,1,"24526",,,9235.290000000001,0,,"Z001",,,,,,0,,25000
"24526",,"05/25/26 00:00:00","5817",2,11000,0,0,0,,,0,0,0,0,0,2222,341,0,1,"24526",,-1,,,4,"RAYYAN",1,,,0,0,1,"01",0,0,,0,48450,1,"24526",,,2975.44,0,,"Z001",,,,,,0,,11000
"24526",,"05/25/26 00:00:00","241912",2,250,0,0,0,,,0,0,0,0,0,2223,341,0,1,"24526",,-1,,,5,"RAYYAN",1,,,0,0,1,"01",0,0,,0,48450,1,"24526",,,183.43,0,,"Z001",,,,,,0,,250
"24526",,"05/25/26 00:00:00","6616",1,200,0,0,0,,,0,0,0,0,0,2224,341,0,1,"24526",,-1,,,6,"RAYYAN",1,,,0,0,1,"01",0,0,,0,48450,1,"24526",,,67.90000000000001,0,,"Z001",,,,,,0,,200
"24526",,"05/25/26 00:00:00","252029",1,50,0,0,0,,,0,0,0,0,0,2225,341,0,1,"24526",,-1,,,7,"RAYYAN",1,,,0,0,1,"01",0,0,,0,48450,1,"24526",,,25,0,,"Z001",,,,,,0,,50
"24626",,"05/26/26 00:00:00","6471",60,3349.1499,0,36.666668,0,,,0,0,0,0,0,2229,10025,0,1,,,-1,,,1,"SAID",1,,,0,0,1,"01",0,0,,0,0,1,"24626",,,783.9299999999999,0,,"Z001",,,,,,0,,3349.1499
"24626",,"05/26/26 00:00:00","6474",45,5608.3701,0,63.333332,0,,,0,0,0,0,0,2230,10025,0,1,,,-1,,,2,"SAID",1,,,0,0,1,"01",0,0,,0,0,1,"24626",,,1316.67,0,,"Z001",,,,,,0,,5608.3701
"24726",,"03/30/26 00:00:00","6471",11,3300,0,36.669998,0,,,0,0,0,0,0,2232,10026,0,1,,,-1,,,1,"RAYYAN",1,,,0,0,1,"01",0,0,,0,0,1,"24726",,,753.01,0,,"Z001",,,,,,0,,3300
"24726",,"03/30/26 00:00:00","6474",7,5405,0,63.330002,0,,,0,0,0,0,0,2233,10026,0,1,,,-1,,,2,"RAYYAN",1,,,0,0,1,"01",0,0,,0,0,1,"24726",,,1113.3,0,,"Z001",,,,,,0,,5405
"24726",,"03/30/26 00:00:00","6173",85,90,0,0,0,,,0,0,0,0,0,2234,10026,0,1,,,-1,,,3,"RAYYAN",1,,,0,0,1,"01",0,0,,0,0,1,"24726",,,27.08,0,,"Z001",,,,,,0,,90
"24726",,"03/30/26 00:00:00","6391",10,136,0,0,0,,,0,0,0,0,0,2235,10026,0,1,,,-1,,,4,"RAYYAN",1,,,0,0,1,"01",0,0,,0,0,1,"24726",,,38.5,0,,"Z001",,,,,,0,,136
"24726",,"03/30/26 00:00:00","6602",34,100,0,0,0,,,0,0,0,0,0,2236,10026,0,1,,,-1,,,5,"RAYYAN",1,,,0,0,1,"01",0,0,,0,0,1,"24726",,,29.78,0,,"Z001",,,,,,0,,100
"24726",,"03/30/26 00:00:00","6584",6,100,0,0,0,,,0,0,0,0,0,2237,10026,0,1,,,-1,,,6,"RAYYAN",1,,,0,0,1,"01",0,0,,0,0,1,"24726",,,15,0,,"Z001",,,,,,0,,100
"24726",,"03/30/26 00:00:00","6585",5,150,0,0,0,,,0,0,0,0,0,2238,10026,0,1,,,-1,,,7,"RAYYAN",1,,,0,0,1,"01",0,0,,0,0,1,"24726",,,25,0,,"Z001",,,,,,0,,150
"24726",,"03/30/26 00:00:00","6586",4,200,0,0,0,,,0,0,0,0,0,2239,10026,0,1,,,-1,,,8,"RAYYAN",1,,,0,0,1,"01",0,0,,0,0,1,"24726",,,40,0,,"Z001",,,,,,0,,200
"24726",,"03/30/26 00:00:00","6587",8,200,0,0,0,,,0,0,0,0,0,2240,10026,0,1,,,-1,,,9,"RAYYAN",1,,,0,0,1,"01",0,0,,0,0,1,"24726",,,65,0,,"Z001",,,,,,0,,200
"25826",,"06/01/26 00:00:00","6030",1,100,0,0,0,,,0,0,0,0,0,2340,341,0,1,"25826",,-1,,,2,"ABDUL",1,,,0,0,1,"01",0,0,,0,11600,1,"25826",,,11.76,0,,"Z001",,,,,,0,,100
"25826",,"06/01/26 00:00:00","6616",4,250,0,0,0,,,0,0,0,0,0,2341,341,0,1,"25826",,-1,,,3,"ABDUL",1,,,0,0,1,"01",0,0,,0,11600,1,"25826",,,117.9,0,,"Z001",,,,,,0,,250
"25926",,"06/02/26 00:00:00","1471",1,12400,0,0,0,,,0,0,0,0,0,2343,341,0,1,"25926",,-1,,,1,"ABDUL",1,,,0,0,1,"01",0,0,,0,15270,1,"25926",,,1600,0,,"Z001",,,,,,0,,12400
"25926",,"06/02/26 00:00:00","6505",9,100,0,0,0,,,0,0,0,0,0,2344,341,0,1,"25926",,-1,,,2,"ABDUL",1,,,0,0,1,"01",0,0,,0,15270,1,"25926",,,29.83,0,,"Z001",,,,,,0,,100
"25926",,"06/02/26 00:00:00","6334",1,350,0,0,0,,,0,0,0,0,0,2345,341,0,1,"25926",,-1,,,3,"ABDUL",1,,,0,0,1,"01",0,0,,0,15270,1,"25926",,,72.13,0,,"Z001",,,,,,0,,350
"25926",,"06/02/26 00:00:00","1037",1,300,0,0,0,,,0,0,0,0,0,2346,341,0,1,"25926",,-1,,,4,"ABDUL",1,,,0,0,1,"01",0,0,,0,15270,1,"25926",,,117.5,0,,"Z001",,,,,,0,,300
"25926",,"06/02/26 00:00:00","262203",2,550,0,0,0,,,0,0,0,0,0,2347,341,0,1,"25926",,-1,,,5,"ABDUL",1,,,0,0,1,"01",0,0,,0,15270,1,"25926",,,230,0,,"Z001",,,,,,0,,550
"25926",,"06/02/26 00:00:00","6063",2,50,0,0,0,,,0,0,0,0,0,2348,341,0,1,"25926",,-1,,,6,"ABDUL",1,,,0,0,1,"01",0,0,,0,15270,1,"25926",,,6.67,0,,"Z001",,,,,,0,,50
"25926",,"06/02/26 00:00:00","6030",1,100,0,0,0,,,0,0,0,0,0,2349,341,0,1,"25926",,-1,,,7,"ABDUL",1,,,0,0,1,"01",0,0,,0,15270,1,"25926",,,11.76,0,,"Z001",,,,,,0,,100
"25926",,"06/02/26 00:00:00","252066",1,20,0,0,0,,,0,0,0,0,0,2350,341,0,1,"25926",,-1,,,8,"ABDUL",1,,,0,0,1,"01",0,0,,0,15270,1,"25926",,,7,0,,"Z001",,,,,,0,,20
"26026",,"06/04/26 00:00:00","241916",1,200000,0,0,0,,,0,0,0,0,0,2352,10028,0,1,"26026",,-1,,,1,"RAYYAN",1,,,0,0,1,"01",0,0,,0,500000,1,"26026",,,44000,0,,"Z001",,,,,,0,,200000
"26026",,"06/04/26 00:00:00","5817",10,12500,0,0,0,,,0,0,0,0,0,2353,10028,0,1,"26026",,-1,,,2,"RAYYAN",1,,,0,0,1,"01",0,0,,0,500000,1,"26026",,,4475.44,0,,"Z001",,,,,,0,,12500
"26026",,"06/04/26 00:00:00","251936",2,1800,0,0,0,,,0,0,0,0,0,2354,10028,0,1,"26026",,-1,,,3,"RAYYAN",1,,,0,0,1,"01",0,0,,0,500000,1,"26026",,,944,0,,"Z001",,,,,,0,,1800
"26026",,"06/04/26 00:00:00","1425",16,200,0,0,0,,,0,0,0,0,0,2355,10028,0,1,"26026",,-1,,,4,"RAYYAN",1,,,0,0,1,"01",0,0,,0,500000,1,"26026",,,120,0,,"Z001",,,,,,0,,200
"26026",,"06/04/26 00:00:00","262089",4,200,0,0,0,,,0,0,0,0,0,2356,10028,0,1,"26026",,-1,,,5,"RAYYAN",1,,,0,0,1,"01",0,0,,0,500000,1,"26026",,,120,0,,"Z001",,,,,,0,,200
"26026",,"06/04/26 00:00:00","1674",1,3500,0,0,0,,,0,0,0,0,0,2357,10028,0,1,"26026",,-1,,,6,"RAYYAN",1,,,0,0,1,"01",0,0,,0,500000,1,"26026",,,1500,0,,"Z001",,,,,,0,,3500
"26026",,"06/04/26 00:00:00","241912",4,350,0,0,0,,,0,0,0,0,0,2358,10028,0,1,"26026",,-1,,,7,"RAYYAN",1,,,0,0,1,"01",0,0,,0,500000,1,"26026",,,283.43,0,,"Z001",,,,,,0,,350
"26026",,"06/04/26 00:00:00","241931",1,3000,0,0,0,,,0,0,0,0,0,2359,10028,0,1,"26026",,-1,,,8,"RAYYAN",1,,,0,0,1,"01",0,0,,0,500000,1,"26026",,,1198,0,,"Z001",,,,,,0,,3000
"26026",,"06/04/26 00:00:00","241918",1,3000,0,0,0,,,0,0,0,0,0,2360,10028,0,1,"26026",,-1,,,9,"RAYYAN",1,,,0,0,1,"01",0,0,,0,500000,1,"26026",,,2346.43,0,,"Z001",,,,,,0,,3000
"26126",,"06/03/26 00:00:00","211864",1,6600,0,0,0,,,0,0,0,0,0,2382,341,0,1,"26126",,-1,,,8,"RAYYAN",1,,,0,0,1,"01",0,0,,0,11700,1,"26126",,,1373.97,0,,"Z001",,,,,,0,,6600
"26126",,"06/03/26 00:00:00","241912",2,250,0,0,0,,,0,0,0,0,0,2383,341,0,1,"26126",,-1,,,9,"RAYYAN",1,,,0,0,1,"01",0,0,,0,11700,1,"26126",,,183.43,0,,"Z001",,,,,,0,,250
"26126",,"06/03/26 00:00:00","6030",2,130,0,0,0,,,0,0,0,0,0,2384,341,0,1,"26126",,-1,,,10,"RAYYAN",1,,,0,0,1,"01",0,0,,0,11700,1,"26126",,,41.76,0,,"Z001",,,,,,0,,130
"26226",,"06/04/26 00:00:00","6584",1,120,0,0,0,,,0,0,0,0,0,2386,341,0,1,"26226",,-1,,,1,"RAYYAN",1,,,0,0,1,"01",0,0,,0,6030,1,"26226",,,35,0,,"Z001",,,,,,0,,120
"26226",,"06/04/26 00:00:00","262101",2,400,0,0,0,,,0,0,0,0,0,2387,341,0,1,"26226",,-1,,,2,"RAYYAN",1,,,0,0,1,"01",0,0,,0,6030,1,"26226",,,220,0,,"Z001",,,,,,0,,400
"26226",,"06/04/26 00:00:00","262187",1,1000,0,0,0,,,0,0,0,0,0,2388,341,0,1,"26226",,-1,,,3,"RAYYAN",1,,,0,0,1,"01",0,0,,0,6030,1,"26226",,,420,0,,"Z001",,,,,,0,,1000
"26226",,"06/04/26 00:00:00","252063",1,300,0,0,0,,,0,0,0,0,0,2389,341,0,1,"26226",,-1,,,4,"RAYYAN",1,,,0,0,1,"01",0,0,,0,6030,1,"26226",,,161.67,0,,"Z001",,,,,,0,,300
"26226",,"06/04/26 00:00:00","252047",2,5,0,5,0,,,0,0,0,0,0,2390,341,0,1,"26226",,-1,,,5,"RAYYAN",1,,,0,0,1,"01",0,0,,0,6030,1,"26226",,,-155,0,,"Z001",,,,,,0,,5
"26226",,"06/04/26 00:00:00","251951",1,2070,0,0,0,,,0,0,0,0,0,2391,341,0,1,"26226",,-1,,,6,"RAYYAN",1,,,0,0,1,"01",0,0,,0,6030,1,"26226",,,659.83,0,,"Z001",,,,,,0,,2070
"26226",,"06/04/26 00:00:00","849",0,4300,6,80,0,,,0,0,0,0,0,2392,341,0,1,"26226",,-1,,,7,"RAYYAN",1,,,0,0,1,"01",0,0,,0,6030,1,"26226",,,0,80,,"Z001",,,,,,0,,4300
"26226",,"06/04/26 00:00:00","914",0,18600,2,350,0,,,0,0,0,0,0,2393,341,0,1,"26226",,-1,,,8,"RAYYAN",1,,,0,0,1,"01",0,0,,0,6030,1,"26226",,,0,131.75,,"Z001",,,,,,0,,18600
"26226",,"06/04/26 00:00:00","6505",1,100,0,0,0,,,0,0,0,0,0,2394,341,0,1,"26226",,-1,,,9,"RAYYAN",1,,,0,0,1,"01",0,0,,0,6030,1,"26226",,,29.83,0,,"Z001",,,,,,0,,100
"26226",,"06/04/26 00:00:00","262197",1,450,0,0,0,,,0,0,0,0,0,2395,341,0,1,"26226",,-1,,,10,"RAYYAN",1,,,0,0,1,"01",0,0,,0,6030,1,"26226",,,270,0,,"Z001",,,,,,0,,450
"26326",,"06/10/26 00:00:00","6099",2,100,0,0,0,,,0,0,0,0,0,2398,10029,0,1,"26326",,-1,,,1,"RAYYAN",1,,,0,0,1,"01",0,0,,0,7000,1,"26326",,,15,0,,"Z001",,,,,,0,,100
"26326",,"06/10/26 00:00:00","6116",3,600,0,0,0,,,0,0,0,0,0,2399,10029,0,1,"26326",,-1,,,2,"RAYYAN",1,,,0,0,1,"01",0,0,,0,7000,1,"26326",,,50,0,,"Z001",,,,,,0,,600
"26326",,"06/10/26 00:00:00","5692",1,3000,0,0,0,,,0,0,0,0,0,2400,10029,0,1,"26326",,-1,,,3,"RAYYAN",1,,,0,0,1,"01",0,0,,0,7000,1,"26326",,,140.28,0,,"Z001",,,,,,0,,3000
"26326",,"06/10/26 00:00:00","6129",1,5500,0,0,0,,,0,0,0,0,0,2401,10029,0,1,"26326",,-1,,,4,"RAYYAN",1,,,0,0,1,"01",0,0,,0,7000,1,"26326",,,1000,0,,"Z001",,,,,,0,,5500
"26426",,"06/10/26 00:00:00","251955",0,0,2,1100,0,,,0,1,0,0,0,2404,10002,0,1,,,70,,,1,"RAYYAN",1,,,0,0,1,"01",0,0,,0,0,1,"26426",,,0,450,,"Z001",,,,,,0,,0
"26426",,"06/10/26 00:00:00","262105",4,100,0,0,0,,,0,1,0,0,0,2405,10002,0,1,,,70,,,2,"RAYYAN",1,,,0,0,1,"01",0,0,,0,0,1,"26426",,,50,0,,"Z001",,,,,,0,,100
"26526",,"06/05/26 00:00:00","262194",2,800,0,0,0,,,0,0,0,0,0,2408,341,0,1,,,-1,,,1,"RAYYAN",1,,,0,0,1,"01",0,0,,0,0,1,"26526",,,350,0,,"Z001",,,,,,0,,800
"26526",,"06/05/26 00:00:00","939",1,9500,0,0,0,,,0,0,0,0,10.21,2409,341,0,1,,,-1,,,2,"RAYYAN",1,,,0,0,1,"01",0,0,,0,0,1,"26526",,,2500,0,,"Z001",,,,,,0,,9500
"26526",,"06/05/26 00:00:00","6178",1,5500,0,0,0,,,0,0,0,0,0,2410,341,0,1,,,-1,,,3,"RAYYAN",1,,,0,0,1,"01",0,0,,0,0,1,"26526",,,2188,0,,"Z001",,,,,,0,,5500
"26526",,"06/05/26 00:00:00","252045",5,100,0,0,0,,,0,0,0,0,0,2411,341,0,1,,,-1,,,4,"RAYYAN",1,,,0,0,1,"01",0,0,,0,0,1,"26526",,,60.83,0,,"Z001",,,,,,0,,100
"26526",,"06/05/26 00:00:00","6564",1,1500,0,0,0,,,0,0,0,0,0,2412,341,0,1,,,-1,,,5,"RAYYAN",1,,,0,0,1,"01",0,0,,0,0,1,"26526",,,800,0,,"Z001",,,,,,0,,1500
"26526",,"06/05/26 00:00:00","5970",2,130,0,0,0,,,0,0,0,0,0,2413,341,0,1,,,-1,,,6,"RAYYAN",1,,,0,0,1,"01",0,0,,0,0,1,"26526",,,42.89,0,,"Z001",,,,,,0,,130
"26526",,"06/05/26 00:00:00","6584",1,120,0,0,0,,,0,0,0,0,0,2414,341,0,1,,,-1,,,7,"RAYYAN",1,,,0,0,1,"01",0,0,,0,0,1,"26526",,,35,0,,"Z001",,,,,,0,,120
"26526",,"06/05/26 00:00:00","6585",1,180,0,0,0,,,0,0,0,0,0,2415,341,0,1,,,-1,,,8,"RAYYAN",1,,,0,0,1,"01",0,0,,0,0,1,"26526",,,55,0,,"Z001",,,,,,0,,180
"26526",,"06/05/26 00:00:00","262098",2,3000,0,0,0,,,0,0,0,0,0,2416,341,0,1,,,-1,,,9,"RAYYAN",1,,,0,0,1,"01",0,0,,0,0,1,"26526",,,1500,0,,"Z001",,,,,,0,,3000
"26526",,"06/05/26 00:00:00","5969",2,30,0,0,0,,,0,0,0,0,0,2417,341,0,1,,,-1,,,10,"RAYYAN",1,,,0,0,1,"01",0,0,,0,0,1,"26526",,,12.02,0,,"Z001",,,,,,0,,30
"26526",,"06/05/26 00:00:00","241912",1,350,0,0,0,,,0,0,0,0,0,2418,341,0,1,,,-1,,,11,"RAYYAN",1,,,0,0,1,"01",0,0,,0,0,1,"26526",,,283.43,0,,"Z001",,,,,,0,,350
"26526",,"06/05/26 00:00:00","6030",1,150,0,0,0,,,0,0,0,0,0,2419,341,0,1,,,-1,,,12,"RAYYAN",1,,,0,0,1,"01",0,0,,0,0,1,"26526",,,61.76,0,,"Z001",,,,,,0,,150
"26526",,"06/05/26 00:00:00","6602",1,100,0,0,0,,,0,0,0,0,0,2420,341,0,1,,,-1,,,13,"RAYYAN",1,,,0,0,1,"01",0,0,,0,0,1,"26526",,,29.78,0,,"Z001",,,,,,0,,100
"26526",,"06/05/26 00:00:00","6505",1,100,0,0,0,,,0,0,0,0,0,2421,341,0,1,,,-1,,,14,"RAYYAN",1,,,0,0,1,"01",0,0,,0,0,1,"26526",,,29.83,0,,"Z001",,,,,,0,,100
"26526",,"06/05/26 00:00:00","6063",1,50,0,0,0,,,0,0,0,0,0,2422,341,0,1,,,-1,,,15,"RAYYAN",1,,,0,0,1,"01",0,0,,0,0,1,"26526",,,6.67,0,,"Z001",,,,,,0,,50
"26626",,"06/06/26 00:00:00","6365",2,130,0,0,0,,,0,0,0,0,0,2424,341,0,1,"26626",,-1,,,1,"RAYYAN",1,,,0,0,1,"01",0,0,,0,44650,1,"26626",,,129.39,0,,"Z001",,,,,,0,,130
"26626",,"06/06/26 00:00:00","5817",4,11000,0,0,0,,,0,0,0,0,0,2425,341,0,1,"26626",,-1,,,2,"RAYYAN",1,,,0,0,1,"01",0,0,,0,44650,1,"26626",,,2975.44,0,,"Z001",,,,,,0,,11000
"26626",,"06/06/26 00:00:00","5969",2,30,0,0,0,,,0,0,0,0,0,2426,341,0,1,"26626",,-1,,,3,"RAYYAN",1,,,0,0,1,"01",0,0,,0,44650,1,"26626",,,12.02,0,,"Z001",,,,,,0,,30
"26626",,"06/06/26 00:00:00","6030",1,130,0,0,0,,,0,0,0,0,0,2427,341,0,1,"26626",,-1,,,4,"RAYYAN",1,,,0,0,1,"01",0,0,,0,44650,1,"26626",,,41.76,0,,"Z001",,,,,,0,,130
"26626",,"06/06/26 00:00:00","6587",1,200,0,0,0,,,0,0,0,0,0,2428,341,0,1,"26626",,-1,,,5,"RAYYAN",1,,,0,0,1,"01",0,0,,0,44650,1,"26626",,,65,0,,"Z001",,,,,,0,,200
"26726",,"06/08/26 00:00:00","262113",1,47500,0,0,0,,,0,0,0,0,0,2430,341,0,1,"26726",,-1,,,1,"RAYYAN",1,,,0,0,1,"01",0,0,,0,85750,1,"26726",,,17300,0,,"Z001",,,,,,0,,47500
"26726",,"06/08/26 00:00:00","6591",1,5000,0,0,0,,,0,0,0,0,0,2431,341,0,1,"26726",,-1,,,2,"RAYYAN",1,,,0,0,1,"01",0,0,,0,85750,1,"26726",,,1301.66,0,,"Z001",,,,,,0,,5000
"26726",,"06/08/26 00:00:00","251946",1,1000,0,0,0,,,0,0,0,0,0,2432,341,0,1,"26726",,-1,,,3,"RAYYAN",1,,,0,0,1,"01",0,0,,0,85750,1,"26726",,,175.42,0,,"Z001",,,,,,0,,1000
"26726",,"06/08/26 00:00:00","262122",1,4200,0,0,0,,,0,0,0,0,0,2433,341,0,1,"26726",,-1,,,4,"RAYYAN",1,,,0,0,1,"01",0,0,,0,85750,1,"26726",,,1200,0,,"Z001",,,,,,0,,4200
"26726",,"06/08/26 00:00:00","6116",1,800,0,0,0,,,0,0,0,0,0,2434,341,0,1,"26726",,-1,,,5,"RAYYAN",1,,,0,0,1,"01",0,0,,0,85750,1,"26726",,,250,0,,"Z001",,,,,,0,,800
"26726",,"06/08/26 00:00:00","6229",2,1000,0,0,0,,,0,0,0,0,0,2435,341,0,1,"26726",,-1,,,6,"RAYYAN",1,,,0,0,1,"01",0,0,,0,85750,1,"26726",,,302.35,0,,"Z001",,,,,,0,,1000
"26726",,"06/08/26 00:00:00","252049",1,25000,0,0,0,,,0,0,0,0,0,2436,341,0,1,"26726",,-1,,,7,"RAYYAN",1,,,0,0,1,"01",0,0,,0,85750,1,"26726",,,11825,0,,"Z001",,,,,,0,,25000
"26726",,"06/08/26 00:00:00","6616",1,250,0,0,0,,,0,0,0,0,0,2437,341,0,1,"26726",,-1,,,8,"RAYYAN",1,,,0,0,1,"01",0,0,,0,85750,1,"26726",,,117.9,0,,"Z001",,,,,,0,,250
"26826",,"06/11/26 00:00:00","6584",180,110,0,0,0,,,0,0,0,0,0,2439,10025,0,1,,,-1,,,1,"RAYYAN",1,,,0,0,1,"01",0,0,,0,0,1,"26826",,,20.29,0,,"Z001",,,,,,0,,110
"26826",,"06/11/26 00:00:00","6585",120,150,0,0,0,,,0,0,0,0,0,2440,10025,0,1,,,-1,,,2,"RAYYAN",1,,,0,0,1,"01",0,0,,0,0,1,"26826",,,21.41,0,,"Z001",,,,,,0,,150
"26826",,"06/11/26 00:00:00","6586",36,200,0,0,0,,,0,0,0,0,0,2441,10025,0,1,,,-1,,,3,"RAYYAN",1,,,0,0,1,"01",0,0,,0,0,1,"26826",,,36.36,0,,"Z001",,,,,,0,,200
"26826",,"06/11/26 00:00:00","6333",90,290,0,0,0,,,0,0,0,0,0,2442,10025,0,1,,,-1,,,4,"RAYYAN",1,,,0,0,1,"01",0,0,,0,0,1,"26826",,,50.43,0,,"Z001",,,,,,0,,290
"26826",,"06/11/26 00:00:00","6590",12,180,0,0,0,,,0,0,0,0,0,2443,10025,0,1,,,-1,,,5,"RAYYAN",1,,,0,0,1,"01",0,0,,0,0,1,"26826",,,31.58,0,,"Z001",,,,,,0,,180
"26826",,"06/11/26 00:00:00","6334",270,320,0,0,0,,,0,0,0,0,0,2444,10025,0,1,,,-1,,,6,"RAYYAN",1,,,0,0,1,"01",0,0,,0,0,1,"26826",,,40.66,0,,"Z001",,,,,,0,,320
"26826",,"06/11/26 00:00:00","6332",90,230,0,0,0,,,0,0,0,0,0,2445,10025,0,1,,,-1,,,7,"RAYYAN",1,,,0,0,1,"01",0,0,,0,0,1,"26826",,,31.51,0,,"Z001",,,,,,0,,230
"27326",,"06/09/26 00:00:00","262223",1,2650,0,0,0,,,0,0,0,0,0,2486,341,0,1,,,-1,,,2,"RAYYAN",1,,,0,0,1,"01",0,0,,0,0,1,"27326",,,1168,0,,"Z001",,,,,,0,,2650
"27326",,"06/09/26 00:00:00","5797",1,1700,0,0,0,,,0,0,0,0,0,2487,341,0,1,,,-1,,,3,"RAYYAN",1,,,0,0,1,"01",0,0,,0,0,1,"27326",,,320.1,0,,"Z001",,,,,,0,,1700
"27326",,"06/09/26 00:00:00","241923",1,450,0,0,0,,,0,0,0,0,0,2488,341,0,1,,,-1,,,4,"RAYYAN",1,,,0,0,1,"01",0,0,,0,0,1,"27326",,,170,0,,"Z001",,,,,,0,,450
"27326",,"06/09/26 00:00:00","251951",1,2000,0,0,0,,,0,0,0,0,0,2489,341,0,1,,,-1,,,5,"RAYYAN",1,,,0,0,1,"01",0,0,,0,0,1,"27326",,,589.83,0,,"Z001",,,,,,0,,2000
"27326",,"06/09/26 00:00:00","252042",1,100,0,0,0,,,0,0,0,0,0,2490,341,0,1,,,-1,,,6,"RAYYAN",1,,,0,0,1,"01",0,0,,0,0,1,"27326",,,22,0,,"Z001",,,,,,0,,100
"27326",,"06/09/26 00:00:00","262101",1,300,0,0,0,,,0,0,0,0,0,2491,341,0,1,,,-1,,,7,"RAYYAN",1,,,0,0,1,"01",0,0,,0,0,1,"27326",,,120,0,,"Z001",,,,,,0,,300
"27326",,"06/09/26 00:00:00","252063",1,200,0,0,0,,,0,0,0,0,0,2492,341,0,1,,,-1,,,8,"RAYYAN",1,,,0,0,1,"01",0,0,,0,0,1,"27326",,,61.67,0,,"Z001",,,,,,0,,200
"27426",,"06/10/26 00:00:00","231903",1,300,0,5,0,,,0,0,0,0,0,2495,341,0,1,,,-1,,,1,"RAYYAN",1,,,0,0,1,"01",0,0,,0,0,1,"27426",,,298.91,0,,"Z001",,,,,,0,,300
"27426",,"06/10/26 00:00:00","5817",1,11000,0,0,0,,,0,0,0,0,0,2496,341,0,1,,,-1,,,2,"RAYYAN",1,,,0,0,1,"01",0,0,,0,0,1,"27426",,,2975.44,0,,"Z001",,,,,,0,,11000
"27426",,"06/10/26 00:00:00","6564",1,3000,0,0,0,,,0,0,0,0,0,2497,341,0,1,,,-1,,,3,"RAYYAN",1,,,0,0,1,"01",0,0,,0,0,1,"27426",,,2300,0,,"Z001",,,,,,0,,3000
"27426",,"06/10/26 00:00:00","241912",1,300,0,0,0,,,0,0,0,0,0,2498,341,0,1,,,-1,,,4,"RAYYAN",1,,,0,0,1,"01",0,0,,0,0,1,"27426",,,233.43,0,,"Z001",,,,,,0,,300
"27426",,"06/10/26 00:00:00","251944",1,1100,0,0,0,,,0,0,0,0,0,2499,341,0,1,,,-1,,,5,"RAYYAN",1,,,0,0,1,"01",0,0,,0,0,1,"27426",,,-316.67,0,,"Z001",,,,,,0,,1100
"27426",,"06/10/26 00:00:00","262226",1,11000,0,0,0,,,0,0,0,0,0,2500,341,0,1,,,-1,,,6,"RAYYAN",1,,,0,0,1,"01",0,0,,0,0,1,"27426",,,3000,0,,"Z001",,,,,,0,,11000
"27426",,"06/10/26 00:00:00","262227",9,200,0,0,0,,,0,0,0,0,0,2501,341,0,1,,,-1,,,7,"RAYYAN",1,,,0,0,1,"01",0,0,,0,0,1,"27426",,,110,0,,"Z001",,,,,,0,,200
"27426",,"06/10/26 00:00:00","5692",3,3500,0,0,0,,,0,0,0,0,0,2502,341,0,1,,,-1,,,8,"RAYYAN",1,,,0,0,1,"01",0,0,,0,0,1,"27426",,,640.28,0,,"Z001",,,,,,0,,3500
"27426",,"06/10/26 00:00:00","6030",1,100,0,0,0,,,0,0,0,0,0,2503,341,0,1,,,-1,,,9,"RAYYAN",1,,,0,0,1,"01",0,0,,0,0,1,"27426",,,11.76,0,,"Z001",,,,,,0,,100
"27426",,"06/10/26 00:00:00","6098",1,50,0,0,0,,,0,0,0,0,0,2504,341,0,1,,,-1,,,10,"RAYYAN",1,,,0,0,1,"01",0,0,,0,0,1,"27426",,,17.16,0,,"Z001",,,,,,0,,50
"27426",,"06/10/26 00:00:00","6363",0,100,6,5,0,,,0,0,0,0,0,2505,341,0,1,,,-1,,,11,"RAYYAN",1,,,0,0,1,"01",0,0,,0,0,1,"27426",,,0,5,,"Z001",,,,,,0,,100
"27526",,"06/11/26 00:00:00","201761",2,700,0,0,0,,,0,0,0,0,0,2507,341,0,1,"27526",,-1,,,1,"RAYYAN",1,,,0,0,1,"01",0,0,,0,5120,1,"27526",,,329.99,0,,"Z001",,,,,,0,,700
"27526",,"06/11/26 00:00:00","6572",1,3200,0,0,0,,,0,0,0,0,0,2508,341,0,1,"27526",,-1,,,2,"RAYYAN",1,,,0,0,1,"01",0,0,,0,5120,1,"27526",,,1400,0,,"Z001",,,,,,0,,3200
"27526",,"06/11/26 00:00:00","6334",1,350,0,0,0,,,0,0,0,0,0,2509,341,0,1,"27526",,-1,,,3,"RAYYAN",1,,,0,0,1,"01",0,0,,0,5120,1,"27526",,,70.66,0,,"Z001",,,,,,0,,350
"27526",,"06/11/26 00:00:00","6098",1,50,0,0,0,,,0,0,0,0,0,2510,341,0,1,"27526",,-1,,,4,"RAYYAN",1,,,0,0,1,"01",0,0,,0,5120,1,"27526",,,17.16,0,,"Z001",,,,,,0,,50
"27526",,"06/11/26 00:00:00","6365",1,120,0,0,0,,,0,0,0,0,0,2511,341,0,1,"27526",,-1,,,5,"RAYYAN",1,,,0,0,1,"01",0,0,,0,5120,1,"27526",,,119.39,0,,"Z001",,,,,,0,,120
"27626",,"06/12/26 00:00:00","6466",1,400,0,0,0,,,0,0,0,0,0,2513,341,0,1,,,-1,,,1,"RAYYAN",1,,,0,0,1,"01",0,0,,0,0,1,"27626",,,150,0,,"Z001",,,,,,0,,400
"27626",,"06/12/26 00:00:00","6334",1,350,0,0,0,,,0,0,0,0,0,2514,341,0,1,,,-1,,,2,"RAYYAN",1,,,0,0,1,"01",0,0,,0,0,1,"27626",,,70.66,0,,"Z001",,,,,,0,,350
"27626",,"06/12/26 00:00:00","6030",2,100,0,0,0,,,0,0,0,0,0,2515,341,0,1,,,-1,,,3,"RAYYAN",1,,,0,0,1,"01",0,0,,0,0,1,"27626",,,11.76,0,,"Z001",,,,,,0,,100
"27626",,"06/12/26 00:00:00","262187",1,1100,0,0,0,,,0,0,0,0,0,2517,341,0,1,,,-1,,,4,"RAYYAN",1,,,0,0,1,"01",0,0,,0,0,1,"27626",,,520,0,,"Z001",,,,,,0,,1100
"27626",,"06/12/26 00:00:00","6025",1,50,0,0,0,,,0,0,0,0,0,2518,341,0,1,,,-1,,,5,"RAYYAN",1,,,0,0,1,"01",0,0,,0,0,1,"27626",,,-11.75,0,,"Z001",,,,,,0,,50
"27626",,"06/12/26 00:00:00","6591",1,5000,0,0,0,,,0,0,0,0,0,2519,341,0,1,,,-1,,,6,"RAYYAN",1,,,0,0,1,"01",0,0,,0,0,1,"27626",,,1301.66,0,,"Z001",,,,,,0,,5000
"27626",,"06/12/26 00:00:00","252050",2,1800,0,0,0,,,0,0,0,0,0,2520,341,0,1,,,-1,,,7,"RAYYAN",1,,,0,0,1,"01",0,0,,0,0,1,"27626",,,1399.32,0,,"Z001",,,,,,0,,1800
"27626",,"06/12/26 00:00:00","1717",1,8000,0,0,0,,,0,0,0,0,0,2521,341,0,1,,,-1,,,8,"RAYYAN",1,,,0,0,1,"01",0,0,,0,0,1,"27626",,,3200,0,,"Z001",,,,,,0,,8000
"27626",,"06/12/26 00:00:00","262204",2,1160,0,0,0,,,0,0,0,0,0,2522,341,0,1,,,-1,,,9,"RAYYAN",1,,,0,0,1,"01",0,0,,0,0,1,"27626",,,-690,0,,"Z001",,,,,,0,,1160
"27626",,"06/12/26 00:00:00","251938",2,3500,0,0,0,,,0,0,0,0,0,2523,341,0,1,,,-1,,,10,"RAYYAN",1,,,0,0,1,"01",0,0,,0,0,1,"27626",,,1994.33,0,,"Z001",,,,,,0,,3500
"27626",,"06/12/26 00:00:00","241933",2,2500,0,0,0,,,0,0,0,0,0,2524,341,0,1,,,-1,,,11,"RAYYAN",1,,,0,0,1,"01",0,0,,0,0,1,"27626",,,1760.39,0,,"Z001",,,,,,0,,2500
"27626",,"06/12/26 00:00:00","201762",1,750,0,0,0,,,0,0,0,0,0,2525,341,0,1,,,-1,,,12,"RAYYAN",1,,,0,0,1,"01",0,0,,0,0,1,"27626",,,150,0,,"Z001",,,,,,0,,750
"27626",,"06/12/26 00:00:00","6616",2,250,0,0,0,,,0,0,0,0,0,2526,341,0,1,,,-1,,,13,"RAYYAN",1,,,0,0,1,"01",0,0,,0,0,1,"27626",,,117.9,0,,"Z001",,,,,,0,,250
"27626",,"06/12/26 00:00:00","862",1,250,0,0,0,,,0,0,0,0,0,2527,341,0,1,,,-1,,,14,"RAYYAN",1,,,0,0,1,"01",0,0,,0,0,1,"27626",,,130,0,,"Z001",,,,,,0,,250
"27626",,"06/12/26 00:00:00","5832",2,350,0,0,0,,,0,0,0,0,0,2528,341,0,1,,,-1,,,15,"RAYYAN",1,,,0,0,1,"01",0,0,,0,0,1,"27626",,,217.92,0,,"Z001",,,,,,0,,350
"27626",,"06/12/26 00:00:00","898",1,36000,0,0,0,,,0,0,0,0,0,2529,341,0,1,,,-1,,,16,"RAYYAN",1,,,0,0,1,"01",0,0,,0,0,1,"27626",,,11000,0,,"Z001",,,,,,0,,36000
"27726",,"06/13/26 00:00:00","262190",1,1300,0,0,0,,,0,0,0,0,0,2536,10024,0,1,,,-1,,,2,"RAYYAN",1,,,0,0,1,"01",0,0,,0,0,1,"27726",,,450,0,,"Z001",,,,,,0,,1300
"27726",,"06/13/26 00:00:00","262191",1,1600,0,0,0,,,0,0,0,0,0,2537,10024,0,1,,,-1,,,3,"RAYYAN",1,,,0,0,1,"01",0,0,,0,0,1,"27726",,,550,0,,"Z001",,,,,,0,,1600
"28526",,"06/18/26 00:00:00","6474",1,5700,0,63.333332,0,,,0,0,0,0,0,2634,10033,0,1,"28526",,-1,,,8,"RAYYAN",1,,,0,0,1,"01",0,0,,0,30000,1,"28526",,,1408.3,0,,"Z001",,,,,,0,,5700
"28526",,"06/18/26 00:00:00","858",1,2500,0,0,0,,,0,0,0,0,0,2635,10033,0,1,"28526",,-1,,,9,"RAYYAN",1,,,0,0,1,"01",0,0,,0,30000,1,"28526",,,1100,0,,"Z001",,,,,,0,,2500
"28526",,"06/18/26 00:00:00","241912",2,350,0,0,0,,,0,0,0,0,0,2636,10033,0,1,"28526",,-1,,,10,"RAYYAN",1,,,0,0,1,"01",0,0,,0,30000,1,"28526",,,283.43,0,,"Z001",,,,,,0,,350
"28526",,"06/18/26 00:00:00","262218",1,35000,0,0,0,,,0,0,0,0,0,2637,10033,0,1,"28526",,-1,,,11,"RAYYAN",1,,,0,0,1,"01",0,0,,0,30000,1,"28526",,,6000,0,,"Z001",,,,,,0,,35000
"28626",,"06/11/26 00:00:00","241931",1,3500,0,0,0,,,0,0,0,0,0,2639,10035,0,1,,,-1,,,1,"RAYYAN",1,,,0,0,1,"01",0,0,,0,0,1,"28626",,,1698,0,,"Z001",,,,,,0,,3500
"28626",,"06/11/26 00:00:00","252052",1,2500,0,0,0,,,0,0,0,0,0,2640,10035,0,1,,,-1,,,2,"RAYYAN",1,,,0,0,1,"01",0,0,,0,0,1,"28626",,,1846.43,0,,"Z001",,,,,,0,,2500
"28626",,"06/11/26 00:00:00","251944",1,2600,0,0,0,,,0,0,0,0,0,2641,10035,0,1,,,-1,,,3,"RAYYAN",1,,,0,0,1,"01",0,0,,0,0,1,"28626",,,1183.33,0,,"Z001",,,,,,0,,2600
"28626",,"06/11/26 00:00:00","241927",1,9000,0,0,0,,,0,0,0,0,0,2642,10035,0,1,,,-1,,,4,"RAYYAN",1,,,0,0,1,"01",0,0,,0,0,1,"28626",,,1200,0,,"Z001",,,,,,0,,9000
"28626",,"06/11/26 00:00:00","251969",2,850,0,0,0,,,0,0,0,0,0,2645,10035,0,1,,,-1,,,5,"RAYYAN",1,,,0,0,1,"01",0,0,,0,0,1,"28626",,,537.5,0,,"Z001",,,,,,0,,850
"28726",,"06/15/26 00:00:00","231903",0,350,4,2.5,0,,,0,0,0,0,0,2647,341,0,1,"28726",,-1,,,1,"RAYYAN",1,,,0,0,1,"01",0,0,,0,2710,1,"28726",,,0,2.5,,"Z001",,,,,,0,,350
"28726",,"06/15/26 00:00:00","252018",3,200,0,0,0,,,0,0,0,0,0,2648,341,0,1,"28726",,-1,,,2,"RAYYAN",1,,,0,0,1,"01",0,0,,0,2710,1,"28726",,,110,0,,"Z001",,,,,,0,,200
"28726",,"06/15/26 00:00:00","6365",1,120,0,0,0,,,0,0,0,0,0,2649,341,0,1,"28726",,-1,,,3,"RAYYAN",1,,,0,0,1,"01",0,0,,0,2710,1,"28726",,,119.39,0,,"Z001",,,,,,0,,120
"28726",,"06/15/26 00:00:00","6063",1,80,0,0,0,,,0,0,0,0,0,2650,341,0,1,"28726",,-1,,,4,"RAYYAN",1,,,0,0,1,"01",0,0,,0,2710,1,"28726",,,36.67,0,,"Z001",,,,,,0,,80
"28726",,"06/15/26 00:00:00","262179",1,200,0,0,0,,,0,0,0,0,0,2651,341,0,1,"28726",,-1,,,5,"RAYYAN",1,,,0,0,1,"01",0,0,,0,2710,1,"28726",,,80,0,,"Z001",,,,,,0,,200
"28726",,"06/15/26 00:00:00","262173",1,350,0,0,0,,,0,0,0,0,0,2652,341,0,1,"28726",,-1,,,6,"RAYYAN",1,,,0,0,1,"01",0,0,,0,2710,1,"28726",,,90,0,,"Z001",,,,,,0,,350
"28726",,"06/15/26 00:00:00","6616",1,250,0,0,0,,,0,0,0,0,0,2653,341,0,1,"28726",,-1,,,7,"RAYYAN",1,,,0,0,1,"01",0,0,,0,2710,1,"28726",,,117.9,0,,"Z001",,,,,,0,,250
"28726",,"06/15/26 00:00:00","262187",1,1100,0,0,0,,,0,0,0,0,0,2654,341,0,1,"28726",,-1,,,8,"RAYYAN",1,,,0,0,1,"01",0,0,,0,2710,1,"28726",,,520,0,,"Z001",,,,,,0,,1100
"28826",,"06/16/26 00:00:00","252045",4,100,0,0,0,,,0,0,0,0,0,2656,341,0,1,"28826",,-1,,,1,"RAYYAN",1,,,0,0,1,"01",0,0,,0,24100,1,"28826",,,60.83,0,,"Z001",,,,,,0,,100
"28826",,"06/16/26 00:00:00","262211",1,100,0,0,0,,,0,0,0,0,0,2657,341,0,1,"28826",,-1,,,2,"RAYYAN",1,,,0,0,1,"01",0,0,,0,24100,1,"28826",,,77,0,,"Z001",,,,,,0,,100
"26126",,"06/03/26 00:00:00","262093",0,9128,7,150,0,,,0,0,0,0,0,2727,341,0,1,"26126",,-1,,,11,"RAYYAN",1,,,0,0,1,"01",0,0,,0,11700,1,"26126",,,0,150,,"Z001",,,,,,0,,9128
"27926",,"06/13/26 00:00:00","6098",1,50,0,0,0,,,0,0,0,0,0,2729,341,0,1,"27926",,-1,,,13,"RAYYAN",1,,,0,0,1,"01",0,0,,0,76500,1,"27926",,,17.16,0,,"Z001",,,,,,0,,50
"30026",,"06/25/26 00:00:00","993",0,12300,11,250,0,,,0,1,0,0,0,2731,10002,0,1,"30026",,55,,,1,"RAYYAN",1,,,0,0,1,"01",0,0,,0,4350,1,"30026",,,0,250,,"Z001",,,,,,0,,12300
"30026",,"06/25/26 00:00:00","973",1,1250,0,0,0,,,0,1,0,0,0,2732,10002,0,1,"30026",,55,,,2,"RAYYAN",1,,,0,0,1,"01",0,0,,0,4350,1,"30026",,,500,0,,"Z001",,,,,,0,,1250
"30026",,"06/25/26 00:00:00","6588",1,350,0,0,0,,,0,1,0,0,0,2733,10002,0,1,"30026",,55,,,3,"RAYYAN",1,,,0,0,1,"01",0,0,,0,4350,1,"30026",,,5.56,0,,"Z001",,,,,,0,,350
"30126",,"06/26/26 00:00:00","6476",5,15000,0,150,0,,,0,0,0,0,0,2735,10025,0,1,,,-1,,,1,"RAYYAN",1,,,0,0,1,"01",0,0,,0,0,1,"30126",,,3619.35,0,,"Z001",,,,,,0,,15000
"30226",,"06/26/26 00:00:00","262072",1,36800,0,0,0,,,0,0,0,0,0,2737,10039,0,1,"30226",,-1,,,1,"ABDUL",1,,,0,0,1,"01",0,0,,0,38000,1,"30226",,,11450,0,,"Z001",,,,,,0,,36800
"30226",,"06/26/26 00:00:00","973",1,1200,0,0,0,,,0,0,0,0,0,2738,10039,0,1,"30226",,-1,,,2,"ABDUL",1,,,0,0,1,"01",0,0,,0,38000,1,"30226",,,450,0,,"Z001",,,,,,0,,1200
"30326",,"06/27/26 00:00:00","262144",1,48000,0,0,0,,,0,0,0,0,0,2741,365,0,1,"30326",,-1,,,1,"ABDUL",1,,,0,0,1,"01",0,0,,0,48000,1,"30326",,,8000,0,,"Z001",,,,,,0,,48000
"30426",,"02/21/26 00:00:00","5817",2,10500,0,0,0,,,0,0,0,0,0,2744,341,0,1,"30426",,-1,,,1,"ABDUL",1,,,0,0,1,"01",0,0,,0,23950,1,"30426",,,3200.16,0,,"Z001",,,,,,0,,10500
"30426",,"02/21/26 00:00:00","973",1,1500,0,0,0,,,0,0,0,0,0,2745,341,0,1,"30426",,-1,,,2,"ABDUL",1,,,0,0,1,"01",0,0,,0,23950,1,"30426",,,750,0,,"Z001",,,,,,0,,1500
"30426",,"02/21/26 00:00:00","262179",1,250,0,0,0,,,0,0,0,0,0,2746,341,0,1,"30426",,-1,,,3,"ABDUL",1,,,0,0,1,"01",0,0,,0,23950,1,"30426",,,130,0,,"Z001",,,,,,0,,250
"30426",,"02/21/26 00:00:00","252013",1,700,0,0,0,,,0,0,0,0,0,2747,341,0,1,"30426",,-1,,,4,"ABDUL",1,,,0,0,1,"01",0,0,,0,23950,1,"30426",,,183.8,0,,"Z001",,,,,,0,,700
"30426",,"02/21/26 00:00:00","6505",2,100,0,0,0,,,0,0,0,0,0,2748,341,0,1,"30426",,-1,,,5,"ABDUL",1,,,0,0,1,"01",0,0,,0,23950,1,"30426",,,29.83,0,,"Z001",,,,,,0,,100
"30426",,"02/21/26 00:00:00","6338",2,150,0,0,0,,,0,0,0,0,0,2749,341,0,1,"30426",,-1,,,6,"ABDUL",1,,,0,0,1,"01",0,0,,0,23950,1,"30426",,,50,0,,"Z001",,,,,,0,,150
"13526",,"02/24/26 00:00:00","6332",3,250,0,0,0,,,0,0,0,0,0,2751,341,0,1,"13526",,-1,,,16,"ABDUL",1,,,0,0,1,"01",0,0,,0,48440,1,"13526",,,60,0,,"Z001",,,,,,0,,250
"9826",,"01/27/26 00:00:00","252003",2,27000,0,0,0,,,0,0,0,0,0,2753,365,0,1,"9826",,-1,,,2,"ABDUL",1,,,0,0,1,"01",0,0,,0,115616.41,1,"9826",,,12550,0,,"Z001",,,,,,0,,27000
"9826",,"01/27/26 00:00:00","252005",1,35000,0,0,0,,,0,0,0,0,0,2754,365,0,1,"9826",,-1,,,3,"ABDUL",1,,,0,0,1,"01",0,0,,0,115616.41,1,"9826",,,10500,0,,"Z001",,,,,,0,,35000
"30526",,"06/25/26 00:00:00","262104",12,80,0,0,0,,,0,0,0,0,0,2757,341,0,1,"30526",,-1,,,1,"ABDUL",1,,,0,0,1,"01",0,0,,0,34410,1,"30526",,,40,0,,"Z001",,,,,,0,,80
"23426",,"05/19/26 00:00:00","6505",1,100,0,0,0,,,0,0,0,0,0,2140,341,0,1,"23426",,-1,,,3,"ABDUL",1,,,0,0,1,"01",0,0,,0,6250,1,"23426",,,29.83,0,,"Z001",,,,,,0,,100
"23426",,"05/19/26 00:00:00","6338",1,150,0,0,0,,,0,0,0,0,0,2141,341,0,1,"23426",,-1,,,4,"ABDUL",1,,,0,0,1,"01",0,0,,0,6250,1,"23426",,,50,0,,"Z001",,,,,,0,,150
"23526",,"05/20/26 00:00:00","262128",1,200,0,0,0,,,0,0,0,0,0,2143,341,0,1,"23526",,-1,,,1,"ABDUL",1,,,0,0,1,"01",0,0,,0,2205,1,"23526",,,106.9,0,,"Z001",,,,,,0,,200
"23526",,"05/20/26 00:00:00","252029",1,50,0,0,0,,,0,0,0,0,0,2144,341,0,1,"23526",,-1,,,2,"ABDUL",1,,,0,0,1,"01",0,0,,0,2205,1,"23526",,,25,0,,"Z001",,,,,,0,,50
"23526",,"05/20/26 00:00:00","1219",5,230,0,0,0,,,0,0,0,0,0,2145,341,0,1,"23526",,-1,,,3,"ABDUL",1,,,0,0,1,"01",0,0,,0,2205,1,"23526",,,56.05,0,,"Z001",,,,,,0,,230
"23526",,"05/20/26 00:00:00","6190",8,15,0,0,0,,,0,0,0,0,0,2146,341,0,1,"23526",,-1,,,4,"ABDUL",1,,,0,0,1,"01",0,0,,0,2205,1,"23526",,,10.68,0,,"Z001",,,,,,0,,15
"23526",,"05/20/26 00:00:00","6234",8,25,0,0,0,,,0,0,0,0,0,2147,341,0,1,"23526",,-1,,,5,"ABDUL",1,,,0,0,1,"01",0,0,,0,2205,1,"23526",,,6,0,,"Z001",,,,,,0,,25
"23526",,"05/20/26 00:00:00","231903",0,350,5,5,0,,,0,0,0,0,0,2148,341,0,1,"23526",,-1,,,6,"ABDUL",1,,,0,0,1,"01",0,0,,0,2205,1,"23526",,,0,5,,"Z001",,,,,,0,,350
"23526",,"05/20/26 00:00:00","1109",2,170,0,0,0,,,0,0,0,0,0,2149,341,0,1,"23526",,-1,,,7,"ABDUL",1,,,0,0,1,"01",0,0,,0,2205,1,"23526",,,40.19,0,,"Z001",,,,,,0,,170
"23926",,"05/21/26 00:00:00","262170",6,35,0,0,0,,,0,0,0,0,0,2178,341,0,1,"23926",,-1,,,9,"ABDUL",1,,,0,0,1,"01",0,0,,0,98750,1,"23926",,,25,0,,"Z001",,,,,,0,,35
"23926",,"05/21/26 00:00:00","241929",10,20,0,0,0,,,0,0,0,0,0,2179,341,0,1,"23926",,-1,,,10,"ABDUL",1,,,0,0,1,"01",0,0,,0,98750,1,"23926",,,12.59,0,,"Z001",,,,,,0,,20
"24026",,"05/24/26 00:00:00","6602",12,80,0,0,0,,,0,0,0,0,0,2183,10025,0,1,,,-1,,,1,"SAID",1,,,0,0,1,"01",0,0,,0,0,1,"24026",,,9.779999999999999,0,,"Z001",,,,,,0,,80
"24026",,"05/24/26 00:00:00","251985",38,80,0,0,0,,,0,0,0,0,0,2184,10025,0,1,,,-1,,,2,"SAID",1,,,0,0,1,"01",0,0,,0,0,1,"24026",,,27.5,0,,"Z001",,,,,,0,,80
"24026",,"05/24/26 00:00:00","252047",1,350,0,5,0,,,0,0,0,0,0,2185,10025,0,1,,,-1,,,3,"SAID",1,,,0,0,1,"01",0,0,,0,0,1,"24026",,,190,0,,"Z001",,,,,,0,,350
"24026",,"05/24/26 00:00:00","252048",1,350,0,5,0,,,0,0,0,0,0,2186,10025,0,1,,,-1,,,4,"SAID",1,,,0,0,1,"01",0,0,,0,0,1,"24026",,,170,0,,"Z001",,,,,,0,,350
"24126",,"05/13/26 00:00:00","6591",1,5000,0,0,0,,,0,0,0,0,0,2188,367,0,1,,,-1,,,1,"ABDUL",1,,,0,0,1,"01",0,0,,0,0,1,"24126",,,1370.53,0,,"Z001",,,,,,0,,5000
"23926",,"05/21/26 00:00:00","262100",1,300,0,0,0,,,0,0,0,0,0,2190,341,0,1,"23926",,-1,,,11,"ABDUL",1,,,0,0,1,"01",0,0,,0,98750,1,"23926",,,140,0,,"Z001",,,,,,0,,300
"23926",,"05/21/26 00:00:00","241923",1,450,0,0,0,,,0,0,0,0,0,2191,341,0,1,"23926",,-1,,,12,"ABDUL",1,,,0,0,1,"01",0,0,,0,98750,1,"23926",,,170,0,,"Z001",,,,,,0,,450
"24726",,"03/30/26 00:00:00","6334",10,350,0,0,0,,,0,0,0,0,0,2241,10026,0,1,,,-1,,,10,"RAYYAN",1,,,0,0,1,"01",0,0,,0,0,1,"24726",,,90.41,0,,"Z001",,,,,,0,,350
"29626",,"06/20/26 00:00:00","1400",8,2.5,0,0,0,,,0,0,0,0,0,2705,341,0,1,"29626",,-1,,,4,"RAYYAN",1,,,0,0,1,"01",0,0,,0,3060,1,"29626",,,1.97,0,,"Z001",,,,,,0,,2.5
"29626",,"06/20/26 00:00:00","262200",1,400,0,0,0,,,0,0,0,0,0,2706,341,0,1,"29626",,-1,,,5,"RAYYAN",1,,,0,0,1,"01",0,0,,0,3060,1,"29626",,,220,0,,"Z001",,,,,,0,,400
"29626",,"06/20/26 00:00:00","262240",3,100,0,0,0,,,0,0,0,0,0,2707,341,0,1,"29626",,-1,,,6,"RAYYAN",1,,,0,0,1,"01",0,0,,0,3060,1,"29626",,,65,0,,"Z001",,,,,,0,,100
"29626",,"06/20/26 00:00:00","262208",1,1400,0,0,0,,,0,0,0,0,0,2708,341,0,1,"29626",,-1,,,7,"RAYYAN",1,,,0,0,1,"01",0,0,,0,3060,1,"29626",,,600,0,,"Z001",,,,,,0,,1400
"29626",,"06/20/26 00:00:00","262199",1,100,0,0,0,,,0,0,0,0,0,2709,341,0,1,"29626",,-1,,,8,"RAYYAN",1,,,0,0,1,"01",0,0,,0,3060,1,"29626",,,55,0,,"Z001",,,,,,0,,100
"29626",,"06/20/26 00:00:00","6584",2,120,0,0,0,,,0,0,0,0,0,2710,341,0,1,"29626",,-1,,,9,"RAYYAN",1,,,0,0,1,"01",0,0,,0,3060,1,"29626",,,30.29,0,,"Z001",,,,,,0,,120
"29726",,"06/21/26 00:00:00","262126",2,200,0,0,0,,,0,0,0,0,0,2712,341,0,1,"29726",,-1,,,1,"RAYYAN",1,,,0,0,1,"01",0,0,,0,2600,1,"29726",,,140,0,,"Z001",,,,,,0,,200
"29726",,"06/21/26 00:00:00","262114",1,2200,0,0,0,,,0,0,0,0,0,2713,341,0,1,"29726",,-1,,,2,"RAYYAN",1,,,0,0,1,"01",0,0,,0,2600,1,"29726",,,1160,0,,"Z001",,,,,,0,,2200
"29826",,"06/22/26 00:00:00","6505",2,100,0,0,0,,,0,0,0,0,0,2715,341,0,1,"29826",,-1,,,1,"RAYYAN",1,,,0,0,1,"01",0,0,,0,2760,1,"29826",,,29.83,0,,"Z001",,,,,,0,,100
"29826",,"06/22/26 00:00:00","5796",1,2500,0,0,0,,,0,0,0,0,0,2716,341,0,1,"29826",,-1,,,2,"RAYYAN",1,,,0,0,1,"01",0,0,,0,2760,1,"29826",,,98,0,,"Z001",,,,,,0,,2500
"29826",,"06/22/26 00:00:00","1692",0,250,6,10,0,,,0,0,0,0,0,2717,341,0,1,"29826",,-1,,,3,"RAYYAN",1,,,0,0,1,"01",0,0,,0,2760,1,"29826",,,0,10,,"Z001",,,,,,0,,250
"29926",,"06/24/26 00:00:00","262182",1,50,0,0,0,,,0,0,0,0,0,2719,341,0,1,"29926",,-1,,,1,"RAYYAN",1,,,0,0,1,"01",0,0,,0,7250,1,"29926",,,30,0,,"Z001",,,,,,0,,50
"29926",,"06/24/26 00:00:00","251942",1,400,0,0,0,,,0,0,0,0,0,2720,341,0,1,"29926",,-1,,,2,"RAYYAN",1,,,0,0,1,"01",0,0,,0,7250,1,"29926",,,175.52,0,,"Z001",,,,,,0,,400
"29926",,"06/24/26 00:00:00","1078",1,1300,0,0,0,,,0,0,0,0,0,2721,341,0,1,"29926",,-1,,,3,"RAYYAN",1,,,0,0,1,"01",0,0,,0,7250,1,"29926",,,400,0,,"Z001",,,,,,0,,1300
"29926",,"06/24/26 00:00:00","6338",2,150,0,0,0,,,0,0,0,0,0,2722,341,0,1,"29926",,-1,,,4,"RAYYAN",1,,,0,0,1,"01",0,0,,0,7250,1,"29926",,,50,0,,"Z001",,,,,,0,,150
"29926",,"06/24/26 00:00:00","6619",0,13500,10,200,0,,,0,0,0,0,0,2723,341,0,1,"29926",,-1,,,5,"RAYYAN",1,,,0,0,1,"01",0,0,,0,7250,1,"29926",,,0,74.06,,"Z001",,,,,,0,,13500
"29926",,"06/24/26 00:00:00","791",2,1550,0,0,0,,,0,0,0,0,0,2724,341,0,1,"29926",,-1,,,6,"RAYYAN",1,,,0,0,1,"01",0,0,,0,7250,1,"29926",,,611.36,0,,"Z001",,,,,,0,,1550
"29926",,"06/24/26 00:00:00","6505",1,100,0,0,0,,,0,0,0,0,0,2725,341,0,1,"29926",,-1,,,7,"RAYYAN",1,,,0,0,1,"01",0,0,,0,7250,1,"29926",,,29.83,0,,"Z001",,,,,,0,,100
"30526",,"06/25/26 00:00:00","262237",0,10800,5,120,0,,,0,0,0,0,0,2758,341,0,1,"30526",,-1,,,2,"ABDUL",1,,,0,0,1,"01",0,0,,0,34410,1,"30526",,,0,120,,"Z001",,,,,,0,,10800
"30926",,"06/29/26 00:00:00","262086",1,350,0,0,0,,,0,0,0,0,0,2885,355,0,1,,,-1,,,11,"RAYYAN",1,,,0,0,1,"01",0,0,,0,0,1,"30926",,,222,0,,"Z001",,,,,,0,,350
"32326",,"07/06/26 00:00:00","252049",1,23500,0,0,0,,,0,0,0,0,0,2891,341,0,1,"32326",,-1,,,1,"RAYYAN",1,,,0,0,1,"01",0,0,,0,31400,1,"32326",,,10325,0,,"Z001",,,,,,0,,23500
"32326",,"07/06/26 00:00:00","252047",0,350,8,5,0,,,0,0,0,0,0,2892,341,0,1,"32326",,-1,,,2,"RAYYAN",1,,,0,0,1,"01",0,0,,0,31400,1,"32326",,,0,5,,"Z001",,,,,,0,,350
"32326",,"07/06/26 00:00:00","252065",4,15,0,0,0,,,0,0,0,0,0,2893,341,0,1,"32326",,-1,,,3,"RAYYAN",1,,,0,0,1,"01",0,0,,0,31400,1,"32326",,,9,0,,"Z001",,,,,,0,,15
"32326",,"07/06/26 00:00:00","6498",0,6000,3,100,0,,,0,0,0,0,0,2894,341,0,1,"32326",,-1,,,4,"RAYYAN",1,,,0,0,1,"01",0,0,,0,31400,1,"32326",,,0,100,,"Z001",,,,,,0,,6000
"32326",,"07/06/26 00:00:00","1032",1,500,0,0,0,,,0,0,0,0,0,2895,341,0,1,"32326",,-1,,,5,"RAYYAN",1,,,0,0,1,"01",0,0,,0,31400,1,"32326",,,117.78,0,,"Z001",,,,,,0,,500
"32326",,"07/06/26 00:00:00","262146",0,8149,50,140,0,,,0,0,0,0,0,2897,341,0,1,"32326",,-1,,,6,"RAYYAN",1,,,0,0,1,"01",0,0,,0,31400,1,"32326",,,0,140,,"Z001",,,,,,0,,8149
"32426",,"05/30/26 00:00:00","262069",1,26000,0,0,0,,,0,0,0,0,0,2899,365,0,1,"32426",,-1,,,1,"RAYYAN",1,,,0,0,1,"01",0,0,,0,26000,1,"32426",,,478.58,0,,"Z001",,,,,,0,,26000
"32526",,"06/08/26 00:00:00","262069",1,26000,0,0,0,,,0,0,0,0,0,2901,365,0,1,"32526",,-1,,,1,"RAYYAN",1,,,0,0,1,"01",0,0,,0,26000,1,"32526",,,687.15,0,,"Z001",,,,,,0,,26000
"32626",,"06/10/26 00:00:00","262228",1,95000,0,0,0,,,0,0,0,0,0,2906,10043,0,1,,,-1,,,2,"RAYYAN",1,,,0,0,1,"01",0,0,,0,0,1,"32626",,,20000,0,,"Z001",,,,,,0,,95000
"32726",,"05/02/26 00:00:00","262255",1,98000,0,0,0,,,0,0,0,0,0,2909,10043,0,1,,,-1,,,1,"RAYYAN",1,,,0,0,1,"01",0,0,,0,0,1,"32726",,,20000,0,,"Z001",,,,,,0,,98000
"32826",,"07/07/26 00:00:00","6555",2,75000,0,0,0,,,0,0,0,0,0,2911,365,0,1,"32826",,-1,,,1,"RAYYAN",1,,,0,0,1,"01",0,0,,0,150000,1,"32826",,,5000,0,,"Z001",,,,,,0,,75000
"32926",,"07/07/26 00:00:00","6477",23,26000,0,255.55556,0,,,0,0,0,0,0,2913,10025,0,1,,,-1,,,1,"RAYYAN",1,,,0,0,1,"01",0,0,,0,0,1,"32926",,,2840.09,0,,"Z001",,,,,,0,,26000
"33026",,"07/04/26 00:00:00","262197",1,350,0,0,0,,,0,0,0,0,0,2915,341,0,1,"33026",,-1,,,1,"SAID",1,,,0,0,1,"01",0,0,,0,195110,1,"33026",,,170,0,,"Z001",,,,,,0,,350
"33026",,"07/04/26 00:00:00","262104",10,70,0,0,0,,,0,0,0,0,0,2916,341,0,1,"33026",,-1,,,2,"SAID",1,,,0,0,1,"01",0,0,,0,195110,1,"33026",,,30,0,,"Z001",,,,,,0,,70
"33026",,"07/04/26 00:00:00","6030",2,130,0,0,0,,,0,0,0,0,0,2917,341,0,1,"33026",,-1,,,3,"SAID",1,,,0,0,1,"01",0,0,,0,195110,1,"33026",,,41.76,0,,"Z001",,,,,,0,,130
"33026",,"07/04/26 00:00:00","252043",1,150,0,0,0,,,0,0,0,0,0,2918,341,0,1,"33026",,-1,,,4,"SAID",1,,,0,0,1,"01",0,0,,0,195110,1,"33026",,,43,0,,"Z001",,,,,,0,,150
"33026",,"07/04/26 00:00:00","252042",1,150,0,0,0,,,0,0,0,0,0,2919,341,0,1,"33026",,-1,,,5,"SAID",1,,,0,0,1,"01",0,0,,0,195110,1,"33026",,,72,0,,"Z001",,,,,,0,,150
"33026",,"07/04/26 00:00:00","262194",1,700,0,0,0,,,0,0,0,0,0,2920,341,0,1,"33026",,-1,,,6,"SAID",1,,,0,0,1,"01",0,0,,0,195110,1,"33026",,,250,0,,"Z001",,,,,,0,,700
"30526",,"06/25/26 00:00:00","252004",1,30500,0,0,0,,,0,0,0,0,0,2759,341,0,1,"30526",,-1,,,3,"ABDUL",1,,,0,0,1,"01",0,0,,0,34410,1,"30526",,,10900,0,,"Z001",,,,,,0,,30500
"30526",,"06/25/26 00:00:00","973",1,1500,0,0,0,,,0,0,0,0,0,2760,341,0,1,"30526",,-1,,,4,"ABDUL",1,,,0,0,1,"01",0,0,,0,34410,1,"30526",,,750,0,,"Z001",,,,,,0,,1500
"30526",,"06/25/26 00:00:00","262195",1,850,0,0,0,,,0,0,0,0,0,2761,341,0,1,"30526",,-1,,,5,"ABDUL",1,,,0,0,1,"01",0,0,,0,34410,1,"30526",,,300,0,,"Z001",,,,,,0,,850
"30626",,"06/26/26 00:00:00","847",2,600,0,0,0,,,0,0,0,0,0,2763,341,0,1,"30626",,-1,,,1,"ABDUL",1,,,0,0,1,"01",0,0,,0,2190,1,"30626",,,302.51,0,,"Z001",,,,,,0,,600
"30626",,"06/26/26 00:00:00","787",0,6200,1,100,0,,,0,0,0,0,0,2764,341,0,1,"30626",,-1,,,2,"ABDUL",1,,,0,0,1,"01",0,0,,0,2190,1,"30626",,,0,54.49,,"Z001",,,,,,0,,6200
"30626",,"06/26/26 00:00:00","201761",1,550,0,0,0,,,0,0,0,0,0,2765,341,0,1,"30626",,-1,,,3,"ABDUL",1,,,0,0,1,"01",0,0,,0,2190,1,"30626",,,179.99,0,,"Z001",,,,,,0,,550
"30626",,"06/26/26 00:00:00","252061",1,100,0,0,0,,,0,0,0,0,0,2766,341,0,1,"30626",,-1,,,4,"ABDUL",1,,,0,0,1,"01",0,0,,0,2190,1,"30626",,,30,0,,"Z001",,,,,,0,,100
"30626",,"06/26/26 00:00:00","6030",2,120,0,0,0,,,0,0,0,0,0,2767,341,0,1,"30626",,-1,,,5,"ABDUL",1,,,0,0,1,"01",0,0,,0,2190,1,"30626",,,31.76,0,,"Z001",,,,,,0,,120
"30726",,"06/27/26 00:00:00","262163",1,200,0,0,0,,,0,0,0,0,0,2769,341,0,1,"30726",,-1,,,1,"ABDUL",1,,,0,0,1,"01",0,0,,0,16700,1,"30726",,,110,0,,"Z001",,,,,,0,,200
"30726",,"06/27/26 00:00:00","262230",1,1375,0,0,0,,,0,0,0,0,0,2770,341,0,1,"30726",,-1,,,2,"ABDUL",1,,,0,0,1,"01",0,0,,0,16700,1,"30726",,,1011,0,,"Z001",,,,,,0,,1375
"30726",,"06/27/26 00:00:00","1717",1,8000,0,0,0,,,0,0,0,0,0,2771,341,0,1,"30726",,-1,,,3,"ABDUL",1,,,0,0,1,"01",0,0,,0,16700,1,"30726",,,3200,0,,"Z001",,,,,,0,,8000
"30726",,"06/27/26 00:00:00","6272",2,12.5,0,0,0,,,0,0,0,0,0,2772,341,0,1,"30726",,-1,,,4,"ABDUL",1,,,0,0,1,"01",0,0,,0,16700,1,"30726",,,6.5,0,,"Z001",,,,,,0,,12.5
"30726",,"06/27/26 00:00:00","862",4,200,0,0,0,,,0,0,0,0,0,2773,341,0,1,"30726",,-1,,,5,"ABDUL",1,,,0,0,1,"01",0,0,,0,16700,1,"30726",,,80,0,,"Z001",,,,,,0,,200
"30726",,"06/27/26 00:00:00","262089",4,200,0,0,0,,,0,0,0,0,0,2774,341,0,1,"30726",,-1,,,6,"ABDUL",1,,,0,0,1,"01",0,0,,0,16700,1,"30726",,,120,0,,"Z001",,,,,,0,,200
"30726",,"06/27/26 00:00:00","6602",1,100,0,0,0,,,0,0,0,0,0,2775,341,0,1,"30726",,-1,,,7,"ABDUL",1,,,0,0,1,"01",0,0,,0,16700,1,"30726",,,29.78,0,,"Z001",,,,,,0,,100
"30726",,"06/27/26 00:00:00","6498",0,6000,4,100,0,,,0,0,0,0,0,2776,341,0,1,"30726",,-1,,,8,"ABDUL",1,,,0,0,1,"01",0,0,,0,16700,1,"30726",,,0,100,,"Z001",,,,,,0,,6000
"30726",,"06/27/26 00:00:00","6613",2,2500,0,0,0,,,0,0,0,0,0,2777,341,0,1,"30726",,-1,,,9,"ABDUL",1,,,0,0,1,"01",0,0,,0,16700,1,"30726",,,1067.11,0,,"Z001",,,,,,0,,2500
"30826",,"06/29/26 00:00:00","262257",1,200000,0,0,0,,,0,0,0,0,0,2779,10040,0,1,,,-1,,,1,"SAID",1,,,0,0,1,"01",0,0,,0,0,1,"30826",,,44000,0,,"Z001",,,,,,0,,200000
"30826",,"06/29/26 00:00:00","241916",1,200000,0,0,0,,,0,0,0,0,0,2780,10040,0,1,,,-1,,,2,"SAID",1,,,0,0,1,"01",0,0,,0,0,1,"30826",,,50666.67,0,,"Z001",,,,,,0,,200000
"30826",,"06/29/26 00:00:00","241931",1,3500,0,0,0,,,0,0,0,0,0,2781,10040,0,1,,,-1,,,3,"SAID",1,,,0,0,1,"01",0,0,,0,0,1,"30826",,,1698,0,,"Z001",,,,,,0,,3500
"30826",,"06/29/26 00:00:00","251953",1,3300,0,0,0,,,0,0,0,0,0,2782,10040,0,1,,,-1,,,4,"SAID",1,,,0,0,1,"01",0,0,,0,0,1,"30826",,,2581.63,0,,"Z001",,,,,,0,,3300
"30826",,"06/29/26 00:00:00","251944",1,2600,0,0,0,,,0,0,0,0,0,2783,10040,0,1,,,-1,,,5,"SAID",1,,,0,0,1,"01",0,0,,0,0,1,"30826",,,1183.33,0,,"Z001",,,,,,0,,2600
"30826",,"06/29/26 00:00:00","6364",1,300,0,100,0,,,0,0,0,0,0,2784,10040,0,1,,,-1,,,6,"SAID",1,,,0,0,1,"01",0,0,,0,0,1,"30826",,,143.67,0,,"Z001",,,,,,0,,300
"30826",,"06/29/26 00:00:00","251991",0,500,20,10,0,,,0,0,0,0,0,2785,10040,0,1,,,-1,,,7,"SAID",1,,,0,0,1,"01",0,0,,0,0,1,"30826",,,0,10,,"Z001",,,,,,0,,500
"30826",,"06/29/26 00:00:00","6063",4,80,0,0,0,,,0,0,0,0,0,2786,10040,0,1,,,-1,,,8,"SAID",1,,,0,0,1,"01",0,0,,0,0,1,"30826",,,36.67,0,,"Z001",,,,,,0,,80
"30826",,"06/29/26 00:00:00","252036",1,350,0,350,0,,,0,0,0,0,0,2787,10040,0,1,,,-1,,,9,"SAID",1,,,0,0,1,"01",0,0,,0,0,1,"30826",,,115,0,,"Z001",,,,,,0,,350
"30926",,"06/29/26 00:00:00","6590",1,250,0,0,0,,,0,0,0,0,0,2789,355,0,1,,,-1,,,1,"RAYYAN",1,,,0,0,1,"01",0,0,,0,0,1,"30926",,,101.58,0,,"Z001",,,,,,0,,250
"30926",,"06/29/26 00:00:00","6585",2,170,0,0,0,,,0,0,0,0,0,2790,355,0,1,,,-1,,,2,"RAYYAN",1,,,0,0,1,"01",0,0,,0,0,1,"30926",,,41.41,0,,"Z001",,,,,,0,,170
"30926",,"06/29/26 00:00:00","6587",2,200,0,0,0,,,0,0,0,0,0,2791,355,0,1,,,-1,,,3,"RAYYAN",1,,,0,0,1,"01",0,0,,0,0,1,"30926",,,65,0,,"Z001",,,,,,0,,200
"30926",,"06/29/26 00:00:00","6602",2,100,0,0,0,,,0,0,0,0,0,2792,355,0,1,,,-1,,,4,"RAYYAN",1,,,0,0,1,"01",0,0,,0,0,1,"30926",,,29.78,0,,"Z001",,,,,,0,,100
"30926",,"06/29/26 00:00:00","251990",1,100,0,0,0,,,0,0,0,0,0,2793,355,0,1,,,-1,,,5,"RAYYAN",1,,,0,0,1,"01",0,0,,0,0,1,"30926",,,40,0,,"Z001",,,,,,0,,100
"30926",,"06/29/26 00:00:00","252047",0,350,10,5,0,,,0,0,0,0,0,2794,355,0,1,,,-1,,,6,"RAYYAN",1,,,0,0,1,"01",0,0,,0,0,1,"30926",,,0,5,,"Z001",,,,,,0,,350
"30926",,"06/29/26 00:00:00","6511",1,3500,0,0,0,,,0,0,0,0,0,2795,355,0,1,,,-1,,,7,"RAYYAN",1,,,0,0,1,"01",0,0,,0,0,1,"30926",,,338.13,0,,"Z001",,,,,,0,,3500
"30926",,"06/29/26 00:00:00","5692",1,3500,0,0,0,,,0,0,0,0,0,2796,355,0,1,,,-1,,,8,"RAYYAN",1,,,0,0,1,"01",0,0,,0,0,1,"30926",,,640.28,0,,"Z001",,,,,,0,,3500
"30926",,"06/29/26 00:00:00","6586",1,220,0,0,0,,,0,0,0,0,0,2797,355,0,1,,,-1,,,9,"RAYYAN",1,,,0,0,1,"01",0,0,,0,0,1,"30926",,,56.36,0,,"Z001",,,,,,0,,220
"30926",,"06/29/26 00:00:00","5969",1,30,0,0,0,,,0,0,0,0,0,2798,355,0,1,,,-1,,,10,"RAYYAN",1,,,0,0,1,"01",0,0,,0,0,1,"30926",,,12.02,0,,"Z001",,,,,,0,,30
"31026",,"06/30/26 00:00:00","262250",4,3360,0,0,0,,,0,0,0,0,0,2800,365,0,1,"31026",,-1,,,1,"ABDUL",1,,,0,0,1,"01",0,0,,0,14580,1,"31026",,,1.75,0,,"Z001",,,,,,0,,3360
"31026",,"06/30/26 00:00:00","262251",3,380,0,0,0,,,0,0,0,0,0,2801,365,0,1,"31026",,-1,,,2,"ABDUL",1,,,0,0,1,"01",0,0,,0,14580,1,"31026",,,4.75,0,,"Z001",,,,,,0,,380
"31126",,"06/29/26 00:00:00","262070",1,36000,0,0,0,,,0,0,0,0,0,2803,341,0,1,"31126",,-1,,,1,"ABDUL",1,,,0,0,1,"01",0,0,,0,70030,1,"31126",,,9561.110000000001,0,,"Z001",,,,,,0,,36000
"31126",,"06/29/26 00:00:00","262256",1,41000,0,0,0,,,0,0,0,0,0,2804,341,0,1,"31126",,-1,,,2,"ABDUL",1,,,0,0,1,"01",0,0,,0,70030,1,"31126",,,11000,0,,"Z001",,,,,,0,,41000
"31126",,"06/29/26 00:00:00","262237",0,8532,8,120,0,,,0,0,0,0,0,2805,341,0,1,"31126",,-1,,,3,"ABDUL",1,,,0,0,1,"01",0,0,,0,70030,1,"31126",,,0,120,,"Z001",,,,,,0,,8532
"31126",,"06/29/26 00:00:00","221881",0,800,1,80,0,,,0,0,0,0,0,2806,341,0,1,"31126",,-1,,,4,"ABDUL",1,,,0,0,1,"01",0,0,,0,70030,1,"31126",,,0,80,,"Z001",,,,,,0,,800
"31126",,"06/29/26 00:00:00","6564",1,1600,0,0,0,,,0,0,0,0,0,2807,341,0,1,"31126",,-1,,,5,"ABDUL",1,,,0,0,1,"01",0,0,,0,70030,1,"31126",,,900,0,,"Z001",,,,,,0,,1600
"31126",,"06/29/26 00:00:00","6030",3,130,0,0,0,,,0,0,0,0,0,2808,341,0,1,"31126",,-1,,,6,"ABDUL",1,,,0,0,1,"01",0,0,,0,70030,1,"31126",,,41.76,0,,"Z001",,,,,,0,,130
"31226",,"06/30/26 00:00:00","6585",1,170,0,0,0,,,0,0,0,0,0,2810,341,0,1,"31226",,-1,,,1,"ABDUL",1,,,0,0,1,"01",0,0,,0,24720,1,"31226",,,41.41,0,,"Z001",,,,,,0,,170
"31226",,"06/30/26 00:00:00","241912",1,300,0,0,0,,,0,0,0,0,0,2811,341,0,1,"31226",,-1,,,2,"ABDUL",1,,,0,0,1,"01",0,0,,0,24720,1,"31226",,,233.43,0,,"Z001",,,,,,0,,300
"31226",,"06/30/26 00:00:00","262222",7,1650,0,0,0,,,0,0,0,0,0,2812,341,0,1,"31226",,-1,,,3,"ABDUL",1,,,0,0,1,"01",0,0,,0,24720,1,"31226",,,500,0,,"Z001",,,,,,0,,1650
"31226",,"06/30/26 00:00:00","262249",1,10000,0,0,0,,,0,0,0,0,0,2813,341,0,1,"31226",,-1,,,4,"ABDUL",1,,,0,0,1,"01",0,0,,0,24720,1,"31226",,,8539,0,,"Z001",,,,,,0,,10000
"31226",,"06/30/26 00:00:00","262263",1,2000,0,0,0,,,0,0,0,0,0,2814,341,0,1,"31226",,-1,,,5,"ABDUL",1,,,0,0,1,"01",0,0,,0,24720,1,"31226",,,295,0,,"Z001",,,,,,0,,2000
"31226",,"06/30/26 00:00:00","1549",1,300,0,0,0,,,0,0,0,0,0,2815,341,0,1,"31226",,-1,,,6,"ABDUL",1,,,0,0,1,"01",0,0,,0,24720,1,"31226",,,167,0,,"Z001",,,,,,0,,300
"31226",,"06/30/26 00:00:00","262235",0,3177,4,50,0,,,0,0,0,0,0,2816,341,0,1,"31226",,-1,,,7,"ABDUL",1,,,0,0,1,"01",0,0,,0,24720,1,"31226",,,0,14.7,,"Z001",,,,,,0,,3177
"31226",,"06/30/26 00:00:00","262209",4,25,0,0,0,,,0,0,0,0,0,2817,341,0,1,"31226",,-1,,,8,"ABDUL",1,,,0,0,1,"01",0,0,,0,24720,1,"31226",,,21.67,0,,"Z001",,,,,,0,,25
"31226",,"06/30/26 00:00:00","262210",4,25,0,0,0,,,0,0,0,0,0,2818,341,0,1,"31226",,-1,,,9,"ABDUL",1,,,0,0,1,"01",0,0,,0,24720,1,"31226",,,20.83,0,,"Z001",,,,,,0,,25
"31326",,"02/08/26 00:00:00","241910",4,15000,0,250,0,,,0,0,0,0,0,2821,365,0,1,"31326",,-1,,,1,"ABDUL",1,,,0,0,1,"01",0,0,,0,60000,1,"31326",,,4780.05,0,,"Z001",,,,,,0,,15000
"20426",,"04/13/26 00:00:00","241926",1,78690.531,0,0,0,,,0,0,0,0,0,2823,365,0,1,"20426",,-1,,,1,"RAYYAN",1,,,0,0,1,"01",0,0,,0,182690.53,1,"20426",,,-1309.47,0,,"Z001",,,,,,0,,78690.531
"31426",,"07/02/26 00:00:00","5817",6,8800,0,0,0,,,0,0,0,0,0,2826,10041,0,1,"31426",,-1,,,2,"RAYYAN",1,,,0,0,1,"01",0,0,,0,954486.22,1,"31426",,,449.41,0,,"Z001",,,,,,0,,8800
"31426",,"07/02/26 00:00:00","6192",1,6,0,0,0,,,0,0,0,0,0,2827,10041,0,1,"31426",,-1,,,3,"RAYYAN",1,,,0,0,1,"01",0,0,,0,954486.22,1,"31426",,,3.47,0,,"Z001",,,,,,0,,6
"35326",,"07/14/26 00:00:00","252061",2,130,0,0,0,,,0,0,0,0,0,3115,341,0,1,"35326",,-1,,,5,"ABDUL",1,,,0,0,1,"01",0,0,,0,36850,1,"35326",,,60,0,,"Z001",,,,,,0,,130
"35326",,"07/14/26 00:00:00","262235",5,3500,0,0,0,,,0,0,0,0,0,3116,341,0,1,"35326",,-1,,,6,"ABDUL",1,,,0,0,1,"01",0,0,,0,36850,1,"35326",,,323,0,,"Z001",,,,,,0,,3500
"35326",,"07/14/26 00:00:00","6334",1,350,0,0,0,,,0,0,0,0,0,3117,341,0,1,"35326",,-1,,,7,"ABDUL",1,,,0,0,1,"01",0,0,,0,36850,1,"35326",,,70.66,0,,"Z001",,,,,,0,,350
"35326",,"07/14/26 00:00:00","6584",2,120,0,0,0,,,0,0,0,0,0,3118,341,0,1,"35326",,-1,,,8,"ABDUL",1,,,0,0,1,"01",0,0,,0,36850,1,"35326",,,30.29,0,,"Z001",,,,,,0,,120
"35326",,"07/14/26 00:00:00","241920",1,2800,0,0,0,,,0,0,0,0,0,3119,341,0,1,"35326",,-1,,,9,"ABDUL",1,,,0,0,1,"01",0,0,,0,36850,1,"35326",,,800,0,,"Z001",,,,,,0,,2800
"35426",,"07/15/26 00:00:00","262235",2,3500,0,0,0,,,0,0,0,0,0,3121,341,0,1,"35426",,-1,,,1,"ABDUL",1,,,0,0,1,"01",0,0,,0,38150,1,"35426",,,323,0,,"Z001",,,,,,0,,3500
"35426",,"07/15/26 00:00:00","6333",2,350,0,0,0,,,0,0,0,0,0,3122,341,0,1,"35426",,-1,,,2,"ABDUL",1,,,0,0,1,"01",0,0,,0,38150,1,"35426",,,120,0,,"Z001",,,,,,0,,350
"35426",,"07/15/26 00:00:00","6587",1,200,0,0,0,,,0,0,0,0,0,3123,341,0,1,"35426",,-1,,,3,"ABDUL",1,,,0,0,1,"01",0,0,,0,38150,1,"35426",,,65,0,,"Z001",,,,,,0,,200
"35426",,"07/15/26 00:00:00","6338",1,150,0,0,0,,,0,0,0,0,0,3124,341,0,1,"35426",,-1,,,4,"ABDUL",1,,,0,0,1,"01",0,0,,0,38150,1,"35426",,,50,0,,"Z001",,,,,,0,,150
"35426",,"07/15/26 00:00:00","999",1,9300,0,0,0,,,0,0,0,0,0,3125,341,0,1,"35426",,-1,,,5,"ABDUL",1,,,0,0,1,"01",0,0,,0,38150,1,"35426",,,3000,0,,"Z001",,,,,,0,,9300
"35426",,"07/15/26 00:00:00","262083",5,520,0,0,0,,,0,0,0,0,0,3126,341,0,1,"35426",,-1,,,6,"ABDUL",1,,,0,0,1,"01",0,0,,0,38150,1,"35426",,,147.65,0,,"Z001",,,,,,0,,520
"35426",,"07/15/26 00:00:00","1178",1,15500,0,0,0,,,0,0,0,0,0,3127,341,0,1,"35426",,-1,,,7,"ABDUL",1,,,0,0,1,"01",0,0,,0,38150,1,"35426",,,2015,0,,"Z001",,,,,,0,,15500
"35426",,"07/15/26 00:00:00","1716",1,2700,0,0,0,,,0,0,0,0,0,3128,341,0,1,"35426",,-1,,,8,"ABDUL",1,,,0,0,1,"01",0,0,,0,38150,1,"35426",,,-132.99,0,,"Z001",,,,,,0,,2700
"35526",,"07/16/26 00:00:00","1084",0,6800,6,110,0,,,0,0,0,0,0,3131,341,0,1,"35526",,-1,,,1,"ABDUL",1,,,0,0,1,"01",0,0,,0,86010,1,"35526",,,0,60.69,,"Z001",,,,,,0,,6800
"35526",,"07/16/26 00:00:00","1032",1,550,0,0,0,,,0,0,0,0,0,3132,341,0,1,"35526",,-1,,,2,"ABDUL",1,,,0,0,1,"01",0,0,,0,86010,1,"35526",,,167.78,0,,"Z001",,,,,,0,,550
"35526",,"07/16/26 00:00:00","1471",1,12500,0,0,0,,,0,0,0,0,0,3133,341,0,1,"35526",,-1,,,3,"ABDUL",1,,,0,0,1,"01",0,0,,0,86010,1,"35526",,,1700,0,,"Z001",,,,,,0,,12500
"35526",,"07/16/26 00:00:00","1034",1,350,0,0,0,,,0,0,0,0,0,3134,341,0,1,"35526",,-1,,,4,"ABDUL",1,,,0,0,1,"01",0,0,,0,86010,1,"35526",,,150,0,,"Z001",,,,,,0,,350
"35526",,"07/16/26 00:00:00","252063",1,250,0,0,0,,,0,0,0,0,0,3135,341,0,1,"35526",,-1,,,5,"ABDUL",1,,,0,0,1,"01",0,0,,0,86010,1,"35526",,,111.67,0,,"Z001",,,,,,0,,250
"35526",,"07/16/26 00:00:00","262187",2,1050,0,0,0,,,0,0,0,0,0,3136,341,0,1,"35526",,-1,,,6,"ABDUL",1,,,0,0,1,"01",0,0,,0,86010,1,"35526",,,470,0,,"Z001",,,,,,0,,1050
"33126",,"07/06/26 00:00:00","6399",1,180,0,0,0,,,0,0,0,0,0,2937,341,0,1,"33126",,-1,,,8,"ABDUL",1,,,0,0,1,"01",0,0,,0,67480,1,"33126",,,70,0,,"Z001",,,,,,0,,180
"33126",,"07/06/26 00:00:00","262069",1,34000,0,0,0,,,0,0,0,0,0,2938,341,0,1,"33126",,-1,,,9,"ABDUL",1,,,0,0,1,"01",0,0,,0,67480,1,"33126",,,8687.15,0,,"Z001",,,,,,0,,34000
"33126",,"07/06/26 00:00:00","936",1,7000,0,0,0,,,0,0,0,0,0,2939,341,0,1,"33126",,-1,,,10,"ABDUL",1,,,0,0,1,"01",0,0,,0,67480,1,"33126",,,1600,0,,"Z001",,,,,,0,,7000
"33226",,"07/07/26 00:00:00","252028",1,600,0,0,0,,,0,0,0,0,0,2941,341,0,1,"33226",,-1,,,1,"ABDUL",1,,,0,0,1,"01",0,0,,0,2280,1,"33226",,,150,0,,"Z001",,,,,,0,,600
"33226",,"07/07/26 00:00:00","251942",2,350,0,0,0,,,0,0,0,0,0,2942,341,0,1,"33226",,-1,,,2,"ABDUL",1,,,0,0,1,"01",0,0,,0,2280,1,"33226",,,125.52,0,,"Z001",,,,,,0,,350
"33226",,"07/07/26 00:00:00","6589",1,800,0,0,0,,,0,0,0,0,0,2943,341,0,1,"33226",,-1,,,3,"ABDUL",1,,,0,0,1,"01",0,0,,0,2280,1,"33226",,,230,0,,"Z001",,,,,,0,,800
"33226",,"07/07/26 00:00:00","6030",1,130,0,0,0,,,0,0,0,0,0,2944,341,0,1,"33226",,-1,,,4,"ABDUL",1,,,0,0,1,"01",0,0,,0,2280,1,"33226",,,41.76,0,,"Z001",,,,,,0,,130
"33226",,"07/07/26 00:00:00","252029",1,50,0,0,0,,,0,0,0,0,0,2946,341,0,1,"33226",,-1,,,5,"ABDUL",1,,,0,0,1,"01",0,0,,0,2280,1,"33226",,,25,0,,"Z001",,,,,,0,,50
"33326",,"07/09/26 00:00:00","6565",1,29000,0,0,0,,,0,0,0,0,0,2948,10035,0,1,,,-1,,,1,"ABDUL",1,,,0,0,1,"01",0,0,,0,0,1,"33326",,,11000,0,,"Z001",,,,,,0,,29000
"33426",,"07/08/26 00:00:00","262268",1,350,0,0,0,,,0,0,0,0,0,2956,341,0,1,"33426",,-1,,,1,"ABDUL",1,,,0,0,1,"01",0,0,,0,14850,1,"33426",,,170,0,,"Z001",,,,,,0,,350
"33426",,"07/08/26 00:00:00","251965",1,1300,0,0,0,,,0,0,0,0,0,2957,341,0,1,"33426",,-1,,,2,"ABDUL",1,,,0,0,1,"01",0,0,,0,14850,1,"33426",,,286.28,0,,"Z001",,,,,,0,,1300
"33426",,"07/08/26 00:00:00","251944",1,1450,0,0,0,,,0,0,0,0,0,2958,341,0,1,"33426",,-1,,,3,"ABDUL",1,,,0,0,1,"01",0,0,,0,14850,1,"33426",,,33.33,0,,"Z001",,,,,,0,,1450
"33426",,"07/08/26 00:00:00","262194",3,750,0,0,0,,,0,0,0,0,0,2959,341,0,1,"33426",,-1,,,4,"ABDUL",1,,,0,0,1,"01",0,0,,0,14850,1,"33426",,,300,0,,"Z001",,,,,,0,,750
"33426",,"07/08/26 00:00:00","892",2,1350,0,0,0,,,0,0,0,0,0,2960,341,0,1,"33426",,-1,,,5,"ABDUL",1,,,0,0,1,"01",0,0,,0,14850,1,"33426",,,441.67,0,,"Z001",,,,,,0,,1350
"33426",,"07/08/26 00:00:00","1176",1,6800,0,0,0,,,0,0,0,0,0,2961,341,0,1,"33426",,-1,,,6,"ABDUL",1,,,0,0,1,"01",0,0,,0,14850,1,"33426",,,1600,0,,"Z001",,,,,,0,,6800
"33526",,"07/09/26 00:00:00","262194",1,800,0,0,0,,,0,0,0,0,0,2963,341,0,1,"33526",,-1,,,1,"ABDUL",1,,,0,0,1,"01",0,0,,0,46650,1,"33526",,,350,0,,"Z001",,,,,,0,,800
"33526",,"07/09/26 00:00:00","262162",1,2200,0,0,0,,,0,0,0,0,0,2964,341,0,1,"33526",,-1,,,2,"ABDUL",1,,,0,0,1,"01",0,0,,0,46650,1,"33526",,,700,0,,"Z001",,,,,,0,,2200
"33526",,"07/09/26 00:00:00","201761",4,550,0,0,0,,,0,0,0,0,0,2965,341,0,1,"33526",,-1,,,3,"ABDUL",1,,,0,0,1,"01",0,0,,0,46650,1,"33526",,,158.57,0,,"Z001",,,,,,0,,550
"33526",,"07/09/26 00:00:00","262234",1,21000,0,0,0,,,0,0,0,0,0,2966,341,0,1,"33526",,-1,,,4,"ABDUL",1,,,0,0,1,"01",0,0,,0,46650,1,"33526",,,5000,0,,"Z001",,,,,,0,,21000
"32026",,"07/02/26 00:00:00","6505",2,100,0,0,0,,,0,0,0,0,0,2857,341,0,1,"32026",,-1,,,1,"ABDUL",1,,,0,0,1,"01",0,0,,0,8180,1,"32026",,,29.83,0,,"Z001",,,,,,0,,100
"32026",,"07/02/26 00:00:00","6602",2,100,0,0,0,,,0,0,0,0,0,2858,341,0,1,"32026",,-1,,,2,"ABDUL",1,,,0,0,1,"01",0,0,,0,8180,1,"32026",,,29.78,0,,"Z001",,,,,,0,,100
"32026",,"07/02/26 00:00:00","6585",2,170,0,0,0,,,0,0,0,0,0,2859,341,0,1,"32026",,-1,,,3,"ABDUL",1,,,0,0,1,"01",0,0,,0,8180,1,"32026",,,41.41,0,,"Z001",,,,,,0,,170
"32026",,"07/02/26 00:00:00","6098",1,50,0,0,0,,,0,0,0,0,0,2860,341,0,1,"32026",,-1,,,4,"ABDUL",1,,,0,0,1,"01",0,0,,0,8180,1,"32026",,,17.16,0,,"Z001",,,,,,0,,50
"32026",,"07/02/26 00:00:00","6572",2,3000,0,0,0,,,0,0,0,0,0,2861,341,0,1,"32026",,-1,,,5,"ABDUL",1,,,0,0,1,"01",0,0,,0,8180,1,"32026",,,1200,0,,"Z001",,,,,,0,,3000
"32026",,"07/02/26 00:00:00","241912",2,300,0,0,0,,,0,0,0,0,0,2862,341,0,1,"32026",,-1,,,6,"ABDUL",1,,,0,0,1,"01",0,0,,0,8180,1,"32026",,,233.43,0,,"Z001",,,,,,0,,300
"32026",,"07/02/26 00:00:00","262188",1,150,0,0,0,,,0,0,0,0,0,2863,341,0,1,"32026",,-1,,,7,"ABDUL",1,,,0,0,1,"01",0,0,,0,8180,1,"32026",,,100,0,,"Z001",,,,,,0,,150
"32026",,"07/02/26 00:00:00","252009",1,250,0,0,0,,,0,0,0,0,0,2864,341,0,1,"32026",,-1,,,8,"ABDUL",1,,,0,0,1,"01",0,0,,0,8180,1,"32026",,,57.05,0,,"Z001",,,,,,0,,250
"32026",,"07/02/26 00:00:00","6474",0,5700,3,80,0,,,0,0,0,0,0,2865,341,0,1,"32026",,-1,,,9,"ABDUL",1,,,0,0,1,"01",0,0,,0,8180,1,"32026",,,0,32.71,,"Z001",,,,,,0,,5700
"32026",,"07/02/26 00:00:00","252061",1,150,0,0,0,,,0,0,0,0,0,2866,341,0,1,"32026",,-1,,,10,"ABDUL",1,,,0,0,1,"01",0,0,,0,8180,1,"32026",,,80,0,,"Z001",,,,,,0,,150
"32126",,"01/03/26 00:00:00","251938",2,3500,0,0,0,,,0,0,0,0,0,2870,10018,0,1,"32126",,-1,,,1,"ABDUL",1,,,0,0,1,"01",0,0,,0,51300,1,"32126",,,1994.33,0,,"Z001",,,,,,0,,3500
"32126",,"01/03/26 00:00:00","252052",2,2500,0,0,0,,,0,0,0,0,0,2871,10018,0,1,"32126",,-1,,,2,"ABDUL",1,,,0,0,1,"01",0,0,,0,51300,1,"32126",,,1846.43,0,,"Z001",,,,,,0,,2500
"32126",,"01/03/26 00:00:00","251944",1,2600,0,0,0,,,0,0,0,0,0,2872,10018,0,1,"32126",,-1,,,3,"ABDUL",1,,,0,0,1,"01",0,0,,0,51300,1,"32126",,,765,0,,"Z001",,,,,,0,,2600
"32126",,"01/03/26 00:00:00","262106",1,7000,0,0,0,,,0,0,0,0,0,2873,10018,0,1,"32126",,-1,,,4,"ABDUL",1,,,0,0,1,"01",0,0,,0,51300,1,"32126",,,7000,0,,"Z001",,,,,,0,,7000
"32126",,"01/03/26 00:00:00","6346",2,850,0,0,0,,,0,0,0,0,0,2874,10018,0,1,"32126",,-1,,,5,"ABDUL",1,,,0,0,1,"01",0,0,,0,51300,1,"32126",,,421.84,0,,"Z001",,,,,,0,,850
"32126",,"01/03/26 00:00:00","6476",2,14000,0,150,0,,,0,0,0,0,0,2875,10018,0,1,"32126",,-1,,,6,"ABDUL",1,,,0,0,1,"01",0,0,,0,51300,1,"32126",,,3946.21,0,,"Z001",,,,,,0,,14000
"32226",,"01/03/26 00:00:00","262106",1,7000,0,0,0,,,0,0,0,0,0,2877,10042,0,1,"32226",,-1,,,1,"ABDUL",1,,,0,0,1,"01",0,0,,0,33300,1,"32226",,,7000,0,,"Z001",,,,,,0,,7000
"32226",,"01/03/26 00:00:00","6317",1,6000,0,0,0,,,0,0,0,0,0,2878,10042,0,1,"32226",,-1,,,2,"ABDUL",1,,,0,0,1,"01",0,0,,0,33300,1,"32226",,,3080,0,,"Z001",,,,,,0,,6000
"32226",,"01/03/26 00:00:00","252052",2,3000,0,0,0,,,0,0,0,0,0,2879,10042,0,1,"32226",,-1,,,3,"ABDUL",1,,,0,0,1,"01",0,0,,0,33300,1,"32226",,,2346.43,0,,"Z001",,,,,,0,,3000
"32226",,"01/03/26 00:00:00","251938",2,3500,0,0,0,,,0,0,0,0,0,2880,10042,0,1,"32226",,-1,,,4,"ABDUL",1,,,0,0,1,"01",0,0,,0,33300,1,"32226",,,1994.33,0,,"Z001",,,,,,0,,3500
"32226",,"01/03/26 00:00:00","251953",1,3300,0,0,0,,,0,0,0,0,0,2881,10042,0,1,"32226",,-1,,,5,"ABDUL",1,,,0,0,1,"01",0,0,,0,33300,1,"32226",,,2581.63,0,,"Z001",,,,,,0,,3300
"32226",,"01/03/26 00:00:00","251944",1,2500,0,0,0,,,0,0,0,0,0,2882,10042,0,1,"32226",,-1,,,6,"ABDUL",1,,,0,0,1,"01",0,0,,0,33300,1,"32226",,,665,0,,"Z001",,,,,,0,,2500
"32226",,"01/03/26 00:00:00","241912",5,300,0,0,0,,,0,0,0,0,0,2883,10042,0,1,"32226",,-1,,,7,"ABDUL",1,,,0,0,1,"01",0,0,,0,33300,1,"32226",,,233.43,0,,"Z001",,,,,,0,,300
"33026",,"07/04/26 00:00:00","262196",1,500,0,0,0,,,0,0,0,0,0,2921,341,0,1,"33026",,-1,,,7,"SAID",1,,,0,0,1,"01",0,0,,0,195110,1,"33026",,,180,0,,"Z001",,,,,,0,,500
"33026",,"07/04/26 00:00:00","6334",1,350,0,0,0,,,0,0,0,0,0,2922,341,0,1,"33026",,-1,,,8,"SAID",1,,,0,0,1,"01",0,0,,0,195110,1,"33026",,,70.66,0,,"Z001",,,,,,0,,350
"33026",,"07/04/26 00:00:00","6098",1,50,0,0,0,,,0,0,0,0,0,2923,341,0,1,"33026",,-1,,,9,"SAID",1,,,0,0,1,"01",0,0,,0,195110,1,"33026",,,17.16,0,,"Z001",,,,,,0,,50
"33026",,"07/04/26 00:00:00","6563",1,3600,0,0,0,,,0,0,0,0,0,2924,341,0,1,"33026",,-1,,,10,"SAID",1,,,0,0,1,"01",0,0,,0,195110,1,"33026",,,1100,0,,"Z001",,,,,,0,,3600
"33026",,"07/04/26 00:00:00","252045",1,100,0,0,0,,,0,0,0,0,0,2925,341,0,1,"33026",,-1,,,11,"SAID",1,,,0,0,1,"01",0,0,,0,195110,1,"33026",,,60.83,0,,"Z001",,,,,,0,,100
"33026",,"07/04/26 00:00:00","211829",1,6100,0,0,0,,,0,0,0,0,0,2927,341,0,1,"33026",,-1,,,13,"SAID",1,,,0,0,1,"01",0,0,,0,195110,1,"33026",,,2250,0,,"Z001",,,,,,0,,6100
"33026",,"07/04/26 00:00:00","6505",1,100,0,0,0,,,0,0,0,0,0,2928,341,0,1,"33026",,-1,,,14,"SAID",1,,,0,0,1,"01",0,0,,0,195110,1,"33026",,,29.83,0,,"Z001",,,,,,0,,100
"33126",,"07/06/26 00:00:00","5816",1,6500,0,0,0,,,0,0,0,0,0,2930,341,0,1,"33126",,-1,,,1,"ABDUL",1,,,0,0,1,"01",0,0,,0,67480,1,"33126",,,1700,0,,"Z001",,,,,,0,,6500
"33126",,"07/06/26 00:00:00","262118",1,11500,0,0,0,,,0,0,0,0,0,2931,341,0,1,"33126",,-1,,,2,"ABDUL",1,,,0,0,1,"01",0,0,,0,67480,1,"33126",,,2500,0,,"Z001",,,,,,0,,11500
"33126",,"07/06/26 00:00:00","937",1,3500,0,0,0,,,0,0,0,0,0,2932,341,0,1,"33126",,-1,,,3,"ABDUL",1,,,0,0,1,"01",0,0,,0,67480,1,"33126",,,900,0,,"Z001",,,,,,0,,3500
"33126",,"07/06/26 00:00:00","858",1,2400,0,0,0,,,0,0,0,0,0,2933,341,0,1,"33126",,-1,,,4,"ABDUL",1,,,0,0,1,"01",0,0,,0,67480,1,"33126",,,1000,0,,"Z001",,,,,,0,,2400
"33126",,"07/06/26 00:00:00","241912",1,300,0,0,0,,,0,0,0,0,0,2934,341,0,1,"33126",,-1,,,5,"ABDUL",1,,,0,0,1,"01",0,0,,0,67480,1,"33126",,,233.43,0,,"Z001",,,,,,0,,300
"33126",,"07/06/26 00:00:00","6505",1,100,0,0,0,,,0,0,0,0,0,2935,341,0,1,"33126",,-1,,,6,"ABDUL",1,,,0,0,1,"01",0,0,,0,67480,1,"33126",,,29.83,0,,"Z001",,,,,,0,,100
"33126",,"07/06/26 00:00:00","241910",0,25000,8,250,0,,,0,0,0,0,0,2936,341,0,1,"33126",,-1,,,7,"ABDUL",1,,,0,0,1,"01",0,0,,0,67480,1,"33126",,,0,232.97,,"Z001",,,,,,0,,25000
"34026",,"07/10/26 00:00:00","262264",14,13000,0,0,0,,,0,0,0,0,0,3033,10046,0,1,"34026",,-1,,,10,"SAID",1,,,0,0,1,"01",0,0,,0,223680,1,"34026",,,2120,0,,"Z001",,,,,,0,,13000
"33826",,"07/13/26 00:00:00","252020",76,300,0,0,0,,,0,0,0,0,0,2989,10045,0,1,"33826",,-1,,,3,"SAID",1,,,0,0,1,"01",0,0,,0,119530,1,"33826",,,116.31,0,,"Z001",,,,,,0,,300
"33826",,"07/13/26 00:00:00","973",1,1500,0,0,0,,,0,0,0,0,0,2990,10045,0,1,"33826",,-1,,,4,"SAID",1,,,0,0,1,"01",0,0,,0,119530,1,"33826",,,750,0,,"Z001",,,,,,0,,1500
"33826",,"07/13/26 00:00:00","6173",5,100,0,0,0,,,0,0,0,0,0,2991,10045,0,1,"33826",,-1,,,5,"SAID",1,,,0,0,1,"01",0,0,,0,119530,1,"33826",,,37.08,0,,"Z001",,,,,,0,,100
"33826",,"07/13/26 00:00:00","6192",10,10,0,0,0,,,0,0,0,0,0,2992,10045,0,1,"33826",,-1,,,6,"SAID",1,,,0,0,1,"01",0,0,,0,119530,1,"33826",,,7.47,0,,"Z001",,,,,,0,,10
"33826",,"07/13/26 00:00:00","6396",1,5500,0,0,0,,,0,0,0,0,0,2993,10045,0,1,"33826",,-1,,,7,"SAID",1,,,0,0,1,"01",0,0,,0,119530,1,"33826",,,1730,0,,"Z001",,,,,,0,,5500
"33826",,"07/13/26 00:00:00","6334",1,350,0,0,0,,,0,0,0,0,0,2994,10045,0,1,"33826",,-1,,,8,"SAID",1,,,0,0,1,"01",0,0,,0,119530,1,"33826",,,70.66,0,,"Z001",,,,,,0,,350
"33826",,"07/13/26 00:00:00","6098",1,50,0,0,0,,,0,0,0,0,0,2995,10045,0,1,"33826",,-1,,,9,"SAID",1,,,0,0,1,"01",0,0,,0,119530,1,"33826",,,17.16,0,,"Z001",,,,,,0,,50
"33826",,"07/13/26 00:00:00","836",1,350,0,0,0,,,0,0,0,0,0,2996,10045,0,1,"33826",,-1,,,10,"SAID",1,,,0,0,1,"01",0,0,,0,119530,1,"33826",,,108.84,0,,"Z001",,,,,,0,,350
"33826",,"07/13/26 00:00:00","6619",0,13500,1,230,0,,,0,0,0,0,0,2997,10045,0,1,"33826",,-1,,,11,"SAID",1,,,0,0,1,"01",0,0,,0,119530,1,"33826",,,0,104.06,,"Z001",,,,,,0,,13500
"33826",,"07/13/26 00:00:00","6030",1,150,0,0,0,,,0,0,0,0,0,2998,10045,0,1,"33826",,-1,,,12,"SAID",1,,,0,0,1,"01",0,0,,0,119530,1,"33826",,,61.76,0,,"Z001",,,,,,0,,150
"33926",,"07/09/26 00:00:00","262106",1,7500,0,0,0,,,0,0,0,0,0,3000,10046,0,1,"33926",,-1,,,1,"SAID",1,,,0,0,1,"01",0,0,,0,87420,1,"33926",,,2500,0,,"Z001",,,,,,0,,7500
"33926",,"07/09/26 00:00:00","251957",1,3500,0,0,0,,,0,0,0,0,0,3001,10046,0,1,"33926",,-1,,,2,"SAID",1,,,0,0,1,"01",0,0,,0,87420,1,"33926",,,2314.63,0,,"Z001",,,,,,0,,3500
"33926",,"07/09/26 00:00:00","251938",2,3000,0,0,0,,,0,0,0,0,0,3002,10046,0,1,"33926",,-1,,,3,"SAID",1,,,0,0,1,"01",0,0,,0,87420,1,"33926",,,1494.33,0,,"Z001",,,,,,0,,3000
"33926",,"07/09/26 00:00:00","241912",5,250,0,0,0,,,0,0,0,0,0,3003,10046,0,1,"33926",,-1,,,4,"SAID",1,,,0,0,1,"01",0,0,,0,87420,1,"33926",,,183.43,0,,"Z001",,,,,,0,,250
"33926",,"07/09/26 00:00:00","241910",0,25000,120,220,0,,,0,0,0,0,0,3004,10046,0,1,"33926",,-1,,,5,"SAID",1,,,0,0,1,"01",0,0,,0,87420,1,"33926",,,0,202.97,,"Z001",,,,,,0,,25000
"33926",,"07/09/26 00:00:00","6477",0,13500,60,300,0,,,0,0,0,0,0,3005,10046,0,1,"33926",,-1,,,6,"SAID",1,,,0,0,1,"01",0,0,,0,87420,1,"33926",,,0,176.54,,"Z001",,,,,,0,,13500
"33926",,"07/09/26 00:00:00","6030",3,120,0,0,0,,,0,0,0,0,0,3006,10046,0,1,"33926",,-1,,,7,"SAID",1,,,0,0,1,"01",0,0,,0,87420,1,"33926",,,31.76,0,,"Z001",,,,,,0,,120
"33926",,"07/09/26 00:00:00","6391",5,140,0,0,0,,,0,0,0,0,0,3007,10046,0,1,"33926",,-1,,,8,"SAID",1,,,0,0,1,"01",0,0,,0,87420,1,"33926",,,42.5,0,,"Z001",,,,,,0,,140
"33926",,"07/09/26 00:00:00","1219",2,220,0,0,0,,,0,0,0,0,0,3008,10046,0,1,"33926",,-1,,,9,"SAID",1,,,0,0,1,"01",0,0,,0,87420,1,"33926",,,46.05,0,,"Z001",,,,,,0,,220
"33526",,"07/09/26 00:00:00","262238",1,14500,0,0,0,,,0,0,0,0,0,2967,341,0,1,"33526",,-1,,,5,"ABDUL",1,,,0,0,1,"01",0,0,,0,46650,1,"33526",,,1894,0,,"Z001",,,,,,0,,14500
"33526",,"07/09/26 00:00:00","252038",2,700,0,750,0,,,0,0,0,0,0,2968,341,0,1,"33526",,-1,,,6,"ABDUL",1,,,0,0,1,"01",0,0,,0,46650,1,"33526",,,135,0,,"Z001",,,,,,0,,700
"33526",,"07/09/26 00:00:00","6334",3,350,0,0,0,,,0,0,0,0,0,2969,341,0,1,"33526",,-1,,,7,"ABDUL",1,,,0,0,1,"01",0,0,,0,46650,1,"33526",,,70.66,0,,"Z001",,,,,,0,,350
"33526",,"07/09/26 00:00:00","6098",3,50,0,0,0,,,0,0,0,0,0,2970,341,0,1,"33526",,-1,,,8,"ABDUL",1,,,0,0,1,"01",0,0,,0,46650,1,"33526",,,17.16,0,,"Z001",,,,,,0,,50
"33526",,"07/09/26 00:00:00","6338",1,150,0,0,0,,,0,0,0,0,0,2971,341,0,1,"33526",,-1,,,9,"ABDUL",1,,,0,0,1,"01",0,0,,0,46650,1,"33526",,,50,0,,"Z001",,,,,,0,,150
"33526",,"07/09/26 00:00:00","6527",0,7650,20,130,0,,,0,0,0,0,0,2972,341,0,1,"33526",,-1,,,10,"ABDUL",1,,,0,0,1,"01",0,0,,0,46650,1,"33526",,,0,130,,"Z001",,,,,,0,,7650
"33526",,"07/09/26 00:00:00","262100",2,300,0,0,0,,,0,0,0,0,0,2973,341,0,1,"33526",,-1,,,11,"ABDUL",1,,,0,0,1,"01",0,0,,0,46650,1,"33526",,,140,0,,"Z001",,,,,,0,,300
"33626",,"07/10/26 00:00:00","252042",1,150,0,0,0,,,0,0,0,0,0,2975,341,0,1,"33626",,-1,,,1,"ABDUL",1,,,0,0,1,"01",0,0,,0,34040,1,"33626",,,72,0,,"Z001",,,,,,0,,150
"33626",,"07/10/26 00:00:00","262140",15,40,0,0,0,,,0,0,0,0,0,2976,341,0,1,"33626",,-1,,,2,"ABDUL",1,,,0,0,1,"01",0,0,,0,34040,1,"33626",,,17.5,0,,"Z001",,,,,,0,,40
"33626",,"07/10/26 00:00:00","262273",10,35,0,0,0,,,0,0,0,0,0,2977,341,0,1,"33626",,-1,,,3,"ABDUL",1,,,0,0,1,"01",0,0,,0,34040,1,"33626",,,15,0,,"Z001",,,,,,0,,35
"33626",,"07/10/26 00:00:00","6030",3,130,0,0,0,,,0,0,0,0,0,2978,341,0,1,"33626",,-1,,,4,"ABDUL",1,,,0,0,1,"01",0,0,,0,34040,1,"33626",,,41.76,0,,"Z001",,,,,,0,,130
"33626",,"07/10/26 00:00:00","252049",1,24000,0,0,0,,,0,0,0,0,0,2979,341,0,1,"33626",,-1,,,5,"ABDUL",1,,,0,0,1,"01",0,0,,0,34040,1,"33626",,,10825,0,,"Z001",,,,,,0,,24000
"33626",,"07/10/26 00:00:00","252020",20,300,0,0,0,,,0,0,0,0,0,2980,341,0,1,"33626",,-1,,,6,"ABDUL",1,,,0,0,1,"01",0,0,,0,34040,1,"33626",,,116.31,0,,"Z001",,,,,,0,,300
"33626",,"07/10/26 00:00:00","973",1,1500,0,0,0,,,0,0,0,0,0,2981,341,0,1,"33626",,-1,,,7,"ABDUL",1,,,0,0,1,"01",0,0,,0,34040,1,"33626",,,750,0,,"Z001",,,,,,0,,1500
"33626",,"07/10/26 00:00:00","262101",2,400,0,0,0,,,0,0,0,0,0,2982,341,0,1,"33626",,-1,,,8,"ABDUL",1,,,0,0,1,"01",0,0,,0,34040,1,"33626",,,220,0,,"Z001",,,,,,0,,400
"33626",,"07/10/26 00:00:00","6616",1,250,0,0,0,,,0,0,0,0,0,2983,341,0,1,"33626",,-1,,,9,"ABDUL",1,,,0,0,1,"01",0,0,,0,34040,1,"33626",,,117.9,0,,"Z001",,,,,,0,,250
"33726",,"07/13/26 00:00:00","1263",1,688.75,0,0,0,,,0,0,0,0,0,2985,10029,0,1,,,-1,,,1,"RAYYAN",1,,,0,0,1,"01",0,0,,0,0,1,"33726",,,0,0,,"Z001",,,,,,0,,688.75
"33826",,"07/13/26 00:00:00","262071",1,40000,0,0,0,,,0,0,0,0,0,2987,10045,0,1,"33826",,-1,,,1,"SAID",1,,,0,0,1,"01",0,0,,0,119530,1,"33826",,,11962.74,0,,"Z001",,,,,,0,,40000
"33826",,"07/13/26 00:00:00","5817",4,12000,0,0,0,,,0,0,0,0,0,2988,10045,0,1,"33826",,-1,,,2,"SAID",1,,,0,0,1,"01",0,0,,0,119530,1,"33826",,,3649.41,0,,"Z001",,,,,,0,,12000
"33926",,"07/09/26 00:00:00","262139",1,1700,0,0,0,,,0,0,0,0,0,3009,10046,0,1,"33926",,-1,,,10,"SAID",1,,,0,0,1,"01",0,0,,0,87420,1,"33926",,,340,0,,"Z001",,,,,,0,,1700
"33926",,"07/09/26 00:00:00","6190",1,20,0,0,0,,,0,0,0,0,0,3010,10046,0,1,"33926",,-1,,,11,"SAID",1,,,0,0,1,"01",0,0,,0,87420,1,"33926",,,15.68,0,,"Z001",,,,,,0,,20
"33926",,"07/09/26 00:00:00","262116",4,350,0,0,0,,,0,0,0,0,0,3011,10046,0,1,"33926",,-1,,,12,"SAID",1,,,0,0,1,"01",0,0,,0,87420,1,"33926",,,90,0,,"Z001",,,,,,0,,350
"33926",,"07/09/26 00:00:00","5839",1,8500,0,0,0,,,0,0,0,0,0,3012,10046,0,1,"33926",,-1,,,13,"SAID",1,,,0,0,1,"01",0,0,,0,87420,1,"33926",,,2500,0,,"Z001",,,,,,0,,8500
"33926",,"07/09/26 00:00:00","262129",0,20799,15,300,0,,,0,0,0,0,0,3013,10046,0,1,"33926",,-1,,,14,"SAID",1,,,0,0,1,"01",0,0,,0,87420,1,"33926",,,0,300,,"Z001",,,,,,0,,20799
"33926",,"07/09/26 00:00:00","6475",0,9250,8,150,0,,,0,0,0,0,0,3014,10046,0,1,"33926",,-1,,,15,"SAID",1,,,0,0,1,"01",0,0,,0,87420,1,"33926",,,0,74.29000000000001,,"Z001",,,,,,0,,9250
"33926",,"07/09/26 00:00:00","6364",1,250,0,100,0,,,0,0,0,0,0,3015,10046,0,1,"33926",,-1,,,16,"SAID",1,,,0,0,1,"01",0,0,,0,87420,1,"33926",,,93.67,0,,"Z001",,,,,,0,,250
"33926",,"07/09/26 00:00:00","251955",0,0,2,850,0,,,0,0,0,0,0,3016,10046,0,1,"33926",,-1,,,17,"SAID",1,,,0,0,1,"01",0,0,,0,87420,1,"33926",,,0,200,,"Z001",,,,,,0,,0
"33926",,"07/09/26 00:00:00","241918",2,2000,0,0,0,,,0,0,0,0,0,3017,10046,0,1,"33926",,-1,,,18,"SAID",1,,,0,0,1,"01",0,0,,0,87420,1,"33926",,,1346.43,0,,"Z001",,,,,,0,,2000
"34026",,"07/10/26 00:00:00","241910",0,25000,120,220,0,,,0,0,0,0,0,3021,10046,0,1,"34026",,-1,,,1,"SAID",1,,,0,0,1,"01",0,0,,0,223680,1,"34026",,,0,202.97,,"Z001",,,,,,0,,25000
"34026",,"07/10/26 00:00:00","251938",2,3000,0,0,0,,,0,0,0,0,0,3022,10046,0,1,"34026",,-1,,,2,"SAID",1,,,0,0,1,"01",0,0,,0,223680,1,"34026",,,1494.33,0,,"Z001",,,,,,0,,3000
"34026",,"07/10/26 00:00:00","241918",2,2000,0,0,0,,,0,0,0,0,0,3023,10046,0,1,"34026",,-1,,,3,"SAID",1,,,0,0,1,"01",0,0,,0,223680,1,"34026",,,1346.43,0,,"Z001",,,,,,0,,2000
"34026",,"07/10/26 00:00:00","251957",1,3500,0,0,0,,,0,0,0,0,0,3024,10046,0,1,"34026",,-1,,,4,"SAID",1,,,0,0,1,"01",0,0,,0,223680,1,"34026",,,2314.63,0,,"Z001",,,,,,0,,3500
"34026",,"07/10/26 00:00:00","6391",5,140,0,0,0,,,0,0,0,0,0,3025,10046,0,1,"34026",,-1,,,5,"SAID",1,,,0,0,1,"01",0,0,,0,223680,1,"34026",,,42.5,0,,"Z001",,,,,,0,,140
"34026",,"07/10/26 00:00:00","6192",10,20,0,0,0,,,0,0,0,0,0,3026,10046,0,1,"34026",,-1,,,6,"SAID",1,,,0,0,1,"01",0,0,,0,223680,1,"34026",,,17.47,0,,"Z001",,,,,,0,,20
"34026",,"07/10/26 00:00:00","1219",2,220,0,0,0,,,0,0,0,0,0,3027,10046,0,1,"34026",,-1,,,7,"SAID",1,,,0,0,1,"01",0,0,,0,223680,1,"34026",,,46.05,0,,"Z001",,,,,,0,,220
"34026",,"07/10/26 00:00:00","262274",1,300,0,5,0,,,0,0,0,0,0,3028,10046,0,1,"34026",,-1,,,8,"SAID",1,,,0,0,1,"01",0,0,,0,223680,1,"34026",,,120,0,,"Z001",,,,,,0,,300
"34026",,"07/10/26 00:00:00","6272",7,20,0,0,0,,,0,0,0,0,0,3029,10046,0,1,"34026",,-1,,,9,"SAID",1,,,0,0,1,"01",0,0,,0,223680,1,"34026",,,14,0,,"Z001",,,,,,0,,20
"34126",,"07/11/26 00:00:00","6099",2,150,0,0,0,,,0,0,0,0,0,3035,341,0,1,"34126",,-1,,,1,"ABDUL",1,,,0,0,1,"01",0,0,,0,1900,1,"34126",,,65,0,,"Z001",,,,,,0,,150
"34126",,"07/11/26 00:00:00","262268",1,350,0,0,0,,,0,0,0,0,0,3036,341,0,1,"34126",,-1,,,2,"ABDUL",1,,,0,0,1,"01",0,0,,0,1900,1,"34126",,,170,0,,"Z001",,,,,,0,,350
"34126",,"07/11/26 00:00:00","252061",1,150,0,0,0,,,0,0,0,0,0,3037,341,0,1,"34126",,-1,,,3,"ABDUL",1,,,0,0,1,"01",0,0,,0,1900,1,"34126",,,80,0,,"Z001",,,,,,0,,150
"34126",,"07/11/26 00:00:00","6587",1,200,0,0,0,,,0,0,0,0,0,3038,341,0,1,"34126",,-1,,,4,"ABDUL",1,,,0,0,1,"01",0,0,,0,1900,1,"34126",,,65,0,,"Z001",,,,,,0,,200
"34126",,"07/11/26 00:00:00","6229",1,900,0,0,0,,,0,0,0,0,0,3039,341,0,1,"34126",,-1,,,5,"ABDUL",1,,,0,0,1,"01",0,0,,0,1900,1,"34126",,,202.35,0,,"Z001",,,,,,0,,900
"34226",,"07/13/26 00:00:00","262120",1,500,0,0,0,,,0,0,0,0,0,3041,341,0,1,"34226",,-1,,,1,"ABDUL",1,,,0,0,1,"01",0,0,,0,6750,1,"34226",,,250,0,,"Z001",,,,,,0,,500
"34226",,"07/13/26 00:00:00","262209",4,25,0,0,0,,,0,0,0,0,0,3042,341,0,1,"34226",,-1,,,2,"ABDUL",1,,,0,0,1,"01",0,0,,0,6750,1,"34226",,,21.67,0,,"Z001",,,,,,0,,25
"34226",,"07/13/26 00:00:00","262211",2,100,0,0,0,,,0,0,0,0,0,3043,341,0,1,"34226",,-1,,,3,"ABDUL",1,,,0,0,1,"01",0,0,,0,6750,1,"34226",,,77,0,,"Z001",,,,,,0,,100
"34226",,"07/13/26 00:00:00","201761",3,600,0,0,0,,,0,0,0,0,0,3044,341,0,1,"34226",,-1,,,4,"ABDUL",1,,,0,0,1,"01",0,0,,0,6750,1,"34226",,,208.57,0,,"Z001",,,,,,0,,600
"34226",,"07/13/26 00:00:00","252061",3,150,0,0,0,,,0,0,0,0,0,3045,341,0,1,"34226",,-1,,,5,"ABDUL",1,,,0,0,1,"01",0,0,,0,6750,1,"34226",,,80,0,,"Z001",,,,,,0,,150
"34226",,"07/13/26 00:00:00","251990",3,100,0,0,0,,,0,0,0,0,0,3046,341,0,1,"34226",,-1,,,6,"ABDUL",1,,,0,0,1,"01",0,0,,0,6750,1,"34226",,,40,0,,"Z001",,,,,,0,,100
"34226",,"07/13/26 00:00:00","6619",0,13500,2,200,0,,,0,0,0,0,0,3047,341,0,1,"34226",,-1,,,7,"ABDUL",1,,,0,0,1,"01",0,0,,0,6750,1,"34226",,,0,74.06,,"Z001",,,,,,0,,13500
"34226",,"07/13/26 00:00:00","262110",1,3000,0,0,0,,,0,0,0,0,0,3048,341,0,1,"34226",,-1,,,8,"ABDUL",1,,,0,0,1,"01",0,0,,0,6750,1,"34226",,,1661,0,,"Z001",,,,,,0,,3000
"34326",,"05/20/26 00:00:00","836",6,350,0,0,0,,,0,0,0,0,0,3050,10047,0,1,,,-1,,,1,"RAYYAN",1,,,0,0,1,"01",0,0,,0,0,1,"34326",,,108.84,0,,"Z001",,,,,,0,,350
"34326",,"05/20/26 00:00:00","251969",1,850,0,0,0,,,0,0,0,0,0,3051,10047,0,1,,,-1,,,2,"RAYYAN",1,,,0,0,1,"01",0,0,,0,0,1,"34326",,,537.5,0,,"Z001",,,,,,0,,850
"34326",,"05/20/26 00:00:00","6030",2,100,0,0,0,,,0,0,0,0,0,3052,10047,0,1,,,-1,,,3,"RAYYAN",1,,,0,0,1,"01",0,0,,0,0,1,"34326",,,20,0,,"Z001",,,,,,0,,100
"34326",,"05/20/26 00:00:00","6335",1,300,0,0,0,,,0,0,0,0,0,3053,10047,0,1,,,-1,,,4,"RAYYAN",1,,,0,0,1,"01",0,0,,0,0,1,"34326",,,70,0,,"Z001",,,,,,0,,300
"34326",,"05/20/26 00:00:00","6584",1,100,0,0,0,,,0,0,0,0,0,3054,10047,0,1,,,-1,,,5,"RAYYAN",1,,,0,0,1,"01",0,0,,0,0,1,"34326",,,15,0,,"Z001",,,,,,0,,100
"34326",,"05/20/26 00:00:00","6474",1,5900,0,63.330002,0,,,0,0,0,0,0,3055,10047,0,1,,,-1,,,6,"RAYYAN",1,,,0,0,1,"01",0,0,,0,0,1,"34326",,,1608.3,0,,"Z001",,,,,,0,,5900
"34326",,"05/20/26 00:00:00","6471",0,3300,30,50,0,,,0,0,0,0,0,3056,10047,0,1,,,-1,,,7,"RAYYAN",1,,,0,0,1,"01",0,0,,0,0,1,"34326",,,0,21.89,,"Z001",,,,,,0,,3300
"35126",,"07/18/26 00:00:00","262088",7,900,0,0,0,,,0,0,0,0,0,3092,10052,0,1,,,-1,,,1,"ABDUL",1,,,0,0,1,"01",0,0,,0,0,1,"35126",,,508.57,0,,"Z001",,,,,,0,,900
"35226",,"07/18/26 00:00:00","6173",10,100,0,0,0,,,0,0,0,0,0,3095,355,0,1,"35226",,-1,,,1,"ABDUL",1,,,0,0,1,"01",0,0,,0,17640,1,"35226",,,37.08,0,,"Z001",,,,,,0,,100
"35226",,"07/18/26 00:00:00","6391",2,160,0,0,0,,,0,0,0,0,0,3096,355,0,1,"35226",,-1,,,2,"ABDUL",1,,,0,0,1,"01",0,0,,0,17640,1,"35226",,,62.5,0,,"Z001",,,,,,0,,160
"35226",,"07/18/26 00:00:00","6192",20,10,0,0,0,,,0,0,0,0,0,3097,355,0,1,"35226",,-1,,,3,"ABDUL",1,,,0,0,1,"01",0,0,,0,17640,1,"35226",,,7.47,0,,"Z001",,,,,,0,,10
"35226",,"07/18/26 00:00:00","5832",1,300,0,0,0,,,0,0,0,0,0,3098,355,0,1,"35226",,-1,,,4,"ABDUL",1,,,0,0,1,"01",0,0,,0,17640,1,"35226",,,167.92,0,,"Z001",,,,,,0,,300
"35226",,"07/18/26 00:00:00","5969",10,30,0,0,0,,,0,0,0,0,0,3099,355,0,1,"35226",,-1,,,5,"ABDUL",1,,,0,0,1,"01",0,0,,0,17640,1,"35226",,,12.02,0,,"Z001",,,,,,0,,30
"35226",,"07/18/26 00:00:00","1092",7,20,0,0,0,,,0,0,0,0,0,3100,355,0,1,"35226",,-1,,,6,"ABDUL",1,,,0,0,1,"01",0,0,,0,17640,1,"35226",,,10,0,,"Z001",,,,,,0,,20
"35226",,"07/18/26 00:00:00","5762",4,20,0,0,0,,,0,0,0,0,0,3101,355,0,1,"35226",,-1,,,7,"ABDUL",1,,,0,0,1,"01",0,0,,0,17640,1,"35226",,,4.1,0,,"Z001",,,,,,0,,20
"35226",,"07/18/26 00:00:00","875",1,1250,0,0,0,,,0,0,0,0,0,3102,355,0,1,"35226",,-1,,,8,"ABDUL",1,,,0,0,1,"01",0,0,,0,17640,1,"35226",,,400,0,,"Z001",,,,,,0,,1250
"35226",,"07/18/26 00:00:00","836",2,350,0,0,0,,,0,0,0,0,0,3103,355,0,1,"35226",,-1,,,9,"ABDUL",1,,,0,0,1,"01",0,0,,0,17640,1,"35226",,,108.84,0,,"Z001",,,,,,0,,350
"35226",,"07/18/26 00:00:00","262235",2,3500,0,0,0,,,0,0,0,0,0,3104,355,0,1,"35226",,-1,,,10,"ABDUL",1,,,0,0,1,"01",0,0,,0,17640,1,"35226",,,323,0,,"Z001",,,,,,0,,3500
"35226",,"07/18/26 00:00:00","6474",0,5700,60,80,0,,,0,0,0,0,0,3105,355,0,1,"35226",,-1,,,11,"ABDUL",1,,,0,0,1,"01",0,0,,0,17640,1,"35226",,,0,32.71,,"Z001",,,,,,0,,5700
"35226",,"07/18/26 00:00:00","6602",7,100,0,0,0,,,0,0,0,0,0,3106,355,0,1,"35226",,-1,,,12,"ABDUL",1,,,0,0,1,"01",0,0,,0,17640,1,"35226",,,32.12,0,,"Z001",,,,,,0,,100
"35226",,"07/18/26 00:00:00","6587",4,200,0,0,0,,,0,0,0,0,0,3107,355,0,1,"35226",,-1,,,13,"ABDUL",1,,,0,0,1,"01",0,0,,0,17640,1,"35226",,,65,0,,"Z001",,,,,,0,,200
"35226",,"07/18/26 00:00:00","252047",0,350,10,5,0,,,0,0,0,0,0,3108,355,0,1,"35226",,-1,,,14,"ABDUL",1,,,0,0,1,"01",0,0,,0,17640,1,"35226",,,0,5,,"Z001",,,,,,0,,350
"35326",,"07/14/26 00:00:00","6602",12,100,0,0,0,,,0,0,0,0,0,3111,341,0,1,"35326",,-1,,,1,"ABDUL",1,,,0,0,1,"01",0,0,,0,36850,1,"35326",,,32.12,0,,"Z001",,,,,,0,,100
"35326",,"07/14/26 00:00:00","262108",1,2200,0,0,0,,,0,0,0,0,0,3112,341,0,1,"35326",,-1,,,2,"ABDUL",1,,,0,0,1,"01",0,0,,0,36850,1,"35326",,,1134,0,,"Z001",,,,,,0,,2200
"35326",,"07/14/26 00:00:00","1288",1,11200,0,0,0,,,0,0,0,0,0,3113,341,0,1,"35326",,-1,,,3,"ABDUL",1,,,0,0,1,"01",0,0,,0,36850,1,"35326",,,954.55,0,,"Z001",,,,,,0,,11200
"35326",,"07/14/26 00:00:00","201761",2,550,0,0,0,,,0,0,0,0,0,3114,341,0,1,"35326",,-1,,,4,"ABDUL",1,,,0,0,1,"01",0,0,,0,36850,1,"35326",,,200,0,,"Z001",,,,,,0,,550
"35526",,"07/16/26 00:00:00","262194",1,800,0,0,0,,,0,0,0,0,0,3137,341,0,1,"35526",,-1,,,7,"ABDUL",1,,,0,0,1,"01",0,0,,0,86010,1,"35526",,,350,0,,"Z001",,,,,,0,,800
"35526",,"07/16/26 00:00:00","251963",1,7000,0,0,0,,,0,0,0,0,0,3138,341,0,1,"35526",,-1,,,8,"ABDUL",1,,,0,0,1,"01",0,0,,0,86010,1,"35526",,,2100,0,,"Z001",,,,,,0,,7000
"35526",,"07/16/26 00:00:00","5817",3,12000,0,0,0,,,0,0,0,0,0,3139,341,0,1,"35526",,-1,,,9,"ABDUL",1,,,0,0,1,"01",0,0,,0,86010,1,"35526",,,3649.41,0,,"Z001",,,,,,0,,12000
"35526",,"07/16/26 00:00:00","6466",1,400,0,0,0,,,0,0,0,0,0,3140,341,0,1,"35526",,-1,,,10,"ABDUL",1,,,0,0,1,"01",0,0,,0,86010,1,"35526",,,150,0,,"Z001",,,,,,0,,400
"35526",,"07/16/26 00:00:00","1037",1,300,0,0,0,,,0,0,0,0,0,3141,341,0,1,"35526",,-1,,,11,"ABDUL",1,,,0,0,1,"01",0,0,,0,86010,1,"35526",,,117.5,0,,"Z001",,,,,,0,,300
"35526",,"07/16/26 00:00:00","6554",1,25000,0,0,0,,,0,0,0,0,0,3142,341,0,1,"35526",,-1,,,12,"ABDUL",1,,,0,0,1,"01",0,0,,0,86010,1,"35526",,,9571.43,0,,"Z001",,,,,,0,,25000
"35526",,"07/16/26 00:00:00","241912",1,100,0,0,0,,,0,0,0,0,0,3144,341,0,1,"35526",,-1,,,14,"ABDUL",1,,,0,0,1,"01",0,0,,0,86010,1,"35526",,,33.43,0,,"Z001",,,,,,0,,100
"35626",,"07/17/26 00:00:00","252042",1,150,0,0,0,,,0,0,0,0,0,3146,341,0,1,"35626",,-1,,,1,"ABDUL",1,,,0,0,1,"01",0,0,,0,3830,1,"35626",,,72,0,,"Z001",,,,,,0,,150
"35626",,"07/17/26 00:00:00","251992",1,1500,0,0,0,,,0,0,0,0,0,3147,341,0,1,"35626",,-1,,,2,"ABDUL",1,,,0,0,1,"01",0,0,,0,3830,1,"35626",,,678.25,0,,"Z001",,,,,,0,,1500
"35626",,"07/17/26 00:00:00","6527",0,7650,5,120,0,,,0,0,0,0,0,3148,341,0,1,"35626",,-1,,,3,"ABDUL",1,,,0,0,1,"01",0,0,,0,3830,1,"35626",,,0,120,,"Z001",,,,,,0,,7650
"35626",,"07/17/26 00:00:00","6173",1,100,0,0,0,,,0,0,0,0,0,3149,341,0,1,"35626",,-1,,,4,"ABDUL",1,,,0,0,1,"01",0,0,,0,3830,1,"35626",,,37.08,0,,"Z001",,,,,,0,,100
"35626",,"07/17/26 00:00:00","6063",1,80,0,0,0,,,0,0,0,0,0,3150,341,0,1,"35626",,-1,,,5,"ABDUL",1,,,0,0,1,"01",0,0,,0,3830,1,"35626",,,36.67,0,,"Z001",,,,,,0,,80
"35626",,"07/17/26 00:00:00","262100",1,350,0,0,0,,,0,0,0,0,0,3151,341,0,1,"35626",,-1,,,6,"ABDUL",1,,,0,0,1,"01",0,0,,0,3830,1,"35626",,,190,0,,"Z001",,,,,,0,,350
"35626",,"07/17/26 00:00:00","262188",3,150,0,0,0,,,0,0,0,0,0,3153,341,0,1,"35626",,-1,,,8,"ABDUL",1,,,0,0,1,"01",0,0,,0,3830,1,"35626",,,100,0,,"Z001",,,,,,0,,150
"35626",,"07/17/26 00:00:00","262196",1,600,0,0,0,,,0,0,0,0,0,3154,341,0,1,"35626",,-1,,,9,"ABDUL",1,,,0,0,1,"01",0,0,,0,3830,1,"35626",,,280,0,,"Z001",,,,,,0,,600
"35726",,"07/21/26 00:00:00","262250",1,5600,0,0,0,,,0,0,0,0,0,3156,10029,0,1,,,-1,,,1,"RAYYAN",1,,,0,0,1,"01",0,0,,0,0,1,"35726",,,2241.75,0,,"Z001",,,,,,0,,5600
"35826",,"07/21/26 00:00:00","262279",4,63000,0,0,0,,,0,0,0,0,0,3159,10010,0,1,"35826",,-1,,,2,"RAYYAN",1,,,0,0,1,"01",0,0,,0,564000,1,"35826",,,15667.65,0,,"Z001",,,,,,0,,63000
"36326",,"07/23/26 00:00:00","6471",1,3750,0,36.666668,0,,,0,0,0,0,0,3201,355,0,1,,,-1,,,1,"RAYYAN",1,,,0,0,1,"01",0,0,,0,0,1,"36326",,,1184.78,0,,"Z001",,,,,,0,,3750
"37626",,"07/28/26 00:00:00","262279",5,63000,0,0,0,,,0,0,0,0,0,3353,10010,0,1,"37626",,-1,,,17,"RAYYAN",1,,,0,0,1,"01",0,0,,0,645350,1,"37626",,,17611.28,0,,"Z001",,,,,,0,,63000
"35826",,"07/21/26 00:00:00","5817",8,11000,0,0,0,,,0,0,0,0,0,3160,10010,0,1,"35826",,-1,,,3,"RAYYAN",1,,,0,0,1,"01",0,0,,0,564000,1,"35826",,,2600.29,0,,"Z001",,,,,,0,,11000
"35826",,"07/21/26 00:00:00","252035",1,300,0,350,0,,,0,0,0,0,0,3161,10010,0,1,"35826",,-1,,,4,"RAYYAN",1,,,0,0,1,"01",0,0,,0,564000,1,"35826",,,35,0,,"Z001",,,,,,0,,300
"35826",,"07/21/26 00:00:00","252052",4,2000,0,0,0,,,0,0,0,0,0,3162,10010,0,1,"35826",,-1,,,5,"RAYYAN",1,,,0,0,1,"01",0,0,,0,564000,1,"35826",,,1346.43,0,,"Z001",,,,,,0,,2000
"35826",,"07/21/26 00:00:00","241933",4,1500,0,0,0,,,0,0,0,0,0,3163,10010,0,1,"35826",,-1,,,6,"RAYYAN",1,,,0,0,1,"01",0,0,,0,564000,1,"35826",,,760.39,0,,"Z001",,,,,,0,,1500
"35826",,"07/21/26 00:00:00","6346",4,500,0,0,0,,,0,0,0,0,0,3164,10010,0,1,"35826",,-1,,,7,"RAYYAN",1,,,0,0,1,"01",0,0,,0,564000,1,"35826",,,71.84,0,,"Z001",,,,,,0,,500
"35826",,"07/21/26 00:00:00","5832",4,300,0,0,0,,,0,0,0,0,0,3165,10010,0,1,"35826",,-1,,,8,"RAYYAN",1,,,0,0,1,"01",0,0,,0,564000,1,"35826",,,167.92,0,,"Z001",,,,,,0,,300
"35826",,"07/21/26 00:00:00","241912",4,200,0,0,0,,,0,0,0,0,0,3166,10010,0,1,"35826",,-1,,,9,"RAYYAN",1,,,0,0,1,"01",0,0,,0,564000,1,"35826",,,133.43,0,,"Z001",,,,,,0,,200
"35826",,"07/21/26 00:00:00","262238",1,14000,0,0,0,,,0,0,0,0,0,3167,10010,0,1,"35826",,-1,,,10,"RAYYAN",1,,,0,0,1,"01",0,0,,0,564000,1,"35826",,,1394,0,,"Z001",,,,,,0,,14000
"35826",,"07/21/26 00:00:00","6476",1,14000,0,150,0,,,0,0,0,0,0,3169,10010,0,1,"35826",,-1,,,11,"RAYYAN",1,,,0,0,1,"01",0,0,,0,564000,1,"35826",,,2619.35,0,,"Z001",,,,,,0,,14000
"35826",,"07/21/26 00:00:00","6030",4,100,0,0,0,,,0,0,0,0,0,3170,10010,0,1,"35826",,-1,,,12,"RAYYAN",1,,,0,0,1,"01",0,0,,0,564000,1,"35826",,,11.76,0,,"Z001",,,,,,0,,100
"35826",,"07/21/26 00:00:00","262116",6,350,0,0,0,,,0,0,0,0,0,3171,10010,0,1,"35826",,-1,,,13,"RAYYAN",1,,,0,0,1,"01",0,0,,0,564000,1,"35826",,,90,0,,"Z001",,,,,,0,,350
"35826",,"07/21/26 00:00:00","262212",1,300,0,0,0,,,0,0,0,0,0,3172,10010,0,1,"35826",,-1,,,14,"RAYYAN",1,,,0,0,1,"01",0,0,,0,564000,1,"35826",,,220,0,,"Z001",,,,,,0,,300
"35826",,"07/21/26 00:00:00","262236",1,5600,0,0,0,,,0,0,0,0,0,3173,10010,0,1,"35826",,-1,,,15,"RAYYAN",1,,,0,0,1,"01",0,0,,0,564000,1,"35826",,,279,0,,"Z001",,,,,,0,,5600
"35826",,"07/21/26 00:00:00","241910",0,25000,100,200,0,,,0,0,0,0,0,3174,10010,0,1,"35826",,-1,,,16,"RAYYAN",1,,,0,0,1,"01",0,0,,0,564000,1,"35826",,,0,182.97,,"Z001",,,,,,0,,25000
"35826",,"07/21/26 00:00:00","262089",16,200,0,0,0,,,0,0,0,0,0,3175,10010,0,1,"35826",,-1,,,17,"RAYYAN",1,,,0,0,1,"01",0,0,,0,564000,1,"35826",,,120,0,,"Z001",,,,,,0,,200
"35826",,"07/21/26 00:00:00","1425",8,200,0,0,0,,,0,0,0,0,0,3176,10010,0,1,"35826",,-1,,,18,"RAYYAN",1,,,0,0,1,"01",0,0,,0,564000,1,"35826",,,120,0,,"Z001",,,,,,0,,200
"35826",,"07/21/26 00:00:00","251936",3,1500,0,0,0,,,0,0,0,0,0,3177,10010,0,1,"35826",,-1,,,19,"RAYYAN",1,,,0,0,1,"01",0,0,,0,564000,1,"35826",,,644,0,,"Z001",,,,,,0,,1500
"35926",,"07/18/26 00:00:00","5811",1,8000,0,0,0,,,0,0,0,0,0,3179,341,0,1,"35926",,-1,,,1,"ABDUL",1,,,0,0,1,"01",0,0,,0,17350,1,"35926",,,1794.62,0,,"Z001",,,,,,0,,8000
"35926",,"07/18/26 00:00:00","932",1,4300,0,0,0,,,0,0,0,0,0,3180,341,0,1,"35926",,-1,,,2,"ABDUL",1,,,0,0,1,"01",0,0,,0,17350,1,"35926",,,2100,0,,"Z001",,,,,,0,,4300
"35926",,"07/18/26 00:00:00","6316",1,2500,0,0,0,,,0,0,0,0,0,3181,341,0,1,"35926",,-1,,,3,"ABDUL",1,,,0,0,1,"01",0,0,,0,17350,1,"35926",,,1266.67,0,,"Z001",,,,,,0,,2500
"35926",,"07/18/26 00:00:00","876",0,7500,6,100,0,,,0,0,0,0,0,3182,341,0,1,"35926",,-1,,,4,"ABDUL",1,,,0,0,1,"01",0,0,,0,17350,1,"35926",,,0,100,,"Z001",,,,,,0,,7500
"35926",,"07/18/26 00:00:00","6365",1,100,0,0,0,,,0,0,0,0,0,3183,341,0,1,"35926",,-1,,,5,"ABDUL",1,,,0,0,1,"01",0,0,,0,17350,1,"35926",,,98.73,0,,"Z001",,,,,,0,,100
"35926",,"07/18/26 00:00:00","862",1,200,0,0,0,,,0,0,0,0,0,3184,341,0,1,"35926",,-1,,,6,"ABDUL",1,,,0,0,1,"01",0,0,,0,17350,1,"35926",,,80,0,,"Z001",,,,,,0,,200
"35926",,"07/18/26 00:00:00","6338",2,150,0,0,0,,,0,0,0,0,0,3185,341,0,1,"35926",,-1,,,7,"ABDUL",1,,,0,0,1,"01",0,0,,0,17350,1,"35926",,,50,0,,"Z001",,,,,,0,,150
"35926",,"07/18/26 00:00:00","6063",1,50,0,0,0,,,0,0,0,0,0,3186,341,0,1,"35926",,-1,,,8,"ABDUL",1,,,0,0,1,"01",0,0,,0,17350,1,"35926",,,6.67,0,,"Z001",,,,,,0,,50
"35926",,"07/18/26 00:00:00","251992",1,1300,0,0,0,,,0,0,0,0,0,3187,341,0,1,"35926",,-1,,,9,"ABDUL",1,,,0,0,1,"01",0,0,,0,17350,1,"35926",,,478.25,0,,"Z001",,,,,,0,,1300
"36026",,"07/20/26 00:00:00","6619",1,16450,0,150,0,,,0,0,0,0,0,3189,341,0,1,"36026",,-1,,,1,"ABDUL",1,,,0,0,1,"01",0,0,,0,18150,1,"36026",,,5115.6,0,,"Z001",,,,,,0,,16450
"36026",,"07/20/26 00:00:00","6338",2,150,0,0,0,,,0,0,0,0,0,3190,341,0,1,"36026",,-1,,,2,"ABDUL",1,,,0,0,1,"01",0,0,,0,18150,1,"36026",,,50,0,,"Z001",,,,,,0,,150
"36026",,"07/20/26 00:00:00","6390",1,750,0,0,0,,,0,0,0,0,0,3191,341,0,1,"36026",,-1,,,3,"ABDUL",1,,,0,0,1,"01",0,0,,0,18150,1,"36026",,,250,0,,"Z001",,,,,,0,,750
"36026",,"07/20/26 00:00:00","262280",2,325,0,0,0,,,0,0,0,0,0,3192,341,0,1,"36026",,-1,,,4,"ABDUL",1,,,0,0,1,"01",0,0,,0,18150,1,"36026",,,155,0,,"Z001",,,,,,0,,325
"36126",,"07/21/26 00:00:00","262128",3,233.3333,0,0,0,,,0,0,0,0,0,3194,341,0,1,"36126",,-1,,,1,"ABDUL",1,,,0,0,1,"01",0,0,,0,700,1,"36126",,,140.24,0,,"Z001",,,,,,0,,233.3333
"36226",,"07/22/26 00:00:00","6474",2,6215,0,63.333332,0,,,0,0,0,0,0,3196,10025,0,1,,,-1,,,1,"ABDUL",1,,,0,0,1,"01",0,0,,0,0,1,"36226",,,1923.3,0,,"Z001",,,,,,0,,6215
"36226",,"07/22/26 00:00:00","6173",15,100,0,0,0,,,0,0,0,0,0,3197,10025,0,1,,,-1,,,2,"ABDUL",1,,,0,0,1,"01",0,0,,0,0,1,"36226",,,37.08,0,,"Z001",,,,,,0,,100
"36226",,"07/22/26 00:00:00","6030",3,100,0,0,0,,,0,0,0,0,0,3198,10025,0,1,,,-1,,,3,"ABDUL",1,,,0,0,1,"01",0,0,,0,0,1,"36226",,,11.76,0,,"Z001",,,,,,0,,100
"36326",,"07/23/26 00:00:00","6474",3,6250,0,63.333332,0,,,0,0,0,0,0,3202,355,0,1,,,-1,,,2,"RAYYAN",1,,,0,0,1,"01",0,0,,0,0,1,"36326",,,1958.3,0,,"Z001",,,,,,0,,6250
"36426",,"07/22/26 00:00:00","6481",0,18500,5,232,0,,,0,0,0,0,0,3204,341,0,1,"36426",,-1,,,1,"RAYYAN",1,,,0,0,1,"01",0,0,,0,231750,1,"36426",,,0,84.04000000000001,,"Z001",,,,,,0,,18500
"36426",,"07/22/26 00:00:00","6474",0,5700,13,80,0,,,0,0,0,0,0,3205,341,0,1,"36426",,-1,,,2,"RAYYAN",1,,,0,0,1,"01",0,0,,0,231750,1,"36426",,,0,32.71,,"Z001",,,,,,0,,5700
"36426",,"07/22/26 00:00:00","252003",1,27000,0,0,0,,,0,0,0,0,0,3206,341,0,1,"36426",,-1,,,3,"RAYYAN",1,,,0,0,1,"01",0,0,,0,231750,1,"36426",,,11199.69,0,,"Z001",,,,,,0,,27000
"37026",,"07/27/26 00:00:00","262146",0,8149,10,130,0,,,0,0,0,0,0,3277,10033,0,1,,,-1,,,3,"ABDUL",1,,,0,0,1,"01",0,0,,0,0,1,"37026",,,0,130,,"Z001",,,,,,0,,8149
"37026",,"07/27/26 00:00:00","6365",1,80,0,0,0,,,0,0,0,0,0,3278,10033,0,1,,,-1,,,4,"ABDUL",1,,,0,0,1,"01",0,0,,0,0,1,"37026",,,78.73,0,,"Z001",,,,,,0,,80
"37126",,"07/27/26 00:00:00","5817",8,9000,0,0,0,,,0,0,0,0,0,3289,10053,0,1,"37126",,-1,,,1,"ABDUL",1,,,0,0,1,"01",0,0,,0,72000,1,"37126",,,537.74,0,,"Z001",,,,,,0,,9000
"37226",,"07/24/26 00:00:00","6391",7,150,0,0,0,,,0,0,0,0,0,3291,10054,0,1,,,-1,,,1,"ABDUL",1,,,0,0,1,"01",0,0,,0,0,1,"37226",,,52.5,0,,"Z001",,,,,,0,,150
"37226",,"07/24/26 00:00:00","251936",6,1800,0,0,0,,,0,0,0,0,0,3292,10054,0,1,,,-1,,,2,"ABDUL",1,,,0,0,1,"01",0,0,,0,0,1,"37226",,,944,0,,"Z001",,,,,,0,,1800
"37226",,"07/24/26 00:00:00","973",1,1500,0,0,0,,,0,0,0,0,0,3293,10054,0,1,,,-1,,,3,"ABDUL",1,,,0,0,1,"01",0,0,,0,0,1,"37226",,,750,0,,"Z001",,,,,,0,,1500
"37226",,"07/24/26 00:00:00","241912",2,250,0,0,0,,,0,0,0,0,0,3294,10054,0,1,,,-1,,,4,"ABDUL",1,,,0,0,1,"01",0,0,,0,0,1,"37226",,,183.43,0,,"Z001",,,,,,0,,250
"37226",,"07/24/26 00:00:00","251968",1,750,0,650,0,,,0,0,0,0,0,3295,10054,0,1,,,-1,,,5,"ABDUL",1,,,0,0,1,"01",0,0,,0,0,1,"37226",,,350,0,,"Z001",,,,,,0,,750
"37226",,"07/24/26 00:00:00","241910",0,25000,70,300,0,,,0,0,0,0,0,3296,10054,0,1,,,-1,,,6,"ABDUL",1,,,0,0,1,"01",0,0,,0,0,1,"37226",,,0,282.97,,"Z001",,,,,,0,,25000
"37226",,"07/24/26 00:00:00","262089",4,200,0,0,0,,,0,0,0,0,0,3297,10054,0,1,,,-1,,,7,"ABDUL",1,,,0,0,1,"01",0,0,,0,0,1,"37226",,,120,0,,"Z001",,,,,,0,,200
"37226",,"07/24/26 00:00:00","1425",10,200,0,0,0,,,0,0,0,0,0,3298,10054,0,1,,,-1,,,8,"ABDUL",1,,,0,0,1,"01",0,0,,0,0,1,"37226",,,120,0,,"Z001",,,,,,0,,200
"37226",,"07/24/26 00:00:00","6190",15,20,0,0,0,,,0,0,0,0,0,3299,10054,0,1,,,-1,,,9,"ABDUL",1,,,0,0,1,"01",0,0,,0,0,1,"37226",,,15.68,0,,"Z001",,,,,,0,,20
"37226",,"07/24/26 00:00:00","262076",100,650,0,0,0,,,0,0,0,0,0,3300,10054,0,1,,,-1,,,10,"ABDUL",1,,,0,0,1,"01",0,0,,0,0,1,"37226",,,227.76,0,,"Z001",,,,,,0,,650
"37226",,"07/24/26 00:00:00","262285",0,3500,85,35,0,,,0,0,0,0,0,3301,10054,0,1,,,-1,,,11,"ABDUL",1,,,0,0,1,"01",0,0,,0,0,1,"37226",,,0,35,,"Z001",,,,,,0,,3500
"37226",,"07/24/26 00:00:00","262149",1,6000,0,0,0,,,0,0,0,0,0,3302,10054,0,1,,,-1,,,12,"ABDUL",1,,,0,0,1,"01",0,0,,0,0,1,"37226",,,2500,0,,"Z001",,,,,,0,,6000
"37226",,"07/24/26 00:00:00","5817",6,13000,0,0,0,,,0,0,0,0,0,3303,10054,0,1,,,-1,,,13,"ABDUL",1,,,0,0,1,"01",0,0,,0,0,1,"37226",,,4600.29,0,,"Z001",,,,,,0,,13000
"37226",,"07/24/26 00:00:00","262113",1,50000,0,0,0,,,0,0,0,0,0,3304,10054,0,1,,,-1,,,14,"ABDUL",1,,,0,0,1,"01",0,0,,0,0,1,"37226",,,19800,0,,"Z001",,,,,,0,,50000
"37226",,"07/24/26 00:00:00","262287",28,1900,0,0,0,,,0,0,0,0,0,3307,10054,0,1,,,-1,,,15,"ABDUL",1,,,0,0,1,"01",0,0,,0,0,1,"37226",,,588.04,0,,"Z001",,,,,,0,,1900
"37326",,"07/25/26 00:00:00","6591",1,5000,0,0,0,,,0,0,0,0,0,3310,341,0,1,"37326",,-1,,,1,"RAYYAN",1,,,0,0,1,"01",0,0,,0,16990,1,"37326",,,1301.66,0,,"Z001",,,,,,0,,5000
"37326",,"07/25/26 00:00:00","1581",1,5800,0,0,0,,,0,0,0,0,0,3311,341,0,1,"37326",,-1,,,2,"RAYYAN",1,,,0,0,1,"01",0,0,,0,16990,1,"37326",,,1900,0,,"Z001",,,,,,0,,5800
"37326",,"07/25/26 00:00:00","262196",1,550,0,0,0,,,0,0,0,0,0,3312,341,0,1,"37326",,-1,,,3,"RAYYAN",1,,,0,0,1,"01",0,0,,0,16990,1,"37326",,,230,0,,"Z001",,,,,,0,,550
"37326",,"07/25/26 00:00:00","262098",1,2300,0,0,0,,,0,0,0,0,0,3313,341,0,1,"37326",,-1,,,4,"RAYYAN",1,,,0,0,1,"01",0,0,,0,16990,1,"37326",,,800,0,,"Z001",,,,,,0,,2300
"37326",,"07/25/26 00:00:00","6589",1,800,0,0,0,,,0,0,0,0,0,3314,341,0,1,"37326",,-1,,,5,"RAYYAN",1,,,0,0,1,"01",0,0,,0,16990,1,"37326",,,230,0,,"Z001",,,,,,0,,800
"37326",,"07/25/26 00:00:00","262163",1,200,0,0,0,,,0,0,0,0,0,3315,341,0,1,"37326",,-1,,,6,"RAYYAN",1,,,0,0,1,"01",0,0,,0,16990,1,"37326",,,110,0,,"Z001",,,,,,0,,200
"37326",,"07/25/26 00:00:00","5970",3,130,0,0,0,,,0,0,0,0,0,3316,341,0,1,"37326",,-1,,,7,"RAYYAN",1,,,0,0,1,"01",0,0,,0,16990,1,"37326",,,42.89,0,,"Z001",,,,,,0,,130
"37326",,"07/25/26 00:00:00","252045",3,100,0,0,0,,,0,0,0,0,0,3317,341,0,1,"37326",,-1,,,8,"RAYYAN",1,,,0,0,1,"01",0,0,,0,16990,1,"37326",,,60.83,0,,"Z001",,,,,,0,,100
"37326",,"07/25/26 00:00:00","6296",1,150,0,0,0,,,0,0,0,0,0,3318,341,0,1,"37326",,-1,,,9,"RAYYAN",1,,,0,0,1,"01",0,0,,0,16990,1,"37326",,,74,0,,"Z001",,,,,,0,,150
"37326",,"07/25/26 00:00:00","791",1,1500,0,0,0,,,0,0,0,0,0,3319,341,0,1,"37326",,-1,,,10,"RAYYAN",1,,,0,0,1,"01",0,0,,0,16990,1,"37326",,,561.36,0,,"Z001",,,,,,0,,1500
"37426",,"07/27/26 00:00:00","1288",1,11300,0,0,0,,,0,0,0,0,0,3321,341,0,1,"37426",,-1,,,1,"RAYYAN",1,,,0,0,1,"01",0,0,,0,15100,1,"37426",,,1054.55,0,,"Z001",,,,,,0,,11300
"37426",,"07/27/26 00:00:00","262086",1,300,0,0,0,,,0,0,0,0,0,3322,341,0,1,"37426",,-1,,,2,"RAYYAN",1,,,0,0,1,"01",0,0,,0,15100,1,"37426",,,172,0,,"Z001",,,,,,0,,300
"37426",,"07/27/26 00:00:00","262120",1,500,0,0,0,,,0,0,0,0,0,3323,341,0,1,"37426",,-1,,,3,"RAYYAN",1,,,0,0,1,"01",0,0,,0,15100,1,"37426",,,250,0,,"Z001",,,,,,0,,500
"37426",,"07/27/26 00:00:00","262209",4,25,0,0,0,,,0,0,0,0,0,3324,341,0,1,"37426",,-1,,,4,"RAYYAN",1,,,0,0,1,"01",0,0,,0,15100,1,"37426",,,21.67,0,,"Z001",,,,,,0,,25
"37426",,"07/27/26 00:00:00","6505",2,125,0,0,0,,,0,0,0,0,0,3325,341,0,1,"37426",,-1,,,5,"RAYYAN",1,,,0,0,1,"01",0,0,,0,15100,1,"37426",,,54.83,0,,"Z001",,,,,,0,,125
"37426",,"07/27/26 00:00:00","262195",1,1050,0,0,0,,,0,0,0,0,0,3326,341,0,1,"37426",,-1,,,6,"RAYYAN",1,,,0,0,1,"01",0,0,,0,15100,1,"37426",,,500,0,,"Z001",,,,,,0,,1050
"37426",,"07/27/26 00:00:00","251941",1,500,0,0,0,,,0,0,0,0,0,3327,341,0,1,"37426",,-1,,,7,"RAYYAN",1,,,0,0,1,"01",0,0,,0,15100,1,"37426",,,210,0,,"Z001",,,,,,0,,500
"37426",,"07/27/26 00:00:00","241923",2,450,0,0,0,,,0,0,0,0,0,3328,341,0,1,"37426",,-1,,,8,"RAYYAN",1,,,0,0,1,"01",0,0,,0,15100,1,"37426",,,170,0,,"Z001",,,,,,0,,450
"37426",,"07/27/26 00:00:00","6602",2,100,0,0,0,,,0,0,0,0,0,3329,341,0,1,"37426",,-1,,,9,"RAYYAN",1,,,0,0,1,"01",0,0,,0,15100,1,"37426",,,32.12,0,,"Z001",,,,,,0,,100
"37526",,"07/27/26 00:00:00","251938",20,1505.6677,0,0,0,,,0,0,0,0,0,3331,365,0,1,"37526",,-1,,,1,"RAYYAN",1,,,0,0,1,"01",0,0,,0,33113.35,1,"37526",,,0,0,,"Z001",,,,,,0,,1505.6677
"36426",,"07/22/26 00:00:00","5817",4,11750,0,0,0,,,0,0,0,0,0,3207,341,0,1,"36426",,-1,,,4,"RAYYAN",1,,,0,0,1,"01",0,0,,0,231750,1,"36426",,,3350.29,0,,"Z001",,,,,,0,,11750
"36426",,"07/22/26 00:00:00","252020",60,300,0,0,0,,,0,0,0,0,0,3208,341,0,1,"36426",,-1,,,5,"RAYYAN",1,,,0,0,1,"01",0,0,,0,231750,1,"36426",,,116.31,0,,"Z001",,,,,,0,,300
"36426",,"07/22/26 00:00:00","241910",0,25000,34,289.70999,0,,,0,0,0,0,0,3209,341,0,1,"36426",,-1,,,6,"RAYYAN",1,,,0,0,1,"01",0,0,,0,231750,1,"36426",,,0,272.68,,"Z001",,,,,,0,,25000
"36426",,"07/22/26 00:00:00","973",2,1475,0,0,0,,,0,0,0,0,0,3210,341,0,1,"36426",,-1,,,7,"RAYYAN",1,,,0,0,1,"01",0,0,,0,231750,1,"36426",,,725,0,,"Z001",,,,,,0,,1475
"36426",,"07/22/26 00:00:00","241912",6,368.32999,0,0,0,,,0,0,0,0,0,3211,341,0,1,"36426",,-1,,,8,"RAYYAN",1,,,0,0,1,"01",0,0,,0,231750,1,"36426",,,301.76,0,,"Z001",,,,,,0,,368.32999
"36426",,"07/22/26 00:00:00","1471",2,13000,0,0,0,,,0,0,0,0,0,3212,341,0,1,"36426",,-1,,,9,"RAYYAN",1,,,0,0,1,"01",0,0,,0,231750,1,"36426",,,2200,0,,"Z001",,,,,,0,,13000
"36426",,"07/22/26 00:00:00","262281",1,19600,0,0,0,,,0,0,0,0,0,3213,341,0,1,"36426",,-1,,,10,"RAYYAN",1,,,0,0,1,"01",0,0,,0,231750,1,"36426",,,3600,0,,"Z001",,,,,,0,,19600
"36426",,"07/22/26 00:00:00","252049",2,23750,0,0,0,,,0,0,0,0,0,3214,341,0,1,"36426",,-1,,,11,"RAYYAN",1,,,0,0,1,"01",0,0,,0,231750,1,"36426",,,10684.38,0,,"Z001",,,,,,0,,23750
"36426",,"07/22/26 00:00:00","262282",1,8000,0,0,0,,,0,0,0,0,0,3215,341,0,1,"36426",,-1,,,12,"RAYYAN",1,,,0,0,1,"01",0,0,,0,231750,1,"36426",,,3600,0,,"Z001",,,,,,0,,8000
"36426",,"07/22/26 00:00:00","6334",1,350,0,0,0,,,0,0,0,0,0,3216,341,0,1,"36426",,-1,,,13,"RAYYAN",1,,,0,0,1,"01",0,0,,0,231750,1,"36426",,,70.66,0,,"Z001",,,,,,0,,350
"36426",,"07/22/26 00:00:00","6098",1,50,0,0,0,,,0,0,0,0,0,3217,341,0,1,"36426",,-1,,,14,"RAYYAN",1,,,0,0,1,"01",0,0,,0,231750,1,"36426",,,17.16,0,,"Z001",,,,,,0,,50
"36426",,"07/22/26 00:00:00","6173",8,97.5,0,0,0,,,0,0,0,0,0,3218,341,0,1,"36426",,-1,,,15,"RAYYAN",1,,,0,0,1,"01",0,0,,0,231750,1,"36426",,,34.58,0,,"Z001",,,,,,0,,97.5
"36426",,"07/22/26 00:00:00","6192",7,15,0,0,0,,,0,0,0,0,0,3219,341,0,1,"36426",,-1,,,16,"RAYYAN",1,,,0,0,1,"01",0,0,,0,231750,1,"36426",,,12.47,0,,"Z001",,,,,,0,,15
"36426",,"07/22/26 00:00:00","6100",15,15,0,0,0,,,0,0,0,0,0,3220,341,0,1,"36426",,-1,,,17,"RAYYAN",1,,,0,0,1,"01",0,0,,0,231750,1,"36426",,,10,0,,"Z001",,,,,,0,,15
"36426",,"07/22/26 00:00:00","6063",2,50,0,0,0,,,0,0,0,0,0,3221,341,0,1,"36426",,-1,,,18,"RAYYAN",1,,,0,0,1,"01",0,0,,0,231750,1,"36426",,,6.67,0,,"Z001",,,,,,0,,50
"36426",,"07/22/26 00:00:00","262285",0,0,15,40,0,,,0,0,0,0,0,3224,341,0,1,"36426",,-1,,,19,"RAYYAN",1,,,0,0,1,"01",0,0,,0,231750,1,"36426",,,0,40,,"Z001",,,,,,0,,0
"36426",,"07/22/26 00:00:00","262194",1,750,0,0,0,,,0,0,0,0,0,3225,341,0,1,"36426",,-1,,,20,"RAYYAN",1,,,0,0,1,"01",0,0,,0,231750,1,"36426",,,300,0,,"Z001",,,,,,0,,750
"36426",,"07/22/26 00:00:00","262209",4,25,0,0,0,,,0,0,0,0,0,3226,341,0,1,"36426",,-1,,,21,"RAYYAN",1,,,0,0,1,"01",0,0,,0,231750,1,"36426",,,21.67,0,,"Z001",,,,,,0,,25
"36426",,"07/22/26 00:00:00","1588",1,19000,0,0,0,,,0,0,0,0,0,3227,341,0,1,"36426",,-1,,,22,"RAYYAN",1,,,0,0,1,"01",0,0,,0,231750,1,"36426",,,4500,0,,"Z001",,,,,,0,,19000
"36426",,"07/22/26 00:00:00","1037",1,300,0,0,0,,,0,0,0,0,0,3228,341,0,1,"36426",,-1,,,23,"RAYYAN",1,,,0,0,1,"01",0,0,,0,231750,1,"36426",,,117.5,0,,"Z001",,,,,,0,,300
"36426",,"07/22/26 00:00:00","251967",0,250,8,10,0,,,0,0,0,0,0,3231,341,0,1,"36426",,-1,,,24,"RAYYAN",1,,,0,0,1,"01",0,0,,0,231750,1,"36426",,,0,10,,"Z001",,,,,,0,,250
"36526",,"07/23/26 00:00:00","5969",2,30,0,0,0,,,0,0,0,0,0,3233,341,0,1,"36526",,-1,,,1,"RAYYAN",1,,,0,0,1,"01",0,0,,0,24060,1,"36526",,,12.02,0,,"Z001",,,,,,0,,30
"36526",,"07/23/26 00:00:00","1032",1,450,0,0,0,,,0,0,0,0,0,3234,341,0,1,"36526",,-1,,,2,"RAYYAN",1,,,0,0,1,"01",0,0,,0,24060,1,"36526",,,67.78,0,,"Z001",,,,,,0,,450
"36526",,"07/23/26 00:00:00","262101",1,350,0,0,0,,,0,0,0,0,0,3235,341,0,1,"36526",,-1,,,3,"RAYYAN",1,,,0,0,1,"01",0,0,,0,24060,1,"36526",,,170,0,,"Z001",,,,,,0,,350
"36526",,"07/23/26 00:00:00","251941",1,400,0,0,0,,,0,0,0,0,0,3236,341,0,1,"36526",,-1,,,4,"RAYYAN",1,,,0,0,1,"01",0,0,,0,24060,1,"36526",,,110,0,,"Z001",,,,,,0,,400
"36526",,"07/23/26 00:00:00","262187",1,1050,0,0,0,,,0,0,0,0,0,3237,341,0,1,"36526",,-1,,,5,"RAYYAN",1,,,0,0,1,"01",0,0,,0,24060,1,"36526",,,470,0,,"Z001",,,,,,0,,1050
"36526",,"07/23/26 00:00:00","262179",1,250,0,0,0,,,0,0,0,0,0,3238,341,0,1,"36526",,-1,,,6,"RAYYAN",1,,,0,0,1,"01",0,0,,0,24060,1,"36526",,,130,0,,"Z001",,,,,,0,,250
"36526",,"07/23/26 00:00:00","1287",1,14200,0,0,0,,,0,0,0,0,0,3239,341,0,1,"36526",,-1,,,7,"RAYYAN",1,,,0,0,1,"01",0,0,,0,24060,1,"36526",,,1400,0,,"Z001",,,,,,0,,14200
"36526",,"07/23/26 00:00:00","6505",1,100,0,0,0,,,0,0,0,0,0,3240,341,0,1,"36526",,-1,,,8,"RAYYAN",1,,,0,0,1,"01",0,0,,0,24060,1,"36526",,,29.83,0,,"Z001",,,,,,0,,100
"36526",,"07/23/26 00:00:00","252042",1,150,0,0,0,,,0,0,0,0,0,3241,341,0,1,"36526",,-1,,,9,"RAYYAN",1,,,0,0,1,"01",0,0,,0,24060,1,"36526",,,72,0,,"Z001",,,,,,0,,150
"36526",,"07/23/26 00:00:00","6296",1,150,0,0,0,,,0,0,0,0,0,3242,341,0,1,"36526",,-1,,,10,"RAYYAN",1,,,0,0,1,"01",0,0,,0,24060,1,"36526",,,74,0,,"Z001",,,,,,0,,150
"36526",,"07/23/26 00:00:00","262202",1,6900,0,0,0,,,0,0,0,0,0,3243,341,0,1,"36526",,-1,,,11,"RAYYAN",1,,,0,0,1,"01",0,0,,0,24060,1,"36526",,,1700,0,,"Z001",,,,,,0,,6900
"36626",,"07/24/26 00:00:00","6030",2,100,0,0,0,,,0,0,0,0,0,3245,341,0,1,"36626",,-1,,,1,"RAYYAN",1,,,0,0,1,"01",0,0,,0,79100,1,"36626",,,11.76,0,,"Z001",,,,,,0,,100
"36626",,"07/24/26 00:00:00","252045",6,100,0,0,0,,,0,0,0,0,0,3246,341,0,1,"36626",,-1,,,2,"RAYYAN",1,,,0,0,1,"01",0,0,,0,79100,1,"36626",,,60.83,0,,"Z001",,,,,,0,,100
"36626",,"07/24/26 00:00:00","252004",1,32000,0,0,0,,,0,0,0,0,0,3247,341,0,1,"36626",,-1,,,3,"RAYYAN",1,,,0,0,1,"01",0,0,,0,79100,1,"36626",,,12400,0,,"Z001",,,,,,0,,32000
"36626",,"07/24/26 00:00:00","5817",3,11500,0,0,0,,,0,0,0,0,0,3248,341,0,1,"36626",,-1,,,4,"RAYYAN",1,,,0,0,1,"01",0,0,,0,79100,1,"36626",,,3100.29,0,,"Z001",,,,,,0,,11500
"36626",,"07/24/26 00:00:00","973",1,1200,0,0,0,,,0,0,0,0,0,3249,341,0,1,"36626",,-1,,,5,"RAYYAN",1,,,0,0,1,"01",0,0,,0,79100,1,"36626",,,450,0,,"Z001",,,,,,0,,1200
"36626",,"07/24/26 00:00:00","252020",20,300,0,0,0,,,0,0,0,0,0,3250,341,0,1,"36626",,-1,,,6,"RAYYAN",1,,,0,0,1,"01",0,0,,0,79100,1,"36626",,,116.31,0,,"Z001",,,,,,0,,300
"36626",,"07/24/26 00:00:00","251936",2,1800,0,0,0,,,0,0,0,0,0,3251,341,0,1,"36626",,-1,,,7,"RAYYAN",1,,,0,0,1,"01",0,0,,0,79100,1,"36626",,,944,0,,"Z001",,,,,,0,,1800
"36626",,"07/24/26 00:00:00","1425",6,150,0,0,0,,,0,0,0,0,0,3252,341,0,1,"36626",,-1,,,8,"RAYYAN",1,,,0,0,1,"01",0,0,,0,79100,1,"36626",,,70,0,,"Z001",,,,,,0,,150
"36626",,"07/24/26 00:00:00","6505",1,100,0,0,0,,,0,0,0,0,0,3253,341,0,1,"36626",,-1,,,9,"RAYYAN",1,,,0,0,1,"01",0,0,,0,79100,1,"36626",,,29.83,0,,"Z001",,,,,,0,,100
"36726",,"07/24/26 00:00:00","262144",1,37600,0,0,0,,,0,0,0,0,0,3255,365,0,1,"36726",,-1,,,1,"RAYYAN",1,,,0,0,1,"01",0,0,,0,116600,1,"36726",,,0,0,,"Z001",,,,,,0,,37600
"36726",,"07/24/26 00:00:00","262255",1,79000,0,0,0,,,0,0,0,0,0,3256,365,0,1,"36726",,-1,,,2,"RAYYAN",1,,,0,0,1,"01",0,0,,0,116600,1,"36726",,,490.19,0,,"Z001",,,,,,0,,79000
"36826",,"07/25/26 00:00:00","262163",2,170,0,0,0,,,0,0,0,0,0,3259,10033,0,1,,,-1,,,4,"RAYYAN",1,,,0,0,1,"01",0,0,,0,0,1,"36826",,,80,0,,"Z001",,,,,,0,,170
"36826",,"07/25/26 00:00:00","262093",1,11000,0,0,0,,,0,0,0,0,0,3260,10033,0,1,,,-1,,,1,"RAYYAN",1,,,0,0,1,"01",0,0,,0,0,1,"36826",,,1872,0,,"Z001",,,,,,0,,11000
"36826",,"07/25/26 00:00:00","262216",7,350,0,0,0,,,0,0,0,0,0,3262,10033,0,1,,,-1,,,2,"RAYYAN",1,,,0,0,1,"01",0,0,,0,0,1,"36826",,,52.5,0,,"Z001",,,,,,0,,350
"36826",,"07/25/26 00:00:00","6365",3,80,0,0,0,,,0,0,0,0,0,3263,10033,0,1,,,-1,,,3,"RAYYAN",1,,,0,0,1,"01",0,0,,0,0,1,"36826",,,78.73,0,,"Z001",,,,,,0,,80
"36826",,"07/25/26 00:00:00","6335",1,280,0,0,0,,,0,0,0,0,0,3264,10033,0,1,,,-1,,,5,"RAYYAN",1,,,0,0,1,"01",0,0,,0,0,1,"36826",,,50,0,,"Z001",,,,,,0,,280
"36826",,"07/25/26 00:00:00","6584",1,120,0,0,0,,,0,0,0,0,0,3265,10033,0,1,,,-1,,,6,"RAYYAN",1,,,0,0,1,"01",0,0,,0,0,1,"36826",,,30.29,0,,"Z001",,,,,,0,,120
"36826",,"07/25/26 00:00:00","5969",4,30,0,0,0,,,0,0,0,0,0,3266,10033,0,1,,,-1,,,7,"RAYYAN",1,,,0,0,1,"01",0,0,,0,0,1,"36826",,,12.02,0,,"Z001",,,,,,0,,30
"36826",,"07/25/26 00:00:00","875",2,1300,0,0,0,,,0,0,0,0,0,3267,10033,0,1,,,-1,,,8,"RAYYAN",1,,,0,0,1,"01",0,0,,0,0,1,"36826",,,300,0,,"Z001",,,,,,0,,1300
"36826",,"07/25/26 00:00:00","836",2,300,0,0,0,,,0,0,0,0,0,3268,10033,0,1,,,-1,,,9,"RAYYAN",1,,,0,0,1,"01",0,0,,0,0,1,"36826",,,58.84,0,,"Z001",,,,,,0,,300
"36826",,"07/25/26 00:00:00","6063",2,50,0,0,0,,,0,0,0,0,0,3269,10033,0,1,,,-1,,,10,"RAYYAN",1,,,0,0,1,"01",0,0,,0,0,1,"36826",,,6.67,0,,"Z001",,,,,,0,,50
"36826",,"07/25/26 00:00:00","6602",5,100,0,0,0,,,0,0,0,0,0,3271,10033,0,1,,,-1,,,11,"RAYYAN",1,,,0,0,1,"01",0,0,,0,0,1,"36826",,,32.12,0,,"Z001",,,,,,0,,100
"36926",,"07/25/26 00:00:00","6585",1,170,0,0,0,,,0,0,0,0,0,3273,10018,0,1,,,-1,,,1,"RAYYAN",1,,,0,0,1,"01",0,0,,0,0,1,"36926",,,41.41,0,,"Z001",,,,,,0,,170
"37026",,"07/27/26 00:00:00","262240",6,100,0,0,0,,,0,0,0,0,0,3275,10033,0,1,,,-1,,,1,"ABDUL",1,,,0,0,1,"01",0,0,,0,0,1,"37026",,,65,0,,"Z001",,,,,,0,,100
"37026",,"07/27/26 00:00:00","6602",8,100,0,0,0,,,0,0,0,0,0,3276,10033,0,1,,,-1,,,2,"ABDUL",1,,,0,0,1,"01",0,0,,0,0,1,"37026",,,32.12,0,,"Z001",,,,,,0,,100
"38226",,"07/29/26 00:00:00","231907",1,11500,0,0,0,,,0,0,0,0,0,3385,10037,0,1,,,-1,,,1,"RAYYAN",1,,,0,0,1,"01",0,0,,0,0,1,"38226",,,3000,0,,"Z001",,,,,,0,,11500
"28226",,"03/16/26 00:00:00","6477",0,23000,24,300,0,,,0,1,0,0,0,3388,10002,0,1,,,156,,,22,"ABDUL",1,,,0,0,1,"01",0,0,,0,0,1,"28226",,"SABASABA",0,176.54,,"Z001",,,,,,0,,23000
"28226",,"03/16/26 00:00:00","6476",0,13500,20,200,0,,,0,1,0,0,0,3389,10002,0,1,,,156,,,23,"ABDUL",1,,,0,0,1,"01",0,0,,0,0,1,"28226",,"SABASABA",0,87.88,,"Z001",,,,,,0,,13500
"38326",,"07/31/26 00:00:00","6190",10,15,0,0,0,,,0,1,0,0,0,3394,10002,0,1,,,19,,,3,"RAYYAN",1,,,0,0,1,"01",0,0,,0,0,1,"38326",,,10.68,0,,"Z001",,,,,,0,,15
"38326",,"07/31/26 00:00:00","6272",30,15,0,0,0,,,0,1,0,0,0,3395,10002,0,1,,,19,,,4,"RAYYAN",1,,,0,0,1,"01",0,0,,0,0,1,"38326",,,9,0,,"Z001",,,,,,0,,15
"38326",,"07/31/26 00:00:00","6030",1,100,0,0,0,,,0,1,0,0,0,3396,10002,0,1,,,19,,,5,"RAYYAN",1,,,0,0,1,"01",0,0,,0,0,1,"38326",,,11.76,0,,"Z001",,,,,,0,,100
"38326",,"07/31/26 00:00:00","6391",6,150,0,0,0,,,0,1,0,0,0,3397,10002,0,1,,,19,,,6,"RAYYAN",1,,,0,0,1,"01",0,0,,0,0,1,"38326",,,52.5,0,,"Z001",,,,,,0,,150
"38426",,"07/31/26 00:00:00","262296",1,3000,0,0,0,,,0,0,0,0,0,3400,10053,0,1,"38426",,-1,,,1,"ABDUL",1,,,0,0,1,"01",0,0,,0,3000,1,"38426",,,500,0,,"Z001",,,,,,0,,3000
"38526",,"08/05/26 00:00:00","1471",1,12500,0,0,0,,,0,1,0,0,0,3402,10002,0,1,,,14,,,1,"ABDUL",1,,,0,0,1,"01",0,0,,0,0,1,"38526",,,1700,0,,"Z001",,,,,,0,,12500
"38626",,"07/28/26 00:00:00","251990",1,100,0,0,0,,,0,0,0,0,0,3405,341,0,1,"38626",,-1,,,1,"RAYYAN",1,,,0,0,1,"01",0,0,,0,39500,1,"38626",,,40,0,,"Z001",,,,,,0,,100
"38626",,"07/28/26 00:00:00","262223",1,2400,0,0,0,,,0,0,0,0,0,3406,341,0,1,"38626",,-1,,,2,"RAYYAN",1,,,0,0,1,"01",0,0,,0,39500,1,"38626",,,918,0,,"Z001",,,,,,0,,2400
"38626",,"07/28/26 00:00:00","262258",1,4000,0,0,0,,,0,0,0,0,0,3407,341,0,1,"38626",,-1,,,3,"RAYYAN",1,,,0,0,1,"01",0,0,,0,39500,1,"38626",,,2100,0,,"Z001",,,,,,0,,4000
"38626",,"07/28/26 00:00:00","262289",1,33000,0,0,0,,,0,0,0,0,0,3408,341,0,1,"38626",,-1,,,4,"RAYYAN",1,,,0,0,1,"01",0,0,,0,39500,1,"38626",,,8000,0,,"Z001",,,,,,0,,33000
"37726",,"07/29/26 00:00:00","262286",1,35000,0,0,0,,,0,0,0,0,0,3357,10010,0,1,"37726",,-1,,,1,"RAYYAN",1,,,0,0,1,"01",0,0,,0,120000,1,"37726",,,11000,0,,"Z001",,,,,,0,,35000
"37726",,"07/29/26 00:00:00","262279",1,63000,0,0,0,,,0,0,0,0,0,3358,10010,0,1,"37726",,-1,,,2,"RAYYAN",1,,,0,0,1,"01",0,0,,0,120000,1,"37726",,,17611.28,0,,"Z001",,,,,,0,,63000
"37726",,"07/29/26 00:00:00","5817",2,11000,0,0,0,,,0,0,0,0,0,3359,10010,0,1,"37726",,-1,,,3,"RAYYAN",1,,,0,0,1,"01",0,0,,0,120000,1,"37726",,,2537.74,0,,"Z001",,,,,,0,,11000
"37926",,"07/30/26 00:00:00","262290",4,12500,0,0,0,,,0,0,0,0,0,3366,10049,0,1,,,-1,,,1,"RAYYAN",1,,,0,0,1,"01",0,0,,0,0,1,"37926",,,2187.5,0,,"Z001",,,,,,0,,12500
"38026",,"07/29/26 00:00:00","262235",1,3500,0,0,0,,,0,0,0,0,0,3368,10010,0,1,"38026",,-1,,,1,"RAYYAN",1,,,0,0,1,"01",0,0,,0,10100,1,"38026",,,323,0,,"Z001",,,,,,0,,3500
"38026",,"07/29/26 00:00:00","5970",7,130,0,0,0,,,0,0,0,0,0,3369,10010,0,1,"38026",,-1,,,2,"RAYYAN",1,,,0,0,1,"01",0,0,,0,10100,1,"38026",,,42.89,0,,"Z001",,,,,,0,,130
"38026",,"07/29/26 00:00:00","6334",2,350,0,0,0,,,0,0,0,0,0,3370,10010,0,1,"38026",,-1,,,3,"RAYYAN",1,,,0,0,1,"01",0,0,,0,10100,1,"38026",,,70.66,0,,"Z001",,,,,,0,,350
"38026",,"07/29/26 00:00:00","6098",2,50,0,0,0,,,0,0,0,0,0,3371,10010,0,1,"38026",,-1,,,4,"RAYYAN",1,,,0,0,1,"01",0,0,,0,10100,1,"38026",,,17.16,0,,"Z001",,,,,,0,,50
"38026",,"07/29/26 00:00:00","6585",2,200,0,0,0,,,0,0,0,0,0,3372,10010,0,1,"38026",,-1,,,5,"RAYYAN",1,,,0,0,1,"01",0,0,,0,10100,1,"38026",,,71.41,0,,"Z001",,,,,,0,,200
"38026",,"07/29/26 00:00:00","5969",1,30,0,0,0,,,0,0,0,0,0,3373,10010,0,1,"38026",,-1,,,6,"RAYYAN",1,,,0,0,1,"01",0,0,,0,10100,1,"38026",,,12.02,0,,"Z001",,,,,,0,,30
"38026",,"07/29/26 00:00:00","875",1,1800,0,0,0,,,0,0,0,0,0,3374,10010,0,1,"38026",,-1,,,7,"RAYYAN",1,,,0,0,1,"01",0,0,,0,10100,1,"38026",,,800,0,,"Z001",,,,,,0,,1800
"38026",,"07/29/26 00:00:00","6030",2,130,0,0,0,,,0,0,0,0,0,3375,10010,0,1,"38026",,-1,,,8,"RAYYAN",1,,,0,0,1,"01",0,0,,0,10100,1,"38026",,,41.76,0,,"Z001",,,,,,0,,130
"38026",,"07/29/26 00:00:00","962",2,600,0,0,0,,,0,0,0,0,0,3376,10010,0,1,"38026",,-1,,,9,"RAYYAN",1,,,0,0,1,"01",0,0,,0,10100,1,"38026",,,187.63,0,,"Z001",,,,,,0,,600
"38026",,"07/29/26 00:00:00","6602",3,100,0,0,0,,,0,0,0,0,0,3377,10010,0,1,"38026",,-1,,,10,"RAYYAN",1,,,0,0,1,"01",0,0,,0,10100,1,"38026",,,32.12,0,,"Z001",,,,,,0,,100
"38026",,"07/29/26 00:00:00","6505",6,100,0,0,0,,,0,0,0,0,0,3378,10010,0,1,"38026",,-1,,,11,"RAYYAN",1,,,0,0,1,"01",0,0,,0,10100,1,"38026",,,29.83,0,,"Z001",,,,,,0,,100
"38026",,"07/29/26 00:00:00","6364",1,300,0,100,0,,,0,0,0,0,0,3379,10010,0,1,"38026",,-1,,,12,"RAYYAN",1,,,0,0,1,"01",0,0,,0,10100,1,"38026",,,143.67,0,,"Z001",,,,,,0,,300
"38126",,"07/30/26 00:00:00","993",1,18500,0,250,0,,,0,0,0,0,0,3381,10056,0,1,"38126",,-1,,,1,"RAYYAN",1,,,0,0,1,"01",0,0,,0,20000,1,"38126",,,4886.24,0,,"Z001",,,,,,0,,18500
"38126",,"07/30/26 00:00:00","973",1,1100,0,0,0,,,0,0,0,0,0,3382,10056,0,1,"38126",,-1,,,2,"RAYYAN",1,,,0,0,1,"01",0,0,,0,20000,1,"38126",,,350,0,,"Z001",,,,,,0,,1100
"38126",,"07/30/26 00:00:00","241912",2,200,0,0,0,,,0,0,0,0,0,3383,10056,0,1,"38126",,-1,,,3,"RAYYAN",1,,,0,0,1,"01",0,0,,0,20000,1,"38126",,,133.43,0,,"Z001",,,,,,0,,200
"38726",,"07/29/26 00:00:00","1471",1,12000,0,0,0,,,0,0,0,0,0,3409,341,0,1,"38726",,-1,,,1,"RAYYAN",1,,,0,0,1,"01",0,0,,0,13150,1,"38726",,,1200,0,,"Z001",,,,,,0,,12000
"38726",,"07/29/26 00:00:00","262194",1,700,0,0,0,,,0,0,0,0,0,3410,341,0,1,"38726",,-1,,,2,"RAYYAN",1,,,0,0,1,"01",0,0,,0,13150,1,"38726",,,250,0,,"Z001",,,,,,0,,700
"38726",,"07/29/26 00:00:00","251942",1,350,0,0,0,,,0,0,0,0,0,3411,341,0,1,"38726",,-1,,,3,"RAYYAN",1,,,0,0,1,"01",0,0,,0,13150,1,"38726",,,125.52,0,,"Z001",,,,,,0,,350
"38726",,"07/29/26 00:00:00","252033",0,600,10,10,0,,,0,0,0,0,0,3412,341,0,1,"38726",,-1,,,4,"RAYYAN",1,,,0,0,1,"01",0,0,,0,13150,1,"38726",,,0,10,,"Z001",,,,,,0,,600
"38826",,"07/30/26 00:00:00","6334",1,350,0,0,0,,,0,0,0,0,0,3414,341,0,1,"38826",,-1,,,1,"ABDUL",1,,,0,0,1,"01",0,0,,0,11420,1,"38826",,,70.66,0,,"Z001",,,,,,0,,350
"38826",,"07/30/26 00:00:00","262163",3,200,0,0,0,,,0,0,0,0,0,3415,341,0,1,"38826",,-1,,,2,"ABDUL",1,,,0,0,1,"01",0,0,,0,11420,1,"38826",,,110,0,,"Z001",,,,,,0,,200
