TransRefNo,Item,TDate,QntyIn,QntyOut,GRN,RevGRN,MINTrans,RevMIN,Disposal,Lse,Price,GRNBal,AvgPrice,StCn,Transfer,ActPrice,Company,SortOrder,Official,Profit,BinLoc,Production
"40826","252024","08/04/26 00:00:00",0,6,0,0,1,0,0,0,300,0,170,0,0,300,"01",,1,780,"Z001",0
"40826","6364","08/04/26 00:00:00",0,1,0,0,1,0,0,0,300,0,156.3333333333333,0,0,300,"01",,1,143.6666666666667,"Z001",0
"40826","6346","08/04/26 00:00:00",0,1,0,0,1,0,0,0,500,0,428.1578947368421,0,0,500,"01",,1,71.84210526315792,"Z001",0
"40826","836","08/04/26 00:00:00",0,2,0,0,1,0,0,0,350,0,247.018119560565,0,0,350,"01",,1,205.9637608788701,"Z001",0
"40826","251957","08/04/26 00:00:00",0,1,0,0,1,0,0,0,2500,0,1185.368,0,0,2500,"01",,1,1314.632,"Z001",0
"40826","6063","08/04/26 00:00:00",0,2,0,0,1,0,0,0,75,0,24.58847091605712,0,0,75,"01",,1,100.8230581678858,"Z001",0
"40826","241910","08/04/26 00:00:00",0,64,0,0,1,0,0,1,200,0,17.03,0,0,200,"01",,1,11710.08,"Z001",0
"40826","6474","08/04/26 00:00:00",0,16,0,0,1,0,0,1,80,0,47.29000000000001,0,0,80,"01",,1,523.3599999999999,"Z001",0
"41026","262290","08/10/26 00:00:00",0,6,0,0,1,0,0,0,12400,0,10312.5,0,0,12400,"01",,1,12525,"Z001",0
"41026","262307","08/10/26 00:00:00",0,1,0,0,1,0,0,0,330000,0,260000,0,0,330000,"01",,1,70000,"Z001",0
"41126","6475","08/13/26 00:00:00",0,1,0,0,1,0,0,0,10400,0,6755.9184,0,0,10400,"01",,1,3644.0816,"Z001",0
"41226","251963","08/14/26 00:00:00",0,1,0,0,1,0,0,0,6500,0,4900,0,0,6500,"01",,1,1600,"Z001",0
"39526","262296","08/11/26 00:00:00",0,4,0,0,1,0,0,0,2500,0,2500,0,0,2500,"01",,1,0,"Z001",0
"39526","262278","08/11/26 00:00:00",0,1,0,0,1,0,0,0,28200,0,28197.994,0,0,28200,"01",,1,2.006000000001222,"Z001",0
"39526","262089","08/11/26 00:00:00",0,50,0,0,1,0,0,0,80,0,82.33142037302726,0,0,80,"01",,1,-116.5710186513628,"Z001",0
"39526","1425","08/11/26 00:00:00",0,50,0,0,1,0,0,0,80,0,80,0,0,80,"01",,1,0,"Z001",0
"39526","241912","08/11/26 00:00:00",0,500,0,0,1,0,0,0,67,0,66.57356608478803,0,0,67,"01",,1,213.2169576059866,"Z001",0
"39526","241918","08/11/26 00:00:00",0,14,0,0,1,0,0,0,654,0,653.5700000000001,0,0,654,"01",,1,6.0199999999993,"Z001",0
"39526","252052","08/11/26 00:00:00",0,6,0,0,1,0,0,0,654,0,653.5700000000001,0,0,654,"01",,1,2.5799999999997,"Z001",0
"39526","251938","08/11/26 00:00:00",0,10,0,0,1,0,0,0,1506,0,1505.667741935484,0,0,1506,"01",,1,3.322580645160542,"Z001",0
"41326","898","08/14/26 00:00:00",0,1,0,0,1,0,0,0,25000,0,25000,0,0,25000,"01",,1,0,"Z001",0
"41326","6565","08/14/26 00:00:00",0,1,0,0,1,0,0,0,18000,0,18000,0,0,18000,"01",,1,0,"Z001",0
"41326","771","08/14/26 00:00:00",0,1,0,0,1,0,0,0,35000,0,35000,0,0,35000,"01",,1,0,"Z001",0
"40926","6291","08/05/26 00:00:00",0,1,0,0,1,0,0,0,1300,0,850,0,0,1300,"01",,1,450,"Z001",0
"40926","6338","08/05/26 00:00:00",0,2,0,0,1,0,0,0,150,0,100,0,0,150,"01",,1,100,"Z001",0
"40926","6619","08/05/26 00:00:00",0,3,0,0,1,0,0,1,200,0,125.94,0,0,200,"01",,1,222.18,"Z001",0
"41426","6616","07/21/26 00:00:00",0,1,0,0,1,0,0,0,250,0,132.0967741935484,0,0,250,"01",,1,117.9032258064516,"Z001",0
"28626","6567","07/08/26 00:00:00",1,0,1,0,0,0,0,0,1840,1,1840,0,0,0,"01",2166,1,0,"Z001",0
"28626","262270","07/08/26 00:00:00",1,0,1,0,0,0,0,0,3200,1,3200,0,0,0,"01",2167,1,0,"Z001",0
"28626","5816","07/08/26 00:00:00",1,0,1,0,0,0,0,0,4800,1,4800,0,0,0,"01",2168,1,0,"Z001",0
"28626","6556","07/08/26 00:00:00",2,0,1,0,0,0,0,0,11865.32,2,11865.32,0,0,0,"01",2169,1,0,"Z001",0
"28626","5812","07/08/26 00:00:00",1,0,1,0,0,0,0,0,7925.06,1,7925.06,0,0,0,"01",2170,1,0,"Z001",0
"28626","5811","07/08/26 00:00:00",2,0,1,0,0,0,0,0,6205.38,2,6205.38,0,0,0,"01",2171,1,0,"Z001",0
"40726","251963","08/12/26 00:00:00",0,1,0,0,1,0,0,0,7200,0,4900,0,0,7200,"01",,1,2300,"Z001",0
"38926","262298","07/31/26 00:00:00",0,3,0,0,1,0,0,0,1500,0,1000,0,0,1500,"01",,1,1500,"Z001",0
"38926","262187","07/31/26 00:00:00",0,1,0,0,1,0,0,0,1000,0,580,0,0,1000,"01",,1,420,"Z001",0
"38926","1471","07/31/26 00:00:00",0,1,0,0,1,0,0,0,12000,0,10800,0,0,12000,"01",,1,1200,"Z001",0
"38926","6591","07/31/26 00:00:00",0,6,0,0,1,0,0,0,5000,0,3698.342661968713,0,0,5000,"01",,1,7809.944028187722,"Z001",0
"38926","262122","07/31/26 00:00:00",0,1,0,0,1,0,0,0,4500,0,3000,0,0,4500,"01",,1,1500,"Z001",0
"38926","859","07/31/26 00:00:00",0,1,0,0,1,0,0,0,3400,0,1864,0,0,3400,"01",,1,1536,"Z001",0
"38926","262209","07/31/26 00:00:00",0,4,0,0,1,0,0,0,25,0,3.33,0,0,25,"01",,1,86.68000000000001,"Z001",0
"38926","262296","07/31/26 00:00:00",0,1,0,0,1,0,0,0,3000,0,2500,0,0,3000,"01",,1,500,"Z001",0
"38926","1556","07/31/26 00:00:00",0,1,0,0,1,0,0,0,3460,0,2500,0,0,3460,"01",,1,960,"Z001",0
"38926","6505","07/31/26 00:00:00",0,1,0,0,1,0,0,0,100,0,70.16778669724771,0,0,100,"01",,1,29.83221330275229,"Z001",0
"38926","1037","07/31/26 00:00:00",0,1,0,0,1,0,0,0,10,0,182.5,0,0,10,"01",,1,-172.5,"Z001",0
"38926","251941","07/31/26 00:00:00",0,1,0,0,1,0,0,0,10,0,290,0,0,10,"01",,1,-280,"Z001",0
"38926","252025","07/31/26 00:00:00",0,1,0,0,1,0,0,0,20,0,800,0,0,20,"01",,1,-780,"Z001",0
"31926","262299","08/05/26 00:00:00",3,0,1,0,0,0,0,0,3000,3,3000,0,0,0,"01",2226,1,0,"Z001",0
"32026","262300","08/05/26 00:00:00",5,0,1,0,0,0,0,0,220,5,220,0,0,0,"01",2227,1,0,"Z001",0
"32126","262301","08/06/26 00:00:00",2,0,1,0,0,0,0,0,12350,2,12350,0,0,0,"01",2228,1,0,"Z001",0
"32126","252049","08/06/26 00:00:00",10,0,1,0,0,0,0,0,14040,10,13815.14423076923,0,0,0,"01",2229,1,0,"Z001",0
"32126","262113","08/06/26 00:00:00",2,0,1,0,0,0,0,0,32000,2,32000,0,0,0,"01",2230,1,0,"Z001",0
"32226","262302","08/06/26 00:00:00",1,0,1,0,0,0,0,0,6500,1,6500,0,0,0,"01",2231,1,0,"Z001",0
"32326","262290","08/01/26 00:00:00",20,0,1,0,0,0,0,0,10312.5,20,10312.5,0,0,0,"01",2232,1,0,"Z001",0
"32526","973","08/04/26 00:00:00",30,0,1,0,0,0,0,0,750,30,750,0,0,0,"01",2238,1,0,"Z001",0
"39026","6511","08/01/26 00:00:00",0,1,0,0,1,0,0,0,3300,0,3161.871875,0,0,3300,"01",,1,138.1281250000002,"Z001",0
"39026","231902","08/01/26 00:00:00",0,1,0,0,1,0,0,0,7500,0,5072.275555555555,0,0,7500,"01",,1,2427.724444444445,"Z001",0
"39026","1034","08/01/26 00:00:00",0,3,0,0,1,0,0,0,280,0,200,0,0,280,"01",,1,240,"Z001",0
"39026","6390","08/01/26 00:00:00",0,1,0,0,1,0,0,0,800,0,500,0,0,800,"01",,1,300,"Z001",0
"39026","6346","08/01/26 00:00:00",0,1,0,0,1,0,0,0,500,0,428.1578947368421,0,0,500,"01",,1,71.84210526315792,"Z001",0
"39026","221885","08/01/26 00:00:00",0,1,0,0,1,0,0,0,8500,0,6774.2,0,0,8500,"01",,1,1725.8,"Z001",0
"39026","241923","08/01/26 00:00:00",0,6,0,0,1,0,0,0,409,0,280,0,0,409,"01",,1,774,"Z001",0
"39026","6505","08/01/26 00:00:00",0,5,0,0,1,0,0,0,100,0,70.16778669724771,0,0,100,"01",,1,149.1610665137615,"Z001",0
"32426","201761","08/04/26 00:00:00",10,0,1,0,0,0,0,0,250,10,273.0769230769231,0,0,0,"01",2233,1,0,"Z001",0
"32426","262303","08/04/26 00:00:00",10,0,1,0,0,0,0,0,450,10,450,0,0,0,"01",2234,1,0,"Z001",0
"32426","6063","08/04/26 00:00:00",200,0,1,0,0,0,0,0,15.5,200,24.58847091605712,0,0,0,"01",2236,1,0,"Z001",0
"32426","252029","08/04/26 00:00:00",40,0,1,0,0,0,0,0,25,40,25,0,0,0,"01",2237,1,0,"Z001",0
"34426","6063","08/20/26 00:00:00",30,0,1,0,0,0,0,0,35,30,25.56455176767677,0,0,0,"01",2280,1,0,"Z001",0
"32726","6099","08/07/26 00:00:00",50,0,1,0,0,0,0,0,90,50,87.97619047619048,0,0,0,"01",2244,1,0,"Z001",0
"32726","252043","08/07/26 00:00:00",20,0,1,0,0,0,0,0,115,20,111.7058823529412,0,0,0,"01",2245,1,0,"Z001",0
"32826","262144","08/05/26 00:00:00",2,0,1,0,0,0,0,0,36000,2,36960,0,0,0,"01",2246,1,0,"Z001",0
"32826","923","08/05/26 00:00:00",2,0,1,0,0,0,0,0,90000,2,90000,0,0,0,"01",2247,1,0,"Z001",0
"32826","262306","08/05/26 00:00:00",3,0,1,0,0,0,0,0,195000,3,195000,0,0,0,"01",2248,1,0,"Z001",0
"32926","262307","08/05/26 00:00:00",1,0,1,0,0,0,0,0,260000,1,260000,0,0,0,"01",2249,1,0,"Z001",0
"33026","1425","08/04/26 00:00:00",198,0,1,0,0,0,0,0,80,198,80,0,0,0,"01",2250,1,0,"Z001",0
"33026","262089","08/04/26 00:00:00",191,0,1,0,0,0,0,0,80,191,82.33142037302726,0,0,0,"01",2251,1,0,"Z001",0
"33126","262308","08/07/26 00:00:00",1,0,1,0,0,0,0,0,3500,1,3500,0,0,0,"01",2252,1,0,"Z001",0
"33226","262218","08/07/26 00:00:00",1,0,1,0,0,0,0,0,29500,1,29250,0,0,0,"01",2253,1,0,"Z001",0
"33326","5839","08/07/26 00:00:00",2,0,1,0,0,0,0,0,5200,2,5200,0,0,0,"01",2254,1,0,"Z001",0
"33326","1094","08/07/26 00:00:00",2,0,1,0,0,0,0,0,4200,2,4633.333333333333,0,0,0,"01",2255,1,0,"Z001",0
"33326","1095","08/07/26 00:00:00",2,0,1,0,0,0,0,0,4200,2,4200,0,0,0,"01",2256,1,0,"Z001",0
"38526","1471","08/05/26 00:00:00",0,1,0,0,1,0,0,0,12500,0,10800,0,0,12500,"01",,1,1700,"Z001",0
"39126","262101","08/03/26 00:00:00",0,1,0,0,1,0,0,0,350,0,180,0,0,350,"01",,1,170,"Z001",0
"39126","262216","08/03/26 00:00:00",0,1,0,0,1,0,0,0,400,0,297.5,0,0,400,"01",,1,102.5,"Z001",0
"39126","262268","08/03/26 00:00:00",0,1,0,0,1,0,0,0,300,0,180,0,0,300,"01",,1,120,"Z001",0
"39126","262188","08/03/26 00:00:00",0,1,0,0,1,0,0,0,100,0,50,0,0,100,"01",,1,50,"Z001",0
"39126","6572","08/03/26 00:00:00",0,1,0,0,1,0,0,0,3000,0,1800,0,0,3000,"01",,1,1200,"Z001",0
"39126","5797","08/03/26 00:00:00",0,1,0,0,1,0,0,0,2600,0,1379.9,0,0,2600,"01",,1,1220.1,"Z001",0
"39026","252022","08/01/26 00:00:00",0,1,0,0,1,0,0,0,3600,0,2800,0,0,3600,"01",,1,800,"Z001",0
"39026","6317","08/01/26 00:00:00",0,1,0,0,1,0,0,0,7000,0,4062.857142857143,0,0,7000,"01",,1,2937.142857142857,"Z001",0
"39026","1716","08/01/26 00:00:00",0,1,0,0,1,0,0,0,2800,0,2832.99,0,0,2800,"01",,1,-32.98999999999978,"Z001",0
"39026","252026","08/01/26 00:00:00",0,1,0,0,1,0,0,0,1000,0,900,0,0,1000,"01",,1,100,"Z001",0
"39026","262069","08/01/26 00:00:00",0,1,0,0,1,0,0,0,36300,0,25312.85114285714,0,0,36300,"01",,1,10987.14885714286,"Z001",0
"39026","5817","08/01/26 00:00:00",0,2,0,0,1,0,0,0,11500,0,8462.255533185256,0,0,11500,"01",,1,6075.488933629487,"Z001",0
"39026","973","08/01/26 00:00:00",0,1,0,0,1,0,0,0,1500,0,750,0,0,1500,"01",,1,750,"Z001",0
"39026","251936","08/01/26 00:00:00",0,2,0,0,1,0,0,0,1800,0,856,0,0,1800,"01",,1,1888,"Z001",0
"39026","262089","08/01/26 00:00:00",0,4,0,0,1,0,0,0,250,0,116.5853658536585,0,0,250,"01",,1,533.6585365853659,"Z001",0
"39026","1425","08/01/26 00:00:00",0,2,0,0,1,0,0,0,250,0,80,0,0,250,"01",,1,340,"Z001",0
"39026","252052","08/01/26 00:00:00",0,1,0,0,1,0,0,0,1000,0,653.5700000000001,0,0,1000,"01",,1,346.4299999999999,"Z001",0
"39026","241912","08/01/26 00:00:00",0,2,0,0,1,0,0,0,300,0,66.57356608478803,0,0,300,"01",,1,466.852867830424,"Z001",0
"39026","262304","08/01/26 00:00:00",0,1,0,0,1,0,0,0,1050,0,0,0,0,1050,"01",,1,1050,"Z001",0
"39026","914","08/01/26 00:00:00",0,45,0,0,1,0,0,1,350,0,218.25,0,0,350,"01",,1,5928.75,"Z001",0
"39126","973","08/03/26 00:00:00",0,1,0,0,1,0,0,0,1200,0,750,0,0,1200,"01",,1,450,"Z001",0
"39126","241912","08/03/26 00:00:00",0,2,0,0,1,0,0,0,200,0,66.57356608478803,0,0,200,"01",,1,266.852867830424,"Z001",0
"39126","252045","08/03/26 00:00:00",0,2,0,0,1,0,0,0,100,0,39.17464114832536,0,0,100,"01",,1,121.6507177033493,"Z001",0
"39126","262128","08/03/26 00:00:00",0,3,0,0,1,0,0,0,216.6665954589844,0,93.09613969035891,0,0,216.6665954589844,"01",,1,370.7113673058764,"Z001",0
"39126","6511","08/03/26 00:00:00",0,1,0,0,1,0,0,0,3650,0,3161.871875,0,0,3650,"01",,1,488.1281250000002,"Z001",0
"39126","5984","08/03/26 00:00:00",0,1,0,0,1,0,0,0,100,0,30,0,0,100,"01",,1,70,"Z001",0
"39126","5692","08/03/26 00:00:00",0,1,0,0,1,0,0,0,3500,0,2859.722222222222,0,0,3500,"01",,1,640.2777777777778,"Z001",0
"39126","974","08/03/26 00:00:00",0,1,0,0,1,0,0,0,2500,0,1300,0,0,2500,"01",,1,1200,"Z001",0
"39126","1011","08/03/26 00:00:00",0,1,0,0,1,0,0,0,500,0,260,0,0,500,"01",,1,240,"Z001",0
"39126","6296","08/03/26 00:00:00",0,1,0,0,1,0,0,0,150,0,76,0,0,150,"01",,1,74,"Z001",0
"39126","6063","08/03/26 00:00:00",0,1,0,0,1,0,0,0,50,0,43.32758620689656,0,0,50,"01",,1,6.672413793103445,"Z001",0
"39126","1037","08/03/26 00:00:00",0,1,0,0,1,0,0,0,300,0,182.5,0,0,300,"01",,1,117.5,"Z001",0
"39126","252015","08/03/26 00:00:00",0,1,0,0,1,0,0,0,450,0,345.01,0,0,450,"01",,1,104.99,"Z001",0
"39126","6505","08/03/26 00:00:00",0,2,0,0,1,0,0,0,100,0,70.16778669724771,0,0,100,"01",,1,59.66442660550459,"Z001",0
"39126","251941","08/03/26 00:00:00",0,1,0,0,1,0,0,0,450,0,290,0,0,450,"01",,1,160,"Z001",0
"39126","262113","08/03/26 00:00:00",0,1,0,0,1,0,0,0,44000,0,30200,0,0,44000,"01",,1,13800,"Z001",0
"39126","262237","08/03/26 00:00:00",0,7,0,0,1,0,0,1,110,0,0,0,0,110,"01",,1,770,"Z001",0
"39126","6475","08/03/26 00:00:00",0,7,0,0,1,0,0,1,110,0,75.70999999999999,0,0,110,"01",,1,240.03,"Z001",0
"39026","241910","08/01/26 00:00:00",0,10,0,0,1,0,0,1,250,0,17.03,0,0,250,"01",,1,2329.7,"Z001",0
"39226","6365","08/04/26 00:00:00",0,1,0,0,1,0,0,0,100,0,1.267765437872512,0,0,100,"01",,1,98.73223456212749,"Z001",0
"39226","251946","08/04/26 00:00:00",0,1,0,0,1,0,0,0,1000,0,824.5813333333333,0,0,1000,"01",,1,175.4186666666667,"Z001",0
"39226","262209","08/04/26 00:00:00",0,4,0,0,1,0,0,0,25,0,3.33,0,0,25,"01",,1,86.68000000000001,"Z001",0
"39226","6608","08/04/26 00:00:00",0,1,0,0,1,0,0,0,1250,0,737.1900000000001,0,0,1250,"01",,1,512.8099999999999,"Z001",0
"39226","1032","08/04/26 00:00:00",0,2,0,0,1,0,0,0,450,0,382.2222222222222,0,0,450,"01",,1,135.5555555555555,"Z001",0
"39226","252049","08/04/26 00:00:00",0,1,0,0,1,0,0,0,24100,0,13065.625,0,0,24100,"01",,1,11034.375,"Z001",0
"39226","5817","08/04/26 00:00:00",0,2,0,0,1,0,0,0,12000,0,8462.255533185256,0,0,12000,"01",,1,7075.488933629487,"Z001",0
"39226","252020","08/04/26 00:00:00",0,35,0,0,1,0,0,0,300,0,183.6852380952381,0,0,300,"01",,1,4071.016666666666,"Z001",0
"39226","973","08/04/26 00:00:00",0,1,0,0,1,0,0,0,1500,0,750,0,0,1500,"01",,1,750,"Z001",0
"39226","241912","08/04/26 00:00:00",0,2,0,0,1,0,0,0,350,0,66.57356608478803,0,0,350,"01",,1,566.852867830424,"Z001",0
"39226","6173","08/04/26 00:00:00",0,2,0,0,1,0,0,0,100,0,62.91683406990759,0,0,100,"01",,1,74.16633186018481,"Z001",0
"39226","251936","08/04/26 00:00:00",0,1,0,0,1,0,0,0,1300,0,856,0,0,1300,"01",,1,444,"Z001",0
"39226","262089","08/04/26 00:00:00",0,4,0,0,1,0,0,0,200,0,82.33142037302726,0,0,200,"01",,1,470.674318507891,"Z001",0
"39226","1425","08/04/26 00:00:00",0,2,0,0,1,0,0,0,200,0,80,0,0,200,"01",,1,240,"Z001",0
"39226","5692","08/04/26 00:00:00",0,2,0,0,1,0,0,0,3300,0,2859.722222222222,0,0,3300,"01",,1,880.5555555555557,"Z001",0
"39226","262199","08/04/26 00:00:00",0,1,0,0,1,0,0,0,100,0,45,0,0,100,"01",,1,55,"Z001",0
"39226","1084","08/04/26 00:00:00",0,5,0,0,1,0,0,1,90,0,49.31000000000001,0,0,90,"01",,1,203.45,"Z001",0
"39326","262101","08/05/26 00:00:00",0,1,0,0,1,0,0,0,400,0,180,0,0,400,"01",,1,220,"Z001",0
"39326","6602","08/05/26 00:00:00",0,1,0,0,1,0,0,0,100,0,67.8841267243395,0,0,100,"01",,1,32.1158732756605,"Z001",0
"39326","6229","08/05/26 00:00:00",0,1,0,0,1,0,0,0,1000,0,697.6470588235294,0,0,1000,"01",,1,302.3529411764706,"Z001",0
"39326","262216","08/05/26 00:00:00",0,1,0,0,1,0,0,0,400,0,297.5,0,0,400,"01",,1,102.5,"Z001",0
"39326","252065","08/05/26 00:00:00",0,1,0,0,1,0,0,0,10,0,6,0,0,10,"01",,1,4,"Z001",0
"39326","251965","08/05/26 00:00:00",0,1,0,0,1,0,0,0,1500,0,1013.72,0,0,1500,"01",,1,486.28,"Z001",0
"39326","6505","08/05/26 00:00:00",0,3,0,0,1,0,0,0,100,0,70.16778669724771,0,0,100,"01",,1,89.49663990825688,"Z001",0
"39326","262153","08/05/26 00:00:00",0,1,0,0,1,0,0,0,2300,0,1500,0,0,2300,"01",,1,800,"Z001",0
"39326","6365","08/05/26 00:00:00",0,1,0,0,1,0,0,0,100,0,1.267765437872512,0,0,100,"01",,1,98.73223456212749,"Z001",0
"39326","6334","08/05/26 00:00:00",0,1,0,0,1,0,0,0,350,0,279.3376232854787,0,0,350,"01",,1,70.66237671452126,"Z001",0
"39326","6098","08/05/26 00:00:00",0,1,0,0,1,0,0,0,50,0,32.84396654074474,0,0,50,"01",,1,17.15603345925526,"Z001",0
"39326","6492","08/05/26 00:00:00",0,10,0,0,1,0,0,1,140,0,0,0,0,140,"01",,1,1400,"Z001",0
"39426","262299","08/06/26 00:00:00",0,3,0,0,1,0,0,0,3500,0,3000,0,0,3500,"01",,1,1500,"Z001",0
"39426","262089","08/06/26 00:00:00",0,4,0,0,1,0,0,0,200,0,82.33142037302726,0,0,200,"01",,1,470.674318507891,"Z001",0
"39426","1425","08/06/26 00:00:00",0,10,0,0,1,0,0,0,200,0,80,0,0,200,"01",,1,1200,"Z001",0
"39426","241912","08/06/26 00:00:00",0,2,0,0,1,0,0,0,300,0,66.57356608478803,0,0,300,"01",,1,466.852867830424,"Z001",0
"39426","251938","08/06/26 00:00:00",0,1,0,0,1,0,0,0,3500,0,1505.667741935484,0,0,3500,"01",,1,1994.332258064516,"Z001",0
"39426","251944","08/06/26 00:00:00",0,1,0,0,1,0,0,0,2500,0,1416.666666666667,0,0,2500,"01",,1,1083.333333333333,"Z001",0
"39426","252052","08/06/26 00:00:00",0,1,0,0,1,0,0,0,2000,0,653.5700000000001,0,0,2000,"01",,1,1346.43,"Z001",0
"39426","1674","08/06/26 00:00:00",0,1,0,0,1,0,0,0,3800,0,2025,0,0,3800,"01",,1,1775,"Z001",0
"39426","5832","08/06/26 00:00:00",0,2,0,0,1,0,0,0,300,0,132.0823244552058,0,0,300,"01",,1,335.8353510895884,"Z001",0
"39426","6346","08/06/26 00:00:00",0,1,0,0,1,0,0,0,1000,0,428.1578947368421,0,0,1000,"01",,1,571.8421052631579,"Z001",0
"39426","251957","08/06/26 00:00:00",0,1,0,0,1,0,0,0,2500,0,1185.368,0,0,2500,"01",,1,1314.632,"Z001",0
"39426","5817","08/06/26 00:00:00",0,6,0,0,1,0,0,0,11800,0,8462.255533185256,0,0,11800,"01",,1,20026.46680088846,"Z001",0
"39426","262278","08/06/26 00:00:00",0,1,0,0,1,0,0,0,40000,0,28197.994,0,0,40000,"01",,1,11802.006,"Z001",0
"39426","262300","08/06/26 00:00:00",0,2,0,0,1,0,0,0,350,0,220,0,0,350,"01",,1,260,"Z001",0
"39426","241910","08/06/26 00:00:00",0,50,0,0,1,0,0,1,200,0,17.03,0,0,200,"01",,1,9148.5,"Z001",0
"39426","262129","08/06/26 00:00:00",0,9,0,0,1,0,0,1,300,0,0,0,0,300,"01",,1,2700,"Z001",0
"38426","262296","07/31/26 00:00:00",0,1,0,0,1,0,0,0,3000,0,2500,0,0,3000,"01",,1,500,"Z001",0
"40726","241912","08/12/26 00:00:00",0,2,0,0,1,0,0,0,250,0,66.57356608478803,0,0,250,"01",,1,366.852867830424,"Z001",0
"40726","262158","08/12/26 00:00:00",0,1,0,0,1,0,0,0,600,0,330,0,0,600,"01",,1,270,"Z001",0
"40726","251941","08/12/26 00:00:00",0,2,0,0,1,0,0,0,425,0,263.9130434782609,0,0,425,"01",,1,322.1739130434783,"Z001",0
"40726","251948","08/12/26 00:00:00",0,1,0,0,1,0,0,0,33000,0,22559.54,0,0,33000,"01",,1,10440.46,"Z001",0
"33526","262234","08/08/26 00:00:00",1,0,1,0,0,0,0,0,20000,1,20000,0,0,0,"01",2259,1,0,"Z001",0
"40326","6030","08/08/26 00:00:00",0,1,0,0,1,0,0,0,70,0,88.2442748091603,0,0,70,"01",,1,-18.2442748091603,"Z001",0
"40326","5970","08/08/26 00:00:00",0,1,0,0,1,0,0,0,130,0,87.1124031007752,0,0,130,"01",,1,42.8875968992248,"Z001",0
"40326","6275","08/08/26 00:00:00",0,1,0,0,1,0,0,0,1500,0,1026.6,0,0,1500,"01",,1,473.4000000000001,"Z001",0
"40326","6338","08/08/26 00:00:00",0,1,0,0,1,0,0,0,150,0,100,0,0,150,"01",,1,50,"Z001",0
"40326","262234","08/08/26 00:00:00",0,1,0,0,1,0,0,0,22000,0,20000,0,0,22000,"01",,1,2000,"Z001",0
"40326","5692","08/08/26 00:00:00",0,1,0,0,1,0,0,0,3500,0,2859.722222222222,0,0,3500,"01",,1,640.2777777777778,"Z001",0
"40326","6616","08/08/26 00:00:00",0,3,0,0,1,0,0,0,200,0,132.0967741935484,0,0,200,"01",,1,203.7096774193548,"Z001",0
"40326","262128","08/08/26 00:00:00",0,2,0,0,1,0,0,0,225,0,93.09613969035891,0,0,225,"01",,1,263.8077206192822,"Z001",0
"40326","6173","08/08/26 00:00:00",0,2,0,0,1,0,0,0,100,0,62.91683406990759,0,0,100,"01",,1,74.16633186018481,"Z001",0
"40326","6063","08/08/26 00:00:00",0,1,0,0,1,0,0,0,50,0,24.58847091605712,0,0,50,"01",,1,25.41152908394288,"Z001",0
"40326","201725","08/08/26 00:00:00",0,1,0,0,1,0,0,0,10000,0,8225,0,0,10000,"01",,1,1775,"Z001",0
"40326","932","08/08/26 00:00:00",0,1,0,0,1,0,0,0,4500,0,2200,0,0,4500,"01",,1,2300,"Z001",0
"40326","6316","08/08/26 00:00:00",0,1,0,0,1,0,0,0,2500,0,1233.333333333333,0,0,2500,"01",,1,1266.666666666667,"Z001",0
"40326","262140","08/08/26 00:00:00",0,2,0,0,1,0,0,0,100,0,22.5,0,0,100,"01",,1,155,"Z001",0
"40326","241912","08/08/26 00:00:00",0,1,0,0,1,0,0,0,300,0,66.57356608478803,0,0,300,"01",,1,233.426433915212,"Z001",0
"40326","6365","08/08/26 00:00:00",0,1,0,0,1,0,0,0,100,0,1.267765437872512,0,0,100,"01",,1,98.73223456212749,"Z001",0
"40326","6481","08/08/26 00:00:00",0,15,0,0,1,0,0,1,194,0,147.96,0,0,194,"01",,1,690.5999999999999,"Z001",0
"40326","6364","08/08/26 00:00:00",0,6,0,0,1,0,0,1,10,0,0,0,0,10,"01",,1,60,"Z001",0
"40326","6483","08/08/26 00:00:00",0,2,0,0,1,0,0,1,500,0,313.5,0,0,500,"01",,1,373,"Z001",0
"40426","6335","08/13/26 00:00:00",0,1,0,0,1,0,0,0,280,0,230,0,0,280,"01",,1,50,"Z001",0
"40426","262216","08/13/26 00:00:00",0,2,0,0,1,0,0,0,350,0,297.5,0,0,350,"01",,1,105,"Z001",0
"40426","6466","08/13/26 00:00:00",0,1,0,0,1,0,0,0,350,0,250,0,0,350,"01",,1,100,"Z001",0
"40426","6587","08/13/26 00:00:00",0,2,0,0,1,0,0,0,200,0,135,0,0,200,"01",,1,130,"Z001",0
"40426","6334","08/13/26 00:00:00",0,1,0,0,1,0,0,0,350,0,279.3376232854787,0,0,350,"01",,1,70.66237671452126,"Z001",0
"40426","6602","08/13/26 00:00:00",0,1,0,0,1,0,0,0,100,0,67.8841267243395,0,0,100,"01",,1,32.1158732756605,"Z001",0
"40426","6584","08/13/26 00:00:00",0,1,0,0,1,0,0,0,120,0,89.71204188481676,0,0,120,"01",,1,30.28795811518324,"Z001",0
"40426","6585","08/13/26 00:00:00",0,2,0,0,1,0,0,0,170,0,128.5928143712575,0,0,170,"01",,1,82.81437125748505,"Z001",0
"40426","6586","08/13/26 00:00:00",0,1,0,0,1,0,0,0,200,0,163.6363636363636,0,0,200,"01",,1,36.36363636363637,"Z001",0
"40426","262240","08/13/26 00:00:00",0,2,0,0,1,0,0,0,100,0,35,0,0,100,"01",,1,130,"Z001",0
"40426","1034","08/13/26 00:00:00",0,6,0,0,1,0,0,0,280,0,200,0,0,280,"01",,1,480,"Z001",0
"40426","262297","08/13/26 00:00:00",0,1,0,0,1,0,0,0,705,0,450,0,0,705,"01",,1,255,"Z001",0
"40426","262210","08/13/26 00:00:00",0,1,0,0,1,0,0,0,25,0,4.17,0,0,25,"01",,1,20.83,"Z001",0
"40426","6063","08/13/26 00:00:00",0,1,0,0,1,0,0,0,50,0,24.58847091605712,0,0,50,"01",,1,25.41152908394288,"Z001",0
"39626","1471","08/10/26 00:00:00",0,1,0,0,1,0,0,0,12500,0,10800,0,0,12500,"01",,1,1700,"Z001",0
"39726","1263","08/01/26 00:00:00",0,1,0,0,1,0,0,0,700,0,688.75,0,0,700,"01",,1,11.25,"Z001",0
"39826","252049","08/01/26 00:00:00",0,2,0,0,1,0,0,0,15000,0,13065.625,0,0,15000,"01",,1,3868.75,"Z001",0
"39926","251963","08/06/26 00:00:00",0,2,0,0,1,0,0,0,6500,0,4900,0,0,6500,"01",,1,3200,"Z001",0
"39926","241912","08/06/26 00:00:00",0,5,0,0,1,0,0,0,200,0,66.57356608478803,0,0,200,"01",,1,667.1321695760599,"Z001",0
"40026","252049","08/07/26 00:00:00",0,2,0,0,1,0,0,0,14040,0,13815.14423076923,0,0,14040,"01",,1,449.711538461539,"Z001",0
"40126","6474","08/12/26 00:00:00",0,2,0,0,1,0,0,0,6200,0,4291.695435028249,0,0,6200,"01",,1,3816.609129943503,"Z001",0
"33426","251941","08/12/26 00:00:00",30,0,1,0,0,0,0,0,250,30,263.9130434782609,0,0,0,"01",2257,1,0,"Z001",0
"33426","6030","08/12/26 00:00:00",100,0,1,0,0,0,0,0,50,100,67.45934284766014,0,0,0,"01",2258,1,0,"Z001",0
"40226","262083","08/07/26 00:00:00",0,2,0,0,1,0,0,0,550,0,372.3529411764706,0,0,550,"01",,1,355.2941176470588,"Z001",0
"40226","6338","08/07/26 00:00:00",0,1,0,0,1,0,0,0,200,0,100,0,0,200,"01",,1,100,"Z001",0
"40226","262298","08/07/26 00:00:00",0,1,0,0,1,0,0,0,1500,0,1000,0,0,1500,"01",,1,500,"Z001",0
"40226","262218","08/07/26 00:00:00",0,2,0,0,1,0,0,0,33000,0,29250,0,0,33000,"01",,1,7500,"Z001",0
"40226","252052","08/07/26 00:00:00",0,1,0,0,1,0,0,0,1200,0,653.5700000000001,0,0,1200,"01",,1,546.4299999999999,"Z001",0
"40226","241933","08/07/26 00:00:00",0,1,0,0,1,0,0,0,1300,0,739.61,0,0,1300,"01",,1,560.39,"Z001",0
"40226","262105","08/07/26 00:00:00",0,6,0,0,1,0,0,0,100,0,50,0,0,100,"01",,1,300,"Z001",0
"40226","1094","08/07/26 00:00:00",0,1,0,0,1,0,0,0,6000,0,4633.333333333333,0,0,6000,"01",,1,1366.666666666667,"Z001",0
"40226","251955","08/07/26 00:00:00",0,2,0,0,1,0,0,1,800,0,650,0,0,800,"01",,1,300,"Z001",0
"40226","262237","08/07/26 00:00:00",0,10,0,0,1,0,0,1,130,0,0,0,0,130,"01",,1,1300,"Z001",0
"40426","262288","08/13/26 00:00:00",0,20,0,0,1,0,0,1,175,0,0,0,0,175,"01",,1,3500,"Z001",0
"33626","262296","08/13/26 00:00:00",6,0,1,0,0,0,0,0,2500,6,2500,0,0,0,"01",2260,1,0,"Z001",0
"33626","262309","08/13/26 00:00:00",3,0,1,0,0,0,0,0,4000,3,4000,0,0,0,"01",2261,1,0,"Z001",0
"33626","932","08/13/26 00:00:00",5,0,1,0,0,0,0,0,2200,5,2200,0,0,0,"01",2262,1,0,"Z001",0
"33626","669","08/13/26 00:00:00",5,0,1,0,0,0,0,0,1350,5,1350,0,0,0,"01",2263,1,0,"Z001",0
"33626","6316","08/13/26 00:00:00",5,0,1,0,0,0,0,0,900,5,1025,0,0,0,"01",2264,1,0,"Z001",0
"33726","262310","08/13/26 00:00:00",50,0,1,0,0,0,0,0,135,50,135,0,0,0,"01",2265,1,0,"Z001",0
"33726","262311","08/13/26 00:00:00",50,0,1,0,0,0,0,0,115,50,115,0,0,0,"01",2266,1,0,"Z001",0
"33726","262312","08/13/26 00:00:00",10,0,1,0,0,0,0,0,260,10,260,0,0,0,"01",2267,1,0,"Z001",0
"33726","262313","08/13/26 00:00:00",20,0,1,0,0,0,0,0,65,20,65,0,0,0,"01",2268,1,0,"Z001",0
"33726","262315","08/13/26 00:00:00",20,0,1,0,0,0,0,0,40,20,40,0,0,0,"01",2269,1,0,"Z001",0
"40726","6471","08/12/26 00:00:00",0,2,0,0,1,0,0,0,3800,0,2565.22139346889,0,0,3800,"01",,1,2469.55721306222,"Z001",0
"40726","241923","08/12/26 00:00:00",0,1,0,0,1,0,0,0,400,0,280,0,0,400,"01",,1,120,"Z001",0
"40726","1716","08/12/26 00:00:00",0,1,0,0,1,0,0,0,2700,0,2832.99,0,0,2700,"01",,1,-132.9899999999998,"Z001",0
"40726","252029","08/12/26 00:00:00",0,2,0,0,1,0,0,0,50,0,25,0,0,50,"01",,1,50,"Z001",0
"34426","251952","08/20/26 00:00:00",3,0,1,0,0,0,0,0,1021,3,996.145,0,0,0,"01",2290,1,0,"Z001",0
"34426","251951","08/20/26 00:00:00",5,0,1,0,0,0,0,0,1573.01,5,1573.01,0,0,0,"01",2291,1,0,"Z001",0
"34426","1716","08/20/26 00:00:00",5,0,1,0,0,0,0,0,2090,5,2090,0,0,0,"01",2292,1,0,"Z001",0
"34426","859","08/20/26 00:00:00",5,0,1,0,0,0,0,0,3146,5,2932.333333333333,0,0,0,"01",2293,1,0,"Z001",0
"34426","6505","08/20/26 00:00:00",30,0,1,0,0,0,0,0,84.68000000000001,30,72.66989243910155,0,0,0,"01",2294,1,0,"Z001",0
"34426","1422","08/20/26 00:00:00",5,0,1,0,0,0,0,0,285.36,5,285.36,0,0,0,"01",2295,1,0,"Z001",0
"34426","6612","08/20/26 00:00:00",5,0,1,0,0,0,0,0,649.6,5,590.2763636363636,0,0,0,"01",2296,1,0,"Z001",0
"34426","6608","08/20/26 00:00:00",5,0,1,0,0,0,0,0,900.16,5,872.9983333333333,0,0,0,"01",2297,1,0,"Z001",0
"34426","6613","08/20/26 00:00:00",5,0,1,0,0,0,0,0,1135.06,5,1220.154285714286,0,0,0,"01",2298,1,0,"Z001",0
"42826","262128","08/20/26 00:00:00",0,1,0,0,1,0,0,0,250,0,93.09613969035891,0,0,250,"01",,1,156.9038603096411,"Z001",0
"42826","241923","08/20/26 00:00:00",0,3,0,0,1,0,0,0,400,0,280,0,0,400,"01",,1,360,"Z001",0
"42826","252009","08/20/26 00:00:00",0,5,0,0,1,0,0,0,280,0,192.95,0,0,280,"01",,1,435.2500000000001,"Z001",0
"42826","6505","08/20/26 00:00:00",0,1,0,0,1,0,0,0,100,0,72.66989243910155,0,0,100,"01",,1,27.33010756089845,"Z001",0
"34526","6511","08/20/26 00:00:00",3,0,1,0,0,0,0,0,3400,3,3216.824519230769,0,0,0,"01",2299,1,0,"Z001",0
"0101261","252029","01/01/26 00:00:00",0,1,1,0,0,0,0,0,0,-1,25,0,0,0,"01",1156,0,0,"Z001",0
"0101261","6190","01/01/26 00:00:00",0,15,1,0,0,0,0,0,0,-15,0,0,0,0,"01",1184,0,0,"Z001",0
"18426","262133","04/11/26 00:00:00",0,12,0,0,1,0,0,0,1200,0,0,0,0,1200,"01",,1,,"Z001",0
"18426","6189","04/11/26 00:00:00",0,1,0,0,1,0,0,0,600,0,350,0,0,600,"01",,1,250,"Z001",0
"18426","6358","04/11/26 00:00:00",0,5,0,0,1,0,0,0,300,0,120,0,0,300,"01",,1,900,"Z001",0
"18426","262151","04/11/26 00:00:00",0,20,0,0,1,0,0,0,7800,0,6500,0,0,7800,"01",,1,26000,"Z001",0
"18426","262152","04/11/26 00:00:00",0,25,0,0,1,0,0,0,350,0,0,0,0,350,"01",,1,,"Z001",0
"18426","6471","04/11/26 00:00:00",0,4,0,0,1,0,0,0,3600,0,2546.990495642585,0,0,3600,"01",,1,4212.038017429661,"Z001",0
"18426","6173","04/11/26 00:00:00",0,3,0,0,1,0,0,0,100,0,62.91683406990759,0,0,100,"01",,1,111.2494977902772,"Z001",0
"18426","6476","04/11/26 00:00:00",0,16,0,0,1,0,0,0,14400,0,11380.65491704374,0,0,14400,"01",,1,48309.52132730011,"Z001",0
"18426","251943","04/11/26 00:00:00",0,12,0,0,1,0,0,0,1800,0,0,0,0,1800,"01",,1,,"Z001",0
"18426","6586","04/11/26 00:00:00",0,16,0,0,1,0,0,0,200,0,160,0,0,200,"01",,1,640,"Z001",0
"18426","6510","04/11/26 00:00:00",0,14,0,0,1,0,0,1,3050,0,0,0,0,3050,"01",,1,,"Z001",0
"2326","221883","02/19/26 00:00:00",0,1,0,0,0,0,1,0,0,0,35328.96,1,0,0,"01",,0,0,"Z001",0
"2326","221883","02/19/26 00:00:00",100,0,0,0,0,0,0,1,353.29,100,353.29,1,0,0,"01",1924,0,0,"Z001",0
"18526","5817","04/07/26 00:00:00",0,2,0,0,1,0,0,0,11000,0,7492.124435256655,0,0,11000,"01",,1,7015.751129486689,"Z001",0
"18526","6338","04/07/26 00:00:00",0,1,0,0,1,0,0,0,150,0,100,0,0,150,"01",,1,50,"Z001",0
"18526","6399","04/07/26 00:00:00",0,1,0,0,1,0,0,0,200,0,110,0,0,200,"01",,1,90,"Z001",0
"18526","5692","04/07/26 00:00:00",0,1,0,0,1,0,0,0,3400,0,2900,0,0,3400,"01",,1,500,"Z001",0
"18526","5811","04/07/26 00:00:00",0,1,0,0,1,0,0,0,8200,0,6205.37,0,0,8200,"01",,1,1994.63,"Z001",0
"18526","6334","04/07/26 00:00:00",0,1,0,0,1,0,0,0,350,0,259.5871559633027,0,0,350,"01",,1,90.41284403669727,"Z001",0
"18526","252052","04/07/26 00:00:00",0,2,0,0,1,0,0,0,2500,0,653.5700000000001,0,0,2500,"01",,1,3692.86,"Z001",0
"18526","251938","04/07/26 00:00:00",0,2,0,0,1,0,0,0,3500,0,1505.667741935484,0,0,3500,"01",,1,3988.664516129032,"Z001",0
"18526","251944","04/07/26 00:00:00",0,2,0,0,1,0,0,0,2500,0,1416.666666666667,0,0,2500,"01",,1,2166.666666666667,"Z001",0
"18526","6346","04/07/26 00:00:00",0,2,0,0,1,0,0,0,850,0,428.1578947368421,0,0,850,"01",,1,843.6842105263158,"Z001",0
"18526","6477","04/07/26 00:00:00",0,1,0,0,1,0,0,1,280,0,123.4607142857143,0,0,280,"01",,1,156.5392857142857,"Z001",0
"18626","6466","04/08/26 00:00:00",0,2,0,0,1,0,0,0,400,0,250,0,0,400,"01",,1,300,"Z001",0
"18626","1032","04/08/26 00:00:00",0,1,0,0,1,0,0,0,500,0,388.8888888888889,0,0,500,"01",,1,111.1111111111111,"Z001",0
"18626","252066","04/08/26 00:00:00",0,1,0,0,1,0,0,0,30,0,13,0,0,30,"01",,1,17,"Z001",0
"18626","251941","04/08/26 00:00:00",0,7,0,0,1,0,0,0,350,0,290,0,0,350,"01",,1,420,"Z001",0
"18626","262104","04/08/26 00:00:00",0,6,0,0,1,0,0,0,100,0,40,0,0,100,"01",,1,360,"Z001",0
"18726","262144","04/09/26 00:00:00",0,1,0,0,1,0,0,0,52000,0,40000,0,0,52000,"01",,1,12000,"Z001",0
"18726","6621","04/09/26 00:00:00",0,1,0,0,1,0,0,0,4100,0,2100,0,0,4100,"01",,1,2000,"Z001",0
"18726","6338","04/09/26 00:00:00",0,3,0,0,1,0,0,0,150,0,100,0,0,150,"01",,1,150,"Z001",0
"18726","6505","04/09/26 00:00:00",0,5,0,0,1,0,0,0,100,0,70.16778669724771,0,0,100,"01",,1,149.1610665137615,"Z001",0
"18726","252066","04/09/26 00:00:00",0,1,0,0,1,0,0,0,40,0,13,0,0,40,"01",,1,27,"Z001",0
"0101261","1010","01/01/26 00:00:00",0,2,1,0,0,0,0,1,0,-2,0,0,0,0,"01",1075,0,0,"Z001",0
"0101261","6479","01/01/26 00:00:00",0,13,1,0,0,0,0,1,0,-13,0,0,0,0,"01",1225,0,0,"Z001",0
"0101261","6619","01/01/26 00:00:00",0,22,1,0,0,0,0,1,0,-22,0,0,0,0,"01",1250,0,0,"Z001",0
"0101261","241910","01/01/26 00:00:00",0,34,1,0,0,0,0,1,0,-34,17.03,0,0,0,"01",1132,0,0,"Z001",0
"0101261","993","01/01/26 00:00:00",0,50,1,0,0,0,0,1,0,-50,0,0,0,0,"01",1278,0,0,"Z001",0
"0101261","252029","01/01/26 00:00:00",0,1,1,0,0,0,0,0,0,0,25,0,0,0,"01",1434,0,0,"Z001",0
"0101261","252029","01/01/26 00:00:00",0,1,1,0,0,0,0,0,0,0,25,0,0,0,"01",1434,0,0,"Z001",0
"0101261","6190","01/01/26 00:00:00",0,15,1,0,0,0,0,0,0,0,0,0,0,0,"01",1462,0,0,"Z001",0
"0101261","6190","01/01/26 00:00:00",0,15,1,0,0,0,0,0,0,0,0,0,0,0,"01",1462,0,0,"Z001",0
"0101261","252029","01/01/26 00:00:00",0,1,1,0,0,0,0,0,0,0,25,0,0,0,"01",1434,0,0,"Z001",0
"0101261","6190","01/01/26 00:00:00",0,15,1,0,0,0,0,0,0,0,0,0,0,0,"01",1462,0,0,"Z001",0
"0101261","252029","01/01/26 00:00:00",0,1,1,0,0,0,0,0,0,0,25,0,0,0,"01",1434,0,0,"Z001",0
"0101261","6190","01/01/26 00:00:00",0,15,1,0,0,0,0,0,0,0,0,0,0,0,"01",1462,0,0,"Z001",0
"0101261","252029","01/01/26 00:00:00",0,1,1,0,0,0,0,0,0,0,25,0,0,0,"01",1434,0,0,"Z001",0
"0101261","6190","01/01/26 00:00:00",0,15,1,0,0,0,0,0,0,0,0,0,0,0,"01",1462,0,0,"Z001",0
"0101261","252029","01/01/26 00:00:00",0,1,1,0,0,0,0,0,0,0,25,0,0,0,"01",1434,0,0,"Z001",0
"0101261","6190","01/01/26 00:00:00",0,15,1,0,0,0,0,0,0,0,0,0,0,0,"01",1462,0,0,"Z001",0
"0101261","252029","01/01/26 00:00:00",0,1,1,0,0,0,0,0,0,0,25,0,0,0,"01",1434,0,0,"Z001",0
"0101261","241910","01/01/26 00:00:00",0,34,1,0,0,0,0,1,0,0,17.03,0,0,0,"01",1410,0,0,"Z001",0
"0101261","993","01/01/26 00:00:00",0,50,1,0,0,0,0,1,0,0,0,0,0,0,"01",1556,0,0,"Z001",0
"0101261","6190","01/01/26 00:00:00",0,15,1,0,0,0,0,0,0,0,0,0,0,0,"01",1462,0,0,"Z001",0
"0101261","6479","01/01/26 00:00:00",0,13,1,0,0,0,0,1,0,0,0,0,0,0,"01",1503,0,0,"Z001",0
"0101261","6619","01/01/26 00:00:00",0,22,1,0,0,0,0,1,0,0,0,0,0,0,"01",1528,0,0,"Z001",0
"0101261","1010","01/01/26 00:00:00",0,2,1,0,0,0,0,1,0,0,0,0,0,0,"01",1353,0,0,"Z001",0
"0101261","241910","01/01/26 00:00:00",0,34,1,0,0,0,0,1,0,0,17.03,0,0,0,"01",1410,0,0,"Z001",0
"0101261","993","01/01/26 00:00:00",0,50,1,0,0,0,0,1,0,0,0,0,0,0,"01",1556,0,0,"Z001",0
"0101261","6479","01/01/26 00:00:00",0,13,1,0,0,0,0,1,0,0,0,0,0,0,"01",1503,0,0,"Z001",0
"0101261","6619","01/01/26 00:00:00",0,22,1,0,0,0,0,1,0,0,0,0,0,0,"01",1528,0,0,"Z001",0
"0101261","1010","01/01/26 00:00:00",0,2,1,0,0,0,0,1,0,0,0,0,0,0,"01",1353,0,0,"Z001",0
"0101261","241910","01/01/26 00:00:00",0,34,1,0,0,0,0,1,0,0,17.03,0,0,0,"01",1410,0,0,"Z001",0
"0101261","993","01/01/26 00:00:00",0,50,1,0,0,0,0,1,0,0,0,0,0,0,"01",1556,0,0,"Z001",0
"0101261","6479","01/01/26 00:00:00",0,13,1,0,0,0,0,1,0,0,0,0,0,0,"01",1503,0,0,"Z001",0
"0101261","6619","01/01/26 00:00:00",0,22,1,0,0,0,0,1,0,0,0,0,0,0,"01",1528,0,0,"Z001",0
"0101261","1010","01/01/26 00:00:00",0,2,1,0,0,0,0,1,0,0,0,0,0,0,"01",1353,0,0,"Z001",0
"0101261","241910","01/01/26 00:00:00",0,34,1,0,0,0,0,1,0,0,17.03,0,0,0,"01",1410,0,0,"Z001",0
"0101261","993","01/01/26 00:00:00",0,50,1,0,0,0,0,1,0,0,0,0,0,0,"01",1556,0,0,"Z001",0
"0101261","252029","01/01/26 00:00:00",0,1,1,0,0,0,0,0,0,0,25,0,0,0,"01",1434,0,0,"Z001",0
"0101261","241910","01/01/26 00:00:00",0,34,1,0,0,0,0,1,0,0,17.03,0,0,0,"01",1410,0,0,"Z001",0
"0101261","993","01/01/26 00:00:00",0,50,1,0,0,0,0,1,0,0,0,0,0,0,"01",1556,0,0,"Z001",0
"0101261","6479","01/01/26 00:00:00",0,13,1,0,0,0,0,1,0,0,0,0,0,0,"01",1503,0,0,"Z001",0
"0101261","6619","01/01/26 00:00:00",0,22,1,0,0,0,0,1,0,0,0,0,0,0,"01",1528,0,0,"Z001",0
"0101261","1010","01/01/26 00:00:00",0,2,1,0,0,0,0,1,0,0,0,0,0,0,"01",1353,0,0,"Z001",0
"19226","862","04/15/26 00:00:00",0,1,0,0,1,0,0,0,200,0,120,0,0,200,"01",,1,80,"Z001",0
"19226","6334","04/15/26 00:00:00",0,2,0,0,1,0,0,0,350,0,259.5871559633027,0,0,350,"01",,1,180.8256880733945,"Z001",0
"19226","251979","04/15/26 00:00:00",0,1,0,0,1,0,0,0,500,0,230,0,0,500,"01",,1,270,"Z001",0
"19226","6338","04/15/26 00:00:00",0,3,0,0,1,0,0,0,150,0,100,0,0,150,"01",,1,150,"Z001",0
"19226","6063","04/15/26 00:00:00",0,8,0,0,1,0,0,0,50,0,41,0,0,50,"01",,1,72,"Z001",0
"19226","6332","04/15/26 00:00:00",0,1,0,0,1,0,0,0,250,0,190,0,0,250,"01",,1,60,"Z001",0
"19226","5817","04/15/26 00:00:00",0,4,0,0,1,0,0,0,11000,0,8024.556002892803,0,0,11000,"01",,1,11901.77598842879,"Z001",0
"19226","262158","04/15/26 00:00:00",0,1,0,0,1,0,0,0,650,0,450,0,0,650,"01",,1,200,"Z001",0
"19226","262159","04/15/26 00:00:00",0,1,0,0,1,0,0,0,450,0,220,0,0,450,"01",,1,230,"Z001",0
"19226","252020","04/15/26 00:00:00",0,50,0,0,1,0,0,0,300,0,183.6852380952381,0,0,300,"01",,1,5815.738095238095,"Z001",0
"20526","X6559","04/18/26 00:00:00",2,0,1,0,0,0,0,0,550,2,550,0,0,0,"01",1937,1,0,"Z001",0
"20526","262165","04/18/26 00:00:00",2,0,1,0,0,0,0,0,1100,2,1100,0,0,0,"01",1938,1,0,"Z001",0
"20526","262168","04/18/26 00:00:00",2,0,1,0,0,0,0,0,3500,2,3500,0,0,0,"01",1939,1,0,"Z001",0
"20626","252003","04/18/26 00:00:00",10,0,1,0,0,0,0,0,16250,10,15764.70588235294,0,0,0,"01",1940,1,0,"Z001",0
"20626","262069","04/18/26 00:00:00",5,0,1,0,0,0,0,0,25650.77,5,25521.41857142857,0,0,0,"01",1941,1,0,"Z001",0
"20626","262072","04/18/26 00:00:00",2,0,1,0,0,0,0,0,25350,2,25350,0,0,0,"01",1942,1,0,"Z001",0
"19326","791","04/18/26 00:00:00",0,1,0,0,1,0,0,0,1500,0,938.6363636363636,0,0,1500,"01",,1,561.3636363636364,"Z001",0
"19426","6030","04/16/26 00:00:00",0,1,0,0,1,0,0,0,100,0,80,0,0,100,"01",,1,20,"Z001",0
"19426","251941","04/16/26 00:00:00",0,1,0,0,1,0,0,0,400,0,290,0,0,400,"01",,1,110,"Z001",0
"19426","262083","04/16/26 00:00:00",0,1,0,0,1,0,0,0,650,0,372.3529411764706,0,0,650,"01",,1,277.6470588235294,"Z001",0
"19426","6334","04/16/26 00:00:00",0,2,0,0,1,0,0,0,350,0,259.5871559633027,0,0,350,"01",,1,180.8256880733945,"Z001",0
"19426","6098","04/16/26 00:00:00",0,2,0,0,1,0,0,0,50,0,32.84396654074474,0,0,50,"01",,1,34.31206691851052,"Z001",0
"19426","6505","04/16/26 00:00:00",0,1,0,0,1,0,0,0,100,0,70.16778669724771,0,0,100,"01",,1,29.83221330275229,"Z001",0
"19426","5970","04/16/26 00:00:00",0,3,0,0,1,0,0,0,130,0,87.1124031007752,0,0,130,"01",,1,128.6627906976744,"Z001",0
"19426","6474","04/16/26 00:00:00",0,10,0,0,1,0,0,1,80,0,47.29000000000001,0,0,80,"01",,1,327.0999999999999,"Z001",0
"19526","1032","04/17/26 00:00:00",0,3,0,0,1,0,0,0,500,0,388.8888888888889,0,0,500,"01",,1,333.3333333333333,"Z001",0
"19526","6505","04/17/26 00:00:00",0,3,0,0,1,0,0,0,100,0,70.16778669724771,0,0,100,"01",,1,89.49663990825688,"Z001",0
"19526","6616","04/17/26 00:00:00",0,1,0,0,1,0,0,0,200,0,132.0967741935484,0,0,200,"01",,1,67.90322580645162,"Z001",0
"19526","6602","04/17/26 00:00:00",0,3,0,0,1,0,0,0,100,0,70.21683890577508,0,0,100,"01",,1,89.34948328267477,"Z001",0
"19526","6584","04/17/26 00:00:00",0,1,0,0,1,0,0,0,150,0,85,0,0,150,"01",,1,65,"Z001",0
"19526","6587","04/17/26 00:00:00",0,1,0,0,1,0,0,0,200,0,135,0,0,200,"01",,1,65,"Z001",0
"19526","5969","04/17/26 00:00:00",0,1,0,0,1,0,0,0,30,0,17.97761900437796,0,0,30,"01",,1,12.02238099562204,"Z001",0
"19526","6334","04/17/26 00:00:00",0,1,0,0,1,0,0,0,350,0,259.5871559633027,0,0,350,"01",,1,90.41284403669727,"Z001",0
"19526","251936","04/17/26 00:00:00",0,3,0,0,1,0,0,0,1500,0,856,0,0,1500,"01",,1,1932,"Z001",0
"19526","1425","04/17/26 00:00:00",0,6,0,0,1,0,0,0,200,0,80,0,0,200,"01",,1,720,"Z001",0
"8726","251941","01/16/26 00:00:00",0,1,0,0,1,0,0,0,450,0,325,0,0,450,"01",,1,125,"Z001",0
"8726","251942","01/16/26 00:00:00",0,10,0,0,1,0,0,0,300,0,226.2068965517241,0,0,300,"01",,1,737.9310344827587,"Z001",0
"8726","6474","01/16/26 00:00:00",0,30,0,0,1,0,0,1,60,0,47.29000000000001,0,0,60,"01",,1,381.2999999999998,"Z001",0
"12226","1109","01/28/26 00:00:00",100,0,1,0,0,0,0,0,125,100,125,0,0,0,"01",1660,1,0,"Z001",0
"12226","1238","01/28/26 00:00:00",200,0,1,0,0,0,0,0,15,200,15,0,0,0,"01",1661,1,0,"Z001",0
"12226","6192","01/28/26 00:00:00",200,0,1,0,0,0,0,0,3,200,2.902173087151433,0,0,0,"01",1662,1,0,"Z001",0
"12226","1131","01/28/26 00:00:00",100,0,1,0,0,0,0,0,20,100,20,0,0,0,"01",1663,1,0,"Z001",0
"12226","1219","01/28/26 00:00:00",100,0,1,0,0,0,0,0,180,100,180,0,0,0,"01",1664,1,0,"Z001",0
"12226","6190","01/28/26 00:00:00",200,0,1,0,0,0,0,0,5,200,5,0,0,0,"01",1665,1,0,"Z001",0
"12226","6234","01/28/26 00:00:00",100,0,1,0,0,0,0,0,25,100,21.66666666666667,0,0,0,"01",1666,1,0,"Z001",0
"12226","6588","01/28/26 00:00:00",24,0,1,0,0,0,0,0,350,24,344.4444444444445,0,0,0,"01",1667,1,0,"Z001",0
"12226","1146","01/28/26 00:00:00",200,0,1,0,0,0,0,0,25,200,25,0,0,0,"01",1668,1,0,"Z001",0
"12026","252013","01/28/26 00:00:00",5,0,1,0,0,0,0,0,480,5,516.2049999999999,0,0,0,"01",1657,1,0,"Z001",0
"12026","252014","01/28/26 00:00:00",5,0,1,0,0,0,0,0,550,5,635.8814814814815,0,0,0,"01",1658,1,0,"Z001",0
"10226","6505","01/30/26 00:00:00",0,1,0,0,1,0,0,0,100,0,70.16778669724771,0,0,100,"01",,1,29.83221330275229,"Z001",0
"10226","252045","01/30/26 00:00:00",0,2,0,0,1,0,0,0,100,0,39.17464114832536,0,0,100,"01",,1,121.6507177033493,"Z001",0
"10226","1037","01/30/26 00:00:00",0,1,0,0,1,0,0,0,300,0,190,0,0,300,"01",,1,110,"Z001",0
"10226","6025","01/30/26 00:00:00",0,1,0,0,1,0,0,0,100,0,61.75,0,0,100,"01",,1,38.25,"Z001",0
"10226","6365","01/30/26 00:00:00",0,8,0,0,1,0,0,0,2.5,0,0.61,0,0,2.5,"01",,1,15.12,"Z001",0
"10226","6591","01/30/26 00:00:00",0,1,0,0,1,0,0,0,5000,0,3623.138214876033,0,0,5000,"01",,1,1376.861785123967,"Z001",0
"10226","251942","01/30/26 00:00:00",0,1,0,0,1,0,0,0,400,0,213.103448275862,0,0,400,"01",,1,186.896551724138,"Z001",0
"10326","6063","01/31/26 00:00:00",0,1,0,0,1,0,0,0,50,0,41,0,0,50,"01",,1,9,"Z001",0
"10326","6619","01/31/26 00:00:00",0,2.5,0,0,1,0,0,1,200,0,0,0,0,200,"01",,1,500,"Z001",0
"10426","251972","01/31/26 00:00:00",0,1,0,0,1,0,0,0,7500,0,6189.37,0,0,7500,"01",,1,1310.63,"Z001",0
"10426","6338","01/31/26 00:00:00",0,1,0,0,1,0,0,0,150,0,100,0,0,150,"01",,1,50,"Z001",0
"10426","6334","01/31/26 00:00:00",0,2,0,0,1,0,0,0,350,0,255,0,0,350,"01",,1,190,"Z001",0
"10126","252005","01/29/26 00:00:00",0,1,0,0,1,0,0,0,35000,0,24500,0,0,35000,"01",,1,10500,"Z001",0
"10126","973","01/29/26 00:00:00",0,1,0,0,1,0,0,0,1400,0,750,0,0,1400,"01",,1,650,"Z001",0
"10126","252045","01/29/26 00:00:00",0,4,0,0,1,0,0,0,150,0,39.17464114832536,0,0,150,"01",,1,443.3014354066986,"Z001",0
"10126","6505","01/29/26 00:00:00",0,6,0,0,1,0,0,0,91.66666412353516,0,70.16778669724771,0,0,91.66666412353516,"01",,1,128.9932645577247,"Z001",0
"10126","252020","01/29/26 00:00:00",0,20,0,0,1,0,0,0,350,0,183.6852380952381,0,0,350,"01",,1,3326.295238095238,"Z001",0
"10126","241912","01/29/26 00:00:00",0,2,0,0,1,0,0,0,300,0,66.57356608478803,0,0,300,"01",,1,466.852867830424,"Z001",0
"10126","6338","01/29/26 00:00:00",0,2,0,0,1,0,0,0,150,0,100,0,0,150,"01",,1,100,"Z001",0
"10126","5817","01/29/26 00:00:00",0,4,0,0,1,0,0,0,11000,0,7299.839537869064,0,0,11000,"01",,1,14800.64184852374,"Z001",0
"14126","6591","02/23/26 00:00:00",3,0,1,0,0,0,0,0,3874,3,3629.466211260331,0,0,0,"01",1740,1,0,"Z001",0
"14126","251944","02/23/26 00:00:00",5,0,1,0,0,0,0,0,1350,5,1416.666666666667,0,0,0,"01",1741,1,0,"Z001",0
"14126","962","02/23/26 00:00:00",5,0,1,0,0,0,0,0,320,5,412.3724999999999,0,0,0,"01",1742,1,0,"Z001",0
"14226","1562","02/23/26 00:00:00",10,0,1,0,0,0,0,0,35,10,35,0,0,0,"01",1743,1,0,"Z001",0
"14326","1093","02/23/26 00:00:00",2,0,1,0,0,0,0,0,1850,2,1850,0,0,0,"01",1744,1,0,"Z001",0
"12426","6554","01/08/26 00:00:00",0,2,0,0,1,0,0,0,16250,0,16250,0,0,16250,"01",,1,0,"Z001",0
"12426","241910","01/08/26 00:00:00",0,12,0,0,1,0,0,0,10220,0,10219.95454545455,0,0,10220,"01",,1,0.5454545454485924,"Z001",0
"12426","241918","01/08/26 00:00:00",0,30,0,0,1,0,0,0,654,0,653.5700000000001,0,0,654,"01",,1,12.8999999999985,"Z001",0
"12426","252052","01/08/26 00:00:00",0,12,0,0,1,0,0,0,654,0,653.5700000000001,0,0,654,"01",,1,5.1599999999994,"Z001",0
"12426","251938","01/08/26 00:00:00",0,5,0,0,1,0,0,0,1506,0,1505.667741935484,0,0,1506,"01",,1,1.661290322580271,"Z001",0
"12426","251953","01/08/26 00:00:00",0,5,0,0,1,0,0,0,719,0,718.3709677419355,0,0,719,"01",,1,3.145161290322562,"Z001",0
"12426","241912","01/08/26 00:00:00",0,100,0,0,1,0,0,0,67,0,66.57356608478803,0,0,67,"01",,1,42.64339152119732,"Z001",0
"12526","1037","02/17/26 00:00:00",0,1,0,0,1,0,0,0,300,0,190,0,0,300,"01",,1,110,"Z001",0
"12526","5812","02/17/26 00:00:00",0,1,0,0,1,0,0,0,10000,0,7925.06,0,0,10000,"01",,1,2074.94,"Z001",0
"12526","1716","02/17/26 00:00:00",0,1,0,0,1,0,0,0,2600,0,1864,0,0,2600,"01",,1,736,"Z001",0
"12526","6099","02/17/26 00:00:00",0,3,0,0,1,0,0,0,150,0,85,0,0,150,"01",,1,195,"Z001",0
"12626","6063","02/18/26 00:00:00",0,1,0,0,1,0,0,0,50,0,41,0,0,50,"01",,1,9,"Z001",0
"12626","6587","02/18/26 00:00:00",0,1,0,0,1,0,0,0,200,0,135,0,0,200,"01",,1,65,"Z001",0
"12626","5969","02/18/26 00:00:00",0,1,0,0,1,0,0,0,50,0,13.82177479492916,0,0,50,"01",,1,36.17822520507085,"Z001",0
"12726","1032","02/19/26 00:00:00",0,2,0,0,1,0,0,0,500,0,400,0,0,500,"01",,1,200,"Z001",0
"12726","6591","02/19/26 00:00:00",0,1,0,0,1,0,0,0,5000,0,3482.745938016529,0,0,5000,"01",,1,1517.254061983471,"Z001",0
"12726","252024","02/19/26 00:00:00",0,1,0,0,1,0,0,0,220,0,170,0,0,220,"01",,1,50,"Z001",0
"12726","5797","02/19/26 00:00:00",0,2,0,0,1,0,0,0,2300,0,1379.9,0,0,2300,"01",,1,1840.2,"Z001",0
"12726","5969","02/19/26 00:00:00",0,2,0,0,1,0,0,0,30,0,13.82177479492916,0,0,30,"01",,1,32.35645041014169,"Z001",0
"12726","6365","02/19/26 00:00:00",0,0.5,0,0,1,0,0,0,100,0,0.61,0,0,100,"01",,1,49.695,"Z001",0
"12726","6478","02/19/26 00:00:00",0,5,0,0,1,0,0,1,150,0,0,0,0,150,"01",,1,750,"Z001",0
"12826","6150","02/23/26 00:00:00",0,1,0,0,1,0,0,0,3900,0,3400,0,0,3900,"01",,1,500,"Z001",0
"12826","251942","02/23/26 00:00:00",0,7,0,0,1,0,0,0,350,0,216.9435736677115,0,0,350,"01",,1,931.3949843260192,"Z001",0
"12826","6584","02/23/26 00:00:00",0,1,0,0,1,0,0,0,100,0,85,0,0,100,"01",,1,15,"Z001",0
"12826","5969","02/23/26 00:00:00",0,1,0,0,1,0,0,0,30,0,13.82177479492916,0,0,30,"01",,1,16.17822520507085,"Z001",0
"12826","6587","02/23/26 00:00:00",0,1,0,0,1,0,0,0,200,0,135,0,0,200,"01",,1,65,"Z001",0
"12826","6602","02/23/26 00:00:00",0,3,0,0,1,0,0,0,100,0,70.21683890577508,0,0,100,"01",,1,89.34948328267477,"Z001",0
"12826","252063","02/23/26 00:00:00",0,1,0,0,1,0,0,0,250,0,180,0,0,250,"01",,1,70,"Z001",0
"12826","1037","02/23/26 00:00:00",0,3,0,0,1,0,0,0,350,0,190,0,0,350,"01",,1,480,"Z001",0
"14426","791","02/25/26 00:00:00",6,0,1,0,0,0,0,0,1200,6,938.6363636363636,0,0,0,"01",1745,1,0,"Z001",0
"16726","6556","03/23/26 00:00:00",0,1,0,0,1,0,0,0,13500,0,11865.32,0,0,13500,"01",,1,1634.68,"Z001",0
"17026","251942","03/25/26 00:00:00",0,10,0,0,1,0,0,0,325,0,224.4761273209549,0,0,325,"01",,1,1005.238726790451,"Z001",0
"18126","241926","03/28/26 00:00:00",2,0,1,0,0,0,0,0,80000,2,80000,0,0,0,"01",1878,1,0,"Z001",0
"18126","771","03/28/26 00:00:00",4,0,1,0,0,0,0,0,35000,4,35000,0,0,0,"01",1879,1,0,"Z001",0
"18226","771","03/30/26 00:00:00",2,0,1,0,0,0,0,0,35000,2,35000,0,0,0,"01",1880,1,0,"Z001",0
"16926","5970","03/24/26 00:00:00",0,10,0,0,1,0,0,0,100,0,87.1124031007752,0,0,100,"01",,1,128.875968992248,"Z001",0
"16926","6363","03/24/26 00:00:00",0,1,0,0,1,0,0,0,300,0,112,0,0,300,"01",,1,188,"Z001",0
"16926","6505","03/24/26 00:00:00",0,3,0,0,1,0,0,0,100,0,70.16778669724771,0,0,100,"01",,1,89.49663990825688,"Z001",0
"16926","1562","03/24/26 00:00:00",0,1,0,0,1,0,0,0,100,0,35,0,0,100,"01",,1,65,"Z001",0
"16926","6586","03/24/26 00:00:00",0,1,0,0,1,0,0,0,200,0,160,0,0,200,"01",,1,40,"Z001",0
"16926","6063","03/24/26 00:00:00",0,2,0,0,1,0,0,0,50,0,41,0,0,50,"01",,1,18,"Z001",0
"16926","6334","03/24/26 00:00:00",0,6,0,0,1,0,0,0,350,0,259.5871559633027,0,0,350,"01",,1,542.4770642201836,"Z001",0
"16926","6587","03/24/26 00:00:00",0,5,0,0,1,0,0,0,200,0,135,0,0,200,"01",,1,325,"Z001",0
"16926","6098","03/24/26 00:00:00",0,5,0,0,1,0,0,0,50,0,32.84396654074474,0,0,50,"01",,1,85.78016729627632,"Z001",0
"16926","5969","03/24/26 00:00:00",0,6,0,0,1,0,0,0,30,0,17.97761900437796,0,0,30,"01",,1,72.13428597373222,"Z001",0
"16926","6584","03/24/26 00:00:00",0,1,0,0,1,0,0,0,100,0,85,0,0,100,"01",,1,15,"Z001",0
"16926","6585","03/24/26 00:00:00",0,2,0,0,1,0,0,0,200,0,125,0,0,200,"01",,1,150,"Z001",0
"21126","5797","01/09/26 00:00:00",6,0,1,0,0,0,0,0,1596,6,1379.9,0,0,0,"01",1973,1,0,"Z001",0
"17826","5797","04/01/26 00:00:00",0,1,0,0,1,0,0,0,2200,0,1379.9,0,0,2200,"01",,1,820.0999999999999,"Z001",0
"17826","6365","04/01/26 00:00:00",0,1,0,0,1,0,0,0,100,0,0.61,0,0,100,"01",,1,99.39,"Z001",0
"17826","6572","04/01/26 00:00:00",0,1,0,0,1,0,0,0,3000,0,1800,0,0,3000,"01",,1,1200,"Z001",0
"17826","1032","04/01/26 00:00:00",0,1,0,0,1,0,0,0,450,0,388.8888888888889,0,0,450,"01",,1,61.11111111111109,"Z001",0
"17926","262104","04/02/26 00:00:00",0,2,0,0,1,0,0,0,100,0,40,0,0,100,"01",,1,120,"Z001",0
"17926","6557","04/02/26 00:00:00",0,1,0,0,1,0,0,0,29000,0,0,0,0,29000,"01",,1,29000,"Z001",0
"17926","251954","04/02/26 00:00:00",0,5,0,0,1,0,0,0,900,0,600,0,0,900,"01",,1,1500,"Z001",0
"17926","241912","04/02/26 00:00:00",0,1,0,0,1,0,0,0,250,0,66.57356608478803,0,0,250,"01",,1,183.426433915212,"Z001",0
"18026","241919","03/28/26 00:00:00",5,0,1,0,0,0,0,0,1500,5,1500,0,0,0,"01",1875,1,0,"Z001",0
"18026","6563","03/28/26 00:00:00",2,0,1,0,0,0,0,0,2500,2,2500,0,0,0,"01",1876,1,0,"Z001",0
"18026","6564","03/28/26 00:00:00",5,0,1,0,0,0,0,0,700,5,700,0,0,0,"01",1877,1,0,"Z001",0
"18026","262120","03/28/26 00:00:00",5,0,1,0,0,0,0,0,250,5,250,0,0,0,"01",1869,1,0,"Z001",0
"18026","262121","03/28/26 00:00:00",5,0,1,0,0,0,0,0,300,5,300,0,0,0,"01",1870,1,0,"Z001",0
"18026","1556","03/28/26 00:00:00",4,0,1,0,0,0,0,0,2500,4,2500,0,0,0,"01",1871,1,0,"Z001",0
"18026","262122","03/28/26 00:00:00",4,0,1,0,0,0,0,0,3000,4,3000,0,0,0,"01",1872,1,0,"Z001",0
"18026","6554","03/28/26 00:00:00",5,0,1,0,0,0,0,0,15000,5,15000,0,0,0,"01",1873,1,0,"Z001",0
"0101261","6479","01/01/26 00:00:00",0,13,1,0,0,0,0,1,0,0,0,0,0,0,"01",1503,0,0,"Z001",0
"0101261","6619","01/01/26 00:00:00",0,22,1,0,0,0,0,1,0,0,0,0,0,0,"01",1528,0,0,"Z001",0
"0101261","1010","01/01/26 00:00:00",0,2,1,0,0,0,0,1,0,0,0,0,0,0,"01",1353,0,0,"Z001",0
"0101261","241910","01/01/26 00:00:00",0,34,1,0,0,0,0,1,0,0,17.03,0,0,0,"01",1410,0,0,"Z001",0
"0101261","993","01/01/26 00:00:00",0,50,1,0,0,0,0,1,0,0,0,0,0,0,"01",1556,0,0,"Z001",0
"0101261","6479","01/01/26 00:00:00",0,13,1,0,0,0,0,1,0,0,0,0,0,0,"01",1503,0,0,"Z001",0
"0101261","6619","01/01/26 00:00:00",0,22,1,0,0,0,0,1,0,0,0,0,0,0,"01",1528,0,0,"Z001",0
"0101261","1010","01/01/26 00:00:00",0,2,1,0,0,0,0,1,0,0,0,0,0,0,"01",1353,0,0,"Z001",0
"0101261","241910","01/01/26 00:00:00",0,34,1,0,0,0,0,1,0,0,17.03,0,0,0,"01",1410,0,0,"Z001",0
"0101261","993","01/01/26 00:00:00",0,50,1,0,0,0,0,1,0,0,0,0,0,0,"01",1556,0,0,"Z001",0
"0101261","6479","01/01/26 00:00:00",0,13,1,0,0,0,0,1,0,0,0,0,0,0,"01",1503,0,0,"Z001",0
"0101261","6619","01/01/26 00:00:00",0,22,1,0,0,0,0,1,0,0,0,0,0,0,"01",1528,0,0,"Z001",0
"0101261","1010","01/01/26 00:00:00",0,2,1,0,0,0,0,1,0,0,0,0,0,0,"01",1353,0,0,"Z001",0
"0101261","241910","01/01/26 00:00:00",0,34,1,0,0,0,0,1,0,0,17.03,0,0,0,"01",1410,0,0,"Z001",0
"0101261","993","01/01/26 00:00:00",0,50,1,0,0,0,0,1,0,0,0,0,0,0,"01",1556,0,0,"Z001",0
"0101261","6190","01/01/26 00:00:00",0,15,1,0,0,0,0,0,0,0,0,0,0,0,"01",1462,0,0,"Z001",0
"0101261","6479","01/01/26 00:00:00",0,13,1,0,0,0,0,1,0,0,0,0,0,0,"01",1503,0,0,"Z001",0
"0101261","6619","01/01/26 00:00:00",0,22,1,0,0,0,0,1,0,0,0,0,0,0,"01",1528,0,0,"Z001",0
"0101261","1010","01/01/26 00:00:00",0,2,1,0,0,0,0,1,0,0,0,0,0,0,"01",1353,0,0,"Z001",0
"7826","6228","01/06/26 00:00:00",0,1,0,0,1,0,0,0,300,0,150,0,0,300,"01",,1,150,"Z001",0
"7826","252009","01/06/26 00:00:00",0,4,0,0,1,0,0,0,230,0,192.95,0,0,230,"01",,1,148.2,"Z001",0
"7826","6474","01/06/26 00:00:00",0,30,0,0,1,0,0,1,60,0,47.29000000000001,0,0,60,"01",,1,381.2999999999998,"Z001",0
"7726","6602","01/03/26 00:00:00",0,10,0,0,1,0,0,0,100,0,70.21683890577508,0,0,100,"01",,1,297.8316109422492,"Z001",0
"7726","6505","01/03/26 00:00:00",0,1,0,0,1,0,0,0,100,0,70.16778669724771,0,0,100,"01",,1,29.83221330275229,"Z001",0
"7726","791","01/03/26 00:00:00",0,1,0,0,1,0,0,0,1500,0,625,0,0,1500,"01",,1,875,"Z001",0
"7726","787","01/03/26 00:00:00",0,2,0,0,1,0,0,1,75,0,45.51,0,0,75,"01",,1,58.98,"Z001",0
"7926","6505","01/07/26 00:00:00",0,2,0,0,1,0,0,0,100,0,70.16778669724771,0,0,100,"01",,1,59.66442660550459,"Z001",0
"8026","6390","01/08/26 00:00:00",0,1,0,0,1,0,0,0,800,0,500,0,0,800,"01",,1,300,"Z001",0
"8026","6616","01/08/26 00:00:00",0,2,0,0,1,0,0,0,250,0,132.0967741935484,0,0,250,"01",,1,235.8064516129032,"Z001",0
"8126","6474","01/09/26 00:00:00",0,1,0,0,1,0,0,0,4900,0,4255.912813559322,0,0,4900,"01",,1,644.0871864406781,"Z001",0
"8126","252045","01/09/26 00:00:00",0,1,0,0,1,0,0,0,150,0,37.5,0,0,150,"01",,1,112.5,"Z001",0
"8126","6030","01/09/26 00:00:00",0,1,0,0,1,0,0,0,100,0,80,0,0,100,"01",,1,20,"Z001",0
"11726","6234","01/17/26 00:00:00",200,0,1,0,0,0,0,0,20,200,20,0,0,0,"01",1635,1,0,"Z001",0
"8426","252063","01/13/26 00:00:00",0,1,0,0,1,0,0,0,300,0,180,0,0,300,"01",,1,120,"Z001",0
"8326","6587","01/12/26 00:00:00",0,1,0,0,1,0,0,0,200,0,135,0,0,200,"01",,1,65,"Z001",0
"8226","6332","01/10/26 00:00:00",0,1,0,0,1,0,0,0,250,0,190,0,0,250,"01",,1,60,"Z001",0
"8226","6099","01/10/26 00:00:00",0,1,0,0,1,0,0,0,150,0,85,0,0,150,"01",,1,65,"Z001",0
"8226","6189","01/10/26 00:00:00",0,1,0,0,1,0,0,0,500,0,350,0,0,500,"01",,1,150,"Z001",0
"8226","252063","01/10/26 00:00:00",0,1,0,0,1,0,0,0,300,0,180,0,0,300,"01",,1,120,"Z001",0
"8226","6505","01/10/26 00:00:00",0,1,0,0,1,0,0,0,100,0,70.16778669724771,0,0,100,"01",,1,29.83221330275229,"Z001",0
"8226","5970","01/10/26 00:00:00",0,1,0,0,1,0,0,0,200,0,75,0,0,200,"01",,1,125,"Z001",0
"8226","6063","01/10/26 00:00:00",0,1,0,0,1,0,0,0,50,0,41,0,0,50,"01",,1,9,"Z001",0
"8526","6591","01/14/26 00:00:00",0,1,0,0,1,0,0,0,4500,0,3806.057818181818,0,0,4500,"01",,1,693.9421818181818,"Z001",0
"8526","6505","01/14/26 00:00:00",0,2,0,0,1,0,0,0,100,0,70.16778669724771,0,0,100,"01",,1,59.66442660550459,"Z001",0
"8526","6334","01/14/26 00:00:00",0,1,0,0,1,0,0,0,350,0,255,0,0,350,"01",,1,95,"Z001",0
"8526","6098","01/14/26 00:00:00",0,1,0,0,1,0,0,0,50,0,27.55176470588235,0,0,50,"01",,1,22.44823529411765,"Z001",0
"8526","6588","01/14/26 00:00:00",0,1,0,0,1,0,0,0,700,0,300,0,0,700,"01",,1,400,"Z001",0
"8526","6619","01/14/26 00:00:00",0,2,0,0,1,0,0,1,200,0,0,0,0,200,"01",,1,400,"Z001",0
"11526","262071","01/03/26 00:00:00",2,0,1,0,0,0,0,0,28037.26,2,28037.26,0,0,0,"01",1631,1,0,"Z001",0
"11526","262069","01/03/26 00:00:00",4,0,1,0,0,0,0,0,25198.04,4,25198.04,0,0,0,"01",1629,1,0,"Z001",0
"11526","262070","01/03/26 00:00:00",2,0,1,0,0,0,0,0,26716.67,2,26716.67,0,0,0,"01",1630,1,0,"Z001",0
"11626","1288","01/14/26 00:00:00",4,0,1,0,0,0,0,0,9700,4,9700,0,0,0,"01",1632,1,0,"Z001",0
"11626","1471","01/14/26 00:00:00",4,0,1,0,0,0,0,0,10800,4,10800,0,0,0,"01",1633,1,0,"Z001",0
"11626","1287","01/14/26 00:00:00",4,0,1,0,0,0,0,0,12400,4,12400,0,0,0,"01",1634,1,0,"Z001",0
"8626","201789","01/15/26 00:00:00",0,2,0,0,1,0,0,0,100,0,45,0,0,100,"01",,1,110,"Z001",0
"8626","6616","01/15/26 00:00:00",0,1,0,0,1,0,0,0,200,0,132.0967741935484,0,0,200,"01",,1,67.90322580645162,"Z001",0
"8826","252015","01/20/26 00:00:00",0,3,0,0,1,0,0,0,450,0,345.01,0,0,450,"01",,1,314.97,"Z001",0
"8826","6589","01/20/26 00:00:00",0,1,0,0,1,0,0,0,780,0,570,0,0,780,"01",,1,210,"Z001",0
"8826","836","01/20/26 00:00:00",0,4,0,0,1,0,0,0,350,0,230,0,0,350,"01",,1,480,"Z001",0
"9026","849","01/23/26 00:00:00",0,20,0,0,1,0,0,1,55,0,0,0,0,55,"01",,1,1100,"Z001",0
"9026","6492","01/23/26 00:00:00",0,35,0,0,1,0,0,1,90,0,0,0,0,90,"01",,1,3150,"Z001",0
"8926","6479","01/19/26 00:00:00",0,1,0,0,1,0,0,0,12000,0,9817.525,0,0,12000,"01",,1,2182.475,"Z001",0
"8926","251991","01/19/26 00:00:00",0,10,0,0,1,0,0,0,10,0,166.6666666666667,0,0,10,"01",,1,-1566.666666666667,"Z001",0
"8926","6025","01/19/26 00:00:00",0,1,0,0,1,0,0,0,50,0,61.75,0,0,50,"01",,1,-11.75,"Z001",0
"8926","6616","01/19/26 00:00:00",0,6,0,0,1,0,0,0,200,0,132.0967741935484,0,0,200,"01",,1,407.4193548387097,"Z001",0
"8926","6584","01/19/26 00:00:00",0,2,0,0,1,0,0,0,100,0,85,0,0,100,"01",,1,30,"Z001",0
"8926","6099","01/19/26 00:00:00",0,1,0,0,1,0,0,0,150,0,85,0,0,150,"01",,1,65,"Z001",0
"8926","6587","01/19/26 00:00:00",0,1,0,0,1,0,0,0,200,0,135,0,0,200,"01",,1,65,"Z001",0
"8926","1032","01/19/26 00:00:00",0,2,0,0,1,0,0,0,500,0,400,0,0,500,"01",,1,200,"Z001",0
"8926","5969","01/19/26 00:00:00",0,2,0,0,1,0,0,0,30,0,16.11111111111111,0,0,30,"01",,1,27.77777777777778,"Z001",0
"8926","849","01/19/26 00:00:00",0,10,0,0,1,0,0,1,60,0,0,0,0,60,"01",,1,600,"Z001",0
"9126","6098","01/20/26 00:00:00",0,1,0,0,1,0,0,0,50,0,27.55176470588235,0,0,50,"01",,1,22.44823529411765,"Z001",0
"9126","6063","01/20/26 00:00:00",0,3,0,0,1,0,0,0,50,0,41,0,0,50,"01",,1,27,"Z001",0
"9126","252045","01/20/26 00:00:00",0,2,0,0,1,0,0,0,100,0,37.5,0,0,100,"01",,1,125,"Z001",0
"9126","6338","01/20/26 00:00:00",0,1,0,0,1,0,0,0,150,0,100,0,0,150,"01",,1,50,"Z001",0
"9126","1032","01/20/26 00:00:00",0,2,0,0,1,0,0,0,500,0,400,0,0,500,"01",,1,200,"Z001",0
"9126","6505","01/20/26 00:00:00",0,5,0,0,1,0,0,0,90,0,70.16778669724771,0,0,90,"01",,1,99.16106651376147,"Z001",0
"10426","6098","01/31/26 00:00:00",0,2,0,0,1,0,0,0,50,0,27.55176470588235,0,0,50,"01",,1,44.8964705882353,"Z001",0
"10426","1032","01/31/26 00:00:00",0,1,0,0,1,0,0,0,500,0,400,0,0,500,"01",,1,100,"Z001",0
"10426","5970","01/31/26 00:00:00",0,2,0,0,1,0,0,0,100,0,75,0,0,100,"01",,1,50,"Z001",0
"11826","221883","01/21/26 00:00:00",2,0,1,0,0,0,0,0,35328.96,2,35328.96,0,0,0,"01",1636,1,0,"Z001",0
"11826","6527","01/21/26 00:00:00",1,0,1,0,0,0,0,0,6598.08,1,6433.54,0,0,0,"01",1637,1,0,"Z001",0
"11826","6498","01/21/26 00:00:00",1,0,1,0,0,0,0,0,4802.4,1,4802.4,0,0,0,"01",1638,1,0,"Z001",0
"11826","993","01/21/26 00:00:00",1,0,1,0,0,0,0,0,13613.76,1,13613.76,0,0,0,"01",1639,1,0,"Z001",0
"11826","914","01/21/26 00:00:00",1,0,1,0,0,0,0,0,22132.8,1,22132.8,0,0,0,"01",1640,1,0,"Z001",0
"11826","6620","01/21/26 00:00:00",2,0,1,0,0,0,0,0,18624.96,2,18624.96,0,0,0,"01",1641,1,0,"Z001",0
"11826","6478","01/21/26 00:00:00",4,0,1,0,0,0,0,0,9544.48,4,9252.531999999999,0,0,0,"01",1642,1,0,"Z001",0
"11826","6497","01/21/26 00:00:00",1,0,1,0,0,0,0,0,22047.95,1,22047.95,0,0,0,"01",1643,1,0,"Z001",0
"0101261","241910","01/01/26 00:00:00",0,34,1,0,0,0,0,1,0,0,17.03,0,0,0,"01",1410,0,0,"Z001",0
"0101261","993","01/01/26 00:00:00",0,50,1,0,0,0,0,1,0,0,0,0,0,0,"01",1556,0,0,"Z001",0
"0101261","6479","01/01/26 00:00:00",0,13,1,0,0,0,0,1,0,0,0,0,0,0,"01",1503,0,0,"Z001",0
"0101261","6619","01/01/26 00:00:00",0,22,1,0,0,0,0,1,0,0,0,0,0,0,"01",1528,0,0,"Z001",0
"11926","6591","01/21/26 00:00:00",2,0,1,0,0,0,0,0,2800,2,3623.138214876033,0,0,0,"01",1644,1,0,"Z001",0
"11926","251942","01/21/26 00:00:00",20,0,1,0,0,0,0,0,200,20,213.103448275862,0,0,0,"01",1645,1,0,"Z001",0
"11926","5762","01/21/26 00:00:00",50,0,1,0,0,0,0,0,10,50,9.409836065573771,0,0,0,"01",1646,1,0,"Z001",0
"11926","5761","01/21/26 00:00:00",50,0,1,0,0,0,0,0,10,50,9.335570469798657,0,0,0,"01",1647,1,0,"Z001",0
"11926","1092","01/21/26 00:00:00",50,0,1,0,0,0,0,0,10,50,10,0,0,0,"01",1652,1,0,"Z001",0
"11926","1037","01/21/26 00:00:00",5,0,1,0,0,0,0,0,190,5,190,0,0,0,"01",1649,1,0,"Z001",0
"11926","252045","01/21/26 00:00:00",20,0,1,0,0,0,0,0,55,20,39.17464114832536,0,0,0,"01",1650,1,0,"Z001",0
"11926","5969","01/21/26 00:00:00",50,0,1,0,0,0,0,0,10,50,13.49952516619183,0,0,0,"01",1651,1,0,"Z001",0
"11926","846","01/21/26 00:00:00",17,0,1,0,0,0,0,0,555.88,17,555.88,0,0,0,"01",1653,1,0,"Z001",0
"11926","252065","01/21/26 00:00:00",100,0,1,0,0,0,0,0,5,100,6,0,0,0,"01",1654,1,0,"Z001",0
"11926","847","01/21/26 00:00:00",10,0,1,0,0,0,0,0,320,10,320,0,0,0,"01",1655,1,0,"Z001",0
"11926","856","01/21/26 00:00:00",12,0,1,0,0,0,0,0,400,12,400,0,0,0,"01",1656,1,0,"Z001",0
"9126","1287","01/20/26 00:00:00",0,1,0,0,1,0,0,0,13400,0,12400,0,0,13400,"01",,1,1000,"Z001",0
"9226","6118","01/21/26 00:00:00",0,1,0,0,1,0,0,0,450,0,275,0,0,450,"01",,1,175,"Z001",0
"9226","221883","01/21/26 00:00:00",0,1,0,0,1,0,0,0,37500,0,35328.96,0,0,37500,"01",,1,2171.040000000001,"Z001",0
"9426","252009","01/23/26 00:00:00",0,2,0,0,1,0,0,0,250,0,192.95,0,0,250,"01",,1,114.1,"Z001",0
"9426","6365","01/23/26 00:00:00",0,1,0,0,1,0,0,0,100,0,0.61,0,0,100,"01",,1,99.39,"Z001",0
"9426","1288","01/23/26 00:00:00",0,1,0,0,1,0,0,0,10500,0,9700,0,0,10500,"01",,1,800,"Z001",0
"9426","1471","01/23/26 00:00:00",0,1,0,0,1,0,0,0,12400,0,10800,0,0,12400,"01",,1,1600,"Z001",0
"9426","1287","01/23/26 00:00:00",0,1,0,0,1,0,0,0,13500,0,12400,0,0,13500,"01",,1,1100,"Z001",0
"9326","6118","01/22/26 00:00:00",0,1,0,0,1,0,0,0,550,0,275,0,0,550,"01",,1,275,"Z001",0
"9326","6030","01/22/26 00:00:00",0,3,0,0,1,0,0,0,100,0,80,0,0,100,"01",,1,60,"Z001",0
"9326","973","01/22/26 00:00:00",0,1,0,0,1,0,0,0,1500,0,750,0,0,1500,"01",,1,750,"Z001",0
"9326","6619","01/22/26 00:00:00",0,1,0,0,1,0,0,0,13800,0,11334.4,0,0,13800,"01",,1,2465.6,"Z001",0
"9326","856","01/22/26 00:00:00",0,5,0,0,1,0,0,0,750,0,400,0,0,750,"01",,1,1750,"Z001",0
"9326","6063","01/22/26 00:00:00",0,3,0,0,1,0,0,0,50,0,41,0,0,50,"01",,1,27,"Z001",0
"9326","6466","01/22/26 00:00:00",0,3,0,0,1,0,0,0,400,0,250,0,0,400,"01",,1,450,"Z001",0
"9326","6613","01/22/26 00:00:00",0,1,0,0,1,0,0,0,2200,0,1432.89,0,0,2200,"01",,1,767.1099999999999,"Z001",0
"9326","252065","01/22/26 00:00:00",0,10,0,0,1,0,0,0,20,0,6,0,0,20,"01",,1,140,"Z001",0
"9326","251951","01/22/26 00:00:00",0,1,0,0,1,0,0,0,2000,0,1410.17,0,0,2000,"01",,1,589.8299999999999,"Z001",0
"9326","6365","01/22/26 00:00:00",0,4,0,0,1,0,0,0,120,0,0.61,0,0,120,"01",,1,477.56,"Z001",0
"9326","846","01/22/26 00:00:00",0,16,0,0,1,0,0,0,900,0,555.88,0,0,900,"01",,1,5505.92,"Z001",0
"9326","6620","01/22/26 00:00:00",0,2,0,0,1,0,0,0,23500,0,18624.96,0,0,23500,"01",,1,9750.080000000002,"Z001",0
"7626","252037","01/02/26 00:00:00",0,1,0,0,1,0,0,0,200,0,305,0,0,200,"01",,1,-105,"Z001",0
"7626","6616","01/02/26 00:00:00",0,1,0,0,1,0,0,0,200,0,132.0967741935484,0,0,200,"01",,1,67.90322580645162,"Z001",0
"7626","251963","01/02/26 00:00:00",0,1,0,0,1,0,0,0,8500,0,5500,0,0,8500,"01",,1,3000,"Z001",0
"7626","5817","01/02/26 00:00:00",0,6,0,0,1,0,0,0,9600,0,7293.90243902439,0,0,9600,"01",,1,13836.58536585366,"Z001",0
"7626","6030","01/02/26 00:00:00",0,1,0,0,1,0,0,0,100,0,80,0,0,100,"01",,1,20,"Z001",0
"7626","6591","01/02/26 00:00:00",0,1,0,0,1,0,0,0,5000,0,3806.057818181818,0,0,5000,"01",,1,1193.942181818182,"Z001",0
"7626","241910","01/02/26 00:00:00",0,20,0,0,1,0,0,1,250,0,17.03,0,0,250,"01",,1,4659.4,"Z001",0
"7626","1010","01/02/26 00:00:00",0,10,0,0,1,0,0,1,40,0,0,0,0,40,"01",,1,400,"Z001",0
"7626","6471","01/02/26 00:00:00",0,1,0,0,1,0,0,1,40,0,28.11,0,0,40,"01",,1,11.89,"Z001",0
"9526","252063","01/24/26 00:00:00",0,1,0,0,1,0,0,0,300,0,180,0,0,300,"01",,1,120,"Z001",0
"9626","6063","01/24/26 00:00:00",0,1,0,0,1,0,0,0,50,0,41,0,0,50,"01",,1,9,"Z001",0
"9626","787","01/24/26 00:00:00",0,5,0,0,1,0,0,1,80,0,45.51,0,0,80,"01",,1,172.45,"Z001",0
"9726","1288","01/26/26 00:00:00",0,1,0,0,1,0,0,0,10500,0,9700,0,0,10500,"01",,1,800,"Z001",0
"9726","6296","01/26/26 00:00:00",0,1,0,0,1,0,0,0,150,0,76,0,0,150,"01",,1,74,"Z001",0
"9726","962","01/26/26 00:00:00",0,1,0,0,1,0,0,0,800,0,454.36,0,0,800,"01",,1,345.64,"Z001",0
"9926","6025","01/27/26 00:00:00",0,1,0,0,1,0,0,0,50,0,61.75,0,0,50,"01",,1,-11.75,"Z001",0
"9926","5970","01/27/26 00:00:00",0,1,0,0,1,0,0,0,120,0,75,0,0,120,"01",,1,45,"Z001",0
"9926","252049","01/27/26 00:00:00",0,1,0,0,1,0,0,0,20000,0,13350,0,0,20000,"01",,1,6650,"Z001",0
"9926","5817","01/27/26 00:00:00",0,2,0,0,1,0,0,0,10000,0,7299.839537869064,0,0,10000,"01",,1,5400.320924261872,"Z001",0
"9926","6584","01/27/26 00:00:00",0,2,0,0,1,0,0,0,100,0,85,0,0,100,"01",,1,30,"Z001",0
"10026","1471","01/28/26 00:00:00",0,1,0,0,1,0,0,0,13000,0,10800,0,0,13000,"01",,1,2200,"Z001",0
"10026","251946","01/28/26 00:00:00",0,1,0,0,1,0,0,0,1150,0,824.5813333333333,0,0,1150,"01",,1,325.4186666666667,"Z001",0
"10026","252066","01/28/26 00:00:00",0,2,0,0,1,0,0,0,20,0,13,0,0,20,"01",,1,14,"Z001",0
"10026","251991","01/28/26 00:00:00",0,1,0,0,1,0,0,0,100,0,166.6666666666667,0,0,100,"01",,1,-66.66666666666666,"Z001",0
"10026","6338","01/28/26 00:00:00",0,1,0,0,1,0,0,0,100,0,100,0,0,100,"01",,1,0,"Z001",0
"10026","6505","01/28/26 00:00:00",0,2,0,0,1,0,0,0,100,0,70.16778669724771,0,0,100,"01",,1,59.66442660550459,"Z001",0
"10026","252011","01/28/26 00:00:00",0,1,0,0,1,0,0,0,600,0,365,0,0,600,"01",,1,235,"Z001",0
"10026","6099","01/28/26 00:00:00",0,1,0,0,1,0,0,0,150,0,85,0,0,150,"01",,1,65,"Z001",0
"10026","962","01/28/26 00:00:00",0,1,0,0,1,0,0,0,750,0,454.36,0,0,750,"01",,1,295.64,"Z001",0
"10426","6505","01/31/26 00:00:00",0,2,0,0,1,0,0,0,100,0,70.16778669724771,0,0,100,"01",,1,59.66442660550459,"Z001",0
"10426","6365","01/31/26 00:00:00",0,1,0,0,1,0,0,0,100,0,0.61,0,0,100,"01",,1,99.39,"Z001",0
"10426","6619","01/31/26 00:00:00",0,5,0,0,1,0,0,1,200,0,0,0,0,200,"01",,1,1000,"Z001",0
"10426","6481","01/31/26 00:00:00",0,7,0,0,1,0,0,1,200,0,147.96,0,0,200,"01",,1,364.28,"Z001",0
"9826","262070","01/27/26 00:00:00",0,1,0,0,1,0,0,0,26616.41015625,0,26716.67,0,0,26616.41015625,"01",,1,-100.2598437499983,"Z001",0
"12526","252049","01/01/26 00:00:00",6,0,1,0,0,0,0,0,13350,6,13350,0,0,0,"01",1673,1,0,"Z001",0
"12526","252003","01/01/26 00:00:00",10,0,1,0,0,0,0,0,14450,10,14450,0,0,0,"01",1674,1,0,"Z001",0
"12326","262072","01/21/26 00:00:00",2,0,1,0,0,0,0,0,25000,2,25000,0,0,0,"01",1669,1,0,"Z001",0
"12326","211840","01/21/26 00:00:00",1,0,1,0,0,0,0,0,22250,1,22250,0,0,0,"01",1670,1,0,"Z001",0
"12326","1706","01/21/26 00:00:00",1,0,1,0,0,0,0,0,27600,1,27600,0,0,0,"01",1671,1,0,"Z001",0
"10926","262070","02/05/26 00:00:00",0,1,0,0,1,0,0,0,36000,0,26438.89,0,0,36000,"01",,1,9561.110000000001,"Z001",0
"10926","6505","02/05/26 00:00:00",0,1,0,0,1,0,0,0,100,0,70.16778669724771,0,0,100,"01",,1,29.83221330275229,"Z001",0
"10926","6511","02/05/26 00:00:00",0,1,0,0,1,0,0,0,3600,0,3161.871875,0,0,3600,"01",,1,438.1281250000002,"Z001",0
"10926","1032","02/05/26 00:00:00",0,2,0,0,1,0,0,0,500,0,400,0,0,500,"01",,1,200,"Z001",0
"10926","6365","02/05/26 00:00:00",0,1,0,0,1,0,0,0,100,0,0.61,0,0,100,"01",,1,99.39,"Z001",0
"10926","6063","02/05/26 00:00:00",0,1,0,0,1,0,0,0,50,0,41,0,0,50,"01",,1,9,"Z001",0
"10926","6334","02/05/26 00:00:00",0,1,0,0,1,0,0,0,350,0,255,0,0,350,"01",,1,95,"Z001",0
"10926","6098","02/05/26 00:00:00",0,1,0,0,1,0,0,0,50,0,27.55176470588235,0,0,50,"01",,1,22.44823529411765,"Z001",0
"10926","6587","02/05/26 00:00:00",0,1,0,0,1,0,0,0,200,0,135,0,0,200,"01",,1,65,"Z001",0
"10926","252003","02/05/26 00:00:00",0,2,0,0,1,0,0,0,24000,0,14450,0,0,24000,"01",,1,19100,"Z001",0
"10926","6481","02/05/26 00:00:00",0,2.5,0,0,1,0,0,1,200,0,147.96,0,0,200,"01",,1,130.1,"Z001",0
"12626","252004","02/05/26 00:00:00",2,0,1,0,0,0,0,0,17200,2,19600,0,0,0,"01",1675,1,0,"Z001",0
"12626","252005","02/05/26 00:00:00",3,0,1,0,0,0,0,0,19800,3,19800,0,0,0,"01",1676,1,0,"Z001",0
"12626","262070","02/05/26 00:00:00",2,0,1,0,0,0,0,0,26300,2,26438.89,0,0,0,"01",1677,1,0,"Z001",0
"11026","211864","02/06/26 00:00:00",0,1,0,0,1,0,0,0,6000,0,5226.03,0,0,6000,"01",,1,773.9700000000003,"Z001",0
"11026","6585","02/06/26 00:00:00",0,1,0,0,1,0,0,0,150,0,125,0,0,150,"01",,1,25,"Z001",0
"11026","241926","02/06/26 00:00:00",0,1,0,0,1,0,0,0,100000,0,86659.67666666667,0,0,100000,"01",,1,13340.32333333333,"Z001",0
"11026","771","02/06/26 00:00:00",0,1,0,0,1,0,0,0,50000,0,36142.85714285714,0,0,50000,"01",,1,13857.14285714286,"Z001",0
"11026","5817","02/06/26 00:00:00",0,2,0,0,1,0,0,0,10000,0,7299.839537869064,0,0,10000,"01",,1,5400.320924261872,"Z001",0
"12726","241926","02/05/26 00:00:00",2,0,1,0,0,0,0,0,80000,2,86659.67666666667,0,0,0,"01",1678,1,0,"Z001",0
"11326","973","02/09/26 00:00:00",0,1,0,0,1,0,0,0,1400,0,750,0,0,1400,"01",,1,650,"Z001",0
"11326","6063","02/09/26 00:00:00",0,3,0,0,1,0,0,0,50,0,41,0,0,50,"01",,1,27,"Z001",0
"11326","6479","02/09/26 00:00:00",0,10,0,0,1,0,0,1,150,0,0,0,0,150,"01",,1,1500,"Z001",0
"11126","1032","02/07/26 00:00:00",0,2,0,0,1,0,0,0,500,0,400,0,0,500,"01",,1,200,"Z001",0
"11126","252063","02/07/26 00:00:00",0,1,0,0,1,0,0,0,280,0,180,0,0,280,"01",,1,100,"Z001",0
"11126","252009","02/07/26 00:00:00",0,6,0,0,1,0,0,0,233.3332977294922,0,192.95,0,0,233.3332977294922,"01",,1,242.2997863769532,"Z001",0
"11126","862","02/07/26 00:00:00",0,1,0,0,1,0,0,0,200,0,120,0,0,200,"01",,1,80,"Z001",0
"11626","251957","02/11/26 00:00:00",0,1,0,0,1,0,0,0,2500,0,1185.368,0,0,2500,"01",,1,1314.632,"Z001",0
"11626","201789","02/11/26 00:00:00",0,8,0,0,1,0,0,0,100,0,45,0,0,100,"01",,1,440,"Z001",0
"10526","6477","02/02/26 00:00:00",0,4,0,0,1,0,0,1,280,0,123.4607142857143,0,0,280,"01",,1,626.1571428571428,"Z001",0
"10626","1032","02/02/26 00:00:00",0,1,0,0,1,0,0,0,500,0,400,0,0,500,"01",,1,100,"Z001",0
"10626","251999","02/02/26 00:00:00",0,1,0,0,1,0,0,0,400,0,285,0,0,400,"01",,1,115,"Z001",0
"10626","252027","02/02/26 00:00:00",0,2,0,0,1,0,0,0,500,0,300,0,0,500,"01",,1,400,"Z001",0
"10626","251946","02/02/26 00:00:00",0,1,0,0,1,0,0,0,1000,0,824.5813333333333,0,0,1000,"01",,1,175.4186666666667,"Z001",0
"10626","1288","02/02/26 00:00:00",0,1,0,0,1,0,0,0,10500,0,9700,0,0,10500,"01",,1,800,"Z001",0
"10626","1471","02/02/26 00:00:00",0,2,0,0,1,0,0,0,12400,0,10800,0,0,12400,"01",,1,3200,"Z001",0
"10626","251991","02/02/26 00:00:00",0,0.07999999821186066,0,0,1,0,0,0,1000,0,166.6666666666667,0,0,1000,"01",,1,66.66666517655055,"Z001",0
"10626","6471","02/02/26 00:00:00",0,1,0,0,1,0,0,0,3000,0,2529.576504713561,0,0,3000,"01",,1,470.4234952864394,"Z001",0
"10626","6030","02/02/26 00:00:00",0,1,0,0,1,0,0,0,100,0,80,0,0,100,"01",,1,20,"Z001",0
"10726","6505","02/03/26 00:00:00",0,1,0,0,1,0,0,0,100,0,70.16778669724771,0,0,100,"01",,1,29.83221330275229,"Z001",0
"10726","5799","02/03/26 00:00:00",0,2,0,0,1,0,0,0,2000,0,1131.115,0,0,2000,"01",,1,1737.77,"Z001",0
"10726","6063","02/03/26 00:00:00",0,1,0,0,1,0,0,0,50,0,41,0,0,50,"01",,1,9,"Z001",0
"10826","6591","02/04/26 00:00:00",0,1,0,0,1,0,0,0,5000,0,3623.138214876033,0,0,5000,"01",,1,1376.861785123967,"Z001",0
"10826","1549","02/04/26 00:00:00",0,1,0,0,1,0,0,0,300,0,133,0,0,300,"01",,1,167,"Z001",0
"10826","6616","02/04/26 00:00:00",0,2,0,0,1,0,0,0,250,0,132.0967741935484,0,0,250,"01",,1,235.8064516129032,"Z001",0
"10826","252043","02/04/26 00:00:00",0,1,0,0,1,0,0,0,150,0,107,0,0,150,"01",,1,43,"Z001",0
"9326","262072","01/22/26 00:00:00",0,1,0,0,1,0,0,0,35500,0,25000,0,0,35500,"01",,1,10500,"Z001",0
"9326","5817","01/22/26 00:00:00",0,6,0,0,1,0,0,0,9500,0,7299.839537869064,0,0,9500,"01",,1,13200.96277278562,"Z001",0
"9326","241910","01/22/26 00:00:00",0,20,0,0,1,0,0,1,250,0,17.03,0,0,250,"01",,1,4659.4,"Z001",0
"12426","5817","01/22/26 00:00:00",74,0,1,0,0,0,0,0,7300,74,7299.839537869064,0,0,0,"01",1672,1,0,"Z001",0
"12826","1032","02/10/26 00:00:00",30,0,1,0,0,0,0,0,400,30,400,0,0,0,"01",1679,1,0,"Z001",0
"12826","893","02/10/26 00:00:00",6,0,1,0,0,0,0,0,140,6,140,0,0,0,"01",1680,1,0,"Z001",0
"2126","6477","01/04/26 00:00:00",0,1,0,0,0,0,1,0,0,0,17284.46,1,0,0,"01",,0,0,"Z001",0
"2126","6477","01/04/26 00:00:00",90,0,0,0,0,0,0,1,123.4607142857143,90,123.4607142857143,1,0,0,"01",1681,0,0,"Z001",0
"11426","6477","01/05/26 00:00:00",0,54,0,0,1,0,0,1,220,0,123.4607142857143,0,0,220,"01",,1,5213.121428571429,"Z001",0
"11426","1010","01/05/26 00:00:00",0,4,0,0,1,0,0,1,70,0,0,0,0,70,"01",,1,280,"Z001",0
"11426","1045","01/05/26 00:00:00",0,4,0,0,1,0,0,1,50,0,0,0,0,50,"01",,1,,"Z001",0
"11526","6025","02/10/26 00:00:00",0,1,0,0,1,0,0,0,100,0,61.75,0,0,100,"01",,1,38.25,"Z001",0
"11526","6338","02/10/26 00:00:00",0,1,0,0,1,0,0,0,150,0,100,0,0,150,"01",,1,50,"Z001",0
"11526","6505","02/10/26 00:00:00",0,2,0,0,1,0,0,0,100,0,70.16778669724771,0,0,100,"01",,1,59.66442660550459,"Z001",0
"11526","6591","02/10/26 00:00:00",0,1,0,0,1,0,0,0,3800,0,3623.138214876033,0,0,3800,"01",,1,176.8617851239669,"Z001",0
"11626","252052","02/11/26 00:00:00",0,1,0,0,1,0,0,0,3000,0,653.5700000000001,0,0,3000,"01",,1,2346.43,"Z001",0
"11626","251938","02/11/26 00:00:00",0,1,0,0,1,0,0,0,3500,0,1505.667741935484,0,0,3500,"01",,1,1994.332258064516,"Z001",0
"0101261","241910","01/01/26 00:00:00",0,34,1,0,0,0,0,1,0,0,17.03,0,0,0,"01",1410,0,0,"Z001",0
"0101261","993","01/01/26 00:00:00",0,50,1,0,0,0,0,1,0,0,0,0,0,0,"01",1556,0,0,"Z001",0
"0101261","6479","01/01/26 00:00:00",0,13,1,0,0,0,0,1,0,0,0,0,0,0,"01",1503,0,0,"Z001",0
"0101261","6619","01/01/26 00:00:00",0,22,1,0,0,0,0,1,0,0,0,0,0,0,"01",1528,0,0,"Z001",0
"0101261","1010","01/01/26 00:00:00",0,2,1,0,0,0,0,1,0,0,0,0,0,0,"01",1353,0,0,"Z001",0
"0101261","252029","01/01/26 00:00:00",0,1,1,0,0,0,0,0,0,0,25,0,0,0,"01",1434,0,0,"Z001",0
"0101261","6190","01/01/26 00:00:00",0,15,1,0,0,0,0,0,0,0,0,0,0,0,"01",1462,0,0,"Z001",0
"11526","6619","02/10/26 00:00:00",0,1.5,0,0,1,0,0,1,200,0,0,0,0,200,"01",,1,300,"Z001",0
"11826","252061","02/11/26 00:00:00",0,2,0,0,1,0,0,0,100,0,70,0,0,100,"01",,1,60,"Z001",0
"11826","241923","02/11/26 00:00:00",0,2,0,0,1,0,0,0,450,0,280,0,0,450,"01",,1,340,"Z001",0
"11826","251942","02/11/26 00:00:00",0,1,0,0,1,0,0,0,400,0,213.103448275862,0,0,400,"01",,1,186.896551724138,"Z001",0
"12926","6556","02/13/26 00:00:00",1,0,1,0,0,0,0,0,11865.32,1,11865.32,0,0,0,"01",1682,1,0,"Z001",0
"12926","5812","02/13/26 00:00:00",1,0,1,0,0,0,0,0,7925.06,1,7925.06,0,0,0,"01",1683,1,0,"Z001",0
"12926","939","02/13/26 00:00:00",1,0,1,0,0,0,0,0,7000,1,7000,0,0,0,"01",1684,1,0,"Z001",0
"12926","5811","02/13/26 00:00:00",1,0,1,0,0,0,0,0,6205.37,1,6205.37,0,0,0,"01",1685,1,0,"Z001",0
"12926","938","02/13/26 00:00:00",2,0,1,0,0,0,0,0,5000,2,5000,0,0,0,"01",1686,1,0,"Z001",0
"12926","6567","02/13/26 00:00:00",2,0,1,0,0,0,0,0,2760,2,2760,0,0,0,"01",1687,1,0,"Z001",0
"12926","6178","02/13/26 00:00:00",1,0,1,0,0,0,0,0,3312,1,3312,0,0,0,"01",1688,1,0,"Z001",0
"12926","5816","02/13/26 00:00:00",2,0,1,0,0,0,0,0,4800,2,4800,0,0,0,"01",1689,1,0,"Z001",0
"11926","1032","02/12/26 00:00:00",0,4,0,0,1,0,0,0,500,0,400,0,0,500,"01",,1,400,"Z001",0
"11926","6591","02/12/26 00:00:00",0,1,0,0,1,0,0,0,5000,0,3623.138214876033,0,0,5000,"01",,1,1376.861785123967,"Z001",0
"11926","6030","02/12/26 00:00:00",0,1,0,0,1,0,0,0,100,0,80,0,0,100,"01",,1,20,"Z001",0
"11926","6505","02/12/26 00:00:00",0,2,0,0,1,0,0,0,100,0,70.16778669724771,0,0,100,"01",,1,59.66442660550459,"Z001",0
"11926","252049","02/12/26 00:00:00",0,1,0,0,1,0,0,0,21000,0,13350,0,0,21000,"01",,1,7650,"Z001",0
"11926","5817","02/12/26 00:00:00",0,2,0,0,1,0,0,0,11000,0,7299.839537869064,0,0,11000,"01",,1,7400.320924261872,"Z001",0
"11926","252020","02/12/26 00:00:00",0,34,0,0,1,0,0,0,350,0,183.6852380952381,0,0,350,"01",,1,5654.701904761904,"Z001",0
"11926","973","02/12/26 00:00:00",0,1,0,0,1,0,0,0,1500,0,750,0,0,1500,"01",,1,750,"Z001",0
"13026","6591","02/14/26 00:00:00",1,0,1,0,0,0,0,0,2500,1,3482.745938016529,0,0,0,"01",1690,1,0,"Z001",0
"13026","5969","02/14/26 00:00:00",32,0,1,0,0,0,0,0,15,32,13.82177479492916,0,0,0,"01",1691,1,0,"Z001",0
"11726","251942","02/12/26 00:00:00",0,4,0,0,1,0,0,0,400,0,213.103448275862,0,0,400,"01",,1,747.5862068965519,"Z001",0
"11726","6586","02/12/26 00:00:00",0,2,0,0,1,0,0,0,200,0,160,0,0,200,"01",,1,80,"Z001",0
"11726","6616","02/12/26 00:00:00",0,1,0,0,1,0,0,0,250,0,132.0967741935484,0,0,250,"01",,1,117.9032258064516,"Z001",0
"11626","6358","02/11/26 00:00:00",0,3,0,0,1,0,0,0,250,0,120,0,0,250,"01",,1,390,"Z001",0
"11626","5832","02/11/26 00:00:00",0,1,0,0,1,0,0,0,300,0,132.0823244552058,0,0,300,"01",,1,167.9176755447942,"Z001",0
"11626","231903","02/11/26 00:00:00",0,1,0,0,1,0,0,0,350,0,1.09,0,0,350,"01",,1,348.91,"Z001",0
"11626","5817","02/11/26 00:00:00",0,3,0,0,1,0,0,0,12000,0,7299.839537869064,0,0,12000,"01",,1,14100.48138639281,"Z001",0
"11626","241912","02/11/26 00:00:00",0,1,0,0,1,0,0,0,350,0,66.57356608478803,0,0,350,"01",,1,283.426433915212,"Z001",0
"11626","241910","02/11/26 00:00:00",0,20,0,0,1,0,0,1,250,0,17.03,0,0,250,"01",,1,4659.4,"Z001",0
"11626","221881","02/11/26 00:00:00",0,7,0,0,1,0,0,1,50,0,0,0,0,50,"01",,1,350,"Z001",0
"11626","251954","02/11/26 00:00:00",0,3,0,0,1,0,0,1,850,0,550,0,0,850,"01",,1,900,"Z001",0
"14826","262083","03/06/26 00:00:00",0,1,0,0,1,0,0,0,550,0,390,0,0,550,"01",,1,160,"Z001",0
"11926","252043","02/12/26 00:00:00",0,7,0,0,1,0,0,0,150,0,107,0,0,150,"01",,1,301,"Z001",0
"11926","251941","02/12/26 00:00:00",0,1,0,0,1,0,0,0,500,0,325,0,0,500,"01",,1,175,"Z001",0
"11926","6620","02/12/26 00:00:00",0,5,0,0,1,0,0,1,250,0,177.78,0,0,250,"01",,1,361.1,"Z001",0
"11926","241910","02/12/26 00:00:00",0,30,0,0,1,0,0,1,250,0,17.03,0,0,250,"01",,1,6989.1,"Z001",0
"12026","6616","02/13/26 00:00:00",0,1,0,0,1,0,0,0,200,0,132.0967741935484,0,0,200,"01",,1,67.90322580645162,"Z001",0
"12026","252042","02/13/26 00:00:00",0,1,0,0,1,0,0,0,100,0,78,0,0,100,"01",,1,22,"Z001",0
"12026","6505","02/13/26 00:00:00",0,1,0,0,1,0,0,0,100,0,70.16778669724771,0,0,100,"01",,1,29.83221330275229,"Z001",0
"12026","6602","02/13/26 00:00:00",0,1,0,0,1,0,0,0,100,0,70.21683890577508,0,0,100,"01",,1,29.78316109422492,"Z001",0
"13126","241920","02/16/26 00:00:00",2,0,1,0,0,0,0,0,2000,2,2000,0,0,0,"01",1692,1,0,"Z001",0
"13126","893","02/16/26 00:00:00",1,0,1,0,0,0,0,0,140,1,140,0,0,0,"01",1693,1,0,"Z001",0
"12226","893","02/16/26 00:00:00",0,1,0,0,1,0,0,0,250,0,140,0,0,250,"01",,1,110,"Z001",0
"12226","252061","02/16/26 00:00:00",0,1,0,0,1,0,0,0,150,0,70,0,0,150,"01",,1,80,"Z001",0
"13226","6591","01/02/26 00:00:00",8,0,1,0,0,0,0,0,3800,8,3806.057818181818,0,0,0,"01",1694,1,0,"Z001",0
"12126","5817","02/14/26 00:00:00",0,4,0,0,1,0,0,0,11000,0,7299.839537869064,0,0,11000,"01",,1,14800.64184852374,"Z001",0
"12126","6567","02/14/26 00:00:00",0,1,0,0,1,0,0,0,4760,0,2760,0,0,4760,"01",,1,2000,"Z001",0
"12126","6591","02/14/26 00:00:00",0,2,0,0,1,0,0,0,4000,0,3482.745938016529,0,0,4000,"01",,1,1034.508123966942,"Z001",0
"12126","938","02/14/26 00:00:00",0,1,0,0,1,0,0,0,6800,0,5000,0,0,6800,"01",,1,1800,"Z001",0
"12126","252045","02/14/26 00:00:00",0,4,0,0,1,0,0,0,100,0,39.17464114832536,0,0,100,"01",,1,243.3014354066986,"Z001",0
"12126","5970","02/14/26 00:00:00",0,4,0,0,1,0,0,0,100,0,75,0,0,100,"01",,1,100,"Z001",0
"12126","241912","02/14/26 00:00:00",0,1,0,0,1,0,0,0,200,0,66.57356608478803,0,0,200,"01",,1,133.426433915212,"Z001",0
"12126","6025","02/14/26 00:00:00",0,1,0,0,1,0,0,0,100,0,61.75,0,0,100,"01",,1,38.25,"Z001",0
"12126","6334","02/14/26 00:00:00",0,2,0,0,1,0,0,0,300,0,255,0,0,300,"01",,1,90,"Z001",0
"12126","6587","02/14/26 00:00:00",0,1,0,0,1,0,0,0,200,0,135,0,0,200,"01",,1,65,"Z001",0
"12126","6338","02/14/26 00:00:00",0,1,0,0,1,0,0,0,150,0,100,0,0,150,"01",,1,50,"Z001",0
"12126","6316","02/14/26 00:00:00",0,1,0,0,1,0,0,0,1500,0,900,0,0,1500,"01",,1,600,"Z001",0
"12126","6492","02/14/26 00:00:00",0,20,0,0,1,0,0,1,100,0,0,0,0,100,"01",,1,2000,"Z001",0
"12126","241910","02/14/26 00:00:00",0,10,0,0,1,0,0,1,250,0,17.03,0,0,250,"01",,1,2329.7,"Z001",0
"12326","6063","02/17/26 00:00:00",0,1,0,0,1,0,0,0,50,0,41,0,0,50,"01",,1,9,"Z001",0
"12326","791","02/17/26 00:00:00",0,1,0,0,1,0,0,0,1500,0,625,0,0,1500,"01",,1,875,"Z001",0
"12326","1288","02/17/26 00:00:00",0,1,0,0,1,0,0,0,11400,0,9700,0,0,11400,"01",,1,1700,"Z001",0
"12326","6587","02/17/26 00:00:00",0,1,0,0,1,0,0,0,200,0,135,0,0,200,"01",,1,65,"Z001",0
"13426","973","02/18/26 00:00:00",10,0,1,0,0,0,0,0,750,10,750,0,0,0,"01",1696,1,0,"Z001",0
"11826","6619","01/21/26 00:00:00",2,0,1,0,0,0,0,0,11901.6,2,11334.4,0,0,0,"01",1697,1,0,"Z001",0
"13526","262075","02/19/26 00:00:00",2,0,1,0,0,0,0,0,28974.13,2,28974.13,0,0,0,"01",1698,1,0,"Z001",0
"0101261","1010","01/01/26 00:00:00",0,2,1,0,0,0,0,1,0,0,0,0,0,0,"01",1353,0,0,"Z001",0
"0101261","252029","01/01/26 00:00:00",0,1,1,0,0,0,0,0,0,0,25,0,0,0,"01",1434,0,0,"Z001",0
"0101261","6190","01/01/26 00:00:00",0,15,1,0,0,0,0,0,0,0,0,0,0,0,"01",1462,0,0,"Z001",0
"0101261","241910","01/01/26 00:00:00",0,34,1,0,0,0,0,1,0,0,17.03,0,0,0,"01",1410,0,0,"Z001",0
"0101261","993","01/01/26 00:00:00",0,50,1,0,0,0,0,1,0,0,0,0,0,0,"01",1556,0,0,"Z001",0
"0101261","6479","01/01/26 00:00:00",0,13,1,0,0,0,0,1,0,0,0,0,0,0,"01",1503,0,0,"Z001",0
"0101261","6619","01/01/26 00:00:00",0,22,1,0,0,0,0,1,0,0,0,0,0,0,"01",1528,0,0,"Z001",0
"0101261","1010","01/01/26 00:00:00",0,2,1,0,0,0,0,1,0,0,0,0,0,0,"01",1353,0,0,"Z001",0
"0101261","252029","01/01/26 00:00:00",0,1,1,0,0,0,0,0,0,0,25,0,0,0,"01",1434,0,0,"Z001",0
"0101261","6190","01/01/26 00:00:00",0,15,1,0,0,0,0,0,0,0,0,0,0,0,"01",1462,0,0,"Z001",0
"0101261","252029","01/01/26 00:00:00",0,1,1,0,0,0,0,0,0,0,25,0,0,0,"01",1434,0,0,"Z001",0
"0101261","6190","01/01/26 00:00:00",0,15,1,0,0,0,0,0,0,0,0,0,0,0,"01",1462,0,0,"Z001",0
"0101261","241910","01/01/26 00:00:00",0,34,1,0,0,0,0,1,0,0,17.03,0,0,0,"01",1410,0,0,"Z001",0
"0101261","993","01/01/26 00:00:00",0,50,1,0,0,0,0,1,0,0,0,0,0,0,"01",1556,0,0,"Z001",0
"0101261","6479","01/01/26 00:00:00",0,13,1,0,0,0,0,1,0,0,0,0,0,0,"01",1503,0,0,"Z001",0
"0101261","6619","01/01/26 00:00:00",0,22,1,0,0,0,0,1,0,0,0,0,0,0,"01",1528,0,0,"Z001",0
"0101261","1010","01/01/26 00:00:00",0,2,1,0,0,0,0,1,0,0,0,0,0,0,"01",1353,0,0,"Z001",0
"0101261","252029","01/01/26 00:00:00",0,1,1,0,0,0,0,0,0,0,25,0,0,0,"01",1434,0,0,"Z001",0
"0101261","6190","01/01/26 00:00:00",0,15,1,0,0,0,0,0,0,0,0,0,0,0,"01",1462,0,0,"Z001",0
"0101261","252029","01/01/26 00:00:00",0,1,1,0,0,0,0,0,0,0,25,0,0,0,"01",1434,0,0,"Z001",0
"0101261","6190","01/01/26 00:00:00",0,15,1,0,0,0,0,0,0,0,0,0,0,0,"01",1462,0,0,"Z001",0
"0101261","252029","01/01/26 00:00:00",0,1,1,0,0,0,0,0,0,0,25,0,0,0,"01",1434,0,0,"Z001",0
"2226","6619","02/19/26 00:00:00",0,1,0,0,0,0,1,0,0,0,11334.4,1,0,0,"01",,0,0,"Z001",0
"2226","6619","02/19/26 00:00:00",90,0,0,0,0,0,0,1,125.94,90,125.94,1,0,0,"01",1699,0,0,"Z001",0
"13726","1342","02/21/26 00:00:00",30,0,1,0,0,0,0,0,15,30,15,0,0,0,"01",1703,1,0,"Z001",0
"13826","221883","02/20/26 00:00:00",2,0,1,0,0,0,0,0,38420.2,2,38420.2,0,0,0,"01",1704,1,0,"Z001",0
"14026","6587","02/23/26 00:00:00",20,0,1,0,0,0,0,0,135,20,135,0,0,0,"01",1734,1,0,"Z001",0
"14026","6334","02/23/26 00:00:00",100,0,1,0,0,0,0,0,260,100,259.5871559633027,0,0,0,"01",1735,1,0,"Z001",0
"14026","6584","02/23/26 00:00:00",20,0,1,0,0,0,0,0,85,20,85,0,0,0,"01",1736,1,0,"Z001",0
"14026","6585","02/23/26 00:00:00",20,0,1,0,0,0,0,0,125,20,125,0,0,0,"01",1737,1,0,"Z001",0
"14026","6586","02/23/26 00:00:00",20,0,1,0,0,0,0,0,160,20,160,0,0,0,"01",1738,1,0,"Z001",0
"14026","836","02/23/26 00:00:00",48,0,1,0,0,0,0,0,250,48,241.1627906976744,0,0,0,"01",1739,1,0,"Z001",0
"22426","252020","01/23/26 00:00:00",800,0,1,0,0,0,0,0,178.64,800,183.6852380952381,0,0,0,"01",2009,1,0,"Z001",0
"13626","262076","01/17/26 00:00:00",200,0,1,0,0,0,0,0,422.24,200,422.24,0,0,0,"01",1702,1,0,"Z001",0
"13926","262222","02/20/26 00:00:00",10,0,1,0,0,0,0,0,1200,10,1200,0,0,0,"01",2064,1,0,"Z001",0
"13926","1088","02/20/26 00:00:00",4,0,1,0,0,0,0,0,350,4,350,0,0,0,"01",1707,1,0,"Z001",0
"13926","1087","02/20/26 00:00:00",2,0,1,0,0,0,0,0,500,2,500,0,0,0,"01",1708,1,0,"Z001",0
"13926","1607","02/20/26 00:00:00",5,0,1,0,0,0,0,0,900,5,900,0,0,0,"01",1718,1,0,"Z001",0
"13926","6621","02/20/26 00:00:00",1,0,1,0,0,0,0,0,2100,1,2100,0,0,0,"01",1719,1,0,"Z001",0
"13926","262080","02/20/26 00:00:00",1,0,1,0,0,0,0,0,1700,1,1700,0,0,0,"01",1720,1,0,"Z001",0
"13926","6614","02/20/26 00:00:00",1,0,1,0,0,0,0,0,3000,1,3000,0,0,0,"01",1721,1,0,"Z001",0
"13926","1037","02/20/26 00:00:00",5,0,1,0,0,0,0,0,190,5,190,0,0,0,"01",1722,1,0,"Z001",0
"13926","262083","02/20/26 00:00:00",5,0,1,0,0,0,0,0,390,5,390,0,0,0,"01",1723,1,0,"Z001",0
"13926","847","02/20/26 00:00:00",3,0,1,0,0,0,0,0,250,3,303.8461538461539,0,0,0,"01",1724,1,0,"Z001",0
"13926","262082","02/20/26 00:00:00",2,0,1,0,0,0,0,0,280,2,280,0,0,0,"01",1725,1,0,"Z001",0
"13926","1691","02/20/26 00:00:00",20,0,1,0,0,0,0,0,90,20,96.42904761904762,0,0,0,"01",1726,1,0,"Z001",0
"13926","1692","02/20/26 00:00:00",10,0,1,0,0,0,0,0,100,10,100,0,0,0,"01",1727,1,0,"Z001",0
"13926","6610","02/20/26 00:00:00",5,0,1,0,0,0,0,0,600,5,600,0,0,0,"01",1728,1,0,"Z001",0
"13926","1368","02/20/26 00:00:00",2,0,1,0,0,0,0,0,1700,2,1700,0,0,0,"01",1729,1,0,"Z001",0
"13926","5958","02/20/26 00:00:00",20,0,1,0,0,0,0,0,40,20,40,0,0,0,"01",1730,1,0,"Z001",0
"0101261","241910","01/01/26 00:00:00",0,34,1,0,0,0,0,1,0,0,17.03,0,0,0,"01",1410,0,0,"Z001",0
"0101261","993","01/01/26 00:00:00",0,50,1,0,0,0,0,1,0,0,0,0,0,0,"01",1556,0,0,"Z001",0
"0101261","6479","01/01/26 00:00:00",0,13,1,0,0,0,0,1,0,0,0,0,0,0,"01",1503,0,0,"Z001",0
"0101261","6190","01/01/26 00:00:00",0,15,1,0,0,0,0,0,0,0,0,0,0,0,"01",1462,0,0,"Z001",0
"0101261","252029","01/01/26 00:00:00",0,1,1,0,0,0,0,0,0,0,25,0,0,0,"01",1434,0,0,"Z001",0
"0101261","6190","01/01/26 00:00:00",0,15,1,0,0,0,0,0,0,0,0,0,0,0,"01",1462,0,0,"Z001",0
"14426","5770","02/25/26 00:00:00",10,0,1,0,0,0,0,0,220,10,220,0,0,0,"01",1746,1,0,"Z001",0
"13026","252020","02/26/26 00:00:00",0,40,0,0,1,0,0,0,322.5,0,183.6852380952381,0,0,322.5,"01",,1,5552.590476190476,"Z001",0
"13026","973","02/26/26 00:00:00",0,1,0,0,1,0,0,0,1500,0,750,0,0,1500,"01",,1,750,"Z001",0
"14526","251944","02/21/26 00:00:00",10,0,1,0,0,0,0,0,1450,10,1450,0,0,0,"01",1747,1,0,"Z001",0
"14526","6317","02/21/26 00:00:00",5,0,1,0,0,0,0,0,4520,5,4062.857142857143,0,0,0,"01",1748,1,0,"Z001",0
"14626","1625","02/27/26 00:00:00",1,0,1,0,0,0,0,0,320,1,320,0,0,0,"01",1749,1,0,"Z001",0
"14726","940","02/26/26 00:00:00",1,0,1,0,0,0,0,0,54000,1,54000,0,0,0,"01",1750,1,0,"Z001",0
"14826","1288","02/28/26 00:00:00",10,0,1,0,0,0,0,0,9700,10,9700,0,0,0,"01",1754,1,0,"Z001",0
"13326","6333","02/28/26 00:00:00",0,1,0,0,1,0,0,0,350,0,230,0,0,350,"01",,1,120,"Z001",0
"13226","5817","02/20/26 00:00:00",0,4,0,0,1,0,0,0,10500,0,7299.839537869064,0,0,10500,"01",,1,12800.64184852374,"Z001",0
"13226","973","02/20/26 00:00:00",0,1,0,0,1,0,0,0,1500,0,750,0,0,1500,"01",,1,750,"Z001",0
"13226","221883","02/20/26 00:00:00",0,1.232558012008667,0,0,1,0,0,0,43000,0,38420.2,0,0,43000,"01",,1,5644.869183397297,"Z001",0
"13226","6173","02/20/26 00:00:00",0,6,0,0,1,0,0,0,90,0,90,0,0,90,"01",,1,0,"Z001",0
"13226","6584","02/20/26 00:00:00",0,10,0,0,1,0,0,0,100,0,85,0,0,100,"01",,1,150,"Z001",0
"13226","5969","02/20/26 00:00:00",0,10,0,0,1,0,0,0,30,0,13.82177479492916,0,0,30,"01",,1,161.7822520507085,"Z001",0
"13226","6390","02/20/26 00:00:00",0,3,0,0,1,0,0,0,750,0,500,0,0,750,"01",,1,750,"Z001",0
"13226","1109","02/20/26 00:00:00",0,20,0,0,1,0,0,0,150,0,125,0,0,150,"01",,1,500,"Z001",0
"13226","944","02/20/26 00:00:00",0,12,0,0,1,0,0,0,250,0,220,0,0,250,"01",,1,360,"Z001",0
"13226","1088","02/20/26 00:00:00",0,4,0,0,1,0,0,0,450,0,350,0,0,450,"01",,1,400,"Z001",0
"13226","1087","02/20/26 00:00:00",0,2,0,0,1,0,0,0,700,0,500,0,0,700,"01",,1,400,"Z001",0
"13226","1093","02/20/26 00:00:00",0,2,0,0,1,0,0,0,2350,0,0,0,0,2350,"01",,1,4700,"Z001",0
"13226","1607","02/20/26 00:00:00",0,4,0,0,1,0,0,0,2250,0,900,0,0,2250,"01",,1,5400,"Z001",0
"13226","1032","02/20/26 00:00:00",0,2,0,0,1,0,0,0,500,0,400,0,0,500,"01",,1,200,"Z001",0
"13226","1341","02/20/26 00:00:00",0,3,0,0,1,0,0,0,30,0,25,0,0,30,"01",,1,15,"Z001",0
"13226","6192","02/20/26 00:00:00",0,20,0,0,1,0,0,0,10,0,2.902173087151433,0,0,10,"01",,1,141.9565382569714,"Z001",0
"13226","1342","02/20/26 00:00:00",0,12,0,0,1,0,0,0,20,0,15,0,0,20,"01",,1,60,"Z001",0
"13226","6100","02/20/26 00:00:00",0,60,0,0,1,0,0,0,10,0,5,0,0,10,"01",,1,300,"Z001",0
"13226","241929","02/20/26 00:00:00",0,20,0,0,1,0,0,0,15,0,7.406779661016949,0,0,15,"01",,1,151.864406779661,"Z001",0
"13226","6363","02/20/26 00:00:00",0,3,0,0,1,0,0,0,250,0,112,0,0,250,"01",,1,414,"Z001",0
"13226","6474","02/20/26 00:00:00",0,1,0,0,1,0,0,0,5600.009765625,0,4255.912813559322,0,0,5600.009765625,"01",,1,1344.096952065678,"Z001",0
"18726","252015","04/09/26 00:00:00",0,2,0,0,1,0,0,0,550,0,345.01,0,0,550,"01",,1,409.98,"Z001",0
"18726","262072","04/09/26 00:00:00",0,1,0,0,1,0,0,0,38000,0,25000,0,0,38000,"01",,1,13000,"Z001",0
"0101261","6619","01/01/26 00:00:00",0,22,1,0,0,0,0,1,0,0,0,0,0,0,"01",1528,0,0,"Z001",0
"0101261","1010","01/01/26 00:00:00",0,2,1,0,0,0,0,1,0,0,0,0,0,0,"01",1353,0,0,"Z001",0
"0101261","252029","01/01/26 00:00:00",0,1,1,0,0,0,0,0,0,0,25,0,0,0,"01",1434,0,0,"Z001",0
"0101261","6190","01/01/26 00:00:00",0,15,1,0,0,0,0,0,0,0,0,0,0,0,"01",1462,0,0,"Z001",0
"0101261","6619","01/01/26 00:00:00",0,22,1,0,0,0,0,1,0,0,0,0,0,0,"01",1528,0,0,"Z001",0
"0101261","1010","01/01/26 00:00:00",0,2,1,0,0,0,0,1,0,0,0,0,0,0,"01",1353,0,0,"Z001",0
"0101261","241910","01/01/26 00:00:00",0,34,1,0,0,0,0,1,0,0,17.03,0,0,0,"01",1410,0,0,"Z001",0
"0101261","993","01/01/26 00:00:00",0,50,1,0,0,0,0,1,0,0,0,0,0,0,"01",1556,0,0,"Z001",0
"0101261","6479","01/01/26 00:00:00",0,13,1,0,0,0,0,1,0,0,0,0,0,0,"01",1503,0,0,"Z001",0
"0101261","6619","01/01/26 00:00:00",0,22,1,0,0,0,0,1,0,0,0,0,0,0,"01",1528,0,0,"Z001",0
"0101261","1010","01/01/26 00:00:00",0,2,1,0,0,0,0,1,0,0,0,0,0,0,"01",1353,0,0,"Z001",0
"0101261","252029","01/01/26 00:00:00",0,1,1,0,0,0,0,0,0,0,25,0,0,0,"01",1434,0,0,"Z001",0
"0101261","6190","01/01/26 00:00:00",0,15,1,0,0,0,0,0,0,0,0,0,0,0,"01",1462,0,0,"Z001",0
"0101261","6479","01/01/26 00:00:00",0,13,1,0,0,0,0,1,0,0,0,0,0,0,"01",1503,0,0,"Z001",0
"0101261","6619","01/01/26 00:00:00",0,22,1,0,0,0,0,1,0,0,0,0,0,0,"01",1528,0,0,"Z001",0
"0101261","1010","01/01/26 00:00:00",0,2,1,0,0,0,0,1,0,0,0,0,0,0,"01",1353,0,0,"Z001",0
"0101261","252029","01/01/26 00:00:00",0,1,1,0,0,0,0,0,0,0,25,0,0,0,"01",1434,0,0,"Z001",0
"0101261","6190","01/01/26 00:00:00",0,15,1,0,0,0,0,0,0,0,0,0,0,0,"01",1462,0,0,"Z001",0
"0101261","252029","01/01/26 00:00:00",0,1,1,0,0,0,0,0,0,0,25,0,0,0,"01",1434,0,0,"Z001",0
"0101261","1010","01/01/26 00:00:00",0,2,1,0,0,0,0,1,0,0,0,0,0,0,"01",1353,0,0,"Z001",0
"0101261","6479","01/01/26 00:00:00",0,13,1,0,0,0,0,1,0,0,0,0,0,0,"01",1503,0,0,"Z001",0
"0101261","6619","01/01/26 00:00:00",0,22,1,0,0,0,0,1,0,0,0,0,0,0,"01",1528,0,0,"Z001",0
"0101261","1010","01/01/26 00:00:00",0,2,1,0,0,0,0,1,0,0,0,0,0,0,"01",1353,0,0,"Z001",0
"0101261","241910","01/01/26 00:00:00",0,34,1,0,0,0,0,1,0,0,17.03,0,0,0,"01",1410,0,0,"Z001",0
"0101261","993","01/01/26 00:00:00",0,50,1,0,0,0,0,1,0,0,0,0,0,0,"01",1556,0,0,"Z001",0
"0101261","252029","01/01/26 00:00:00",0,1,1,0,0,0,0,0,0,0,25,0,0,0,"01",1434,0,0,"Z001",0
"0101261","6190","01/01/26 00:00:00",0,15,1,0,0,0,0,0,0,0,0,0,0,0,"01",1462,0,0,"Z001",0
"0101261","241910","01/01/26 00:00:00",0,34,1,0,0,0,0,1,0,0,17.03,0,0,0,"01",1410,0,0,"Z001",0
"0101261","993","01/01/26 00:00:00",0,50,1,0,0,0,0,1,0,0,0,0,0,0,"01",1556,0,0,"Z001",0
"0101261","6479","01/01/26 00:00:00",0,13,1,0,0,0,0,1,0,0,0,0,0,0,"01",1503,0,0,"Z001",0
"0101261","6619","01/01/26 00:00:00",0,22,1,0,0,0,0,1,0,0,0,0,0,0,"01",1528,0,0,"Z001",0
"0101261","1010","01/01/26 00:00:00",0,2,1,0,0,0,0,1,0,0,0,0,0,0,"01",1353,0,0,"Z001",0
"0101261","241910","01/01/26 00:00:00",0,34,1,0,0,0,0,1,0,0,17.03,0,0,0,"01",1410,0,0,"Z001",0
"0101261","993","01/01/26 00:00:00",0,50,1,0,0,0,0,1,0,0,0,0,0,0,"01",1556,0,0,"Z001",0
"0101261","6479","01/01/26 00:00:00",0,13,1,0,0,0,0,1,0,0,0,0,0,0,"01",1503,0,0,"Z001",0
"0101261","6619","01/01/26 00:00:00",0,22,1,0,0,0,0,1,0,0,0,0,0,0,"01",1528,0,0,"Z001",0
"0101261","252029","01/01/26 00:00:00",0,1,1,0,0,0,0,0,0,0,25,0,0,0,"01",1434,0,0,"Z001",0
"0101261","252029","01/01/26 00:00:00",0,1,1,0,0,0,0,0,0,0,25,0,0,0,"01",1434,0,0,"Z001",0
"0101261","241910","01/01/26 00:00:00",0,34,1,0,0,0,0,1,0,0,17.03,0,0,0,"01",1410,0,0,"Z001",0
"0101261","993","01/01/26 00:00:00",0,50,1,0,0,0,0,1,0,0,0,0,0,0,"01",1556,0,0,"Z001",0
"0101261","241910","01/01/26 00:00:00",0,34,1,0,0,0,0,1,0,0,17.03,0,0,0,"01",1410,0,0,"Z001",0
"0101261","993","01/01/26 00:00:00",0,50,1,0,0,0,0,1,0,0,0,0,0,0,"01",1556,0,0,"Z001",0
"0101261","6479","01/01/26 00:00:00",0,13,1,0,0,0,0,1,0,0,0,0,0,0,"01",1503,0,0,"Z001",0
"0101261","6190","01/01/26 00:00:00",0,15,1,0,0,0,0,0,0,0,0,0,0,0,"01",1462,0,0,"Z001",0
"0101261","6190","01/01/26 00:00:00",0,15,1,0,0,0,0,0,0,0,0,0,0,0,"01",1462,0,0,"Z001",0
"0101261","6619","01/01/26 00:00:00",0,22,1,0,0,0,0,1,0,0,0,0,0,0,"01",1528,0,0,"Z001",0
"0101261","1010","01/01/26 00:00:00",0,2,1,0,0,0,0,1,0,0,0,0,0,0,"01",1353,0,0,"Z001",0
"0101261","241910","01/01/26 00:00:00",0,34,1,0,0,0,0,1,0,0,17.03,0,0,0,"01",1410,0,0,"Z001",0
"0101261","993","01/01/26 00:00:00",0,50,1,0,0,0,0,1,0,0,0,0,0,0,"01",1556,0,0,"Z001",0
"0101261","6479","01/01/26 00:00:00",0,13,1,0,0,0,0,1,0,0,0,0,0,0,"01",1503,0,0,"Z001",0
"0101261","241910","01/01/26 00:00:00",0,34,1,0,0,0,0,1,0,0,17.03,0,0,0,"01",1410,0,0,"Z001",0
"0101261","993","01/01/26 00:00:00",0,50,1,0,0,0,0,1,0,0,0,0,0,0,"01",1556,0,0,"Z001",0
"0101261","6479","01/01/26 00:00:00",0,13,1,0,0,0,0,1,0,0,0,0,0,0,"01",1503,0,0,"Z001",0
"0101261","6619","01/01/26 00:00:00",0,22,1,0,0,0,0,1,0,0,0,0,0,0,"01",1528,0,0,"Z001",0
"0101261","1010","01/01/26 00:00:00",0,2,1,0,0,0,0,1,0,0,0,0,0,0,"01",1353,0,0,"Z001",0
"0101261","241910","01/01/26 00:00:00",0,34,1,0,0,0,0,1,0,0,17.03,0,0,0,"01",1410,0,0,"Z001",0
"0101261","993","01/01/26 00:00:00",0,50,1,0,0,0,0,1,0,0,0,0,0,0,"01",1556,0,0,"Z001",0
"0101261","6479","01/01/26 00:00:00",0,13,1,0,0,0,0,1,0,0,0,0,0,0,"01",1503,0,0,"Z001",0
"0101261","6619","01/01/26 00:00:00",0,22,1,0,0,0,0,1,0,0,0,0,0,0,"01",1528,0,0,"Z001",0
"0101261","252029","01/01/26 00:00:00",0,1,1,0,0,0,0,0,0,0,25,0,0,0,"01",1434,0,0,"Z001",0
"0101261","1010","01/01/26 00:00:00",0,2,1,0,0,0,0,1,0,0,0,0,0,0,"01",1353,0,0,"Z001",0
"0101261","6190","01/01/26 00:00:00",0,15,1,0,0,0,0,0,0,0,0,0,0,0,"01",1462,0,0,"Z001",0
"0101261","252029","01/01/26 00:00:00",0,1,1,0,0,0,0,0,0,0,25,0,0,0,"01",1434,0,0,"Z001",0
"0101261","241910","01/01/26 00:00:00",0,34,1,0,0,0,0,1,0,0,17.03,0,0,0,"01",1410,0,0,"Z001",0
"0101261","993","01/01/26 00:00:00",0,50,1,0,0,0,0,1,0,0,0,0,0,0,"01",1556,0,0,"Z001",0
"0101261","6479","01/01/26 00:00:00",0,13,1,0,0,0,0,1,0,0,0,0,0,0,"01",1503,0,0,"Z001",0
"0101261","6190","01/01/26 00:00:00",0,15,1,0,0,0,0,0,0,0,0,0,0,0,"01",1462,0,0,"Z001",0
"0101261","6619","01/01/26 00:00:00",0,22,1,0,0,0,0,1,0,0,0,0,0,0,"01",1528,0,0,"Z001",0
"0101261","1010","01/01/26 00:00:00",0,2,1,0,0,0,0,1,0,0,0,0,0,0,"01",1353,0,0,"Z001",0
"0101261","241910","01/01/26 00:00:00",0,34,1,0,0,0,0,1,0,0,17.03,0,0,0,"01",1410,0,0,"Z001",0
"0101261","252029","01/01/26 00:00:00",0,1,1,0,0,0,0,0,0,0,25,0,0,0,"01",1434,0,0,"Z001",0
"0101261","6190","01/01/26 00:00:00",0,15,1,0,0,0,0,0,0,0,0,0,0,0,"01",1462,0,0,"Z001",0
"0101261","241910","01/01/26 00:00:00",0,34,1,0,0,0,0,1,0,0,17.03,0,0,0,"01",1410,0,0,"Z001",0
"0101261","993","01/01/26 00:00:00",0,50,1,0,0,0,0,1,0,0,0,0,0,0,"01",1556,0,0,"Z001",0
"0101261","6479","01/01/26 00:00:00",0,13,1,0,0,0,0,1,0,0,0,0,0,0,"01",1503,0,0,"Z001",0
"0101261","6619","01/01/26 00:00:00",0,22,1,0,0,0,0,1,0,0,0,0,0,0,"01",1528,0,0,"Z001",0
"0101261","1010","01/01/26 00:00:00",0,2,1,0,0,0,0,1,0,0,0,0,0,0,"01",1353,0,0,"Z001",0
"0101261","252029","01/01/26 00:00:00",0,1,1,0,0,0,0,0,0,0,25,0,0,0,"01",1434,0,0,"Z001",0
"0101261","6190","01/01/26 00:00:00",0,15,1,0,0,0,0,0,0,0,0,0,0,0,"01",1462,0,0,"Z001",0
"0101261","993","01/01/26 00:00:00",0,50,1,0,0,0,0,1,0,0,0,0,0,0,"01",1556,0,0,"Z001",0
"0101261","6479","01/01/26 00:00:00",0,13,1,0,0,0,0,1,0,0,0,0,0,0,"01",1503,0,0,"Z001",0
"0101261","6619","01/01/26 00:00:00",0,22,1,0,0,0,0,1,0,0,0,0,0,0,"01",1528,0,0,"Z001",0
"0101261","1010","01/01/26 00:00:00",0,2,1,0,0,0,0,1,0,0,0,0,0,0,"01",1353,0,0,"Z001",0
"0101261","252029","01/01/26 00:00:00",0,1,1,0,0,0,0,0,0,0,25,0,0,0,"01",1434,0,0,"Z001",0
"0101261","6190","01/01/26 00:00:00",0,15,1,0,0,0,0,0,0,0,0,0,0,0,"01",1462,0,0,"Z001",0
"0101261","252029","01/01/26 00:00:00",0,1,1,0,0,0,0,0,0,0,25,0,0,0,"01",1434,0,0,"Z001",0
"0101261","6479","01/01/26 00:00:00",0,13,1,0,0,0,0,1,0,0,0,0,0,0,"01",1503,0,0,"Z001",0
"0101261","6619","01/01/26 00:00:00",0,22,1,0,0,0,0,1,0,0,0,0,0,0,"01",1528,0,0,"Z001",0
"0101261","1010","01/01/26 00:00:00",0,2,1,0,0,0,0,1,0,0,0,0,0,0,"01",1353,0,0,"Z001",0
"0101261","6190","01/01/26 00:00:00",0,15,1,0,0,0,0,0,0,0,0,0,0,0,"01",1462,0,0,"Z001",0
"0101261","252029","01/01/26 00:00:00",0,1,1,0,0,0,0,0,0,0,25,0,0,0,"01",1434,0,0,"Z001",0
"0101261","6190","01/01/26 00:00:00",0,15,1,0,0,0,0,0,0,0,0,0,0,0,"01",1462,0,0,"Z001",0
"0101261","241910","01/01/26 00:00:00",0,34,1,0,0,0,0,1,0,0,17.03,0,0,0,"01",1410,0,0,"Z001",0
"0101261","993","01/01/26 00:00:00",0,50,1,0,0,0,0,1,0,0,0,0,0,0,"01",1556,0,0,"Z001",0
"0101261","6479","01/01/26 00:00:00",0,13,1,0,0,0,0,1,0,0,0,0,0,0,"01",1503,0,0,"Z001",0
"0101261","6619","01/01/26 00:00:00",0,22,1,0,0,0,0,1,0,0,0,0,0,0,"01",1528,0,0,"Z001",0
"0101261","241910","01/01/26 00:00:00",0,34,1,0,0,0,0,1,0,0,17.03,0,0,0,"01",1410,0,0,"Z001",0
"0101261","993","01/01/26 00:00:00",0,50,1,0,0,0,0,1,0,0,0,0,0,0,"01",1556,0,0,"Z001",0
"0101261","241910","01/01/26 00:00:00",0,34,1,0,0,0,0,1,0,0,17.03,0,0,0,"01",1410,0,0,"Z001",0
"0101261","993","01/01/26 00:00:00",0,50,1,0,0,0,0,1,0,0,0,0,0,0,"01",1556,0,0,"Z001",0
"0101261","6479","01/01/26 00:00:00",0,13,1,0,0,0,0,1,0,0,0,0,0,0,"01",1503,0,0,"Z001",0
"0101261","6619","01/01/26 00:00:00",0,22,1,0,0,0,0,1,0,0,0,0,0,0,"01",1528,0,0,"Z001",0
"0101261","1010","01/01/26 00:00:00",0,2,1,0,0,0,0,1,0,0,0,0,0,0,"01",1353,0,0,"Z001",0
"0101261","6479","01/01/26 00:00:00",0,13,1,0,0,0,0,1,0,0,0,0,0,0,"01",1503,0,0,"Z001",0
"0101261","6619","01/01/26 00:00:00",0,22,1,0,0,0,0,1,0,0,0,0,0,0,"01",1528,0,0,"Z001",0
"0101261","1010","01/01/26 00:00:00",0,2,1,0,0,0,0,1,0,0,0,0,0,0,"01",1353,0,0,"Z001",0
"0101261","993","01/01/26 00:00:00",0,50,1,0,0,0,0,1,0,0,0,0,0,0,"01",1556,0,0,"Z001",0
"0101261","6479","01/01/26 00:00:00",0,13,1,0,0,0,0,1,0,0,0,0,0,0,"01",1503,0,0,"Z001",0
"0101261","6619","01/01/26 00:00:00",0,22,1,0,0,0,0,1,0,0,0,0,0,0,"01",1528,0,0,"Z001",0
"0101261","1010","01/01/26 00:00:00",0,2,1,0,0,0,0,1,0,0,0,0,0,0,"01",1353,0,0,"Z001",0
"0101261","252029","01/01/26 00:00:00",0,1,1,0,0,0,0,0,0,0,25,0,0,0,"01",1434,0,0,"Z001",0
"0101261","241910","01/01/26 00:00:00",0,34,1,0,0,0,0,1,0,0,17.03,0,0,0,"01",1410,0,0,"Z001",0
"0101261","241910","01/01/26 00:00:00",0,34,1,0,0,0,0,1,0,0,17.03,0,0,0,"01",1410,0,0,"Z001",0
"0101261","993","01/01/26 00:00:00",0,50,1,0,0,0,0,1,0,0,0,0,0,0,"01",1556,0,0,"Z001",0
"0101261","6190","01/01/26 00:00:00",0,15,1,0,0,0,0,0,0,0,0,0,0,0,"01",1462,0,0,"Z001",0
"0101261","252029","01/01/26 00:00:00",0,1,1,0,0,0,0,0,0,0,25,0,0,0,"01",1434,0,0,"Z001",0
"0101261","6190","01/01/26 00:00:00",0,15,1,0,0,0,0,0,0,0,0,0,0,0,"01",1462,0,0,"Z001",0
"0101261","252029","01/01/26 00:00:00",0,1,1,0,0,0,0,0,0,0,25,0,0,0,"01",1434,0,0,"Z001",0
"0101261","6479","01/01/26 00:00:00",0,13,1,0,0,0,0,1,0,0,0,0,0,0,"01",1503,0,0,"Z001",0
"0101261","6619","01/01/26 00:00:00",0,22,1,0,0,0,0,1,0,0,0,0,0,0,"01",1528,0,0,"Z001",0
"0101261","1010","01/01/26 00:00:00",0,2,1,0,0,0,0,1,0,0,0,0,0,0,"01",1353,0,0,"Z001",0
"0101261","241910","01/01/26 00:00:00",0,34,1,0,0,0,0,1,0,0,17.03,0,0,0,"01",1410,0,0,"Z001",0
"0101261","993","01/01/26 00:00:00",0,50,1,0,0,0,0,1,0,0,0,0,0,0,"01",1556,0,0,"Z001",0
"0101261","241910","01/01/26 00:00:00",0,34,1,0,0,0,0,1,0,0,17.03,0,0,0,"01",1410,0,0,"Z001",0
"0101261","993","01/01/26 00:00:00",0,50,1,0,0,0,0,1,0,0,0,0,0,0,"01",1556,0,0,"Z001",0
"0101261","6479","01/01/26 00:00:00",0,13,1,0,0,0,0,1,0,0,0,0,0,0,"01",1503,0,0,"Z001",0
"0101261","6619","01/01/26 00:00:00",0,22,1,0,0,0,0,1,0,0,0,0,0,0,"01",1528,0,0,"Z001",0
"0101261","1010","01/01/26 00:00:00",0,2,1,0,0,0,0,1,0,0,0,0,0,0,"01",1353,0,0,"Z001",0
"0101261","241910","01/01/26 00:00:00",0,34,1,0,0,0,0,1,0,0,17.03,0,0,0,"01",1410,0,0,"Z001",0
"0101261","993","01/01/26 00:00:00",0,50,1,0,0,0,0,1,0,0,0,0,0,0,"01",1556,0,0,"Z001",0
"0101261","6479","01/01/26 00:00:00",0,13,1,0,0,0,0,1,0,0,0,0,0,0,"01",1503,0,0,"Z001",0
"0101261","6619","01/01/26 00:00:00",0,22,1,0,0,0,0,1,0,0,0,0,0,0,"01",1528,0,0,"Z001",0
"0101261","1010","01/01/26 00:00:00",0,2,1,0,0,0,0,1,0,0,0,0,0,0,"01",1353,0,0,"Z001",0
"0101261","6190","01/01/26 00:00:00",0,15,1,0,0,0,0,0,0,0,0,0,0,0,"01",1462,0,0,"Z001",0
"0101261","252029","01/01/26 00:00:00",0,1,1,0,0,0,0,0,0,0,25,0,0,0,"01",1434,0,0,"Z001",0
"0101261","1010","01/01/26 00:00:00",0,2,1,0,0,0,0,1,0,0,0,0,0,0,"01",1353,0,0,"Z001",0
"0101261","6190","01/01/26 00:00:00",0,15,1,0,0,0,0,0,0,0,0,0,0,0,"01",1462,0,0,"Z001",0
"0101261","252029","01/01/26 00:00:00",0,1,1,0,0,0,0,0,0,0,25,0,0,0,"01",1434,0,0,"Z001",0
"0101261","6190","01/01/26 00:00:00",0,15,1,0,0,0,0,0,0,0,0,0,0,0,"01",1462,0,0,"Z001",0
"0101261","6479","01/01/26 00:00:00",0,13,1,0,0,0,0,1,0,0,0,0,0,0,"01",1503,0,0,"Z001",0
"0101261","6619","01/01/26 00:00:00",0,22,1,0,0,0,0,1,0,0,0,0,0,0,"01",1528,0,0,"Z001",0
"0101261","1010","01/01/26 00:00:00",0,2,1,0,0,0,0,1,0,0,0,0,0,0,"01",1353,0,0,"Z001",0
"0101261","252029","01/01/26 00:00:00",0,1,1,0,0,0,0,0,0,0,25,0,0,0,"01",1434,0,0,"Z001",0
"0101261","241910","01/01/26 00:00:00",0,34,1,0,0,0,0,1,0,0,17.03,0,0,0,"01",1410,0,0,"Z001",0
"0101261","993","01/01/26 00:00:00",0,50,1,0,0,0,0,1,0,0,0,0,0,0,"01",1556,0,0,"Z001",0
"0101261","6190","01/01/26 00:00:00",0,15,1,0,0,0,0,0,0,0,0,0,0,0,"01",1462,0,0,"Z001",0
"0101261","252029","01/01/26 00:00:00",0,1,1,0,0,0,0,0,0,0,25,0,0,0,"01",1434,0,0,"Z001",0
"0101261","6190","01/01/26 00:00:00",0,15,1,0,0,0,0,0,0,0,0,0,0,0,"01",1462,0,0,"Z001",0
"0101261","241910","01/01/26 00:00:00",0,34,1,0,0,0,0,1,0,0,17.03,0,0,0,"01",1410,0,0,"Z001",0
"0101261","993","01/01/26 00:00:00",0,50,1,0,0,0,0,1,0,0,0,0,0,0,"01",1556,0,0,"Z001",0
"0101261","6479","01/01/26 00:00:00",0,13,1,0,0,0,0,1,0,0,0,0,0,0,"01",1503,0,0,"Z001",0
"0101261","6619","01/01/26 00:00:00",0,22,1,0,0,0,0,1,0,0,0,0,0,0,"01",1528,0,0,"Z001",0
"0101261","1010","01/01/26 00:00:00",0,2,1,0,0,0,0,1,0,0,0,0,0,0,"01",1353,0,0,"Z001",0
"0101261","252029","01/01/26 00:00:00",0,1,1,0,0,0,0,0,0,0,25,0,0,0,"01",1434,0,0,"Z001",0
"0101261","6190","01/01/26 00:00:00",0,15,1,0,0,0,0,0,0,0,0,0,0,0,"01",1462,0,0,"Z001",0
"0101261","252029","01/01/26 00:00:00",0,1,1,0,0,0,0,0,0,0,25,0,0,0,"01",1434,0,0,"Z001",0
"0101261","6190","01/01/26 00:00:00",0,15,1,0,0,0,0,0,0,0,0,0,0,0,"01",1462,0,0,"Z001",0
"0101261","241910","01/01/26 00:00:00",0,34,1,0,0,0,0,1,0,0,17.03,0,0,0,"01",1410,0,0,"Z001",0
"0101261","993","01/01/26 00:00:00",0,50,1,0,0,0,0,1,0,0,0,0,0,0,"01",1556,0,0,"Z001",0
"0101261","6479","01/01/26 00:00:00",0,13,1,0,0,0,0,1,0,0,0,0,0,0,"01",1503,0,0,"Z001",0
"0101261","6619","01/01/26 00:00:00",0,22,1,0,0,0,0,1,0,0,0,0,0,0,"01",1528,0,0,"Z001",0
"0101261","1010","01/01/26 00:00:00",0,2,1,0,0,0,0,1,0,0,0,0,0,0,"01",1353,0,0,"Z001",0
"0101261","241910","01/01/26 00:00:00",0,34,1,0,0,0,0,1,0,0,17.03,0,0,0,"01",1410,0,0,"Z001",0
"0101261","993","01/01/26 00:00:00",0,50,1,0,0,0,0,1,0,0,0,0,0,0,"01",1556,0,0,"Z001",0
"0101261","6479","01/01/26 00:00:00",0,13,1,0,0,0,0,1,0,0,0,0,0,0,"01",1503,0,0,"Z001",0
"0101261","6619","01/01/26 00:00:00",0,22,1,0,0,0,0,1,0,0,0,0,0,0,"01",1528,0,0,"Z001",0
"0101261","252029","01/01/26 00:00:00",0,1,1,0,0,0,0,0,0,0,25,0,0,0,"01",1434,0,0,"Z001",0
"0101261","6190","01/01/26 00:00:00",0,15,1,0,0,0,0,0,0,0,0,0,0,0,"01",1462,0,0,"Z001",0
"0101261","1010","01/01/26 00:00:00",0,2,1,0,0,0,0,1,0,0,0,0,0,0,"01",1353,0,0,"Z001",0
"0101261","241910","01/01/26 00:00:00",0,34,1,0,0,0,0,1,0,0,17.03,0,0,0,"01",1410,0,0,"Z001",0
"0101261","252029","01/01/26 00:00:00",0,1,1,0,0,0,0,0,0,0,25,0,0,0,"01",1434,0,0,"Z001",0
"0101261","6479","01/01/26 00:00:00",0,13,1,0,0,0,0,1,0,0,0,0,0,0,"01",1503,0,0,"Z001",0
"0101261","6619","01/01/26 00:00:00",0,22,1,0,0,0,0,1,0,0,0,0,0,0,"01",1528,0,0,"Z001",0
"0101261","1010","01/01/26 00:00:00",0,2,1,0,0,0,0,1,0,0,0,0,0,0,"01",1353,0,0,"Z001",0
"0101261","6190","01/01/26 00:00:00",0,15,1,0,0,0,0,0,0,0,0,0,0,0,"01",1462,0,0,"Z001",0
"0101261","252029","01/01/26 00:00:00",0,1,1,0,0,0,0,0,0,0,25,0,0,0,"01",1434,0,0,"Z001",0
"0101261","6190","01/01/26 00:00:00",0,15,1,0,0,0,0,0,0,0,0,0,0,0,"01",1462,0,0,"Z001",0
"0101261","241910","01/01/26 00:00:00",0,34,1,0,0,0,0,1,0,0,17.03,0,0,0,"01",1410,0,0,"Z001",0
"0101261","993","01/01/26 00:00:00",0,50,1,0,0,0,0,1,0,0,0,0,0,0,"01",1556,0,0,"Z001",0
"0101261","6479","01/01/26 00:00:00",0,13,1,0,0,0,0,1,0,0,0,0,0,0,"01",1503,0,0,"Z001",0
"0101261","6619","01/01/26 00:00:00",0,22,1,0,0,0,0,1,0,0,0,0,0,0,"01",1528,0,0,"Z001",0
"0101261","1010","01/01/26 00:00:00",0,2,1,0,0,0,0,1,0,0,0,0,0,0,"01",1353,0,0,"Z001",0
"0101261","1010","01/01/26 00:00:00",0,2,1,0,0,0,0,1,0,0,0,0,0,0,"01",1353,0,0,"Z001",0
"0101261","252029","01/01/26 00:00:00",0,1,1,0,0,0,0,0,0,0,25,0,0,0,"01",1434,0,0,"Z001",0
"0101261","6190","01/01/26 00:00:00",0,15,1,0,0,0,0,0,0,0,0,0,0,0,"01",1462,0,0,"Z001",0
"0101261","1010","01/01/26 00:00:00",0,2,1,0,0,0,0,1,0,0,0,0,0,0,"01",1353,0,0,"Z001",0
"0101261","241910","01/01/26 00:00:00",0,34,1,0,0,0,0,1,0,0,17.03,0,0,0,"01",1410,0,0,"Z001",0
"0101261","993","01/01/26 00:00:00",0,50,1,0,0,0,0,1,0,0,0,0,0,0,"01",1556,0,0,"Z001",0
"0101261","6479","01/01/26 00:00:00",0,13,1,0,0,0,0,1,0,0,0,0,0,0,"01",1503,0,0,"Z001",0
"0101261","6619","01/01/26 00:00:00",0,22,1,0,0,0,0,1,0,0,0,0,0,0,"01",1528,0,0,"Z001",0
"0101261","993","01/01/26 00:00:00",0,50,1,0,0,0,0,1,0,0,0,0,0,0,"01",1556,0,0,"Z001",0
"0101261","6479","01/01/26 00:00:00",0,13,1,0,0,0,0,1,0,0,0,0,0,0,"01",1503,0,0,"Z001",0
"0101261","6619","01/01/26 00:00:00",0,22,1,0,0,0,0,1,0,0,0,0,0,0,"01",1528,0,0,"Z001",0
"0101261","1010","01/01/26 00:00:00",0,2,1,0,0,0,0,1,0,0,0,0,0,0,"01",1353,0,0,"Z001",0
"0101261","252029","01/01/26 00:00:00",0,1,1,0,0,0,0,0,0,0,25,0,0,0,"01",1434,0,0,"Z001",0
"0101261","6190","01/01/26 00:00:00",0,15,1,0,0,0,0,0,0,0,0,0,0,0,"01",1462,0,0,"Z001",0
"0101261","252029","01/01/26 00:00:00",0,1,1,0,0,0,0,0,0,0,25,0,0,0,"01",1434,0,0,"Z001",0
"0101261","241910","01/01/26 00:00:00",0,34,1,0,0,0,0,1,0,0,17.03,0,0,0,"01",1410,0,0,"Z001",0
"0101261","993","01/01/26 00:00:00",0,50,1,0,0,0,0,1,0,0,0,0,0,0,"01",1556,0,0,"Z001",0
"0101261","6190","01/01/26 00:00:00",0,15,1,0,0,0,0,0,0,0,0,0,0,0,"01",1462,0,0,"Z001",0
"0101261","241910","01/01/26 00:00:00",0,34,1,0,0,0,0,1,0,0,17.03,0,0,0,"01",1410,0,0,"Z001",0
"0101261","993","01/01/26 00:00:00",0,50,1,0,0,0,0,1,0,0,0,0,0,0,"01",1556,0,0,"Z001",0
"0101261","6479","01/01/26 00:00:00",0,13,1,0,0,0,0,1,0,0,0,0,0,0,"01",1503,0,0,"Z001",0
"0101261","6619","01/01/26 00:00:00",0,22,1,0,0,0,0,1,0,0,0,0,0,0,"01",1528,0,0,"Z001",0
"0101261","1010","01/01/26 00:00:00",0,2,1,0,0,0,0,1,0,0,0,0,0,0,"01",1353,0,0,"Z001",0
"0101261","252029","01/01/26 00:00:00",0,1,1,0,0,0,0,0,0,0,25,0,0,0,"01",1434,0,0,"Z001",0
"0101261","6190","01/01/26 00:00:00",0,15,1,0,0,0,0,0,0,0,0,0,0,0,"01",1462,0,0,"Z001",0
"0101261","241910","01/01/26 00:00:00",0,34,1,0,0,0,0,1,0,0,17.03,0,0,0,"01",1410,0,0,"Z001",0
"0101261","993","01/01/26 00:00:00",0,50,1,0,0,0,0,1,0,0,0,0,0,0,"01",1556,0,0,"Z001",0
"0101261","6479","01/01/26 00:00:00",0,13,1,0,0,0,0,1,0,0,0,0,0,0,"01",1503,0,0,"Z001",0
"0101261","6619","01/01/26 00:00:00",0,22,1,0,0,0,0,1,0,0,0,0,0,0,"01",1528,0,0,"Z001",0
"0101261","241910","01/01/26 00:00:00",0,34,1,0,0,0,0,1,0,0,17.03,0,0,0,"01",1410,0,0,"Z001",0
"0101261","993","01/01/26 00:00:00",0,50,1,0,0,0,0,1,0,0,0,0,0,0,"01",1556,0,0,"Z001",0
"0101261","6479","01/01/26 00:00:00",0,13,1,0,0,0,0,1,0,0,0,0,0,0,"01",1503,0,0,"Z001",0
"0101261","6619","01/01/26 00:00:00",0,22,1,0,0,0,0,1,0,0,0,0,0,0,"01",1528,0,0,"Z001",0
"0101261","1010","01/01/26 00:00:00",0,2,1,0,0,0,0,1,0,0,0,0,0,0,"01",1353,0,0,"Z001",0
"0101261","252029","01/01/26 00:00:00",0,1,1,0,0,0,0,0,0,0,25,0,0,0,"01",1434,0,0,"Z001",0
"0101261","6190","01/01/26 00:00:00",0,15,1,0,0,0,0,0,0,0,0,0,0,0,"01",1462,0,0,"Z001",0
"0101261","241910","01/01/26 00:00:00",0,34,1,0,0,0,0,1,0,0,17.03,0,0,0,"01",1410,0,0,"Z001",0
"0101261","993","01/01/26 00:00:00",0,50,1,0,0,0,0,1,0,0,0,0,0,0,"01",1556,0,0,"Z001",0
"0101261","6479","01/01/26 00:00:00",0,13,1,0,0,0,0,1,0,0,0,0,0,0,"01",1503,0,0,"Z001",0
"0101261","6619","01/01/26 00:00:00",0,22,1,0,0,0,0,1,0,0,0,0,0,0,"01",1528,0,0,"Z001",0
"0101261","1010","01/01/26 00:00:00",0,2,1,0,0,0,0,1,0,0,0,0,0,0,"01",1353,0,0,"Z001",0
"0101261","252029","01/01/26 00:00:00",0,1,1,0,0,0,0,0,0,0,25,0,0,0,"01",1434,0,0,"Z001",0
"0101261","6190","01/01/26 00:00:00",0,15,1,0,0,0,0,0,0,0,0,0,0,0,"01",1462,0,0,"Z001",0
"0101261","241910","01/01/26 00:00:00",0,34,1,0,0,0,0,1,0,0,17.03,0,0,0,"01",1410,0,0,"Z001",0
"0101261","993","01/01/26 00:00:00",0,50,1,0,0,0,0,1,0,0,0,0,0,0,"01",1556,0,0,"Z001",0
"0101261","6479","01/01/26 00:00:00",0,13,1,0,0,0,0,1,0,0,0,0,0,0,"01",1503,0,0,"Z001",0
"0101261","252029","01/01/26 00:00:00",0,1,1,0,0,0,0,0,0,0,25,0,0,0,"01",1434,0,0,"Z001",0
"0101261","6190","01/01/26 00:00:00",0,15,1,0,0,0,0,0,0,0,0,0,0,0,"01",1462,0,0,"Z001",0
"0101261","6479","01/01/26 00:00:00",0,13,1,0,0,0,0,1,0,0,0,0,0,0,"01",1503,0,0,"Z001",0
"0101261","6619","01/01/26 00:00:00",0,22,1,0,0,0,0,1,0,0,0,0,0,0,"01",1528,0,0,"Z001",0
"0101261","1010","01/01/26 00:00:00",0,2,1,0,0,0,0,1,0,0,0,0,0,0,"01",1353,0,0,"Z001",0
"0101261","6479","01/01/26 00:00:00",0,13,1,0,0,0,0,1,0,0,0,0,0,0,"01",1503,0,0,"Z001",0
"0101261","6619","01/01/26 00:00:00",0,22,1,0,0,0,0,1,0,0,0,0,0,0,"01",1528,0,0,"Z001",0
"0101261","1010","01/01/26 00:00:00",0,2,1,0,0,0,0,1,0,0,0,0,0,0,"01",1353,0,0,"Z001",0
"0101261","252029","01/01/26 00:00:00",0,1,1,0,0,0,0,0,0,0,25,0,0,0,"01",1434,0,0,"Z001",0
"0101261","6190","01/01/26 00:00:00",0,15,1,0,0,0,0,0,0,0,0,0,0,0,"01",1462,0,0,"Z001",0
"0101261","252029","01/01/26 00:00:00",0,1,1,0,0,0,0,0,0,0,25,0,0,0,"01",1434,0,0,"Z001",0
"0101261","6619","01/01/26 00:00:00",0,22,1,0,0,0,0,1,0,0,0,0,0,0,"01",1528,0,0,"Z001",0
"0101261","1010","01/01/26 00:00:00",0,2,1,0,0,0,0,1,0,0,0,0,0,0,"01",1353,0,0,"Z001",0
"0101261","241910","01/01/26 00:00:00",0,34,1,0,0,0,0,1,0,0,17.03,0,0,0,"01",1410,0,0,"Z001",0
"0101261","993","01/01/26 00:00:00",0,50,1,0,0,0,0,1,0,0,0,0,0,0,"01",1556,0,0,"Z001",0
"0101261","241910","01/01/26 00:00:00",0,34,1,0,0,0,0,1,0,0,17.03,0,0,0,"01",1410,0,0,"Z001",0
"0101261","993","01/01/26 00:00:00",0,50,1,0,0,0,0,1,0,0,0,0,0,0,"01",1556,0,0,"Z001",0
"0101261","6190","01/01/26 00:00:00",0,15,1,0,0,0,0,0,0,0,0,0,0,0,"01",1462,0,0,"Z001",0
"0101261","6479","01/01/26 00:00:00",0,13,1,0,0,0,0,1,0,0,0,0,0,0,"01",1503,0,0,"Z001",0
"0101261","6619","01/01/26 00:00:00",0,22,1,0,0,0,0,1,0,0,0,0,0,0,"01",1528,0,0,"Z001",0
"0101261","1010","01/01/26 00:00:00",0,2,1,0,0,0,0,1,0,0,0,0,0,0,"01",1353,0,0,"Z001",0
"0101261","241910","01/01/26 00:00:00",0,34,1,0,0,0,0,1,0,0,17.03,0,0,0,"01",1410,0,0,"Z001",0
"0101261","993","01/01/26 00:00:00",0,50,1,0,0,0,0,1,0,0,0,0,0,0,"01",1556,0,0,"Z001",0
"0101261","252029","01/01/26 00:00:00",0,1,1,0,0,0,0,0,0,0,25,0,0,0,"01",1434,0,0,"Z001",0
"0101261","6190","01/01/26 00:00:00",0,15,1,0,0,0,0,0,0,0,0,0,0,0,"01",1462,0,0,"Z001",0
"0101261","252029","01/01/26 00:00:00",0,1,1,0,0,0,0,0,0,0,25,0,0,0,"01",1434,0,0,"Z001",0
"0101261","241910","01/01/26 00:00:00",0,34,1,0,0,0,0,1,0,0,17.03,0,0,0,"01",1410,0,0,"Z001",0
"0101261","993","01/01/26 00:00:00",0,50,1,0,0,0,0,1,0,0,0,0,0,0,"01",1556,0,0,"Z001",0
"0101261","6479","01/01/26 00:00:00",0,13,1,0,0,0,0,1,0,0,0,0,0,0,"01",1503,0,0,"Z001",0
"0101261","6619","01/01/26 00:00:00",0,22,1,0,0,0,0,1,0,0,0,0,0,0,"01",1528,0,0,"Z001",0
"0101261","1010","01/01/26 00:00:00",0,2,1,0,0,0,0,1,0,0,0,0,0,0,"01",1353,0,0,"Z001",0
"0101261","6190","01/01/26 00:00:00",0,15,1,0,0,0,0,0,0,0,0,0,0,0,"01",1462,0,0,"Z001",0
"0101261","252029","01/01/26 00:00:00",0,1,1,0,0,0,0,0,0,0,25,0,0,0,"01",1434,0,0,"Z001",0
"0101261","241910","01/01/26 00:00:00",0,34,1,0,0,0,0,1,0,0,17.03,0,0,0,"01",1410,0,0,"Z001",0
"0101261","993","01/01/26 00:00:00",0,50,1,0,0,0,0,1,0,0,0,0,0,0,"01",1556,0,0,"Z001",0
"0101261","6479","01/01/26 00:00:00",0,13,1,0,0,0,0,1,0,0,0,0,0,0,"01",1503,0,0,"Z001",0
"0101261","6619","01/01/26 00:00:00",0,22,1,0,0,0,0,1,0,0,0,0,0,0,"01",1528,0,0,"Z001",0
"0101261","1010","01/01/26 00:00:00",0,2,1,0,0,0,0,1,0,0,0,0,0,0,"01",1353,0,0,"Z001",0
"0101261","6190","01/01/26 00:00:00",0,15,1,0,0,0,0,0,0,0,0,0,0,0,"01",1462,0,0,"Z001",0
"0101261","1010","01/01/26 00:00:00",0,2,1,0,0,0,0,1,0,0,0,0,0,0,"01",1353,0,0,"Z001",0
"0101261","252029","01/01/26 00:00:00",0,1,1,0,0,0,0,0,0,0,25,0,0,0,"01",1434,0,0,"Z001",0
"0101261","6190","01/01/26 00:00:00",0,15,1,0,0,0,0,0,0,0,0,0,0,0,"01",1462,0,0,"Z001",0
"0101261","241910","01/01/26 00:00:00",0,34,1,0,0,0,0,1,0,0,17.03,0,0,0,"01",1410,0,0,"Z001",0
"0101261","993","01/01/26 00:00:00",0,50,1,0,0,0,0,1,0,0,0,0,0,0,"01",1556,0,0,"Z001",0
"0101261","6479","01/01/26 00:00:00",0,13,1,0,0,0,0,1,0,0,0,0,0,0,"01",1503,0,0,"Z001",0
"0101261","6619","01/01/26 00:00:00",0,22,1,0,0,0,0,1,0,0,0,0,0,0,"01",1528,0,0,"Z001",0
"0101261","241910","01/01/26 00:00:00",0,34,1,0,0,0,0,1,0,0,17.03,0,0,0,"01",1410,0,0,"Z001",0
"0101261","993","01/01/26 00:00:00",0,50,1,0,0,0,0,1,0,0,0,0,0,0,"01",1556,0,0,"Z001",0
"0101261","6479","01/01/26 00:00:00",0,13,1,0,0,0,0,1,0,0,0,0,0,0,"01",1503,0,0,"Z001",0
"0101261","6619","01/01/26 00:00:00",0,22,1,0,0,0,0,1,0,0,0,0,0,0,"01",1528,0,0,"Z001",0
"0101261","1010","01/01/26 00:00:00",0,2,1,0,0,0,0,1,0,0,0,0,0,0,"01",1353,0,0,"Z001",0
"0101261","252029","01/01/26 00:00:00",0,1,1,0,0,0,0,0,0,0,25,0,0,0,"01",1434,0,0,"Z001",0
"0101261","241910","01/01/26 00:00:00",0,34,1,0,0,0,0,1,0,0,17.03,0,0,0,"01",1410,0,0,"Z001",0
"0101261","993","01/01/26 00:00:00",0,50,1,0,0,0,0,1,0,0,0,0,0,0,"01",1556,0,0,"Z001",0
"0101261","6479","01/01/26 00:00:00",0,13,1,0,0,0,0,1,0,0,0,0,0,0,"01",1503,0,0,"Z001",0
"0101261","6619","01/01/26 00:00:00",0,22,1,0,0,0,0,1,0,0,0,0,0,0,"01",1528,0,0,"Z001",0
"0101261","1010","01/01/26 00:00:00",0,2,1,0,0,0,0,1,0,0,0,0,0,0,"01",1353,0,0,"Z001",0
"0101261","6190","01/01/26 00:00:00",0,15,1,0,0,0,0,0,0,0,0,0,0,0,"01",1462,0,0,"Z001",0
"0101261","252029","01/01/26 00:00:00",0,1,1,0,0,0,0,0,0,0,25,0,0,0,"01",1434,0,0,"Z001",0
"0101261","241910","01/01/26 00:00:00",0,34,1,0,0,0,0,1,0,0,17.03,0,0,0,"01",1410,0,0,"Z001",0
"0101261","993","01/01/26 00:00:00",0,50,1,0,0,0,0,1,0,0,0,0,0,0,"01",1556,0,0,"Z001",0
"0101261","6479","01/01/26 00:00:00",0,13,1,0,0,0,0,1,0,0,0,0,0,0,"01",1503,0,0,"Z001",0
"0101261","6619","01/01/26 00:00:00",0,22,1,0,0,0,0,1,0,0,0,0,0,0,"01",1528,0,0,"Z001",0
"0101261","1010","01/01/26 00:00:00",0,2,1,0,0,0,0,1,0,0,0,0,0,0,"01",1353,0,0,"Z001",0
"0101261","241910","01/01/26 00:00:00",0,34,1,0,0,0,0,1,0,0,17.03,0,0,0,"01",1410,0,0,"Z001",0
"0101261","993","01/01/26 00:00:00",0,50,1,0,0,0,0,1,0,0,0,0,0,0,"01",1556,0,0,"Z001",0
"0101261","6479","01/01/26 00:00:00",0,13,1,0,0,0,0,1,0,0,0,0,0,0,"01",1503,0,0,"Z001",0
"0101261","6619","01/01/26 00:00:00",0,22,1,0,0,0,0,1,0,0,0,0,0,0,"01",1528,0,0,"Z001",0
"0101261","1010","01/01/26 00:00:00",0,2,1,0,0,0,0,1,0,0,0,0,0,0,"01",1353,0,0,"Z001",0
"0101261","6190","01/01/26 00:00:00",0,15,1,0,0,0,0,0,0,0,0,0,0,0,"01",1462,0,0,"Z001",0
"0101261","241910","01/01/26 00:00:00",0,34,1,0,0,0,0,1,0,0,17.03,0,0,0,"01",1410,0,0,"Z001",0
"0101261","252029","01/01/26 00:00:00",0,1,1,0,0,0,0,0,0,0,25,0,0,0,"01",1434,0,0,"Z001",0
"0101261","6190","01/01/26 00:00:00",0,15,1,0,0,0,0,0,0,0,0,0,0,0,"01",1462,0,0,"Z001",0
"0101261","993","01/01/26 00:00:00",0,50,1,0,0,0,0,1,0,0,0,0,0,0,"01",1556,0,0,"Z001",0
"0101261","6479","01/01/26 00:00:00",0,13,1,0,0,0,0,1,0,0,0,0,0,0,"01",1503,0,0,"Z001",0
"0101261","6619","01/01/26 00:00:00",0,22,1,0,0,0,0,1,0,0,0,0,0,0,"01",1528,0,0,"Z001",0
"0101261","1010","01/01/26 00:00:00",0,2,1,0,0,0,0,1,0,0,0,0,0,0,"01",1353,0,0,"Z001",0
"0101261","252029","01/01/26 00:00:00",0,1,1,0,0,0,0,0,0,0,25,0,0,0,"01",1434,0,0,"Z001",0
"0101261","241910","01/01/26 00:00:00",0,34,1,0,0,0,0,1,0,0,17.03,0,0,0,"01",1410,0,0,"Z001",0
"0101261","993","01/01/26 00:00:00",0,50,1,0,0,0,0,1,0,0,0,0,0,0,"01",1556,0,0,"Z001",0
"0101261","6479","01/01/26 00:00:00",0,13,1,0,0,0,0,1,0,0,0,0,0,0,"01",1503,0,0,"Z001",0
"0101261","6619","01/01/26 00:00:00",0,22,1,0,0,0,0,1,0,0,0,0,0,0,"01",1528,0,0,"Z001",0
"0101261","1010","01/01/26 00:00:00",0,2,1,0,0,0,0,1,0,0,0,0,0,0,"01",1353,0,0,"Z001",0
"0101261","252029","01/01/26 00:00:00",0,1,1,0,0,0,0,0,0,0,25,0,0,0,"01",1434,0,0,"Z001",0
"0101261","241910","01/01/26 00:00:00",0,34,1,0,0,0,0,1,0,0,17.03,0,0,0,"01",1410,0,0,"Z001",0
"0101261","993","01/01/26 00:00:00",0,50,1,0,0,0,0,1,0,0,0,0,0,0,"01",1556,0,0,"Z001",0
"0101261","6479","01/01/26 00:00:00",0,13,1,0,0,0,0,1,0,0,0,0,0,0,"01",1503,0,0,"Z001",0
"0101261","6619","01/01/26 00:00:00",0,22,1,0,0,0,0,1,0,0,0,0,0,0,"01",1528,0,0,"Z001",0
"0101261","1010","01/01/26 00:00:00",0,2,1,0,0,0,0,1,0,0,0,0,0,0,"01",1353,0,0,"Z001",0
"0101261","6190","01/01/26 00:00:00",0,15,1,0,0,0,0,0,0,0,0,0,0,0,"01",1462,0,0,"Z001",0
"0101261","6190","01/01/26 00:00:00",0,15,1,0,0,0,0,0,0,0,0,0,0,0,"01",1462,0,0,"Z001",0
"0101261","252029","01/01/26 00:00:00",0,1,1,0,0,0,0,0,0,0,25,0,0,0,"01",1434,0,0,"Z001",0
"0101261","6190","01/01/26 00:00:00",0,15,1,0,0,0,0,0,0,0,0,0,0,0,"01",1462,0,0,"Z001",0
"0101261","241910","01/01/26 00:00:00",0,34,1,0,0,0,0,1,0,0,17.03,0,0,0,"01",1410,0,0,"Z001",0
"0101261","993","01/01/26 00:00:00",0,50,1,0,0,0,0,1,0,0,0,0,0,0,"01",1556,0,0,"Z001",0
"0101261","6479","01/01/26 00:00:00",0,13,1,0,0,0,0,1,0,0,0,0,0,0,"01",1503,0,0,"Z001",0
"0101261","6619","01/01/26 00:00:00",0,22,1,0,0,0,0,1,0,0,0,0,0,0,"01",1528,0,0,"Z001",0
"0101261","1010","01/01/26 00:00:00",0,2,1,0,0,0,0,1,0,0,0,0,0,0,"01",1353,0,0,"Z001",0
"0101261","252029","01/01/26 00:00:00",0,1,1,0,0,0,0,0,0,0,25,0,0,0,"01",1434,0,0,"Z001",0
"0101261","241910","01/01/26 00:00:00",0,34,1,0,0,0,0,1,0,0,17.03,0,0,0,"01",1410,0,0,"Z001",0
"0101261","993","01/01/26 00:00:00",0,50,1,0,0,0,0,1,0,0,0,0,0,0,"01",1556,0,0,"Z001",0
"33826","262317","08/14/26 00:00:00",5,0,1,0,0,0,0,0,650,5,650,0,0,0,"01",2271,1,0,"Z001",0
"40526","6334","08/10/26 00:00:00",0,1,0,0,1,0,0,0,350,0,279.3376232854787,0,0,350,"01",,1,70.66237671452126,"Z001",0
"40526","6098","08/10/26 00:00:00",0,1,0,0,1,0,0,0,50,0,32.84396654074474,0,0,50,"01",,1,17.15603345925526,"Z001",0
"40526","241923","08/10/26 00:00:00",0,1,0,0,1,0,0,0,450,0,280,0,0,450,"01",,1,170,"Z001",0
"40526","262298","08/10/26 00:00:00",0,2,0,0,1,0,0,0,1450,0,1000,0,0,1450,"01",,1,900,"Z001",0
"40526","1032","08/10/26 00:00:00",0,5,0,0,1,0,0,0,450,0,382.2222222222222,0,0,450,"01",,1,338.8888888888889,"Z001",0
"40526","262194","08/10/26 00:00:00",0,1,0,0,1,0,0,0,750,0,450,0,0,750,"01",,1,300,"Z001",0
"40526","6474","08/10/26 00:00:00",0,2,0,0,1,0,0,0,6250,0,4291.695435028249,0,0,6250,"01",,1,3916.609129943503,"Z001",0
"40526","6505","08/10/26 00:00:00",0,2,0,0,1,0,0,0,100,0,70.16778669724771,0,0,100,"01",,1,59.66442660550459,"Z001",0
"34026","1034","08/10/26 00:00:00",1,0,1,0,0,0,0,0,200,1,200,0,0,0,"01",2273,1,0,"Z001",0
"40626","1288","08/11/26 00:00:00",0,1,0,0,1,0,0,0,11500,0,10245.45454545455,0,0,11500,"01",,1,1254.545454545454,"Z001",0
"40626","6608","08/11/26 00:00:00",0,1,0,0,1,0,0,0,1000,0,737.1900000000001,0,0,1000,"01",,1,262.8099999999999,"Z001",0
"40626","6556","08/11/26 00:00:00",0,1,0,0,1,0,0,0,14000,0,11865.32,0,0,14000,"01",,1,2134.68,"Z001",0
"40626","1034","08/11/26 00:00:00",0,4,0,0,1,0,0,0,280,0,200,0,0,280,"01",,1,320,"Z001",0
"40626","252042","08/11/26 00:00:00",0,1,0,0,1,0,0,0,150,0,78,0,0,150,"01",,1,72,"Z001",0
"40626","251942","08/11/26 00:00:00",0,1,0,0,1,0,0,0,350,0,224.4761273209549,0,0,350,"01",,1,125.5238726790451,"Z001",0
"40626","252045","08/11/26 00:00:00",0,1,0,0,1,0,0,0,100,0,39.17464114832536,0,0,100,"01",,1,60.82535885167464,"Z001",0
"40626","262125","08/11/26 00:00:00",0,1,0,0,1,0,0,0,200,0,90,0,0,200,"01",,1,110,"Z001",0
"40626","252029","08/11/26 00:00:00",0,1,0,0,1,0,0,0,50,0,25,0,0,50,"01",,1,25,"Z001",0
"40626","6063","08/11/26 00:00:00",0,1,0,0,1,0,0,0,50,0,24.58847091605712,0,0,50,"01",,1,25.41152908394288,"Z001",0
"34126","1716","08/15/26 00:00:00",1,0,1,0,0,0,0,0,2110,1,2110,0,0,0,"01",2274,1,0,"Z001",0
"38726","1471","07/29/26 00:00:00",0,1,0,0,1,0,0,0,12000,0,0,0,0,12000,"01",,1,,"Z001",0
"40726","251989","08/12/26 00:00:00",0,15,0,0,1,0,0,0,5,0,2.6,0,0,5,"01",,1,36,"Z001",0
"40726","1032","08/12/26 00:00:00",0,1,0,0,1,0,0,0,480,0,382.2222222222222,0,0,480,"01",,1,97.77777777777777,"Z001",0
"40726","6584","08/12/26 00:00:00",0,1,0,0,1,0,0,0,120,0,89.71204188481676,0,0,120,"01",,1,30.28795811518324,"Z001",0
"33926","262218","08/10/26 00:00:00",4,0,1,0,0,0,0,0,29500,4,29500,0,0,0,"01",2272,1,0,"Z001",0
"33926","262318","08/10/26 00:00:00",2,0,1,0,0,0,0,0,2200,2,2200,0,0,0,"01",2276,1,0,"Z001",0
"41526","252045","08/13/26 00:00:00",0,1,0,0,1,0,0,0,100,0,39.17464114832536,0,0,100,"01",,1,60.82535885167464,"Z001",0
"41526","262188","08/13/26 00:00:00",0,1,0,0,1,0,0,0,150,0,50,0,0,150,"01",,1,100,"Z001",0
"41526","6385","08/13/26 00:00:00",0,1,0,0,1,0,0,0,800,0,450,0,0,800,"01",,1,350,"Z001",0
"41526","856","08/13/26 00:00:00",0,1,0,0,1,0,0,0,695,0,400,0,0,695,"01",,1,295,"Z001",0
"41526","6365","08/13/26 00:00:00",0,2,0,0,1,0,0,0,2.5,0,1.267765437872512,0,0,2.5,"01",,1,2.464469124254976,"Z001",0
"41526","262100","08/13/26 00:00:00",0,1,0,0,1,0,0,0,300,0,160,0,0,300,"01",,1,140,"Z001",0
"41526","1037","08/13/26 00:00:00",0,1,0,0,1,0,0,0,300,0,182.5,0,0,300,"01",,1,117.5,"Z001",0
"0101261","6190","01/01/26 00:00:00",0,15,1,0,0,0,0,0,0,0,0,0,0,0,"01",1462,0,0,"Z001",0
"0101261","252029","01/01/26 00:00:00",0,1,1,0,0,0,0,0,0,0,25,0,0,0,"01",1434,0,0,"Z001",0
"0101261","6479","01/01/26 00:00:00",0,13,1,0,0,0,0,1,0,0,0,0,0,0,"01",1503,0,0,"Z001",0
"0101261","6619","01/01/26 00:00:00",0,22,1,0,0,0,0,1,0,0,0,0,0,0,"01",1528,0,0,"Z001",0
"0101261","1010","01/01/26 00:00:00",0,2,1,0,0,0,0,1,0,0,0,0,0,0,"01",1353,0,0,"Z001",0
"0101261","6190","01/01/26 00:00:00",0,15,1,0,0,0,0,0,0,0,0,0,0,0,"01",1462,0,0,"Z001",0
"0101261","252029","01/01/26 00:00:00",0,1,1,0,0,0,0,0,0,0,25,0,0,0,"01",1434,0,0,"Z001",0
"0101261","6190","01/01/26 00:00:00",0,15,1,0,0,0,0,0,0,0,0,0,0,0,"01",1462,0,0,"Z001",0
"21026","262176","01/01/26 00:00:00",10,0,1,0,0,0,0,0,230,10,230,0,0,0,"01",1970,1,0,"Z001",0
"21026","262177","01/01/26 00:00:00",5,0,1,0,0,0,0,0,570,5,570,0,0,0,"01",1971,1,0,"Z001",0
"21026","262178","01/01/26 00:00:00",10,0,1,0,0,0,0,0,230,10,230,0,0,0,"01",1972,1,0,"Z001",0
"21026","262171","01/01/26 00:00:00",20,0,1,0,0,0,0,0,135,20,135,0,0,0,"01",1965,1,0,"Z001",0
"21026","262172","01/01/26 00:00:00",10,0,1,0,0,0,0,0,190,10,190,0,0,0,"01",1966,1,0,"Z001",0
"21026","262173","01/01/26 00:00:00",5,0,1,0,0,0,0,0,260,5,260,0,0,0,"01",1967,1,0,"Z001",0
"21026","262174","01/01/26 00:00:00",10,0,1,0,0,0,0,0,85,10,85,0,0,0,"01",1968,1,0,"Z001",0
"21026","262175","01/01/26 00:00:00",10,0,1,0,0,0,0,0,125,10,125,0,0,0,"01",1969,1,0,"Z001",0
"15026","251942","03/07/26 00:00:00",0,3,0,0,1,0,0,0,316.6700134277344,0,216.9435736677115,0,0,316.6700134277344,"01",,1,299.1793192800685,"Z001",0
"15026","6477","03/07/26 00:00:00",0,1,0,0,1,0,0,0,23000,0,17284.46,0,0,23000,"01",,1,5715.540000000001,"Z001",0
"15026","262175","03/07/26 00:00:00",0,1,0,0,1,0,0,0,150,0,125,0,0,150,"01",,1,25,"Z001",0
"15026","6586","03/07/26 00:00:00",0,1,0,0,1,0,0,0,200,0,160,0,0,200,"01",,1,40,"Z001",0
"15026","1556","03/07/26 00:00:00",0,1,0,0,1,0,0,0,3500,0,2500,0,0,3500,"01",,1,1000,"Z001",0
"15026","5797","03/07/26 00:00:00",0,1,0,0,1,0,0,0,2250,0,1379.9,0,0,2250,"01",,1,870.0999999999999,"Z001",0
"15026","6296","03/07/26 00:00:00",0,1,0,0,1,0,0,0,100,0,76,0,0,100,"01",,1,24,"Z001",0
"15026","6338","03/07/26 00:00:00",0,1,0,0,1,0,0,0,100,0,100,0,0,100,"01",,1,0,"Z001",0
"15026","6572","03/07/26 00:00:00",0,1,0,0,1,0,0,0,2700,0,1800,0,0,2700,"01",,1,900,"Z001",0
"15026","1037","03/07/26 00:00:00",0,2,0,0,1,0,0,0,290,0,190,0,0,290,"01",,1,200,"Z001",0
"15026","251978","03/07/26 00:00:00",0,1,0,0,1,0,0,0,5500,0,4700,0,0,5500,"01",,1,800,"Z001",0
"15026","262083","03/07/26 00:00:00",0,1,0,0,1,0,0,0,500,0,390,0,0,500,"01",,1,110,"Z001",0
"15026","6608","03/07/26 00:00:00",0,1,0,0,1,0,0,0,1700,0,737.1900000000001,0,0,1700,"01",,1,962.8099999999999,"Z001",0
"15026","856","03/07/26 00:00:00",0,2,0,0,1,0,0,0,600,0,400,0,0,600,"01",,1,400,"Z001",0
"15026","252042","03/07/26 00:00:00",0,2,0,0,1,0,0,0,150,0,78,0,0,150,"01",,1,144,"Z001",0
"15026","251941","03/07/26 00:00:00",0,1,0,0,1,0,0,0,400,0,325,0,0,400,"01",,1,75,"Z001",0
"15026","6319","03/07/26 00:00:00",0,5,0,0,1,0,0,0,150,0,90,0,0,150,"01",,1,300,"Z001",0
"15026","6616","03/07/26 00:00:00",0,1,0,0,1,0,0,0,250,0,132.0967741935484,0,0,250,"01",,1,117.9032258064516,"Z001",0
"15026","862","03/07/26 00:00:00",0,1,0,0,1,0,0,0,200,0,120,0,0,200,"01",,1,80,"Z001",0
"15026","5969","03/07/26 00:00:00",0,1,0,0,1,0,0,0,30,0,13.82177479492916,0,0,30,"01",,1,16.17822520507085,"Z001",0
"15026","6063","03/07/26 00:00:00",0,1,0,0,1,0,0,0,50,0,41,0,0,50,"01",,1,9,"Z001",0
"15026","6492","03/07/26 00:00:00",0,2,0,0,1,0,0,1,120,0,0,0,0,120,"01",,1,240,"Z001",0
"15026","6474","03/07/26 00:00:00",0,1,0,0,1,0,0,1,70,0,47.29000000000001,0,0,70,"01",,1,22.70999999999999,"Z001",0
"13926","6063","02/26/26 00:00:00",0,3,0,0,1,0,0,0,50,0,41,0,0,50,"01",,1,27,"Z001",0
"13926","252063","02/26/26 00:00:00",0,1,0,0,1,0,0,0,300,0,180,0,0,300,"01",,1,120,"Z001",0
"13926","5762","02/26/26 00:00:00",0,5,0,0,1,0,0,0,20,0,9.409836065573771,0,0,20,"01",,1,52.95081967213115,"Z001",0
"13926","252065","02/26/26 00:00:00",0,5,0,0,1,0,0,0,10,0,6,0,0,10,"01",,1,20,"Z001",0
"0101261","241910","01/01/26 00:00:00",0,34,1,0,0,0,0,1,0,0,17.03,0,0,0,"01",1410,0,0,"Z001",0
"0101261","993","01/01/26 00:00:00",0,50,1,0,0,0,0,1,0,0,0,0,0,0,"01",1556,0,0,"Z001",0
"0101261","6479","01/01/26 00:00:00",0,13,1,0,0,0,0,1,0,0,0,0,0,0,"01",1503,0,0,"Z001",0
"0101261","6619","01/01/26 00:00:00",0,22,1,0,0,0,0,1,0,0,0,0,0,0,"01",1528,0,0,"Z001",0
"0101261","1010","01/01/26 00:00:00",0,2,1,0,0,0,0,1,0,0,0,0,0,0,"01",1353,0,0,"Z001",0
"0101261","252029","01/01/26 00:00:00",0,1,1,0,0,0,0,0,0,0,25,0,0,0,"01",1434,0,0,"Z001",0
"0101261","6190","01/01/26 00:00:00",0,15,1,0,0,0,0,0,0,0,0,0,0,0,"01",1462,0,0,"Z001",0
"0101261","241910","01/01/26 00:00:00",0,34,1,0,0,0,0,1,0,0,17.03,0,0,0,"01",1410,0,0,"Z001",0
"0101261","993","01/01/26 00:00:00",0,50,1,0,0,0,0,1,0,0,0,0,0,0,"01",1556,0,0,"Z001",0
"0101261","6479","01/01/26 00:00:00",0,13,1,0,0,0,0,1,0,0,0,0,0,0,"01",1503,0,0,"Z001",0
"0101261","6619","01/01/26 00:00:00",0,22,1,0,0,0,0,1,0,0,0,0,0,0,"01",1528,0,0,"Z001",0
"0101261","1010","01/01/26 00:00:00",0,2,1,0,0,0,0,1,0,0,0,0,0,0,"01",1353,0,0,"Z001",0
"0101261","241910","01/01/26 00:00:00",0,34,1,0,0,0,0,1,0,0,17.03,0,0,0,"01",1410,0,0,"Z001",0
"0101261","252029","01/01/26 00:00:00",0,1,1,0,0,0,0,0,0,0,25,0,0,0,"01",1434,0,0,"Z001",0
"0101261","6190","01/01/26 00:00:00",0,15,1,0,0,0,0,0,0,0,0,0,0,0,"01",1462,0,0,"Z001",0
"0101261","252029","01/01/26 00:00:00",0,1,1,0,0,0,0,0,0,0,25,0,0,0,"01",1434,0,0,"Z001",0
"0101261","6190","01/01/26 00:00:00",0,15,1,0,0,0,0,0,0,0,0,0,0,0,"01",1462,0,0,"Z001",0
"0101261","241910","01/01/26 00:00:00",0,34,1,0,0,0,0,1,0,0,17.03,0,0,0,"01",1410,0,0,"Z001",0
"0101261","993","01/01/26 00:00:00",0,50,1,0,0,0,0,1,0,0,0,0,0,0,"01",1556,0,0,"Z001",0
"0101261","6479","01/01/26 00:00:00",0,13,1,0,0,0,0,1,0,0,0,0,0,0,"01",1503,0,0,"Z001",0
"0101261","252029","01/01/26 00:00:00",0,1,1,0,0,0,0,0,0,0,25,0,0,0,"01",1434,0,0,"Z001",0
"0101261","6190","01/01/26 00:00:00",0,15,1,0,0,0,0,0,0,0,0,0,0,0,"01",1462,0,0,"Z001",0
"0101261","6479","01/01/26 00:00:00",0,13,1,0,0,0,0,1,0,0,0,0,0,0,"01",1503,0,0,"Z001",0
"0101261","6619","01/01/26 00:00:00",0,22,1,0,0,0,0,1,0,0,0,0,0,0,"01",1528,0,0,"Z001",0
"0101261","1010","01/01/26 00:00:00",0,2,1,0,0,0,0,1,0,0,0,0,0,0,"01",1353,0,0,"Z001",0
"0101261","252029","01/01/26 00:00:00",0,1,1,0,0,0,0,0,0,0,25,0,0,0,"01",1434,0,0,"Z001",0
"0101261","241910","01/01/26 00:00:00",0,34,1,0,0,0,0,1,0,0,17.03,0,0,0,"01",1410,0,0,"Z001",0
"0101261","993","01/01/26 00:00:00",0,50,1,0,0,0,0,1,0,0,0,0,0,0,"01",1556,0,0,"Z001",0
"0101261","6479","01/01/26 00:00:00",0,13,1,0,0,0,0,1,0,0,0,0,0,0,"01",1503,0,0,"Z001",0
"0101261","6619","01/01/26 00:00:00",0,22,1,0,0,0,0,1,0,0,0,0,0,0,"01",1528,0,0,"Z001",0
"0101261","1010","01/01/26 00:00:00",0,2,1,0,0,0,0,1,0,0,0,0,0,0,"01",1353,0,0,"Z001",0
"0101261","993","01/01/26 00:00:00",0,50,1,0,0,0,0,1,0,0,0,0,0,0,"01",1556,0,0,"Z001",0
"0101261","6479","01/01/26 00:00:00",0,13,1,0,0,0,0,1,0,0,0,0,0,0,"01",1503,0,0,"Z001",0
"0101261","6619","01/01/26 00:00:00",0,22,1,0,0,0,0,1,0,0,0,0,0,0,"01",1528,0,0,"Z001",0
"0101261","1010","01/01/26 00:00:00",0,2,1,0,0,0,0,1,0,0,0,0,0,0,"01",1353,0,0,"Z001",0
"0101261","6190","01/01/26 00:00:00",0,15,1,0,0,0,0,0,0,0,0,0,0,0,"01",1462,0,0,"Z001",0
"0101261","252029","01/01/26 00:00:00",0,1,1,0,0,0,0,0,0,0,25,0,0,0,"01",1434,0,0,"Z001",0
"0101261","6190","01/01/26 00:00:00",0,15,1,0,0,0,0,0,0,0,0,0,0,0,"01",1462,0,0,"Z001",0
"0101261","6619","01/01/26 00:00:00",0,22,1,0,0,0,0,1,0,0,0,0,0,0,"01",1528,0,0,"Z001",0
"0101261","1010","01/01/26 00:00:00",0,2,1,0,0,0,0,1,0,0,0,0,0,0,"01",1353,0,0,"Z001",0
"0101261","241910","01/01/26 00:00:00",0,34,1,0,0,0,0,1,0,0,17.03,0,0,0,"01",1410,0,0,"Z001",0
"0101261","993","01/01/26 00:00:00",0,50,1,0,0,0,0,1,0,0,0,0,0,0,"01",1556,0,0,"Z001",0
"0101261","241910","01/01/26 00:00:00",0,34,1,0,0,0,0,1,0,0,17.03,0,0,0,"01",1410,0,0,"Z001",0
"0101261","993","01/01/26 00:00:00",0,50,1,0,0,0,0,1,0,0,0,0,0,0,"01",1556,0,0,"Z001",0
"0101261","6479","01/01/26 00:00:00",0,13,1,0,0,0,0,1,0,0,0,0,0,0,"01",1503,0,0,"Z001",0
"0101261","6619","01/01/26 00:00:00",0,22,1,0,0,0,0,1,0,0,0,0,0,0,"01",1528,0,0,"Z001",0
"0101261","1010","01/01/26 00:00:00",0,2,1,0,0,0,0,1,0,0,0,0,0,0,"01",1353,0,0,"Z001",0
"0101261","252029","01/01/26 00:00:00",0,1,1,0,0,0,0,0,0,0,25,0,0,0,"01",1434,0,0,"Z001",0
"0101261","6190","01/01/26 00:00:00",0,15,1,0,0,0,0,0,0,0,0,0,0,0,"01",1462,0,0,"Z001",0
"0101261","252029","01/01/26 00:00:00",0,1,1,0,0,0,0,0,0,0,25,0,0,0,"01",1434,0,0,"Z001",0
"0101261","241910","01/01/26 00:00:00",0,34,1,0,0,0,0,1,0,0,17.03,0,0,0,"01",1410,0,0,"Z001",0
"0101261","993","01/01/26 00:00:00",0,50,1,0,0,0,0,1,0,0,0,0,0,0,"01",1556,0,0,"Z001",0
"0101261","6479","01/01/26 00:00:00",0,13,1,0,0,0,0,1,0,0,0,0,0,0,"01",1503,0,0,"Z001",0
"0101261","6619","01/01/26 00:00:00",0,22,1,0,0,0,0,1,0,0,0,0,0,0,"01",1528,0,0,"Z001",0
"0101261","1010","01/01/26 00:00:00",0,2,1,0,0,0,0,1,0,0,0,0,0,0,"01",1353,0,0,"Z001",0
"0101261","6190","01/01/26 00:00:00",0,15,1,0,0,0,0,0,0,0,0,0,0,0,"01",1462,0,0,"Z001",0
"0101261","241910","01/01/26 00:00:00",0,34,1,0,0,0,0,1,0,0,17.03,0,0,0,"01",1410,0,0,"Z001",0
"0101261","993","01/01/26 00:00:00",0,50,1,0,0,0,0,1,0,0,0,0,0,0,"01",1556,0,0,"Z001",0
"0101261","6479","01/01/26 00:00:00",0,13,1,0,0,0,0,1,0,0,0,0,0,0,"01",1503,0,0,"Z001",0
"0101261","6619","01/01/26 00:00:00",0,22,1,0,0,0,0,1,0,0,0,0,0,0,"01",1528,0,0,"Z001",0
"0101261","1010","01/01/26 00:00:00",0,2,1,0,0,0,0,1,0,0,0,0,0,0,"01",1353,0,0,"Z001",0
"0101261","252029","01/01/26 00:00:00",0,1,1,0,0,0,0,0,0,0,25,0,0,0,"01",1434,0,0,"Z001",0
"0101261","241910","01/01/26 00:00:00",0,34,1,0,0,0,0,1,0,0,17.03,0,0,0,"01",1410,0,0,"Z001",0
"0101261","993","01/01/26 00:00:00",0,50,1,0,0,0,0,1,0,0,0,0,0,0,"01",1556,0,0,"Z001",0
"0101261","6479","01/01/26 00:00:00",0,13,1,0,0,0,0,1,0,0,0,0,0,0,"01",1503,0,0,"Z001",0
"0101261","6619","01/01/26 00:00:00",0,22,1,0,0,0,0,1,0,0,0,0,0,0,"01",1528,0,0,"Z001",0
"0101261","1010","01/01/26 00:00:00",0,2,1,0,0,0,0,1,0,0,0,0,0,0,"01",1353,0,0,"Z001",0
"0101261","6190","01/01/26 00:00:00",0,15,1,0,0,0,0,0,0,0,0,0,0,0,"01",1462,0,0,"Z001",0
"0101261","241910","01/01/26 00:00:00",0,34,1,0,0,0,0,1,0,0,17.03,0,0,0,"01",1410,0,0,"Z001",0
"0101261","993","01/01/26 00:00:00",0,50,1,0,0,0,0,1,0,0,0,0,0,0,"01",1556,0,0,"Z001",0
"0101261","6479","01/01/26 00:00:00",0,13,1,0,0,0,0,1,0,0,0,0,0,0,"01",1503,0,0,"Z001",0
"0101261","6619","01/01/26 00:00:00",0,22,1,0,0,0,0,1,0,0,0,0,0,0,"01",1528,0,0,"Z001",0
"0101261","1010","01/01/26 00:00:00",0,2,1,0,0,0,0,1,0,0,0,0,0,0,"01",1353,0,0,"Z001",0
"0101261","252029","01/01/26 00:00:00",0,1,1,0,0,0,0,0,0,0,25,0,0,0,"01",1434,0,0,"Z001",0
"0101261","6190","01/01/26 00:00:00",0,15,1,0,0,0,0,0,0,0,0,0,0,0,"01",1462,0,0,"Z001",0
"0101261","241910","01/01/26 00:00:00",0,34,1,0,0,0,0,1,0,0,17.03,0,0,0,"01",1410,0,0,"Z001",0
"0101261","993","01/01/26 00:00:00",0,50,1,0,0,0,0,1,0,0,0,0,0,0,"01",1556,0,0,"Z001",0
"0101261","6479","01/01/26 00:00:00",0,13,1,0,0,0,0,1,0,0,0,0,0,0,"01",1503,0,0,"Z001",0
"0101261","6619","01/01/26 00:00:00",0,22,1,0,0,0,0,1,0,0,0,0,0,0,"01",1528,0,0,"Z001",0
"0101261","1010","01/01/26 00:00:00",0,2,1,0,0,0,0,1,0,0,0,0,0,0,"01",1353,0,0,"Z001",0
"0101261","252029","01/01/26 00:00:00",0,1,1,0,0,0,0,0,0,0,25,0,0,0,"01",1434,0,0,"Z001",0
"0101261","6190","01/01/26 00:00:00",0,15,1,0,0,0,0,0,0,0,0,0,0,0,"01",1462,0,0,"Z001",0
"0101261","252029","01/01/26 00:00:00",0,1,1,0,0,0,0,0,0,0,25,0,0,0,"01",1434,0,0,"Z001",0
"0101261","241910","01/01/26 00:00:00",0,34,1,0,0,0,0,1,0,0,17.03,0,0,0,"01",1410,0,0,"Z001",0
"0101261","993","01/01/26 00:00:00",0,50,1,0,0,0,0,1,0,0,0,0,0,0,"01",1556,0,0,"Z001",0
"0101261","6190","01/01/26 00:00:00",0,15,1,0,0,0,0,0,0,0,0,0,0,0,"01",1462,0,0,"Z001",0
"0101261","252029","01/01/26 00:00:00",0,1,1,0,0,0,0,0,0,0,25,0,0,0,"01",1434,0,0,"Z001",0
"0101261","6479","01/01/26 00:00:00",0,13,1,0,0,0,0,1,0,0,0,0,0,0,"01",1503,0,0,"Z001",0
"0101261","6619","01/01/26 00:00:00",0,22,1,0,0,0,0,1,0,0,0,0,0,0,"01",1528,0,0,"Z001",0
"0101261","1010","01/01/26 00:00:00",0,2,1,0,0,0,0,1,0,0,0,0,0,0,"01",1353,0,0,"Z001",0
"0101261","6190","01/01/26 00:00:00",0,15,1,0,0,0,0,0,0,0,0,0,0,0,"01",1462,0,0,"Z001",0
"0101261","241910","01/01/26 00:00:00",0,34,1,0,0,0,0,1,0,0,17.03,0,0,0,"01",1410,0,0,"Z001",0
"0101261","993","01/01/26 00:00:00",0,50,1,0,0,0,0,1,0,0,0,0,0,0,"01",1556,0,0,"Z001",0
"0101261","6479","01/01/26 00:00:00",0,13,1,0,0,0,0,1,0,0,0,0,0,0,"01",1503,0,0,"Z001",0
"0101261","6619","01/01/26 00:00:00",0,22,1,0,0,0,0,1,0,0,0,0,0,0,"01",1528,0,0,"Z001",0
"0101261","1010","01/01/26 00:00:00",0,2,1,0,0,0,0,1,0,0,0,0,0,0,"01",1353,0,0,"Z001",0
"0101261","241910","01/01/26 00:00:00",0,34,1,0,0,0,0,1,0,0,17.03,0,0,0,"01",1410,0,0,"Z001",0
"0101261","993","01/01/26 00:00:00",0,50,1,0,0,0,0,1,0,0,0,0,0,0,"01",1556,0,0,"Z001",0
"0101261","6479","01/01/26 00:00:00",0,13,1,0,0,0,0,1,0,0,0,0,0,0,"01",1503,0,0,"Z001",0
"0101261","6619","01/01/26 00:00:00",0,22,1,0,0,0,0,1,0,0,0,0,0,0,"01",1528,0,0,"Z001",0
"0101261","1010","01/01/26 00:00:00",0,2,1,0,0,0,0,1,0,0,0,0,0,0,"01",1353,0,0,"Z001",0
"0101261","252029","01/01/26 00:00:00",0,1,1,0,0,0,0,0,0,0,25,0,0,0,"01",1434,0,0,"Z001",0
"0101261","6190","01/01/26 00:00:00",0,15,1,0,0,0,0,0,0,0,0,0,0,0,"01",1462,0,0,"Z001",0
"0101261","241910","01/01/26 00:00:00",0,34,1,0,0,0,0,1,0,0,17.03,0,0,0,"01",1410,0,0,"Z001",0
"0101261","993","01/01/26 00:00:00",0,50,1,0,0,0,0,1,0,0,0,0,0,0,"01",1556,0,0,"Z001",0
"0101261","6479","01/01/26 00:00:00",0,13,1,0,0,0,0,1,0,0,0,0,0,0,"01",1503,0,0,"Z001",0
"0101261","6619","01/01/26 00:00:00",0,22,1,0,0,0,0,1,0,0,0,0,0,0,"01",1528,0,0,"Z001",0
"0101261","252029","01/01/26 00:00:00",0,1,1,0,0,0,0,0,0,0,25,0,0,0,"01",1434,0,0,"Z001",0
"0101261","6190","01/01/26 00:00:00",0,15,1,0,0,0,0,0,0,0,0,0,0,0,"01",1462,0,0,"Z001",0
"0101261","252029","01/01/26 00:00:00",0,1,1,0,0,0,0,0,0,0,25,0,0,0,"01",1434,0,0,"Z001",0
"0101261","6190","01/01/26 00:00:00",0,15,1,0,0,0,0,0,0,0,0,0,0,0,"01",1462,0,0,"Z001",0
"0101261","241910","01/01/26 00:00:00",0,34,1,0,0,0,0,1,0,0,17.03,0,0,0,"01",1410,0,0,"Z001",0
"0101261","993","01/01/26 00:00:00",0,50,1,0,0,0,0,1,0,0,0,0,0,0,"01",1556,0,0,"Z001",0
"0101261","6479","01/01/26 00:00:00",0,13,1,0,0,0,0,1,0,0,0,0,0,0,"01",1503,0,0,"Z001",0
"0101261","6619","01/01/26 00:00:00",0,22,1,0,0,0,0,1,0,0,0,0,0,0,"01",1528,0,0,"Z001",0
"0101261","1010","01/01/26 00:00:00",0,2,1,0,0,0,0,1,0,0,0,0,0,0,"01",1353,0,0,"Z001",0
"0101261","252029","01/01/26 00:00:00",0,1,1,0,0,0,0,0,0,0,25,0,0,0,"01",1434,0,0,"Z001",0
"0101261","1010","01/01/26 00:00:00",0,2,1,0,0,0,0,1,0,0,0,0,0,0,"01",1353,0,0,"Z001",0
"0101261","6190","01/01/26 00:00:00",0,15,1,0,0,0,0,0,0,0,0,0,0,0,"01",1462,0,0,"Z001",0
"0101261","252029","01/01/26 00:00:00",0,1,1,0,0,0,0,0,0,0,25,0,0,0,"01",1434,0,0,"Z001",0
"0101261","6619","01/01/26 00:00:00",0,22,1,0,0,0,0,1,0,0,0,0,0,0,"01",1528,0,0,"Z001",0
"0101261","1010","01/01/26 00:00:00",0,2,1,0,0,0,0,1,0,0,0,0,0,0,"01",1353,0,0,"Z001",0
"0101261","241910","01/01/26 00:00:00",0,34,1,0,0,0,0,1,0,0,17.03,0,0,0,"01",1410,0,0,"Z001",0
"0101261","6190","01/01/26 00:00:00",0,15,1,0,0,0,0,0,0,0,0,0,0,0,"01",1462,0,0,"Z001",0
"0101261","241910","01/01/26 00:00:00",0,34,1,0,0,0,0,1,0,0,17.03,0,0,0,"01",1410,0,0,"Z001",0
"0101261","993","01/01/26 00:00:00",0,50,1,0,0,0,0,1,0,0,0,0,0,0,"01",1556,0,0,"Z001",0
"0101261","6479","01/01/26 00:00:00",0,13,1,0,0,0,0,1,0,0,0,0,0,0,"01",1503,0,0,"Z001",0
"0101261","6619","01/01/26 00:00:00",0,22,1,0,0,0,0,1,0,0,0,0,0,0,"01",1528,0,0,"Z001",0
"0101261","1010","01/01/26 00:00:00",0,2,1,0,0,0,0,1,0,0,0,0,0,0,"01",1353,0,0,"Z001",0
"0101261","252029","01/01/26 00:00:00",0,1,1,0,0,0,0,0,0,0,25,0,0,0,"01",1434,0,0,"Z001",0
"0101261","6190","01/01/26 00:00:00",0,15,1,0,0,0,0,0,0,0,0,0,0,0,"01",1462,0,0,"Z001",0
"0101261","241910","01/01/26 00:00:00",0,34,1,0,0,0,0,1,0,0,17.03,0,0,0,"01",1410,0,0,"Z001",0
"0101261","252029","01/01/26 00:00:00",0,1,1,0,0,0,0,0,0,0,25,0,0,0,"01",1434,0,0,"Z001",0
"0101261","6190","01/01/26 00:00:00",0,15,1,0,0,0,0,0,0,0,0,0,0,0,"01",1462,0,0,"Z001",0
"0101261","241910","01/01/26 00:00:00",0,34,1,0,0,0,0,1,0,0,17.03,0,0,0,"01",1410,0,0,"Z001",0
"0101261","993","01/01/26 00:00:00",0,50,1,0,0,0,0,1,0,0,0,0,0,0,"01",1556,0,0,"Z001",0
"0101261","6479","01/01/26 00:00:00",0,13,1,0,0,0,0,1,0,0,0,0,0,0,"01",1503,0,0,"Z001",0
"0101261","6619","01/01/26 00:00:00",0,22,1,0,0,0,0,1,0,0,0,0,0,0,"01",1528,0,0,"Z001",0
"0101261","6479","01/01/26 00:00:00",0,13,1,0,0,0,0,1,0,0,0,0,0,0,"01",1503,0,0,"Z001",0
"0101261","6619","01/01/26 00:00:00",0,22,1,0,0,0,0,1,0,0,0,0,0,0,"01",1528,0,0,"Z001",0
"0101261","1010","01/01/26 00:00:00",0,2,1,0,0,0,0,1,0,0,0,0,0,0,"01",1353,0,0,"Z001",0
"0101261","1010","01/01/26 00:00:00",0,2,1,0,0,0,0,1,0,0,0,0,0,0,"01",1353,0,0,"Z001",0
"0101261","241910","01/01/26 00:00:00",0,34,1,0,0,0,0,1,0,0,17.03,0,0,0,"01",1410,0,0,"Z001",0
"0101261","993","01/01/26 00:00:00",0,50,1,0,0,0,0,1,0,0,0,0,0,0,"01",1556,0,0,"Z001",0
"0101261","6479","01/01/26 00:00:00",0,13,1,0,0,0,0,1,0,0,0,0,0,0,"01",1503,0,0,"Z001",0
"0101261","993","01/01/26 00:00:00",0,50,1,0,0,0,0,1,0,0,0,0,0,0,"01",1556,0,0,"Z001",0
"0101261","6479","01/01/26 00:00:00",0,13,1,0,0,0,0,1,0,0,0,0,0,0,"01",1503,0,0,"Z001",0
"0101261","6619","01/01/26 00:00:00",0,22,1,0,0,0,0,1,0,0,0,0,0,0,"01",1528,0,0,"Z001",0
"0101261","1010","01/01/26 00:00:00",0,2,1,0,0,0,0,1,0,0,0,0,0,0,"01",1353,0,0,"Z001",0
"0101261","252029","01/01/26 00:00:00",0,1,1,0,0,0,0,0,0,0,25,0,0,0,"01",1434,0,0,"Z001",0
"0101261","6190","01/01/26 00:00:00",0,15,1,0,0,0,0,0,0,0,0,0,0,0,"01",1462,0,0,"Z001",0
"0101261","252029","01/01/26 00:00:00",0,1,1,0,0,0,0,0,0,0,25,0,0,0,"01",1434,0,0,"Z001",0
"0101261","241910","01/01/26 00:00:00",0,34,1,0,0,0,0,1,0,0,17.03,0,0,0,"01",1410,0,0,"Z001",0
"0101261","993","01/01/26 00:00:00",0,50,1,0,0,0,0,1,0,0,0,0,0,0,"01",1556,0,0,"Z001",0
"0101261","6479","01/01/26 00:00:00",0,13,1,0,0,0,0,1,0,0,0,0,0,0,"01",1503,0,0,"Z001",0
"0101261","6619","01/01/26 00:00:00",0,22,1,0,0,0,0,1,0,0,0,0,0,0,"01",1528,0,0,"Z001",0
"0101261","1010","01/01/26 00:00:00",0,2,1,0,0,0,0,1,0,0,0,0,0,0,"01",1353,0,0,"Z001",0
"0101261","6190","01/01/26 00:00:00",0,15,1,0,0,0,0,0,0,0,0,0,0,0,"01",1462,0,0,"Z001",0
"0101261","252029","01/01/26 00:00:00",0,1,1,0,0,0,0,0,0,0,25,0,0,0,"01",1434,0,0,"Z001",0
"0101261","6190","01/01/26 00:00:00",0,15,1,0,0,0,0,0,0,0,0,0,0,0,"01",1462,0,0,"Z001",0
"0101261","252029","01/01/26 00:00:00",0,1,1,0,0,0,0,0,0,0,25,0,0,0,"01",1434,0,0,"Z001",0
"0101261","252029","01/01/26 00:00:00",0,1,1,0,0,0,0,0,0,0,25,0,0,0,"01",1434,0,0,"Z001",0
"0101261","6190","01/01/26 00:00:00",0,15,1,0,0,0,0,0,0,0,0,0,0,0,"01",1462,0,0,"Z001",0
"0101261","241910","01/01/26 00:00:00",0,34,1,0,0,0,0,1,0,0,17.03,0,0,0,"01",1410,0,0,"Z001",0
"0101261","993","01/01/26 00:00:00",0,50,1,0,0,0,0,1,0,0,0,0,0,0,"01",1556,0,0,"Z001",0
"0101261","6479","01/01/26 00:00:00",0,13,1,0,0,0,0,1,0,0,0,0,0,0,"01",1503,0,0,"Z001",0
"0101261","6619","01/01/26 00:00:00",0,22,1,0,0,0,0,1,0,0,0,0,0,0,"01",1528,0,0,"Z001",0
"0101261","1010","01/01/26 00:00:00",0,2,1,0,0,0,0,1,0,0,0,0,0,0,"01",1353,0,0,"Z001",0
"0101261","6190","01/01/26 00:00:00",0,15,1,0,0,0,0,0,0,0,0,0,0,0,"01",1462,0,0,"Z001",0
"0101261","252029","01/01/26 00:00:00",0,1,1,0,0,0,0,0,0,0,25,0,0,0,"01",1434,0,0,"Z001",0
"0101261","6190","01/01/26 00:00:00",0,15,1,0,0,0,0,0,0,0,0,0,0,0,"01",1462,0,0,"Z001",0
"0101261","993","01/01/26 00:00:00",0,50,1,0,0,0,0,1,0,0,0,0,0,0,"01",1556,0,0,"Z001",0
"0101261","6479","01/01/26 00:00:00",0,13,1,0,0,0,0,1,0,0,0,0,0,0,"01",1503,0,0,"Z001",0
"0101261","6619","01/01/26 00:00:00",0,22,1,0,0,0,0,1,0,0,0,0,0,0,"01",1528,0,0,"Z001",0
"0101261","1010","01/01/26 00:00:00",0,2,1,0,0,0,0,1,0,0,0,0,0,0,"01",1353,0,0,"Z001",0
"0101261","241910","01/01/26 00:00:00",0,34,1,0,0,0,0,1,0,0,17.03,0,0,0,"01",1410,0,0,"Z001",0
"0101261","993","01/01/26 00:00:00",0,50,1,0,0,0,0,1,0,0,0,0,0,0,"01",1556,0,0,"Z001",0
"0101261","6479","01/01/26 00:00:00",0,13,1,0,0,0,0,1,0,0,0,0,0,0,"01",1503,0,0,"Z001",0
"0101261","6619","01/01/26 00:00:00",0,22,1,0,0,0,0,1,0,0,0,0,0,0,"01",1528,0,0,"Z001",0
"0101261","1010","01/01/26 00:00:00",0,2,1,0,0,0,0,1,0,0,0,0,0,0,"01",1353,0,0,"Z001",0
"0101261","252029","01/01/26 00:00:00",0,1,1,0,0,0,0,0,0,0,25,0,0,0,"01",1434,0,0,"Z001",0
"0101261","6190","01/01/26 00:00:00",0,15,1,0,0,0,0,0,0,0,0,0,0,0,"01",1462,0,0,"Z001",0
"0101261","1010","01/01/26 00:00:00",0,2,1,0,0,0,0,1,0,0,0,0,0,0,"01",1353,0,0,"Z001",0
"0101261","241910","01/01/26 00:00:00",0,34,1,0,0,0,0,1,0,0,17.03,0,0,0,"01",1410,0,0,"Z001",0
"0101261","993","01/01/26 00:00:00",0,50,1,0,0,0,0,1,0,0,0,0,0,0,"01",1556,0,0,"Z001",0
"0101261","252029","01/01/26 00:00:00",0,1,1,0,0,0,0,0,0,0,25,0,0,0,"01",1434,0,0,"Z001",0
"0101261","241910","01/01/26 00:00:00",0,34,1,0,0,0,0,1,0,0,17.03,0,0,0,"01",1410,0,0,"Z001",0
"0101261","993","01/01/26 00:00:00",0,50,1,0,0,0,0,1,0,0,0,0,0,0,"01",1556,0,0,"Z001",0
"0101261","6479","01/01/26 00:00:00",0,13,1,0,0,0,0,1,0,0,0,0,0,0,"01",1503,0,0,"Z001",0
"0101261","6619","01/01/26 00:00:00",0,22,1,0,0,0,0,1,0,0,0,0,0,0,"01",1528,0,0,"Z001",0
"0101261","241910","01/01/26 00:00:00",0,34,1,0,0,0,0,1,0,0,17.03,0,0,0,"01",1410,0,0,"Z001",0
"0101261","993","01/01/26 00:00:00",0,50,1,0,0,0,0,1,0,0,0,0,0,0,"01",1556,0,0,"Z001",0
"0101261","6479","01/01/26 00:00:00",0,13,1,0,0,0,0,1,0,0,0,0,0,0,"01",1503,0,0,"Z001",0
"0101261","6619","01/01/26 00:00:00",0,22,1,0,0,0,0,1,0,0,0,0,0,0,"01",1528,0,0,"Z001",0
"0101261","1010","01/01/26 00:00:00",0,2,1,0,0,0,0,1,0,0,0,0,0,0,"01",1353,0,0,"Z001",0
"0101261","6190","01/01/26 00:00:00",0,15,1,0,0,0,0,0,0,0,0,0,0,0,"01",1462,0,0,"Z001",0
"0101261","241910","01/01/26 00:00:00",0,34,1,0,0,0,0,1,0,0,17.03,0,0,0,"01",1410,0,0,"Z001",0
"0101261","993","01/01/26 00:00:00",0,50,1,0,0,0,0,1,0,0,0,0,0,0,"01",1556,0,0,"Z001",0
"0101261","6479","01/01/26 00:00:00",0,13,1,0,0,0,0,1,0,0,0,0,0,0,"01",1503,0,0,"Z001",0
"0101261","6619","01/01/26 00:00:00",0,22,1,0,0,0,0,1,0,0,0,0,0,0,"01",1528,0,0,"Z001",0
"0101261","1010","01/01/26 00:00:00",0,2,1,0,0,0,0,1,0,0,0,0,0,0,"01",1353,0,0,"Z001",0
"0101261","252029","01/01/26 00:00:00",0,1,1,0,0,0,0,0,0,0,25,0,0,0,"01",1434,0,0,"Z001",0
"0101261","6190","01/01/26 00:00:00",0,15,1,0,0,0,0,0,0,0,0,0,0,0,"01",1462,0,0,"Z001",0
"0101261","252029","01/01/26 00:00:00",0,1,1,0,0,0,0,0,0,0,25,0,0,0,"01",1434,0,0,"Z001",0
"0101261","241910","01/01/26 00:00:00",0,34,1,0,0,0,0,1,0,0,17.03,0,0,0,"01",1410,0,0,"Z001",0
"0101261","993","01/01/26 00:00:00",0,50,1,0,0,0,0,1,0,0,0,0,0,0,"01",1556,0,0,"Z001",0
"0101261","6479","01/01/26 00:00:00",0,13,1,0,0,0,0,1,0,0,0,0,0,0,"01",1503,0,0,"Z001",0
"0101261","6619","01/01/26 00:00:00",0,22,1,0,0,0,0,1,0,0,0,0,0,0,"01",1528,0,0,"Z001",0
"0101261","6190","01/01/26 00:00:00",0,15,1,0,0,0,0,0,0,0,0,0,0,0,"01",1462,0,0,"Z001",0
"0101261","6479","01/01/26 00:00:00",0,13,1,0,0,0,0,1,0,0,0,0,0,0,"01",1503,0,0,"Z001",0
"0101261","6619","01/01/26 00:00:00",0,22,1,0,0,0,0,1,0,0,0,0,0,0,"01",1528,0,0,"Z001",0
"0101261","1010","01/01/26 00:00:00",0,2,1,0,0,0,0,1,0,0,0,0,0,0,"01",1353,0,0,"Z001",0
"0101261","252029","01/01/26 00:00:00",0,1,1,0,0,0,0,0,0,0,25,0,0,0,"01",1434,0,0,"Z001",0
"0101261","6190","01/01/26 00:00:00",0,15,1,0,0,0,0,0,0,0,0,0,0,0,"01",1462,0,0,"Z001",0
"0101261","6479","01/01/26 00:00:00",0,13,1,0,0,0,0,1,0,0,0,0,0,0,"01",1503,0,0,"Z001",0
"0101261","6619","01/01/26 00:00:00",0,22,1,0,0,0,0,1,0,0,0,0,0,0,"01",1528,0,0,"Z001",0
"0101261","1010","01/01/26 00:00:00",0,2,1,0,0,0,0,1,0,0,0,0,0,0,"01",1353,0,0,"Z001",0
"0101261","1010","01/01/26 00:00:00",0,2,1,0,0,0,0,1,0,0,0,0,0,0,"01",1353,0,0,"Z001",0
"0101261","241910","01/01/26 00:00:00",0,34,1,0,0,0,0,1,0,0,17.03,0,0,0,"01",1410,0,0,"Z001",0
"0101261","993","01/01/26 00:00:00",0,50,1,0,0,0,0,1,0,0,0,0,0,0,"01",1556,0,0,"Z001",0
"0101261","6479","01/01/26 00:00:00",0,13,1,0,0,0,0,1,0,0,0,0,0,0,"01",1503,0,0,"Z001",0
"0101261","6619","01/01/26 00:00:00",0,22,1,0,0,0,0,1,0,0,0,0,0,0,"01",1528,0,0,"Z001",0
"0101261","1010","01/01/26 00:00:00",0,2,1,0,0,0,0,1,0,0,0,0,0,0,"01",1353,0,0,"Z001",0
"0101261","252029","01/01/26 00:00:00",0,1,1,0,0,0,0,0,0,0,25,0,0,0,"01",1434,0,0,"Z001",0
"0101261","6190","01/01/26 00:00:00",0,15,1,0,0,0,0,0,0,0,0,0,0,0,"01",1462,0,0,"Z001",0
"0101261","252029","01/01/26 00:00:00",0,1,1,0,0,0,0,0,0,0,25,0,0,0,"01",1434,0,0,"Z001",0
"0101261","6190","01/01/26 00:00:00",0,15,1,0,0,0,0,0,0,0,0,0,0,0,"01",1462,0,0,"Z001",0
"0101261","252029","01/01/26 00:00:00",0,1,1,0,0,0,0,0,0,0,25,0,0,0,"01",1434,0,0,"Z001",0
"0101261","1010","01/01/26 00:00:00",0,2,1,0,0,0,0,1,0,0,0,0,0,0,"01",1353,0,0,"Z001",0
"0101261","241910","01/01/26 00:00:00",0,34,1,0,0,0,0,1,0,0,17.03,0,0,0,"01",1410,0,0,"Z001",0
"0101261","993","01/01/26 00:00:00",0,50,1,0,0,0,0,1,0,0,0,0,0,0,"01",1556,0,0,"Z001",0
"0101261","241910","01/01/26 00:00:00",0,34,1,0,0,0,0,1,0,0,17.03,0,0,0,"01",1410,0,0,"Z001",0
"0101261","993","01/01/26 00:00:00",0,50,1,0,0,0,0,1,0,0,0,0,0,0,"01",1556,0,0,"Z001",0
"0101261","6479","01/01/26 00:00:00",0,13,1,0,0,0,0,1,0,0,0,0,0,0,"01",1503,0,0,"Z001",0
"0101261","6619","01/01/26 00:00:00",0,22,1,0,0,0,0,1,0,0,0,0,0,0,"01",1528,0,0,"Z001",0
"0101261","1010","01/01/26 00:00:00",0,2,1,0,0,0,0,1,0,0,0,0,0,0,"01",1353,0,0,"Z001",0
"0101261","6190","01/01/26 00:00:00",0,15,1,0,0,0,0,0,0,0,0,0,0,0,"01",1462,0,0,"Z001",0
"0101261","252029","01/01/26 00:00:00",0,1,1,0,0,0,0,0,0,0,25,0,0,0,"01",1434,0,0,"Z001",0
"0101261","6190","01/01/26 00:00:00",0,15,1,0,0,0,0,0,0,0,0,0,0,0,"01",1462,0,0,"Z001",0
"0101261","241910","01/01/26 00:00:00",0,34,1,0,0,0,0,1,0,0,17.03,0,0,0,"01",1410,0,0,"Z001",0
"0101261","993","01/01/26 00:00:00",0,50,1,0,0,0,0,1,0,0,0,0,0,0,"01",1556,0,0,"Z001",0
"0101261","252029","01/01/26 00:00:00",0,1,1,0,0,0,0,0,0,0,25,0,0,0,"01",1434,0,0,"Z001",0
"0101261","6190","01/01/26 00:00:00",0,15,1,0,0,0,0,0,0,0,0,0,0,0,"01",1462,0,0,"Z001",0
"0101261","241910","01/01/26 00:00:00",0,34,1,0,0,0,0,1,0,0,17.03,0,0,0,"01",1410,0,0,"Z001",0
"0101261","993","01/01/26 00:00:00",0,50,1,0,0,0,0,1,0,0,0,0,0,0,"01",1556,0,0,"Z001",0
"0101261","6479","01/01/26 00:00:00",0,13,1,0,0,0,0,1,0,0,0,0,0,0,"01",1503,0,0,"Z001",0
"0101261","6619","01/01/26 00:00:00",0,22,1,0,0,0,0,1,0,0,0,0,0,0,"01",1528,0,0,"Z001",0
"0101261","241910","01/01/26 00:00:00",0,34,1,0,0,0,0,1,0,0,17.03,0,0,0,"01",1410,0,0,"Z001",0
"0101261","993","01/01/26 00:00:00",0,50,1,0,0,0,0,1,0,0,0,0,0,0,"01",1556,0,0,"Z001",0
"0101261","6479","01/01/26 00:00:00",0,13,1,0,0,0,0,1,0,0,0,0,0,0,"01",1503,0,0,"Z001",0
"0101261","6619","01/01/26 00:00:00",0,22,1,0,0,0,0,1,0,0,0,0,0,0,"01",1528,0,0,"Z001",0
"0101261","1010","01/01/26 00:00:00",0,2,1,0,0,0,0,1,0,0,0,0,0,0,"01",1353,0,0,"Z001",0
"0101261","241910","01/01/26 00:00:00",0,34,1,0,0,0,0,1,0,0,17.03,0,0,0,"01",1410,0,0,"Z001",0
"0101261","993","01/01/26 00:00:00",0,50,1,0,0,0,0,1,0,0,0,0,0,0,"01",1556,0,0,"Z001",0
"0101261","6479","01/01/26 00:00:00",0,13,1,0,0,0,0,1,0,0,0,0,0,0,"01",1503,0,0,"Z001",0
"0101261","6619","01/01/26 00:00:00",0,22,1,0,0,0,0,1,0,0,0,0,0,0,"01",1528,0,0,"Z001",0
"0101261","1010","01/01/26 00:00:00",0,2,1,0,0,0,0,1,0,0,0,0,0,0,"01",1353,0,0,"Z001",0
"0101261","252029","01/01/26 00:00:00",0,1,1,0,0,0,0,0,0,0,25,0,0,0,"01",1434,0,0,"Z001",0
"0101261","6190","01/01/26 00:00:00",0,15,1,0,0,0,0,0,0,0,0,0,0,0,"01",1462,0,0,"Z001",0
"0101261","252029","01/01/26 00:00:00",0,1,1,0,0,0,0,0,0,0,25,0,0,0,"01",1434,0,0,"Z001",0
"0101261","241910","01/01/26 00:00:00",0,34,1,0,0,0,0,1,0,0,17.03,0,0,0,"01",1410,0,0,"Z001",0
"0101261","993","01/01/26 00:00:00",0,50,1,0,0,0,0,1,0,0,0,0,0,0,"01",1556,0,0,"Z001",0
"0101261","6479","01/01/26 00:00:00",0,13,1,0,0,0,0,1,0,0,0,0,0,0,"01",1503,0,0,"Z001",0
"0101261","6619","01/01/26 00:00:00",0,22,1,0,0,0,0,1,0,0,0,0,0,0,"01",1528,0,0,"Z001",0
"0101261","1010","01/01/26 00:00:00",0,2,1,0,0,0,0,1,0,0,0,0,0,0,"01",1353,0,0,"Z001",0
"0101261","6190","01/01/26 00:00:00",0,15,1,0,0,0,0,0,0,0,0,0,0,0,"01",1462,0,0,"Z001",0
"0101261","6479","01/01/26 00:00:00",0,13,1,0,0,0,0,1,0,0,0,0,0,0,"01",1503,0,0,"Z001",0
"0101261","6619","01/01/26 00:00:00",0,22,1,0,0,0,0,1,0,0,0,0,0,0,"01",1528,0,0,"Z001",0
"0101261","1010","01/01/26 00:00:00",0,2,1,0,0,0,0,1,0,0,0,0,0,0,"01",1353,0,0,"Z001",0
"0101261","252029","01/01/26 00:00:00",0,1,1,0,0,0,0,0,0,0,25,0,0,0,"01",1434,0,0,"Z001",0
"0101261","6190","01/01/26 00:00:00",0,15,1,0,0,0,0,0,0,0,0,0,0,0,"01",1462,0,0,"Z001",0
"0101261","6479","01/01/26 00:00:00",0,13,1,0,0,0,0,1,0,0,0,0,0,0,"01",1503,0,0,"Z001",0
"0101261","6619","01/01/26 00:00:00",0,22,1,0,0,0,0,1,0,0,0,0,0,0,"01",1528,0,0,"Z001",0
"0101261","1010","01/01/26 00:00:00",0,2,1,0,0,0,0,1,0,0,0,0,0,0,"01",1353,0,0,"Z001",0
"0101261","241910","01/01/26 00:00:00",0,34,1,0,0,0,0,1,0,0,17.03,0,0,0,"01",1410,0,0,"Z001",0
"0101261","993","01/01/26 00:00:00",0,50,1,0,0,0,0,1,0,0,0,0,0,0,"01",1556,0,0,"Z001",0
"0101261","6479","01/01/26 00:00:00",0,13,1,0,0,0,0,1,0,0,0,0,0,0,"01",1503,0,0,"Z001",0
"0101261","6619","01/01/26 00:00:00",0,22,1,0,0,0,0,1,0,0,0,0,0,0,"01",1528,0,0,"Z001",0
"0101261","1010","01/01/26 00:00:00",0,2,1,0,0,0,0,1,0,0,0,0,0,0,"01",1353,0,0,"Z001",0
"0101261","252029","01/01/26 00:00:00",0,1,1,0,0,0,0,0,0,0,25,0,0,0,"01",1434,0,0,"Z001",0
"0101261","6190","01/01/26 00:00:00",0,15,1,0,0,0,0,0,0,0,0,0,0,0,"01",1462,0,0,"Z001",0
"0101261","241910","01/01/26 00:00:00",0,34,1,0,0,0,0,1,0,0,17.03,0,0,0,"01",1410,0,0,"Z001",0
"0101261","993","01/01/26 00:00:00",0,50,1,0,0,0,0,1,0,0,0,0,0,0,"01",1556,0,0,"Z001",0
"0101261","241910","01/01/26 00:00:00",0,34,1,0,0,0,0,1,0,0,17.03,0,0,0,"01",1410,0,0,"Z001",0
"0101261","993","01/01/26 00:00:00",0,50,1,0,0,0,0,1,0,0,0,0,0,0,"01",1556,0,0,"Z001",0
"0101261","6479","01/01/26 00:00:00",0,13,1,0,0,0,0,1,0,0,0,0,0,0,"01",1503,0,0,"Z001",0
"0101261","6619","01/01/26 00:00:00",0,22,1,0,0,0,0,1,0,0,0,0,0,0,"01",1528,0,0,"Z001",0
"0101261","1010","01/01/26 00:00:00",0,2,1,0,0,0,0,1,0,0,0,0,0,0,"01",1353,0,0,"Z001",0
"0101261","241910","01/01/26 00:00:00",0,34,1,0,0,0,0,1,0,0,17.03,0,0,0,"01",1410,0,0,"Z001",0
"0101261","993","01/01/26 00:00:00",0,50,1,0,0,0,0,1,0,0,0,0,0,0,"01",1556,0,0,"Z001",0
"0101261","252029","01/01/26 00:00:00",0,1,1,0,0,0,0,0,0,0,25,0,0,0,"01",1434,0,0,"Z001",0
"0101261","6190","01/01/26 00:00:00",0,15,1,0,0,0,0,0,0,0,0,0,0,0,"01",1462,0,0,"Z001",0
"0101261","241910","01/01/26 00:00:00",0,34,1,0,0,0,0,1,0,0,17.03,0,0,0,"01",1410,0,0,"Z001",0
"0101261","993","01/01/26 00:00:00",0,50,1,0,0,0,0,1,0,0,0,0,0,0,"01",1556,0,0,"Z001",0
"0101261","6479","01/01/26 00:00:00",0,13,1,0,0,0,0,1,0,0,0,0,0,0,"01",1503,0,0,"Z001",0
"0101261","6619","01/01/26 00:00:00",0,22,1,0,0,0,0,1,0,0,0,0,0,0,"01",1528,0,0,"Z001",0
"0101261","252029","01/01/26 00:00:00",0,1,1,0,0,0,0,0,0,0,25,0,0,0,"01",1434,0,0,"Z001",0
"0101261","6190","01/01/26 00:00:00",0,15,1,0,0,0,0,0,0,0,0,0,0,0,"01",1462,0,0,"Z001",0
"0101261","252029","01/01/26 00:00:00",0,1,1,0,0,0,0,0,0,0,25,0,0,0,"01",1434,0,0,"Z001",0
"0101261","241910","01/01/26 00:00:00",0,34,1,0,0,0,0,1,0,0,17.03,0,0,0,"01",1410,0,0,"Z001",0
"0101261","993","01/01/26 00:00:00",0,50,1,0,0,0,0,1,0,0,0,0,0,0,"01",1556,0,0,"Z001",0
"0101261","6479","01/01/26 00:00:00",0,13,1,0,0,0,0,1,0,0,0,0,0,0,"01",1503,0,0,"Z001",0
"0101261","6619","01/01/26 00:00:00",0,22,1,0,0,0,0,1,0,0,0,0,0,0,"01",1528,0,0,"Z001",0
"0101261","1010","01/01/26 00:00:00",0,2,1,0,0,0,0,1,0,0,0,0,0,0,"01",1353,0,0,"Z001",0
"0101261","6190","01/01/26 00:00:00",0,15,1,0,0,0,0,0,0,0,0,0,0,0,"01",1462,0,0,"Z001",0
"0101261","252029","01/01/26 00:00:00",0,1,1,0,0,0,0,0,0,0,25,0,0,0,"01",1434,0,0,"Z001",0
"0101261","6190","01/01/26 00:00:00",0,15,1,0,0,0,0,0,0,0,0,0,0,0,"01",1462,0,0,"Z001",0
"0101261","6479","01/01/26 00:00:00",0,13,1,0,0,0,0,1,0,0,0,0,0,0,"01",1503,0,0,"Z001",0
"0101261","6619","01/01/26 00:00:00",0,22,1,0,0,0,0,1,0,0,0,0,0,0,"01",1528,0,0,"Z001",0
"0101261","1010","01/01/26 00:00:00",0,2,1,0,0,0,0,1,0,0,0,0,0,0,"01",1353,0,0,"Z001",0
"0101261","252029","01/01/26 00:00:00",0,1,1,0,0,0,0,0,0,0,25,0,0,0,"01",1434,0,0,"Z001",0
"0101261","241910","01/01/26 00:00:00",0,34,1,0,0,0,0,1,0,0,17.03,0,0,0,"01",1410,0,0,"Z001",0
"0101261","993","01/01/26 00:00:00",0,50,1,0,0,0,0,1,0,0,0,0,0,0,"01",1556,0,0,"Z001",0
"0101261","6479","01/01/26 00:00:00",0,13,1,0,0,0,0,1,0,0,0,0,0,0,"01",1503,0,0,"Z001",0
"0101261","6619","01/01/26 00:00:00",0,22,1,0,0,0,0,1,0,0,0,0,0,0,"01",1528,0,0,"Z001",0
"0101261","1010","01/01/26 00:00:00",0,2,1,0,0,0,0,1,0,0,0,0,0,0,"01",1353,0,0,"Z001",0
"0101261","1010","01/01/26 00:00:00",0,2,1,0,0,0,0,1,0,0,0,0,0,0,"01",1353,0,0,"Z001",0
"0101261","1010","01/01/26 00:00:00",0,2,1,0,0,0,0,1,0,0,0,0,0,0,"01",1353,0,0,"Z001",0
"0101261","6190","01/01/26 00:00:00",0,15,1,0,0,0,0,0,0,0,0,0,0,0,"01",1462,0,0,"Z001",0
"0101261","252029","01/01/26 00:00:00",0,1,1,0,0,0,0,0,0,0,25,0,0,0,"01",1434,0,0,"Z001",0
"0101261","6190","01/01/26 00:00:00",0,15,1,0,0,0,0,0,0,0,0,0,0,0,"01",1462,0,0,"Z001",0
"0101261","252029","01/01/26 00:00:00",0,1,1,0,0,0,0,0,0,0,25,0,0,0,"01",1434,0,0,"Z001",0
"0101261","6190","01/01/26 00:00:00",0,15,1,0,0,0,0,0,0,0,0,0,0,0,"01",1462,0,0,"Z001",0
"0101261","241910","01/01/26 00:00:00",0,34,1,0,0,0,0,1,0,0,17.03,0,0,0,"01",1410,0,0,"Z001",0
"0101261","993","01/01/26 00:00:00",0,50,1,0,0,0,0,1,0,0,0,0,0,0,"01",1556,0,0,"Z001",0
"0101261","241910","01/01/26 00:00:00",0,34,1,0,0,0,0,1,0,0,17.03,0,0,0,"01",1410,0,0,"Z001",0
"0101261","993","01/01/26 00:00:00",0,50,1,0,0,0,0,1,0,0,0,0,0,0,"01",1556,0,0,"Z001",0
"0101261","6479","01/01/26 00:00:00",0,13,1,0,0,0,0,1,0,0,0,0,0,0,"01",1503,0,0,"Z001",0
"0101261","6619","01/01/26 00:00:00",0,22,1,0,0,0,0,1,0,0,0,0,0,0,"01",1528,0,0,"Z001",0
"0101261","1010","01/01/26 00:00:00",0,2,1,0,0,0,0,1,0,0,0,0,0,0,"01",1353,0,0,"Z001",0
"0101261","252029","01/01/26 00:00:00",0,1,1,0,0,0,0,0,0,0,25,0,0,0,"01",1434,0,0,"Z001",0
"0101261","6190","01/01/26 00:00:00",0,15,1,0,0,0,0,0,0,0,0,0,0,0,"01",1462,0,0,"Z001",0
"0101261","241910","01/01/26 00:00:00",0,34,1,0,0,0,0,1,0,0,17.03,0,0,0,"01",1410,0,0,"Z001",0
"0101261","993","01/01/26 00:00:00",0,50,1,0,0,0,0,1,0,0,0,0,0,0,"01",1556,0,0,"Z001",0
"0101261","6479","01/01/26 00:00:00",0,13,1,0,0,0,0,1,0,0,0,0,0,0,"01",1503,0,0,"Z001",0
"0101261","6619","01/01/26 00:00:00",0,22,1,0,0,0,0,1,0,0,0,0,0,0,"01",1528,0,0,"Z001",0
"0101261","1010","01/01/26 00:00:00",0,2,1,0,0,0,0,1,0,0,0,0,0,0,"01",1353,0,0,"Z001",0
"0101261","252029","01/01/26 00:00:00",0,1,1,0,0,0,0,0,0,0,25,0,0,0,"01",1434,0,0,"Z001",0
"0101261","6190","01/01/26 00:00:00",0,15,1,0,0,0,0,0,0,0,0,0,0,0,"01",1462,0,0,"Z001",0
"0101261","241910","01/01/26 00:00:00",0,34,1,0,0,0,0,1,0,0,17.03,0,0,0,"01",1410,0,0,"Z001",0
"0101261","993","01/01/26 00:00:00",0,50,1,0,0,0,0,1,0,0,0,0,0,0,"01",1556,0,0,"Z001",0
"0101261","6479","01/01/26 00:00:00",0,13,1,0,0,0,0,1,0,0,0,0,0,0,"01",1503,0,0,"Z001",0
"0101261","6619","01/01/26 00:00:00",0,22,1,0,0,0,0,1,0,0,0,0,0,0,"01",1528,0,0,"Z001",0
"0101261","252029","01/01/26 00:00:00",0,1,1,0,0,0,0,0,0,0,25,0,0,0,"01",1434,0,0,"Z001",0
"0101261","241910","01/01/26 00:00:00",0,34,1,0,0,0,0,1,0,0,17.03,0,0,0,"01",1410,0,0,"Z001",0
"0101261","993","01/01/26 00:00:00",0,50,1,0,0,0,0,1,0,0,0,0,0,0,"01",1556,0,0,"Z001",0
"0101261","6479","01/01/26 00:00:00",0,13,1,0,0,0,0,1,0,0,0,0,0,0,"01",1503,0,0,"Z001",0
"0101261","6619","01/01/26 00:00:00",0,22,1,0,0,0,0,1,0,0,0,0,0,0,"01",1528,0,0,"Z001",0
"0101261","1010","01/01/26 00:00:00",0,2,1,0,0,0,0,1,0,0,0,0,0,0,"01",1353,0,0,"Z001",0
"0101261","6190","01/01/26 00:00:00",0,15,1,0,0,0,0,0,0,0,0,0,0,0,"01",1462,0,0,"Z001",0
"0101261","241910","01/01/26 00:00:00",0,34,1,0,0,0,0,1,0,0,17.03,0,0,0,"01",1410,0,0,"Z001",0
"0101261","993","01/01/26 00:00:00",0,50,1,0,0,0,0,1,0,0,0,0,0,0,"01",1556,0,0,"Z001",0
"0101261","6479","01/01/26 00:00:00",0,13,1,0,0,0,0,1,0,0,0,0,0,0,"01",1503,0,0,"Z001",0
"0101261","6619","01/01/26 00:00:00",0,22,1,0,0,0,0,1,0,0,0,0,0,0,"01",1528,0,0,"Z001",0
"0101261","1010","01/01/26 00:00:00",0,2,1,0,0,0,0,1,0,0,0,0,0,0,"01",1353,0,0,"Z001",0
"0101261","252029","01/01/26 00:00:00",0,1,1,0,0,0,0,0,0,0,25,0,0,0,"01",1434,0,0,"Z001",0
"0101261","6190","01/01/26 00:00:00",0,15,1,0,0,0,0,0,0,0,0,0,0,0,"01",1462,0,0,"Z001",0
"0101261","241910","01/01/26 00:00:00",0,34,1,0,0,0,0,1,0,0,17.03,0,0,0,"01",1410,0,0,"Z001",0
"0101261","993","01/01/26 00:00:00",0,50,1,0,0,0,0,1,0,0,0,0,0,0,"01",1556,0,0,"Z001",0
"0101261","6479","01/01/26 00:00:00",0,13,1,0,0,0,0,1,0,0,0,0,0,0,"01",1503,0,0,"Z001",0
"0101261","6619","01/01/26 00:00:00",0,22,1,0,0,0,0,1,0,0,0,0,0,0,"01",1528,0,0,"Z001",0
"0101261","252029","01/01/26 00:00:00",0,1,1,0,0,0,0,0,0,0,25,0,0,0,"01",1434,0,0,"Z001",0
"0101261","6190","01/01/26 00:00:00",0,15,1,0,0,0,0,0,0,0,0,0,0,0,"01",1462,0,0,"Z001",0
"0101261","252029","01/01/26 00:00:00",0,1,1,0,0,0,0,0,0,0,25,0,0,0,"01",1434,0,0,"Z001",0
"0101261","6190","01/01/26 00:00:00",0,15,1,0,0,0,0,0,0,0,0,0,0,0,"01",1462,0,0,"Z001",0
"0101261","1010","01/01/26 00:00:00",0,2,1,0,0,0,0,1,0,0,0,0,0,0,"01",1353,0,0,"Z001",0
"0101261","252029","01/01/26 00:00:00",0,1,1,0,0,0,0,0,0,0,25,0,0,0,"01",1434,0,0,"Z001",0
"0101261","241910","01/01/26 00:00:00",0,34,1,0,0,0,0,1,0,0,17.03,0,0,0,"01",1410,0,0,"Z001",0
"0101261","993","01/01/26 00:00:00",0,50,1,0,0,0,0,1,0,0,0,0,0,0,"01",1556,0,0,"Z001",0
"0101261","6479","01/01/26 00:00:00",0,13,1,0,0,0,0,1,0,0,0,0,0,0,"01",1503,0,0,"Z001",0
"0101261","6619","01/01/26 00:00:00",0,22,1,0,0,0,0,1,0,0,0,0,0,0,"01",1528,0,0,"Z001",0
"0101261","1010","01/01/26 00:00:00",0,2,1,0,0,0,0,1,0,0,0,0,0,0,"01",1353,0,0,"Z001",0
"0101261","6190","01/01/26 00:00:00",0,15,1,0,0,0,0,0,0,0,0,0,0,0,"01",1462,0,0,"Z001",0
"0101261","241910","01/01/26 00:00:00",0,34,1,0,0,0,0,1,0,0,17.03,0,0,0,"01",1410,0,0,"Z001",0
"0101261","993","01/01/26 00:00:00",0,50,1,0,0,0,0,1,0,0,0,0,0,0,"01",1556,0,0,"Z001",0
"0101261","6479","01/01/26 00:00:00",0,13,1,0,0,0,0,1,0,0,0,0,0,0,"01",1503,0,0,"Z001",0
"0101261","6619","01/01/26 00:00:00",0,22,1,0,0,0,0,1,0,0,0,0,0,0,"01",1528,0,0,"Z001",0
"0101261","1010","01/01/26 00:00:00",0,2,1,0,0,0,0,1,0,0,0,0,0,0,"01",1353,0,0,"Z001",0
"0101261","1010","01/01/26 00:00:00",0,2,1,0,0,0,0,1,0,0,0,0,0,0,"01",1353,0,0,"Z001",0
"0101261","241910","01/01/26 00:00:00",0,34,1,0,0,0,0,1,0,0,17.03,0,0,0,"01",1410,0,0,"Z001",0
"0101261","993","01/01/26 00:00:00",0,50,1,0,0,0,0,1,0,0,0,0,0,0,"01",1556,0,0,"Z001",0
"0101261","6479","01/01/26 00:00:00",0,13,1,0,0,0,0,1,0,0,0,0,0,0,"01",1503,0,0,"Z001",0
"0101261","6619","01/01/26 00:00:00",0,22,1,0,0,0,0,1,0,0,0,0,0,0,"01",1528,0,0,"Z001",0
"0101261","241910","01/01/26 00:00:00",0,34,1,0,0,0,0,1,0,0,17.03,0,0,0,"01",1410,0,0,"Z001",0
"0101261","993","01/01/26 00:00:00",0,50,1,0,0,0,0,1,0,0,0,0,0,0,"01",1556,0,0,"Z001",0
"0101261","6479","01/01/26 00:00:00",0,13,1,0,0,0,0,1,0,0,0,0,0,0,"01",1503,0,0,"Z001",0
"0101261","6619","01/01/26 00:00:00",0,22,1,0,0,0,0,1,0,0,0,0,0,0,"01",1528,0,0,"Z001",0
"0101261","1010","01/01/26 00:00:00",0,2,1,0,0,0,0,1,0,0,0,0,0,0,"01",1353,0,0,"Z001",0
"0101261","252029","01/01/26 00:00:00",0,1,1,0,0,0,0,0,0,0,25,0,0,0,"01",1434,0,0,"Z001",0
"0101261","6190","01/01/26 00:00:00",0,15,1,0,0,0,0,0,0,0,0,0,0,0,"01",1462,0,0,"Z001",0
"0101261","252029","01/01/26 00:00:00",0,1,1,0,0,0,0,0,0,0,25,0,0,0,"01",1434,0,0,"Z001",0
"0101261","241910","01/01/26 00:00:00",0,34,1,0,0,0,0,1,0,0,17.03,0,0,0,"01",1410,0,0,"Z001",0
"0101261","993","01/01/26 00:00:00",0,50,1,0,0,0,0,1,0,0,0,0,0,0,"01",1556,0,0,"Z001",0
"0101261","6479","01/01/26 00:00:00",0,13,1,0,0,0,0,1,0,0,0,0,0,0,"01",1503,0,0,"Z001",0
"0101261","6619","01/01/26 00:00:00",0,22,1,0,0,0,0,1,0,0,0,0,0,0,"01",1528,0,0,"Z001",0
"0101261","6190","01/01/26 00:00:00",0,15,1,0,0,0,0,0,0,0,0,0,0,0,"01",1462,0,0,"Z001",0
"0101261","252029","01/01/26 00:00:00",0,1,1,0,0,0,0,0,0,0,25,0,0,0,"01",1434,0,0,"Z001",0
"0101261","241910","01/01/26 00:00:00",0,34,1,0,0,0,0,1,0,0,17.03,0,0,0,"01",1410,0,0,"Z001",0
"0101261","993","01/01/26 00:00:00",0,50,1,0,0,0,0,1,0,0,0,0,0,0,"01",1556,0,0,"Z001",0
"0101261","6479","01/01/26 00:00:00",0,13,1,0,0,0,0,1,0,0,0,0,0,0,"01",1503,0,0,"Z001",0
"0101261","6190","01/01/26 00:00:00",0,15,1,0,0,0,0,0,0,0,0,0,0,0,"01",1462,0,0,"Z001",0
"0101261","252029","01/01/26 00:00:00",0,1,1,0,0,0,0,0,0,0,25,0,0,0,"01",1434,0,0,"Z001",0
"0101261","241910","01/01/26 00:00:00",0,34,1,0,0,0,0,1,0,0,17.03,0,0,0,"01",1410,0,0,"Z001",0
"0101261","993","01/01/26 00:00:00",0,50,1,0,0,0,0,1,0,0,0,0,0,0,"01",1556,0,0,"Z001",0
"0101261","6479","01/01/26 00:00:00",0,13,1,0,0,0,0,1,0,0,0,0,0,0,"01",1503,0,0,"Z001",0
"0101261","6619","01/01/26 00:00:00",0,22,1,0,0,0,0,1,0,0,0,0,0,0,"01",1528,0,0,"Z001",0
"0101261","1010","01/01/26 00:00:00",0,2,1,0,0,0,0,1,0,0,0,0,0,0,"01",1353,0,0,"Z001",0
"0101261","252029","01/01/26 00:00:00",0,1,1,0,0,0,0,0,0,0,25,0,0,0,"01",1434,0,0,"Z001",0
"0101261","6190","01/01/26 00:00:00",0,15,1,0,0,0,0,0,0,0,0,0,0,0,"01",1462,0,0,"Z001",0
"0101261","241910","01/01/26 00:00:00",0,34,1,0,0,0,0,1,0,0,17.03,0,0,0,"01",1410,0,0,"Z001",0
"0101261","993","01/01/26 00:00:00",0,50,1,0,0,0,0,1,0,0,0,0,0,0,"01",1556,0,0,"Z001",0
"0101261","6479","01/01/26 00:00:00",0,13,1,0,0,0,0,1,0,0,0,0,0,0,"01",1503,0,0,"Z001",0
"0101261","6619","01/01/26 00:00:00",0,22,1,0,0,0,0,1,0,0,0,0,0,0,"01",1528,0,0,"Z001",0
"0101261","1010","01/01/26 00:00:00",0,2,1,0,0,0,0,1,0,0,0,0,0,0,"01",1353,0,0,"Z001",0
"0101261","252029","01/01/26 00:00:00",0,1,1,0,0,0,0,0,0,0,25,0,0,0,"01",1434,0,0,"Z001",0
"0101261","6190","01/01/26 00:00:00",0,15,1,0,0,0,0,0,0,0,0,0,0,0,"01",1462,0,0,"Z001",0
"0101261","252029","01/01/26 00:00:00",0,1,1,0,0,0,0,0,0,0,25,0,0,0,"01",1434,0,0,"Z001",0
"0101261","241910","01/01/26 00:00:00",0,34,1,0,0,0,0,1,0,0,17.03,0,0,0,"01",1410,0,0,"Z001",0
"0101261","993","01/01/26 00:00:00",0,50,1,0,0,0,0,1,0,0,0,0,0,0,"01",1556,0,0,"Z001",0
"0101261","6479","01/01/26 00:00:00",0,13,1,0,0,0,0,1,0,0,0,0,0,0,"01",1503,0,0,"Z001",0
"0101261","6619","01/01/26 00:00:00",0,22,1,0,0,0,0,1,0,0,0,0,0,0,"01",1528,0,0,"Z001",0
"0101261","1010","01/01/26 00:00:00",0,2,1,0,0,0,0,1,0,0,0,0,0,0,"01",1353,0,0,"Z001",0
"0101261","6190","01/01/26 00:00:00",0,15,1,0,0,0,0,0,0,0,0,0,0,0,"01",1462,0,0,"Z001",0
"0101261","241910","01/01/26 00:00:00",0,34,1,0,0,0,0,1,0,0,17.03,0,0,0,"01",1410,0,0,"Z001",0
"0101261","993","01/01/26 00:00:00",0,50,1,0,0,0,0,1,0,0,0,0,0,0,"01",1556,0,0,"Z001",0
"0101261","252029","01/01/26 00:00:00",0,1,1,0,0,0,0,0,0,0,25,0,0,0,"01",1434,0,0,"Z001",0
"0101261","6190","01/01/26 00:00:00",0,15,1,0,0,0,0,0,0,0,0,0,0,0,"01",1462,0,0,"Z001",0
"0101261","6479","01/01/26 00:00:00",0,13,1,0,0,0,0,1,0,0,0,0,0,0,"01",1503,0,0,"Z001",0
"0101261","6619","01/01/26 00:00:00",0,22,1,0,0,0,0,1,0,0,0,0,0,0,"01",1528,0,0,"Z001",0
"0101261","1010","01/01/26 00:00:00",0,2,1,0,0,0,0,1,0,0,0,0,0,0,"01",1353,0,0,"Z001",0
"0101261","252029","01/01/26 00:00:00",0,1,1,0,0,0,0,0,0,0,25,0,0,0,"01",1434,0,0,"Z001",0
"0101261","6190","01/01/26 00:00:00",0,15,1,0,0,0,0,0,0,0,0,0,0,0,"01",1462,0,0,"Z001",0
"0101261","241910","01/01/26 00:00:00",0,34,1,0,0,0,0,1,0,0,17.03,0,0,0,"01",1410,0,0,"Z001",0
"0101261","993","01/01/26 00:00:00",0,50,1,0,0,0,0,1,0,0,0,0,0,0,"01",1556,0,0,"Z001",0
"0101261","252029","01/01/26 00:00:00",0,1,1,0,0,0,0,0,0,0,25,0,0,0,"01",1434,0,0,"Z001",0
"0101261","6190","01/01/26 00:00:00",0,15,1,0,0,0,0,0,0,0,0,0,0,0,"01",1462,0,0,"Z001",0
"0101261","252029","01/01/26 00:00:00",0,1,1,0,0,0,0,0,0,0,25,0,0,0,"01",1434,0,0,"Z001",0
"0101261","6479","01/01/26 00:00:00",0,13,1,0,0,0,0,1,0,0,0,0,0,0,"01",1503,0,0,"Z001",0
"0101261","6619","01/01/26 00:00:00",0,22,1,0,0,0,0,1,0,0,0,0,0,0,"01",1528,0,0,"Z001",0
"0101261","1010","01/01/26 00:00:00",0,2,1,0,0,0,0,1,0,0,0,0,0,0,"01",1353,0,0,"Z001",0
"0101261","6190","01/01/26 00:00:00",0,15,1,0,0,0,0,0,0,0,0,0,0,0,"01",1462,0,0,"Z001",0
"0101261","241910","01/01/26 00:00:00",0,34,1,0,0,0,0,1,0,0,17.03,0,0,0,"01",1410,0,0,"Z001",0
"0101261","993","01/01/26 00:00:00",0,50,1,0,0,0,0,1,0,0,0,0,0,0,"01",1556,0,0,"Z001",0
"0101261","6479","01/01/26 00:00:00",0,13,1,0,0,0,0,1,0,0,0,0,0,0,"01",1503,0,0,"Z001",0
"0101261","6619","01/01/26 00:00:00",0,22,1,0,0,0,0,1,0,0,0,0,0,0,"01",1528,0,0,"Z001",0
"0101261","1010","01/01/26 00:00:00",0,2,1,0,0,0,0,1,0,0,0,0,0,0,"01",1353,0,0,"Z001",0
"0101261","252029","01/01/26 00:00:00",0,1,1,0,0,0,0,0,0,0,25,0,0,0,"01",1434,0,0,"Z001",0
"0101261","6190","01/01/26 00:00:00",0,15,1,0,0,0,0,0,0,0,0,0,0,0,"01",1462,0,0,"Z001",0
"0101261","6479","01/01/26 00:00:00",0,13,1,0,0,0,0,1,0,0,0,0,0,0,"01",1503,0,0,"Z001",0
"0101261","6619","01/01/26 00:00:00",0,22,1,0,0,0,0,1,0,0,0,0,0,0,"01",1528,0,0,"Z001",0
"0101261","1010","01/01/26 00:00:00",0,2,1,0,0,0,0,1,0,0,0,0,0,0,"01",1353,0,0,"Z001",0
"0101261","241910","01/01/26 00:00:00",0,34,1,0,0,0,0,1,0,0,17.03,0,0,0,"01",1410,0,0,"Z001",0
"0101261","993","01/01/26 00:00:00",0,50,1,0,0,0,0,1,0,0,0,0,0,0,"01",1556,0,0,"Z001",0
"0101261","241910","01/01/26 00:00:00",0,34,1,0,0,0,0,1,0,0,17.03,0,0,0,"01",1410,0,0,"Z001",0
"0101261","993","01/01/26 00:00:00",0,50,1,0,0,0,0,1,0,0,0,0,0,0,"01",1556,0,0,"Z001",0
"0101261","6479","01/01/26 00:00:00",0,13,1,0,0,0,0,1,0,0,0,0,0,0,"01",1503,0,0,"Z001",0
"0101261","252029","01/01/26 00:00:00",0,1,1,0,0,0,0,0,0,0,25,0,0,0,"01",1434,0,0,"Z001",0
"0101261","6619","01/01/26 00:00:00",0,22,1,0,0,0,0,1,0,0,0,0,0,0,"01",1528,0,0,"Z001",0
"0101261","1010","01/01/26 00:00:00",0,2,1,0,0,0,0,1,0,0,0,0,0,0,"01",1353,0,0,"Z001",0
"0101261","241910","01/01/26 00:00:00",0,34,1,0,0,0,0,1,0,0,17.03,0,0,0,"01",1410,0,0,"Z001",0
"0101261","993","01/01/26 00:00:00",0,50,1,0,0,0,0,1,0,0,0,0,0,0,"01",1556,0,0,"Z001",0
"0101261","6479","01/01/26 00:00:00",0,13,1,0,0,0,0,1,0,0,0,0,0,0,"01",1503,0,0,"Z001",0
"0101261","6619","01/01/26 00:00:00",0,22,1,0,0,0,0,1,0,0,0,0,0,0,"01",1528,0,0,"Z001",0
"0101261","1010","01/01/26 00:00:00",0,2,1,0,0,0,0,1,0,0,0,0,0,0,"01",1353,0,0,"Z001",0
"0101261","6190","01/01/26 00:00:00",0,15,1,0,0,0,0,0,0,0,0,0,0,0,"01",1462,0,0,"Z001",0
"0101261","241910","01/01/26 00:00:00",0,34,1,0,0,0,0,1,0,0,17.03,0,0,0,"01",1410,0,0,"Z001",0
"0101261","993","01/01/26 00:00:00",0,50,1,0,0,0,0,1,0,0,0,0,0,0,"01",1556,0,0,"Z001",0
"0101261","6479","01/01/26 00:00:00",0,13,1,0,0,0,0,1,0,0,0,0,0,0,"01",1503,0,0,"Z001",0
"0101261","6619","01/01/26 00:00:00",0,22,1,0,0,0,0,1,0,0,0,0,0,0,"01",1528,0,0,"Z001",0
"0101261","1010","01/01/26 00:00:00",0,2,1,0,0,0,0,1,0,0,0,0,0,0,"01",1353,0,0,"Z001",0
"0101261","252029","01/01/26 00:00:00",0,1,1,0,0,0,0,0,0,0,25,0,0,0,"01",1434,0,0,"Z001",0
"0101261","6190","01/01/26 00:00:00",0,15,1,0,0,0,0,0,0,0,0,0,0,0,"01",1462,0,0,"Z001",0
"0101261","252029","01/01/26 00:00:00",0,1,1,0,0,0,0,0,0,0,25,0,0,0,"01",1434,0,0,"Z001",0
"0101261","241910","01/01/26 00:00:00",0,34,1,0,0,0,0,1,0,0,17.03,0,0,0,"01",1410,0,0,"Z001",0
"0101261","993","01/01/26 00:00:00",0,50,1,0,0,0,0,1,0,0,0,0,0,0,"01",1556,0,0,"Z001",0
"0101261","6479","01/01/26 00:00:00",0,13,1,0,0,0,0,1,0,0,0,0,0,0,"01",1503,0,0,"Z001",0
"0101261","6619","01/01/26 00:00:00",0,22,1,0,0,0,0,1,0,0,0,0,0,0,"01",1528,0,0,"Z001",0
"0101261","1010","01/01/26 00:00:00",0,2,1,0,0,0,0,1,0,0,0,0,0,0,"01",1353,0,0,"Z001",0
"0101261","6190","01/01/26 00:00:00",0,15,1,0,0,0,0,0,0,0,0,0,0,0,"01",1462,0,0,"Z001",0
"0101261","241910","01/01/26 00:00:00",0,34,1,0,0,0,0,1,0,0,17.03,0,0,0,"01",1410,0,0,"Z001",0
"0101261","993","01/01/26 00:00:00",0,50,1,0,0,0,0,1,0,0,0,0,0,0,"01",1556,0,0,"Z001",0
"0101261","6479","01/01/26 00:00:00",0,13,1,0,0,0,0,1,0,0,0,0,0,0,"01",1503,0,0,"Z001",0
"0101261","6619","01/01/26 00:00:00",0,22,1,0,0,0,0,1,0,0,0,0,0,0,"01",1528,0,0,"Z001",0
"0101261","1010","01/01/26 00:00:00",0,2,1,0,0,0,0,1,0,0,0,0,0,0,"01",1353,0,0,"Z001",0
"0101261","252029","01/01/26 00:00:00",0,1,1,0,0,0,0,0,0,0,25,0,0,0,"01",1434,0,0,"Z001",0
"0101261","6190","01/01/26 00:00:00",0,15,1,0,0,0,0,0,0,0,0,0,0,0,"01",1462,0,0,"Z001",0
"0101261","241910","01/01/26 00:00:00",0,34,1,0,0,0,0,1,0,0,17.03,0,0,0,"01",1410,0,0,"Z001",0
"0101261","993","01/01/26 00:00:00",0,50,1,0,0,0,0,1,0,0,0,0,0,0,"01",1556,0,0,"Z001",0
"0101261","6479","01/01/26 00:00:00",0,13,1,0,0,0,0,1,0,0,0,0,0,0,"01",1503,0,0,"Z001",0
"0101261","6619","01/01/26 00:00:00",0,22,1,0,0,0,0,1,0,0,0,0,0,0,"01",1528,0,0,"Z001",0
"0101261","1010","01/01/26 00:00:00",0,2,1,0,0,0,0,1,0,0,0,0,0,0,"01",1353,0,0,"Z001",0
"0101261","252029","01/01/26 00:00:00",0,1,1,0,0,0,0,0,0,0,25,0,0,0,"01",1434,0,0,"Z001",0
"0101261","241910","01/01/26 00:00:00",0,34,1,0,0,0,0,1,0,0,17.03,0,0,0,"01",1410,0,0,"Z001",0
"0101261","993","01/01/26 00:00:00",0,50,1,0,0,0,0,1,0,0,0,0,0,0,"01",1556,0,0,"Z001",0
"0101261","6479","01/01/26 00:00:00",0,13,1,0,0,0,0,1,0,0,0,0,0,0,"01",1503,0,0,"Z001",0
"0101261","6619","01/01/26 00:00:00",0,22,1,0,0,0,0,1,0,0,0,0,0,0,"01",1528,0,0,"Z001",0
"0101261","1010","01/01/26 00:00:00",0,2,1,0,0,0,0,1,0,0,0,0,0,0,"01",1353,0,0,"Z001",0
"0101261","6190","01/01/26 00:00:00",0,15,1,0,0,0,0,0,0,0,0,0,0,0,"01",1462,0,0,"Z001",0
"0101261","252029","01/01/26 00:00:00",0,1,1,0,0,0,0,0,0,0,25,0,0,0,"01",1434,0,0,"Z001",0
"0101261","6190","01/01/26 00:00:00",0,15,1,0,0,0,0,0,0,0,0,0,0,0,"01",1462,0,0,"Z001",0
"14926","1032","03/03/26 00:00:00",30,0,1,0,0,0,0,0,380,30,388.8888888888889,0,0,0,"01",1757,1,0,"Z001",0
"15026","1078","03/03/26 00:00:00",1,0,1,0,0,0,0,0,900,1,900,0,0,0,"01",1758,1,0,"Z001",0
"15126","6390","03/02/26 00:00:00",5,0,1,0,0,0,0,0,500,5,500,0,0,0,"01",1759,1,0,"Z001",0
"15226","5930","03/02/26 00:00:00",3,0,1,0,0,0,0,0,400,3,400,0,0,0,"01",1760,1,0,"Z001",0
"13426","5797","03/04/26 00:00:00",0,1,0,0,1,0,0,0,2500,0,1379.9,0,0,2500,"01",,1,1120.1,"Z001",0
"13626","6030","02/25/26 00:00:00",0,1,0,0,1,0,0,0,100,0,80,0,0,100,"01",,1,20,"Z001",0
"13626","6063","02/25/26 00:00:00",0,1,0,0,1,0,0,0,50,0,41,0,0,50,"01",,1,9,"Z001",0
"13826","5770","02/28/26 00:00:00",0,1,0,0,1,0,0,0,550,0,220,0,0,550,"01",,1,330,"Z001",0
"13826","6451","02/28/26 00:00:00",0,1,0,0,1,0,0,0,750,0,400,0,0,750,"01",,1,350,"Z001",0
"13826","6333","02/28/26 00:00:00",0,2,0,0,1,0,0,0,350,0,230,0,0,350,"01",,1,240,"Z001",0
"13726","6584","02/27/26 00:00:00",0,1,0,0,1,0,0,0,100,0,85,0,0,100,"01",,1,15,"Z001",0
"13726","6587","02/27/26 00:00:00",0,1,0,0,1,0,0,0,200,0,135,0,0,200,"01",,1,65,"Z001",0
"13726","1625","02/27/26 00:00:00",0,1,0,0,1,0,0,0,550,0,320,0,0,550,"01",,1,230,"Z001",0
"13726","6218","02/27/26 00:00:00",0,2,0,0,1,0,0,0,5000,0,3840,0,0,5000,"01",,1,2320,"Z001",0
"15426","6133","02/24/26 00:00:00",50,0,1,0,0,0,0,0,40,50,40,0,0,0,"01",1763,1,0,"Z001",0
"13226","5970","02/20/26 00:00:00",0,3,0,0,1,0,0,0,130,0,75,0,0,130,"01",,1,165,"Z001",0
"13226","252024","02/20/26 00:00:00",0,3,0,0,1,0,0,0,250,0,170,0,0,250,"01",,1,240,"Z001",0
"13226","6030","02/20/26 00:00:00",0,6,0,0,1,0,0,0,100,0,80,0,0,100,"01",,1,120,"Z001",0
"15326","1088","03/05/26 00:00:00",5,0,1,0,0,0,0,0,350,5,350,0,0,0,"01",1761,1,0,"Z001",0
"15326","1078","03/05/26 00:00:00",5,0,1,0,0,0,0,0,900,5,900,0,0,0,"01",1762,1,0,"Z001",0
"13526","231907","02/24/26 00:00:00",0,1,0,0,1,0,0,0,11000,0,8600,0,0,11000,"01",,1,2400,"Z001",0
"13526","6515","02/24/26 00:00:00",0,1,0,0,1,0,0,0,850,0,530,0,0,850,"01",,1,320,"Z001",0
"13526","1037","02/24/26 00:00:00",0,1,0,0,1,0,0,0,300,0,190,0,0,300,"01",,1,110,"Z001",0
"13526","251941","02/24/26 00:00:00",0,1,0,0,1,0,0,0,400,0,325,0,0,400,"01",,1,75,"Z001",0
"13526","1109","02/24/26 00:00:00",0,35,0,0,1,0,0,0,150,0,125,0,0,150,"01",,1,875,"Z001",0
"13526","6192","02/24/26 00:00:00",0,35,0,0,1,0,0,0,10,0,2.902173087151433,0,0,10,"01",,1,248.4239419496999,"Z001",0
"13526","1691","02/24/26 00:00:00",0,1,0,0,1,0,0,0,250,0,96.42904761904762,0,0,250,"01",,1,153.5709523809524,"Z001",0
"13526","6475","02/24/26 00:00:00",0,3,0,0,1,0,0,0,8950,0,6755.9184,0,0,8950,"01",,1,6582.244799999999,"Z001",0
"13526","5969","02/24/26 00:00:00",0,3,0,0,1,0,0,0,30,0,13.82177479492916,0,0,30,"01",,1,48.53467561521254,"Z001",0
"13526","6100","02/24/26 00:00:00",0,60,0,0,1,0,0,0,10,0,5,0,0,10,"01",,1,300,"Z001",0
"13526","241929","02/24/26 00:00:00",0,20,0,0,1,0,0,0,15,0,7.406779661016949,0,0,15,"01",,1,151.864406779661,"Z001",0
"13526","6133","02/24/26 00:00:00",0,10,0,0,1,0,0,0,50,0,40,0,0,50,"01",,1,100,"Z001",0
"13526","5762","02/24/26 00:00:00",0,20,0,0,1,0,0,0,15,0,9.409836065573771,0,0,15,"01",,1,111.8032786885246,"Z001",0
"13526","252048","02/24/26 00:00:00",0,1,0,0,1,0,0,0,350,0,180,0,0,350,"01",,1,170,"Z001",0
"0101261","241910","01/01/26 00:00:00",0,34,1,0,0,0,0,1,0,0,17.03,0,0,0,"01",1410,0,0,"Z001",0
"0101261","252029","01/01/26 00:00:00",0,1,1,0,0,0,0,0,0,0,25,0,0,0,"01",1434,0,0,"Z001",0
"0101261","6190","01/01/26 00:00:00",0,15,1,0,0,0,0,0,0,0,0,0,0,0,"01",1462,0,0,"Z001",0
"0101261","252029","01/01/26 00:00:00",0,1,1,0,0,0,0,0,0,0,25,0,0,0,"01",1434,0,0,"Z001",0
"0101261","993","01/01/26 00:00:00",0,50,1,0,0,0,0,1,0,0,0,0,0,0,"01",1556,0,0,"Z001",0
"0101261","6479","01/01/26 00:00:00",0,13,1,0,0,0,0,1,0,0,0,0,0,0,"01",1503,0,0,"Z001",0
"0101261","6619","01/01/26 00:00:00",0,22,1,0,0,0,0,1,0,0,0,0,0,0,"01",1528,0,0,"Z001",0
"0101261","1010","01/01/26 00:00:00",0,2,1,0,0,0,0,1,0,0,0,0,0,0,"01",1353,0,0,"Z001",0
"0101261","6190","01/01/26 00:00:00",0,15,1,0,0,0,0,0,0,0,0,0,0,0,"01",1462,0,0,"Z001",0
"0101261","252029","01/01/26 00:00:00",0,1,1,0,0,0,0,0,0,0,25,0,0,0,"01",1434,0,0,"Z001",0
"0101261","6479","01/01/26 00:00:00",0,13,1,0,0,0,0,1,0,0,0,0,0,0,"01",1503,0,0,"Z001",0
"0101261","6619","01/01/26 00:00:00",0,22,1,0,0,0,0,1,0,0,0,0,0,0,"01",1528,0,0,"Z001",0
"0101261","1010","01/01/26 00:00:00",0,2,1,0,0,0,0,1,0,0,0,0,0,0,"01",1353,0,0,"Z001",0
"0101261","6190","01/01/26 00:00:00",0,15,1,0,0,0,0,0,0,0,0,0,0,0,"01",1462,0,0,"Z001",0
"0101261","252029","01/01/26 00:00:00",0,1,1,0,0,0,0,0,0,0,25,0,0,0,"01",1434,0,0,"Z001",0
"0101261","6190","01/01/26 00:00:00",0,15,1,0,0,0,0,0,0,0,0,0,0,0,"01",1462,0,0,"Z001",0
"0101261","241910","01/01/26 00:00:00",0,34,1,0,0,0,0,1,0,0,17.03,0,0,0,"01",1410,0,0,"Z001",0
"0101261","993","01/01/26 00:00:00",0,50,1,0,0,0,0,1,0,0,0,0,0,0,"01",1556,0,0,"Z001",0
"0101261","6479","01/01/26 00:00:00",0,13,1,0,0,0,0,1,0,0,0,0,0,0,"01",1503,0,0,"Z001",0
"0101261","6619","01/01/26 00:00:00",0,22,1,0,0,0,0,1,0,0,0,0,0,0,"01",1528,0,0,"Z001",0
"0101261","1010","01/01/26 00:00:00",0,2,1,0,0,0,0,1,0,0,0,0,0,0,"01",1353,0,0,"Z001",0
"0101261","252029","01/01/26 00:00:00",0,1,1,0,0,0,0,0,0,0,25,0,0,0,"01",1434,0,0,"Z001",0
"0101261","241910","01/01/26 00:00:00",0,34,1,0,0,0,0,1,0,0,17.03,0,0,0,"01",1410,0,0,"Z001",0
"0101261","993","01/01/26 00:00:00",0,50,1,0,0,0,0,1,0,0,0,0,0,0,"01",1556,0,0,"Z001",0
"0101261","6479","01/01/26 00:00:00",0,13,1,0,0,0,0,1,0,0,0,0,0,0,"01",1503,0,0,"Z001",0
"0101261","6619","01/01/26 00:00:00",0,22,1,0,0,0,0,1,0,0,0,0,0,0,"01",1528,0,0,"Z001",0
"0101261","252029","01/01/26 00:00:00",0,1,1,0,0,0,0,0,0,0,25,0,0,0,"01",1434,0,0,"Z001",0
"0101261","1010","01/01/26 00:00:00",0,2,1,0,0,0,0,1,0,0,0,0,0,0,"01",1353,0,0,"Z001",0
"0101261","252029","01/01/26 00:00:00",0,1,1,0,0,0,0,0,0,0,25,0,0,0,"01",1434,0,0,"Z001",0
"0101261","241910","01/01/26 00:00:00",0,34,1,0,0,0,0,1,0,0,17.03,0,0,0,"01",1410,0,0,"Z001",0
"0101261","241910","01/01/26 00:00:00",0,34,1,0,0,0,0,1,0,0,17.03,0,0,0,"01",1410,0,0,"Z001",0
"0101261","993","01/01/26 00:00:00",0,50,1,0,0,0,0,1,0,0,0,0,0,0,"01",1556,0,0,"Z001",0
"0101261","6479","01/01/26 00:00:00",0,13,1,0,0,0,0,1,0,0,0,0,0,0,"01",1503,0,0,"Z001",0
"0101261","1010","01/01/26 00:00:00",0,2,1,0,0,0,0,1,0,0,0,0,0,0,"01",1353,0,0,"Z001",0
"0101261","252029","01/01/26 00:00:00",0,1,1,0,0,0,0,0,0,0,25,0,0,0,"01",1434,0,0,"Z001",0
"0101261","241910","01/01/26 00:00:00",0,34,1,0,0,0,0,1,0,0,17.03,0,0,0,"01",1410,0,0,"Z001",0
"0101261","993","01/01/26 00:00:00",0,50,1,0,0,0,0,1,0,0,0,0,0,0,"01",1556,0,0,"Z001",0
"0101261","241910","01/01/26 00:00:00",0,34,1,0,0,0,0,1,0,0,17.03,0,0,0,"01",1410,0,0,"Z001",0
"0101261","6190","01/01/26 00:00:00",0,15,1,0,0,0,0,0,0,0,0,0,0,0,"01",1462,0,0,"Z001",0
"0101261","6190","01/01/26 00:00:00",0,15,1,0,0,0,0,0,0,0,0,0,0,0,"01",1462,0,0,"Z001",0
"23426","252014","05/19/26 00:00:00",0,3,0,0,1,0,0,0,833.3333129882812,0,635.8814814814815,0,0,833.3333129882812,"01",,1,592.3554945203992,"Z001",0
"23526","262160","05/21/26 00:00:00",5,0,1,0,0,0,0,0,750,5,756.25,0,0,0,"01",2034,1,0,"Z001",0
"24726","6475","03/30/26 00:00:00",0,1,0,0,1,0,0,0,9200,0,6755.9184,0,0,9200,"01",,1,2444.0816,"Z001",0
"24726","6229","03/30/26 00:00:00",0,2,0,0,1,0,0,0,1000,0,697.6470588235294,0,0,1000,"01",,1,604.7058823529412,"Z001",0
"24726","5757","03/30/26 00:00:00",0,5,0,0,1,0,0,0,15,0,6,0,0,15,"01",,1,45,"Z001",0
"24726","262170","03/30/26 00:00:00",0,2,0,0,1,0,0,0,30,0,10,0,0,30,"01",,1,40,"Z001",0
"24726","251982","03/30/26 00:00:00",0,1,0,0,1,0,0,0,200,0,90,0,0,200,"01",,1,110,"Z001",0
"24726","6471","03/30/26 00:00:00",0,11,0,0,1,0,0,0,3300,0,2546.990495642585,0,0,3300,"01",,1,8283.104547931567,"Z001",0
"24726","6474","03/30/26 00:00:00",0,7,0,0,1,0,0,0,5405,0,4291.695435028249,0,0,5405,"01",,1,7793.13195480226,"Z001",0
"24726","6173","03/30/26 00:00:00",0,85,0,0,1,0,0,0,90,0,62.91683406990759,0,0,90,"01",,1,2302.069104057854,"Z001",0
"24726","6391","03/30/26 00:00:00",0,10,0,0,1,0,0,0,136,0,97.5,0,0,136,"01",,1,385,"Z001",0
"24726","6602","03/30/26 00:00:00",0,34,0,0,1,0,0,0,100,0,70.21683890577508,0,0,100,"01",,1,1012.627477203647,"Z001",0
"24726","6584","03/30/26 00:00:00",0,6,0,0,1,0,0,0,100,0,85,0,0,100,"01",,1,90,"Z001",0
"24726","6585","03/30/26 00:00:00",0,5,0,0,1,0,0,0,150,0,125,0,0,150,"01",,1,125,"Z001",0
"24726","6586","03/30/26 00:00:00",0,4,0,0,1,0,0,0,200,0,160,0,0,200,"01",,1,160,"Z001",0
"24726","6587","03/30/26 00:00:00",0,8,0,0,1,0,0,0,200,0,135,0,0,200,"01",,1,520,"Z001",0
"24726","6334","03/30/26 00:00:00",0,10,0,0,1,0,0,0,350,0,259.5871559633027,0,0,350,"01",,1,904.1284403669727,"Z001",0
"24726","1084","03/30/26 00:00:00",0,25,0,0,1,0,0,1,80,0,49.31000000000001,0,0,80,"01",,1,767.2499999999998,"Z001",0
"24826","6602","05/01/26 00:00:00",0,6,0,0,1,0,0,0,100,0,70.21683890577508,0,0,100,"01",,1,178.6989665653495,"Z001",0
"24826","251990","05/01/26 00:00:00",0,6,0,0,1,0,0,0,100,0,60,0,0,100,"01",,1,240,"Z001",0
"24826","252064","05/01/26 00:00:00",0,6,0,0,1,0,0,0,10,0,10,0,0,10,"01",,1,0,"Z001",0
"24826","6589","05/01/26 00:00:00",0,2,0,0,1,0,0,0,750,0,570,0,0,750,"01",,1,360,"Z001",0
"24826","6333","05/01/26 00:00:00",0,4,0,0,1,0,0,0,350,0,230,0,0,350,"01",,1,480,"Z001",0
"24826","6332","05/01/26 00:00:00",0,2,0,0,1,0,0,0,250,0,190,0,0,250,"01",,1,120,"Z001",0
"24826","836","05/01/26 00:00:00",0,12,0,0,1,0,0,0,350,0,241.1627906976744,0,0,350,"01",,1,1306.046511627907,"Z001",0
"24826","6590","05/01/26 00:00:00",0,2,0,0,1,0,0,0,250,0,180,0,0,250,"01",,1,140,"Z001",0
"24826","6118","05/01/26 00:00:00",0,2,0,0,1,0,0,0,600,0,275,0,0,600,"01",,1,650,"Z001",0
"24826","252066","05/01/26 00:00:00",0,6,0,0,1,0,0,0,20,0,13,0,0,20,"01",,1,42,"Z001",0
"24826","6335","05/01/26 00:00:00",0,1,0,0,1,0,0,0,300,0,230,0,0,300,"01",,1,70,"Z001",0
"24826","6030","05/01/26 00:00:00",0,1,0,0,1,0,0,0,100,0,80,0,0,100,"01",,1,20,"Z001",0
"24826","252047","05/01/26 00:00:00",0,1.330000042915344,0,0,1,0,0,0,387.2200012207031,0,160,0,0,387.2200012207031,"01",,1,302.2026113747597,"Z001",0
"24826","6587","05/01/26 00:00:00",0,4,0,0,1,0,0,0,200,0,135,0,0,200,"01",,1,260,"Z001",0
"24826","6505","05/01/26 00:00:00",0,10,0,0,1,0,0,0,100,0,70.16778669724771,0,0,100,"01",,1,298.3221330275229,"Z001",0
"24826","6584","05/01/26 00:00:00",0,7,0,0,1,0,0,0,100,0,85,0,0,100,"01",,1,105,"Z001",0
"24826","6334","05/01/26 00:00:00",0,7,0,0,1,0,0,0,350,0,259.5871559633027,0,0,350,"01",,1,632.8899082568809,"Z001",0
"24926","1287","05/28/26 00:00:00",0,1,0,0,1,0,0,0,12400,0,12400,0,0,12400,"01",,1,0,"Z001",0
"24126","201757","05/30/26 00:00:00",612,0,1,0,0,0,0,0,150,612,149.9722991689751,0,0,0,"01",2052,1,0,"Z001",0
"25126","262098","05/28/26 00:00:00",0,1,0,0,1,0,0,0,3300,0,1500,0,0,3300,"01",,1,1800,"Z001",0
"25126","1219","05/28/26 00:00:00",0,5,0,0,1,0,0,0,230,0,173.9516129032258,0,0,230,"01",,1,280.241935483871,"Z001",0
"25126","6190","05/28/26 00:00:00",0,3,0,0,1,0,0,0,15,0,4.316939890710382,0,0,15,"01",,1,32.04918032786885,"Z001",0
"25126","6365","05/28/26 00:00:00",0,1,0,0,1,0,0,0,100,0,0.61,0,0,100,"01",,1,99.39,"Z001",0
"25126","6505","05/28/26 00:00:00",0,2,0,0,1,0,0,0,100,0,70.16778669724771,0,0,100,"01",,1,59.66442660550459,"Z001",0
"25126","262156","05/28/26 00:00:00",0,1,0,0,1,0,0,0,62000,0,36596.96333333333,0,0,62000,"01",,1,25403.03666666667,"Z001",0
"25126","262157","05/28/26 00:00:00",0,1,0,0,1,0,0,0,100000,0,78690.53,0,0,100000,"01",,1,21309.47,"Z001",0
"24326","5817","03/01/26 00:00:00",37,0,1,0,0,0,0,0,7700,37,7492.124435256655,0,0,0,"01",2054,1,0,"Z001",0
"24426","5817","04/12/26 00:00:00",111,0,1,0,0,0,0,0,8250,111,8024.556002892803,0,0,0,"01",2055,1,0,"Z001",0
"24526","1471","06/02/26 00:00:00",10,0,1,0,0,0,0,0,10800,10,10800,0,0,0,"01",2056,1,0,"Z001",0
"25326","262098","05/30/26 00:00:00",0,1,0,0,1,0,0,0,2500,0,1500,0,0,2500,"01",,1,1000,"Z001",0
"25326","262198","05/30/26 00:00:00",0,1,0,0,1,0,0,0,500,0,210,0,0,500,"01",,1,290,"Z001",0
"25326","5798","05/30/26 00:00:00",0,1,0,0,1,0,0,0,2500,0,1417,0,0,2500,"01",,1,1083,"Z001",0
"25326","6602","05/30/26 00:00:00",0,2,0,0,1,0,0,0,100,0,70.21683890577508,0,0,100,"01",,1,59.56632218844985,"Z001",0
"25326","262100","05/30/26 00:00:00",0,2,0,0,1,0,0,0,300,0,160,0,0,300,"01",,1,280,"Z001",0
"25326","252045","05/30/26 00:00:00",0,6,0,0,1,0,0,0,100,0,39.17464114832536,0,0,100,"01",,1,364.9521531100478,"Z001",0
"25326","5797","05/30/26 00:00:00",0,1,0,0,1,0,0,0,1400,0,1379.9,0,0,1400,"01",,1,20.09999999999991,"Z001",0
"25326","6505","05/30/26 00:00:00",0,1,0,0,1,0,0,0,100,0,70.16778669724771,0,0,100,"01",,1,29.83221330275229,"Z001",0
"25326","6338","05/30/26 00:00:00",0,1,0,0,1,0,0,0,150,0,100,0,0,150,"01",,1,50,"Z001",0
"25326","5969","05/30/26 00:00:00",0,3,0,0,1,0,0,0,30,0,17.98077403459781,0,0,30,"01",,1,36.05767789620657,"Z001",0
"25326","6587","05/30/26 00:00:00",0,1,0,0,1,0,0,0,200,0,135,0,0,200,"01",,1,65,"Z001",0
"25326","262128","05/30/26 00:00:00",0,1,0,0,1,0,0,0,200,0,93.09613969035891,0,0,200,"01",,1,106.9038603096411,"Z001",0
"25326","5817","05/30/26 00:00:00",0,8,0,0,1,0,0,0,11500,0,8024.556002892803,0,0,11500,"01",,1,27803.55197685758,"Z001",0
"25326","849","05/30/26 00:00:00",0,2,0,0,1,0,0,1,80,0,0,0,0,80,"01",,1,160,"Z001",0
"25026","241931","05/29/26 00:00:00",0,5,0,0,1,0,0,0,1850,0,1802,0,0,1850,"01",,1,240,"Z001",0
"25226","6098","05/29/26 00:00:00",0,1,0,0,1,0,0,0,50,0,32.84396654074474,0,0,50,"01",,1,17.15603345925526,"Z001",0
"25226","5817","05/29/26 00:00:00",0,6,0,0,1,0,0,0,12000,0,8024.556002892803,0,0,12000,"01",,1,23852.66398264318,"Z001",0
"25226","252021","05/29/26 00:00:00",0,15,0,0,1,0,0,0,450,0,324.8,0,0,450,"01",,1,1878,"Z001",0
"25226","973","05/29/26 00:00:00",0,1,0,0,1,0,0,0,1200,0,750,0,0,1200,"01",,1,450,"Z001",0
"25226","241912","05/29/26 00:00:00",0,1,0,0,1,0,0,0,300,0,66.57356608478803,0,0,300,"01",,1,233.426433915212,"Z001",0
"25226","262072","05/29/26 00:00:00",0,1,0,0,1,0,0,0,42500,0,25350,0,0,42500,"01",,1,17150,"Z001",0
"25226","252047","05/29/26 00:00:00",0,2,0,0,1,0,0,1,5,0,0,0,0,5,"01",,1,10,"Z001",0
"25226","241910","05/29/26 00:00:00",0,10,0,0,1,0,0,1,300,0,17.03,0,0,300,"01",,1,2829.7,"Z001",0
"25526","201757","06/02/26 00:00:00",0,612,0,0,1,0,0,0,300,0,149.9722991689751,0,0,300,"01",,1,91816.95290858726,"Z001",0
"24626","262221","06/03/26 00:00:00",1,0,1,0,0,0,0,0,12000,1,12000,0,0,0,"01",2060,1,0,"Z001",0
"24626","6563","06/03/26 00:00:00",5,0,1,0,0,0,0,0,2500,5,2500,0,0,0,"01",2057,1,0,"Z001",0
"24626","6316","06/03/26 00:00:00",5,0,1,0,0,0,0,0,1300,5,1233.333333333333,0,0,0,"01",2058,1,0,"Z001",0
"24626","262218","06/03/26 00:00:00",2,0,1,0,0,0,0,0,29000,2,29000,0,0,0,"01",2059,1,0,"Z001",0
"21926","262202","05/02/26 00:00:00",32,0,1,0,0,0,0,0,5200,32,5200,0,0,0,"01",1999,1,0,"Z001",0
"24726","262202","06/02/26 00:00:00",48,0,1,0,0,0,0,0,5200,48,5200,0,0,0,"01",2061,1,0,"Z001",0
"24826","1240","06/02/26 00:00:00",10,0,1,0,0,0,0,0,1085,10,1085,0,0,0,"01",2062,1,0,"Z001",0
"25726","262202","06/02/26 00:00:00",0,48,0,0,1,0,0,0,6500,0,5200,0,0,6500,"01",,1,62400,"Z001",0
"25726","1240","06/02/26 00:00:00",0,10,0,0,1,0,0,0,1400,0,1085,0,0,1400,"01",,1,3150,"Z001",0
"25626","262202","05/07/26 00:00:00",0,30,0,0,1,0,0,0,6700,0,5200,0,0,6700,"01",,1,45000,"Z001",0
"25826","1288","06/01/26 00:00:00",0,1,0,0,1,0,0,0,10500,0,9700,0,0,10500,"01",,1,800,"Z001",0
"25826","6030","06/01/26 00:00:00",0,1,0,0,1,0,0,0,100,0,88.2442748091603,0,0,100,"01",,1,11.7557251908397,"Z001",0
"25826","6616","06/01/26 00:00:00",0,4,0,0,1,0,0,0,250,0,132.0967741935484,0,0,250,"01",,1,471.6129032258065,"Z001",0
"25926","1471","06/02/26 00:00:00",0,1,0,0,1,0,0,0,12400,0,10800,0,0,12400,"01",,1,1600,"Z001",0
"25926","6505","06/02/26 00:00:00",0,9,0,0,1,0,0,0,100,0,70.16778669724771,0,0,100,"01",,1,268.4899197247706,"Z001",0
"25926","6334","06/02/26 00:00:00",0,1,0,0,1,0,0,0,350,0,277.8717076058005,0,0,350,"01",,1,72.12829239419949,"Z001",0
"25926","1037","06/02/26 00:00:00",0,1,0,0,1,0,0,0,300,0,182.5,0,0,300,"01",,1,117.5,"Z001",0
"25926","262203","06/02/26 00:00:00",0,2,0,0,1,0,0,0,550,0,320,0,0,550,"01",,1,460,"Z001",0
"25926","6063","06/02/26 00:00:00",0,2,0,0,1,0,0,0,50,0,43.32758620689656,0,0,50,"01",,1,13.34482758620689,"Z001",0
"25926","6030","06/02/26 00:00:00",0,1,0,0,1,0,0,0,100,0,88.2442748091603,0,0,100,"01",,1,11.7557251908397,"Z001",0
"25926","252066","06/02/26 00:00:00",0,1,0,0,1,0,0,0,20,0,13,0,0,20,"01",,1,7,"Z001",0
"26026","251938","06/04/26 00:00:00",0,1,0,0,1,0,0,0,3700,0,1505.667741935484,0,0,3700,"01",,1,2194.332258064516,"Z001",0
"26026","252057","06/04/26 00:00:00",0,1,0,0,1,0,0,0,1200,0,160.25,0,0,1200,"01",,1,1039.75,"Z001",0
"26026","252056","06/04/26 00:00:00",0,1,0,0,1,0,0,0,300,0,83.90000000000001,0,0,300,"01",,1,216.1,"Z001",0
"26026","251970","06/04/26 00:00:00",0,1,0,0,1,0,0,0,850,0,284,0,0,850,"01",,1,566,"Z001",0
"26026","6317","06/04/26 00:00:00",0,1,0,0,1,0,0,0,7500,0,4062.857142857143,0,0,7500,"01",,1,3437.142857142857,"Z001",0
"26026","6189","06/04/26 00:00:00",0,2,0,0,1,0,0,0,700,0,350,0,0,700,"01",,1,700,"Z001",0
"26026","6364","06/04/26 00:00:00",0,1,0,0,1,0,0,0,350,0,156.3333333333333,0,0,350,"01",,1,193.6666666666667,"Z001",0
"26026","6030","06/04/26 00:00:00",0,3,0,0,1,0,0,0,150,0,88.2442748091603,0,0,150,"01",,1,185.2671755725191,"Z001",0
"26026","262116","06/04/26 00:00:00",0,2,0,0,1,0,0,0,360,0,260,0,0,360,"01",,1,200,"Z001",0
"26026","6173","06/04/26 00:00:00",0,5,0,0,1,0,0,0,100,0,62.91683406990759,0,0,100,"01",,1,185.415829650462,"Z001",0
"26026","923","06/04/26 00:00:00",0,1,0,0,1,0,0,0,122530,0,0,0,0,122530,"01",,1,122530,"Z001",0
"27726","6591","06/13/26 00:00:00",0,1,0,0,1,0,0,0,4800,0,3698.342661968713,0,0,4800,"01",,1,1101.657338031287,"Z001",0
"28326","6192","06/17/26 00:00:00",0,3,0,0,1,0,0,0,15,0,2.533744026946492,0,0,15,"01",,1,37.39876791916053,"Z001",0
"28326","252065","06/17/26 00:00:00",0,2,0,0,1,0,0,0,10,0,6,0,0,10,"01",,1,8,"Z001",0
"28326","6063","06/17/26 00:00:00",0,2,0,0,1,0,0,0,50,0,43.32758620689656,0,0,50,"01",,1,13.34482758620689,"Z001",0
"28326","6391","06/17/26 00:00:00",0,1,0,0,1,0,0,0,130,0,97.5,0,0,130,"01",,1,32.5,"Z001",0
"28326","6333","06/17/26 00:00:00",0,4,0,0,1,0,0,0,350,0,239.5744680851064,0,0,350,"01",,1,441.7021276595744,"Z001",0
"26126","6365","06/17/26 00:00:00",3,0,1,0,0,0,0,0,80,3,0.6929499346974314,0,0,0,"01",2091,1,0,"Z001",0
"26226","231907","06/18/26 00:00:00",8,0,1,0,0,0,0,0,8500,8,8500,0,0,0,"01",2092,1,0,"Z001",0
"28526","6335","06/18/26 00:00:00",0,1,0,0,1,0,0,0,300,0,230,0,0,300,"01",,1,70,"Z001",0
"28526","875","06/18/26 00:00:00",0,1,0,0,1,0,0,0,1200,0,850,0,0,1200,"01",,1,350,"Z001",0
"28526","836","06/18/26 00:00:00",0,2,0,0,1,0,0,0,350,0,241.1627906976744,0,0,350,"01",,1,217.6744186046512,"Z001",0
"28526","262146","06/18/26 00:00:00",0,1,0,0,1,0,0,0,10000,0,8149,0,0,10000,"01",,1,1851,"Z001",0
"28526","6365","06/18/26 00:00:00",0,2,0,0,1,0,0,0,120,0,0.6929499346974314,0,0,120,"01",,1,238.6141001306051,"Z001",0
"28526","6602","06/18/26 00:00:00",0,6,0,0,1,0,0,0,100,0,70.21683890577508,0,0,100,"01",,1,178.6989665653495,"Z001",0
"28526","5969","06/18/26 00:00:00",0,2,0,0,1,0,0,0,30,0,17.98077403459781,0,0,30,"01",,1,24.03845193080438,"Z001",0
"28526","6474","06/18/26 00:00:00",0,1,0,0,1,0,0,0,5700,0,4291.695435028249,0,0,5700,"01",,1,1408.304564971751,"Z001",0
"28526","858","06/18/26 00:00:00",0,1,0,0,1,0,0,0,2500,0,1400,0,0,2500,"01",,1,1100,"Z001",0
"28526","241912","06/18/26 00:00:00",0,2,0,0,1,0,0,0,350,0,66.57356608478803,0,0,350,"01",,1,566.852867830424,"Z001",0
"28526","262218","06/18/26 00:00:00",0,1,0,0,1,0,0,0,35000,0,29000,0,0,35000,"01",,1,6000,"Z001",0
"28626","241931","06/11/26 00:00:00",0,1,0,0,1,0,0,0,3500,0,1802,0,0,3500,"01",,1,1698,"Z001",0
"28626","252052","06/11/26 00:00:00",0,1,0,0,1,0,0,0,2500,0,653.5700000000001,0,0,2500,"01",,1,1846.43,"Z001",0
"28626","251944","06/11/26 00:00:00",0,1,0,0,1,0,0,0,2600,0,1416.666666666667,0,0,2600,"01",,1,1183.333333333333,"Z001",0
"38326","6476","07/31/26 00:00:00",0,5,0,0,1,0,0,0,15100,0,11380.65491704374,0,0,15100,"01",,1,18596.72541478129,"Z001",0
"28826","252009","06/16/26 00:00:00",0,2,0,0,1,0,0,0,300,0,192.95,0,0,300,"01",,1,214.1,"Z001",0
"28826","6602","06/16/26 00:00:00",0,1,0,0,1,0,0,0,100,0,70.21683890577508,0,0,100,"01",,1,29.78316109422492,"Z001",0
"28226","1109","03/16/26 00:00:00",0,8,0,0,1,0,0,0,170,0,125,0,0,170,"01",,1,360,"Z001",0
"28226","251936","03/16/26 00:00:00",0,7,0,0,1,0,0,0,1500,0,856,0,0,1500,"01",,1,4508,"Z001",0
"28226","262170","03/16/26 00:00:00",0,32,0,0,1,0,0,0,20,0,0,0,0,20,"01",,1,640,"Z001",0
"28226","791","03/16/26 00:00:00",0,1,0,0,1,0,0,0,1500,0,938.6363636363636,0,0,1500,"01",,1,561.3636363636364,"Z001",0
"28226","1425","03/16/26 00:00:00",0,4,0,0,1,0,0,0,200,0,80,0,0,200,"01",,1,480,"Z001",0
"28226","262089","03/16/26 00:00:00",0,8,0,0,1,0,0,0,200,0,80,0,0,200,"01",,1,960,"Z001",0
"28226","6396","03/16/26 00:00:00",0,1,0,0,1,0,0,0,5200,0,3770,0,0,5200,"01",,1,1430,"Z001",0
"28226","973","03/16/26 00:00:00",0,1,0,0,1,0,0,0,1500,0,750,0,0,1500,"01",,1,750,"Z001",0
"28226","241912","03/16/26 00:00:00",0,3,0,0,1,0,0,0,300,0,66.57356608478803,0,0,300,"01",,1,700.279301745636,"Z001",0
"28226","252052","03/16/26 00:00:00",0,1,0,0,1,0,0,0,2500,0,653.5700000000001,0,0,2500,"01",,1,1846.43,"Z001",0
"28226","6192","03/16/26 00:00:00",0,10,0,0,1,0,0,0,15,0,2.938688786243662,0,0,15,"01",,1,120.6131121375634,"Z001",0
"28826","262181","06/16/26 00:00:00",0,1,0,0,1,0,0,0,2400,0,2200,0,0,2400,"01",,1,200,"Z001",0
"28826","252045","06/16/26 00:00:00",0,4,0,0,1,0,0,0,100,0,39.17464114832536,0,0,100,"01",,1,243.3014354066986,"Z001",0
"28826","262211","06/16/26 00:00:00",0,1,0,0,1,0,0,0,100,0,23,0,0,100,"01",,1,77,"Z001",0
"28926","262194","06/17/26 00:00:00",0,1,0,0,1,0,0,0,800,0,450,0,0,800,"01",,1,350,"Z001",0
"28926","262221","06/17/26 00:00:00",0,1,0,0,1,0,0,0,17500,0,12000,0,0,17500,"01",,1,5500,"Z001",0
"28926","1034","06/17/26 00:00:00",0,1,0,0,1,0,0,0,300,0,200,0,0,300,"01",,1,100,"Z001",0
"28926","6584","06/17/26 00:00:00",0,1,0,0,1,0,0,0,120,0,89.71204188481676,0,0,120,"01",,1,30.28795811518324,"Z001",0
"28926","1084","06/17/26 00:00:00",0,2,0,0,1,0,0,1,100,0,49.31000000000001,0,0,100,"01",,1,101.38,"Z001",0
"29026","201725","06/19/26 00:00:00",0,1,0,0,1,0,0,0,9500,0,6650,0,0,9500,"01",,1,2850,"Z001",0
"29026","241912","06/19/26 00:00:00",0,2,0,0,1,0,0,0,250,0,66.57356608478803,0,0,250,"01",,1,366.852867830424,"Z001",0
"29126","6556","06/18/26 00:00:00",0,1,0,0,1,0,0,0,14700,0,12482.83,0,0,14700,"01",,1,2217.17,"Z001",0
"29126","251941","06/18/26 00:00:00",0,1,0,0,1,0,0,0,400,0,290,0,0,400,"01",,1,110,"Z001",0
"29126","262210","06/18/26 00:00:00",0,4,0,0,1,0,0,0,25,0,4.17,0,0,25,"01",,1,83.31999999999999,"Z001",0
"29126","252043","06/18/26 00:00:00",0,1,0,0,1,0,0,0,150,0,107,0,0,150,"01",,1,43,"Z001",0
"29126","262122","06/18/26 00:00:00",0,1,0,0,1,0,0,0,4000,0,3000,0,0,4000,"01",,1,1000,"Z001",0
"29126","6390","06/18/26 00:00:00",0,1,0,0,1,0,0,0,750,0,500,0,0,750,"01",,1,250,"Z001",0
"29126","6129","06/18/26 00:00:00",0,1,0,0,1,0,0,0,6300,0,4500,0,0,6300,"01",,1,1800,"Z001",0
"29126","862","06/18/26 00:00:00",0,1,0,0,1,0,0,0,200,0,120,0,0,200,"01",,1,80,"Z001",0
"26326","1288","06/20/26 00:00:00",10,0,1,0,0,0,0,0,10300,10,10245.45454545455,0,0,0,"01",2093,1,0,"Z001",0
"26326","1287","06/20/26 00:00:00",10,0,1,0,0,0,0,0,12800,10,12800,0,0,0,"01",2094,1,0,"Z001",0
"26326","211829","06/20/26 00:00:00",12,0,1,0,0,0,0,0,3850,12,3850,0,0,0,"01",2095,1,0,"Z001",0
"26326","262233","06/20/26 00:00:00",1,0,1,0,0,0,0,0,13000,1,13000,0,0,0,"01",2096,1,0,"Z001",0
"26326","262234","06/20/26 00:00:00",1,0,1,0,0,0,0,0,16000,1,16000,0,0,0,"01",2097,1,0,"Z001",0
"26426","262235","06/20/26 00:00:00",90,0,1,0,0,0,0,0,3177,90,3177,0,0,0,"01",2098,1,0,"Z001",0
"26426","262236","06/20/26 00:00:00",60,0,1,0,0,0,0,0,5321,60,5321,0,0,0,"01",2099,1,0,"Z001",0
"26426","262237","06/20/26 00:00:00",2,0,1,0,0,0,0,0,8532,2,8532,0,0,0,"01",2100,1,0,"Z001",0
"26426","262238","06/20/26 00:00:00",2,0,1,0,0,0,0,0,12606,2,12606,0,0,0,"01",2101,1,0,"Z001",0
"26626","262240","06/20/26 00:00:00",10,0,1,0,0,0,0,0,35,10,35,0,0,0,"01",2103,1,0,"Z001",0
"29326","5811","06/22/26 00:00:00",0,1,0,0,1,0,0,0,6539.52978515625,0,6539.53,0,0,6539.52978515625,"01",,1,-0.0002148437497453415,"Z001",0
"29326","6316","06/22/26 00:00:00",0,1,0,0,1,0,0,0,2000,0,1233.333333333333,0,0,2000,"01",,1,766.6666666666667,"Z001",0
"29226","1471","06/20/26 00:00:00",0,1,0,0,1,0,0,0,12500,0,10800,0,0,12500,"01",,1,1700,"Z001",0
"26526","262239","06/20/26 00:00:00",2,0,1,0,0,0,0,0,2000,2,2000,0,0,0,"01",2102,1,0,"Z001",0
"31226","262286","07/20/26 00:00:00",4,0,1,0,0,0,0,0,24000,4,24000,0,0,0,"01",2212,1,0,"Z001",0
"37626","241933","07/28/26 00:00:00",0,5,0,0,1,0,0,0,1500,0,739.61,0,0,1500,"01",,1,3801.95,"Z001",0
"37626","252052","07/28/26 00:00:00",0,5,0,0,1,0,0,0,2000,0,653.5700000000001,0,0,2000,"01",,1,6732.15,"Z001",0
"37626","6346","07/28/26 00:00:00",0,5,0,0,1,0,0,0,500,0,428.1578947368421,0,0,500,"01",,1,359.2105263157896,"Z001",0
"37626","241912","07/28/26 00:00:00",0,5,0,0,1,0,0,0,250,0,66.57356608478803,0,0,250,"01",,1,917.1321695760599,"Z001",0
"37626","251936","07/28/26 00:00:00",0,3,0,0,1,0,0,0,1500,0,856,0,0,1500,"01",,1,1932,"Z001",0
"37626","262089","07/28/26 00:00:00",0,20,0,0,1,0,0,0,200,0,116.5853658536585,0,0,200,"01",,1,1668.292682926829,"Z001",0
"37626","1425","07/28/26 00:00:00",0,10,0,0,1,0,0,0,200,0,80,0,0,200,"01",,1,1200,"Z001",0
"37626","6364","07/28/26 00:00:00",0,2,0,0,1,0,0,0,300,0,156.3333333333333,0,0,300,"01",,1,287.3333333333333,"Z001",0
"37626","262116","07/28/26 00:00:00",0,5,0,0,1,0,0,0,560,0,350,0,0,560,"01",,1,1050,"Z001",0
"37626","252024","07/28/26 00:00:00",0,5,0,0,1,0,0,0,250,0,170,0,0,250,"01",,1,400,"Z001",0
"37626","6173","07/28/26 00:00:00",0,10,0,0,1,0,0,0,100,0,62.91683406990759,0,0,100,"01",,1,370.8316593009241,"Z001",0
"37626","6192","07/28/26 00:00:00",0,10,0,0,1,0,0,0,20,0,2.533744026946492,0,0,20,"01",,1,174.6625597305351,"Z001",0
"37626","5817","07/28/26 00:00:00",0,10,0,0,1,0,0,0,11000,0,8462.255533185256,0,0,11000,"01",,1,25377.44466814744,"Z001",0
"37626","262286","07/28/26 00:00:00",0,5,0,0,1,0,0,0,35000,0,24000,0,0,35000,"01",,1,55000,"Z001",0
"37626","262279","07/28/26 00:00:00",0,5,0,0,1,0,0,0,63000,0,45388.72433333334,0,0,63000,"01",,1,88056.3783333333,"Z001",0
"37626","241910","07/28/26 00:00:00",0,30,0,0,1,0,0,1,250,0,17.03,0,0,250,"01",,1,6989.1,"Z001",0
"37626","1010","07/28/26 00:00:00",0,2,0,0,1,0,0,1,50,0,0,0,0,50,"01",,1,100,"Z001",0
"37626","251991","07/28/26 00:00:00",0,15,0,0,1,0,0,1,10,0,0,0,0,10,"01",,1,150,"Z001",0
"37726","262286","07/29/26 00:00:00",0,1,0,0,1,0,0,0,35000,0,24000,0,0,35000,"01",,1,11000,"Z001",0
"37726","262279","07/29/26 00:00:00",0,1,0,0,1,0,0,0,63000,0,45388.72433333334,0,0,63000,"01",,1,17611.27566666666,"Z001",0
"37726","5817","07/29/26 00:00:00",0,2,0,0,1,0,0,0,11000,0,8462.255533185256,0,0,11000,"01",,1,5075.488933629487,"Z001",0
"31326","875","07/29/26 00:00:00",2,0,1,0,0,0,0,0,1000,2,1000,0,0,0,"01",2213,1,0,"Z001",0
"31426","262290","07/30/26 00:00:00",4,0,1,0,0,0,0,0,10312.5,4,10312.5,0,0,0,"01",2214,1,0,"Z001",0
"37926","262290","07/30/26 00:00:00",0,4,0,0,1,0,0,0,12500,0,10312.5,0,0,12500,"01",,1,8750,"Z001",0
"38026","262235","07/29/26 00:00:00",0,1,0,0,1,0,0,0,3500,0,3177,0,0,3500,"01",,1,323,"Z001",0
"38026","5970","07/29/26 00:00:00",0,7,0,0,1,0,0,0,130,0,87.1124031007752,0,0,130,"01",,1,300.2131782945736,"Z001",0
"38026","6334","07/29/26 00:00:00",0,2,0,0,1,0,0,0,350,0,279.3376232854787,0,0,350,"01",,1,141.3247534290425,"Z001",0
"38026","6098","07/29/26 00:00:00",0,2,0,0,1,0,0,0,50,0,32.84396654074474,0,0,50,"01",,1,34.31206691851052,"Z001",0
"38026","6585","07/29/26 00:00:00",0,2,0,0,1,0,0,0,200,0,128.5928143712575,0,0,200,"01",,1,142.814371257485,"Z001",0
"38026","5969","07/29/26 00:00:00",0,1,0,0,1,0,0,0,30,0,17.98077403459781,0,0,30,"01",,1,12.01922596540219,"Z001",0
"38026","875","07/29/26 00:00:00",0,1,0,0,1,0,0,0,1800,0,1000,0,0,1800,"01",,1,800,"Z001",0
"38026","6030","07/29/26 00:00:00",0,2,0,0,1,0,0,0,130,0,88.2442748091603,0,0,130,"01",,1,83.5114503816794,"Z001",0
"38026","962","07/29/26 00:00:00",0,2,0,0,1,0,0,0,600,0,412.3724999999999,0,0,600,"01",,1,375.2550000000001,"Z001",0
"38026","6602","07/29/26 00:00:00",0,3,0,0,1,0,0,0,100,0,67.8841267243395,0,0,100,"01",,1,96.34761982698151,"Z001",0
"23426","6505","05/19/26 00:00:00",0,1,0,0,1,0,0,0,100,0,70.16778669724771,0,0,100,"01",,1,29.83221330275229,"Z001",0
"23426","6338","05/19/26 00:00:00",0,1,0,0,1,0,0,0,150,0,100,0,0,150,"01",,1,50,"Z001",0
"23526","6192","05/20/26 00:00:00",0,4,0,0,1,0,0,0,10,0,2.533744026946492,0,0,10,"01",,1,29.86502389221403,"Z001",0
"23526","1131","05/20/26 00:00:00",0,4,0,0,1,0,0,0,20,0,15.33333333333333,0,0,20,"01",,1,18.66666666666666,"Z001",0
"23526","262128","05/20/26 00:00:00",0,1,0,0,1,0,0,0,200,0,93.09613969035891,0,0,200,"01",,1,106.9038603096411,"Z001",0
"23526","252029","05/20/26 00:00:00",0,1,0,0,1,0,0,0,50,0,25,0,0,50,"01",,1,25,"Z001",0
"23526","1219","05/20/26 00:00:00",0,5,0,0,1,0,0,0,230,0,173.9516129032258,0,0,230,"01",,1,280.241935483871,"Z001",0
"23526","6190","05/20/26 00:00:00",0,8,0,0,1,0,0,0,15,0,4.316939890710382,0,0,15,"01",,1,85.46448087431693,"Z001",0
"23526","6234","05/20/26 00:00:00",0,8,0,0,1,0,0,0,25,0,19,0,0,25,"01",,1,48,"Z001",0
"23526","1109","05/20/26 00:00:00",0,2,0,0,1,0,0,0,170,0,129.8076923076923,0,0,170,"01",,1,80.38461538461536,"Z001",0
"23526","231903","05/20/26 00:00:00",0,5,0,0,1,0,0,1,5,0,0,0,0,5,"01",,1,25,"Z001",0
"23426","6591","05/21/26 00:00:00",8,0,1,0,0,0,0,0,3750,8,3698.342661968713,0,0,0,"01",2033,1,0,"Z001",0
"23726","251985","05/08/26 00:00:00",0,50,0,0,1,0,0,0,80,0,52.5,0,0,80,"01",,1,1375,"Z001",0
"23726","6471","05/08/26 00:00:00",0,2,0,0,1,0,0,0,3450,0,2546.990495642585,0,0,3450,"01",,1,1806.01900871483,"Z001",0
"23526","252047","05/21/26 00:00:00",5,0,1,0,0,0,0,0,160,5,160,0,0,0,"01",2035,1,0,"Z001",0
"23526","252048","05/21/26 00:00:00",5,0,1,0,0,0,0,0,180,5,180,0,0,0,"01",2036,1,0,"Z001",0
"23626","6610","05/21/26 00:00:00",0,5,0,0,1,0,0,0,900,0,600,0,0,900,"01",,1,1500,"Z001",0
"23626","6511","05/21/26 00:00:00",0,1,0,0,1,0,0,0,3600,0,3161.871875,0,0,3600,"01",,1,438.1281250000002,"Z001",0
"23626","262160","05/21/26 00:00:00",0,2,0,0,1,0,0,0,1100,0,756.25,0,0,1100,"01",,1,687.5,"Z001",0
"23626","262196","05/21/26 00:00:00",0,1,0,0,1,0,0,0,550,0,320,0,0,550,"01",,1,230,"Z001",0
"23626","1556","05/21/26 00:00:00",0,1,0,0,1,0,0,0,3700,0,2500,0,0,3700,"01",,1,1200,"Z001",0
"23626","787","05/21/26 00:00:00",0,2,0,0,1,0,0,1,100,0,45.51,0,0,100,"01",,1,108.98,"Z001",0
"23926","241919","05/21/26 00:00:00",0,4,0,0,1,0,0,0,2125,0,1500,0,0,2125,"01",,1,2500,"Z001",0
"23926","5799","05/21/26 00:00:00",0,1,0,0,1,0,0,0,1500,0,1131.115,0,0,1500,"01",,1,368.885,"Z001",0
"23926","5797","05/21/26 00:00:00",0,1,0,0,1,0,0,0,2600,0,1379.9,0,0,2600,"01",,1,1220.1,"Z001",0
"23926","221885","05/21/26 00:00:00",0,7,0,0,1,0,0,0,10500,0,6774.2,0,0,10500,"01",,1,26080.6,"Z001",0
"23926","252063","05/21/26 00:00:00",0,1,0,0,1,0,0,0,300,0,138.3333333333333,0,0,300,"01",,1,161.6666666666667,"Z001",0
"23926","251983","05/21/26 00:00:00",0,1,0,0,1,0,0,0,150,0,60,0,0,150,"01",,1,90,"Z001",0
"23926","6030","05/21/26 00:00:00",0,1,0,0,1,0,0,0,100,0,80,0,0,100,"01",,1,20,"Z001",0
"23926","6572","05/21/26 00:00:00",0,2,0,0,1,0,0,0,3000,0,1800,0,0,3000,"01",,1,2400,"Z001",0
"23926","262170","05/21/26 00:00:00",0,6,0,0,1,0,0,0,35,0,10,0,0,35,"01",,1,150,"Z001",0
"23926","241929","05/21/26 00:00:00",0,10,0,0,1,0,0,0,20,0,7.406779661016949,0,0,20,"01",,1,125.9322033898305,"Z001",0
"24926","241918","05/28/26 00:00:00",0,12,0,0,1,0,0,0,1000,0,653.5700000000001,0,0,1000,"01",,1,4157.16,"Z001",0
"24926","262218","05/28/26 00:00:00",0,1,0,0,1,0,0,0,29000,0,29000,0,0,29000,"01",,1,0,"Z001",0
"13926","251942","02/20/26 00:00:00",10,0,1,0,0,0,0,0,230,10,216.9435736677115,0,0,0,"01",1731,1,0,"Z001",0
"13926","974","02/20/26 00:00:00",2,0,1,0,0,0,0,0,1300,2,1300,0,0,0,"01",1732,1,0,"Z001",0
"13926","1011","02/20/26 00:00:00",4,0,1,0,0,0,0,0,260,4,260,0,0,0,"01",1733,1,0,"Z001",0
"26226","6584","06/04/26 00:00:00",0,1,0,0,1,0,0,0,120,0,85,0,0,120,"01",,1,35,"Z001",0
"26226","262101","06/04/26 00:00:00",0,2,0,0,1,0,0,0,400,0,180,0,0,400,"01",,1,440,"Z001",0
"26226","262187","06/04/26 00:00:00",0,1,0,0,1,0,0,0,1000,0,580,0,0,1000,"01",,1,420,"Z001",0
"26226","252063","06/04/26 00:00:00",0,1,0,0,1,0,0,0,300,0,138.3333333333333,0,0,300,"01",,1,161.6666666666667,"Z001",0
"26226","252047","06/04/26 00:00:00",0,2,0,0,1,0,0,0,5,0,160,0,0,5,"01",,1,-310,"Z001",0
"26226","251951","06/04/26 00:00:00",0,1,0,0,1,0,0,0,2070,0,1410.17,0,0,2070,"01",,1,659.8299999999999,"Z001",0
"26226","6505","06/04/26 00:00:00",0,1,0,0,1,0,0,0,100,0,70.16778669724771,0,0,100,"01",,1,29.83221330275229,"Z001",0
"26226","262197","06/04/26 00:00:00",0,1,0,0,1,0,0,0,450,0,180,0,0,450,"01",,1,270,"Z001",0
"26226","849","06/04/26 00:00:00",0,6,0,0,1,0,0,1,80,0,0,0,0,80,"01",,1,480,"Z001",0
"26226","914","06/04/26 00:00:00",0,2,0,0,1,0,0,1,350,0,218.25,0,0,350,"01",,1,263.5,"Z001",0
"25026","262223","06/05/26 00:00:00",6,0,1,0,0,0,0,0,1482,6,1482,0,0,0,"01",2065,1,0,"Z001",0
"25026","262224","06/05/26 00:00:00",6,0,1,0,0,0,0,0,1417,6,1417,0,0,0,"01",2066,1,0,"Z001",0
"25126","923","06/05/26 00:00:00",2,0,1,0,0,0,0,0,90000,2,90000,0,0,0,"01",2067,1,0,"Z001",0
"25126","241916","06/05/26 00:00:00",2,0,1,0,0,0,0,0,150000,2,150000,0,0,0,"01",2068,1,0,"Z001",0
"25226","252049","06/08/26 00:00:00",3,0,1,0,0,0,0,0,13000,3,13175,0,0,0,"01",2069,1,0,"Z001",0
"25226","252003","06/08/26 00:00:00",5,0,1,0,0,0,0,0,15900,5,15800.30959752322,0,0,0,"01",2070,1,0,"Z001",0
"25226","262069","06/08/26 00:00:00",4,0,1,0,0,0,0,0,25000,4,25312.85114285714,0,0,0,"01",2071,1,0,"Z001",0
"25226","262113","06/08/26 00:00:00",1,0,1,0,0,0,0,0,30200,1,30200,0,0,0,"01",2072,1,0,"Z001",0
"25426","5692","06/10/26 00:00:00",29,0,1,0,0,0,0,0,2850,29,2859.722222222222,0,0,0,"01",2074,1,0,"Z001",0
"26426","262105","06/10/26 00:00:00",0,4,0,0,1,0,0,0,100,0,50,0,0,100,"01",,1,200,"Z001",0
"26426","251955","06/10/26 00:00:00",0,2,0,0,1,0,0,1,1100,0,650,0,0,1100,"01",,1,900,"Z001",0
"25526","262226","06/10/26 00:00:00",1,0,1,0,0,0,0,0,8000,1,8000,0,0,0,"01",2075,1,0,"Z001",0
"25526","262227","06/10/26 00:00:00",9,0,1,0,0,0,0,0,90,9,90,0,0,0,"01",2076,1,0,"Z001",0
"24926","1674","06/05/26 00:00:00",1,0,1,0,0,0,0,0,2200,1,2025,0,0,0,"01",2063,1,0,"Z001",0
"25326","262228","06/10/26 00:00:00",1,0,1,0,0,0,0,0,75000,1,75000,0,0,0,"01",2078,1,0,"Z001",0
"26526","262194","06/05/26 00:00:00",0,2,0,0,1,0,0,0,800,0,450,0,0,800,"01",,1,700,"Z001",0
"26526","939","06/05/26 00:00:00",0,1,0,0,1,0,0,0,9500,0,7000,0,0,9500,"01",,1,2500,"Z001",0
"26526","6178","06/05/26 00:00:00",0,1,0,0,1,0,0,0,5500,0,3312,0,0,5500,"01",,1,2188,"Z001",0
"26526","252045","06/05/26 00:00:00",0,5,0,0,1,0,0,0,100,0,39.17464114832536,0,0,100,"01",,1,304.1267942583732,"Z001",0
"26526","6564","06/05/26 00:00:00",0,1,0,0,1,0,0,0,1500,0,700,0,0,1500,"01",,1,800,"Z001",0
"26526","5970","06/05/26 00:00:00",0,2,0,0,1,0,0,0,130,0,87.1124031007752,0,0,130,"01",,1,85.77519379844961,"Z001",0
"26526","6584","06/05/26 00:00:00",0,1,0,0,1,0,0,0,120,0,85,0,0,120,"01",,1,35,"Z001",0
"26526","6585","06/05/26 00:00:00",0,1,0,0,1,0,0,0,180,0,125,0,0,180,"01",,1,55,"Z001",0
"26526","262098","06/05/26 00:00:00",0,2,0,0,1,0,0,0,3000,0,1500,0,0,3000,"01",,1,3000,"Z001",0
"26526","5969","06/05/26 00:00:00",0,2,0,0,1,0,0,0,30,0,17.98077403459781,0,0,30,"01",,1,24.03845193080438,"Z001",0
"26526","241912","06/05/26 00:00:00",0,1,0,0,1,0,0,0,350,0,66.57356608478803,0,0,350,"01",,1,283.426433915212,"Z001",0
"26526","6030","06/05/26 00:00:00",0,1,0,0,1,0,0,0,150,0,88.2442748091603,0,0,150,"01",,1,61.7557251908397,"Z001",0
"26526","6602","06/05/26 00:00:00",0,1,0,0,1,0,0,0,100,0,70.21683890577508,0,0,100,"01",,1,29.78316109422492,"Z001",0
"26526","6505","06/05/26 00:00:00",0,1,0,0,1,0,0,0,100,0,70.16778669724771,0,0,100,"01",,1,29.83221330275229,"Z001",0
"26526","6063","06/05/26 00:00:00",0,1,0,0,1,0,0,0,50,0,43.32758620689656,0,0,50,"01",,1,6.672413793103445,"Z001",0
"26626","6365","06/06/26 00:00:00",0,2,0,0,1,0,0,0,130,0,0.61,0,0,130,"01",,1,258.78,"Z001",0
"26026","241916","06/04/26 00:00:00",0,1,0,0,1,0,0,0,200000,0,156000,0,0,200000,"01",,1,44000,"Z001",0
"26026","5817","06/04/26 00:00:00",0,10,0,0,1,0,0,0,12500,0,8024.556002892803,0,0,12500,"01",,1,44754.43997107197,"Z001",0
"27426","262226","06/10/26 00:00:00",0,1,0,0,1,0,0,0,11000,0,8000,0,0,11000,"01",,1,3000,"Z001",0
"27426","262227","06/10/26 00:00:00",0,9,0,0,1,0,0,0,200,0,90,0,0,200,"01",,1,990,"Z001",0
"27426","5692","06/10/26 00:00:00",0,3,0,0,1,0,0,0,3500,0,2859.722222222222,0,0,3500,"01",,1,1920.833333333333,"Z001",0
"26626","5817","06/06/26 00:00:00",0,4,0,0,1,0,0,0,11000,0,8024.556002892803,0,0,11000,"01",,1,11901.77598842879,"Z001",0
"26626","5969","06/06/26 00:00:00",0,2,0,0,1,0,0,0,30,0,17.98077403459781,0,0,30,"01",,1,24.03845193080438,"Z001",0
"26626","6030","06/06/26 00:00:00",0,1,0,0,1,0,0,0,130,0,88.2442748091603,0,0,130,"01",,1,41.7557251908397,"Z001",0
"26626","6587","06/06/26 00:00:00",0,1,0,0,1,0,0,0,200,0,135,0,0,200,"01",,1,65,"Z001",0
"26726","262113","06/08/26 00:00:00",0,1,0,0,1,0,0,0,47500,0,30200,0,0,47500,"01",,1,17300,"Z001",0
"26726","6591","06/08/26 00:00:00",0,1,0,0,1,0,0,0,5000,0,3698.342661968713,0,0,5000,"01",,1,1301.657338031287,"Z001",0
"26726","251946","06/08/26 00:00:00",0,1,0,0,1,0,0,0,1000,0,824.5813333333333,0,0,1000,"01",,1,175.4186666666667,"Z001",0
"26726","262122","06/08/26 00:00:00",0,1,0,0,1,0,0,0,4200,0,3000,0,0,4200,"01",,1,1200,"Z001",0
"26726","6116","06/08/26 00:00:00",0,1,0,0,1,0,0,0,800,0,550,0,0,800,"01",,1,250,"Z001",0
"26726","6229","06/08/26 00:00:00",0,2,0,0,1,0,0,0,1000,0,697.6470588235294,0,0,1000,"01",,1,604.7058823529412,"Z001",0
"26726","252049","06/08/26 00:00:00",0,1,0,0,1,0,0,0,25000,0,13175,0,0,25000,"01",,1,11825,"Z001",0
"26726","6616","06/08/26 00:00:00",0,1,0,0,1,0,0,0,250,0,132.0967741935484,0,0,250,"01",,1,117.9032258064516,"Z001",0
"25626","6584","06/10/26 00:00:00",180,0,1,0,0,0,0,0,90,180,89.71204188481676,0,0,0,"01",2079,1,0,"Z001",0
"25626","6585","06/10/26 00:00:00",120,0,1,0,0,0,0,0,130,120,128.5928143712575,0,0,0,"01",2080,1,0,"Z001",0
"25626","6586","06/10/26 00:00:00",36,0,1,0,0,0,0,0,170,36,163.6363636363636,0,0,0,"01",2081,1,0,"Z001",0
"25626","6333","06/10/26 00:00:00",90,0,1,0,0,0,0,0,240,90,239.5744680851064,0,0,0,"01",2082,1,0,"Z001",0
"25626","6590","06/10/26 00:00:00",12,0,1,0,0,0,0,0,130,12,148.421052631579,0,0,0,"01",2083,1,0,"Z001",0
"25626","6334","06/10/26 00:00:00",270,0,1,0,0,0,0,0,280,270,279.3376232854787,0,0,0,"01",2084,1,0,"Z001",0
"25626","6332","06/10/26 00:00:00",90,0,1,0,0,0,0,0,200,90,198.4905660377358,0,0,0,"01",2085,1,0,"Z001",0
"26826","6584","06/11/26 00:00:00",0,180,0,0,1,0,0,0,110,0,89.71204188481676,0,0,110,"01",,1,3651.832460732984,"Z001",0
"26826","6585","06/11/26 00:00:00",0,120,0,0,1,0,0,0,150,0,128.5928143712575,0,0,150,"01",,1,2568.862275449103,"Z001",0
"26826","6586","06/11/26 00:00:00",0,36,0,0,1,0,0,0,200,0,163.6363636363636,0,0,200,"01",,1,1309.090909090909,"Z001",0
"26826","6333","06/11/26 00:00:00",0,90,0,0,1,0,0,0,290,0,239.5744680851064,0,0,290,"01",,1,4538.297872340425,"Z001",0
"26826","6590","06/11/26 00:00:00",0,12,0,0,1,0,0,0,180,0,148.421052631579,0,0,180,"01",,1,378.9473684210525,"Z001",0
"26826","6334","06/11/26 00:00:00",0,270,0,0,1,0,0,0,320,0,279.3376232854787,0,0,320,"01",,1,10978.84171292074,"Z001",0
"26826","6332","06/11/26 00:00:00",0,90,0,0,1,0,0,0,230,0,198.4905660377358,0,0,230,"01",,1,2835.849056603774,"Z001",0
"26026","251936","06/04/26 00:00:00",0,2,0,0,1,0,0,0,1800,0,856,0,0,1800,"01",,1,1888,"Z001",0
"26026","1425","06/04/26 00:00:00",0,16,0,0,1,0,0,0,200,0,80,0,0,200,"01",,1,1920,"Z001",0
"26026","262089","06/04/26 00:00:00",0,4,0,0,1,0,0,0,200,0,80,0,0,200,"01",,1,480,"Z001",0
"26026","1674","06/04/26 00:00:00",0,1,0,0,1,0,0,0,3500,0,2000,0,0,3500,"01",,1,1500,"Z001",0
"26026","241912","06/04/26 00:00:00",0,4,0,0,1,0,0,0,350,0,66.57356608478803,0,0,350,"01",,1,1133.705735660848,"Z001",0
"26026","241931","06/04/26 00:00:00",0,1,0,0,1,0,0,0,3000,0,1802,0,0,3000,"01",,1,1198,"Z001",0
"26026","241918","06/04/26 00:00:00",0,1,0,0,1,0,0,0,3000,0,653.5700000000001,0,0,3000,"01",,1,2346.43,"Z001",0
"26026","241910","06/04/26 00:00:00",0,30,0,0,1,0,0,1,300,0,17.03,0,0,300,"01",,1,8489.1,"Z001",0
"26026","6476","06/04/26 00:00:00",0,40,0,0,1,0,0,1,200,0,112.12,0,0,200,"01",,1,3515.199999999999,"Z001",0
"24126","6591","05/13/26 00:00:00",0,1,0,0,1,0,0,0,5000,0,3629.466211260331,0,0,5000,"01",,1,1370.533788739669,"Z001",0
"23926","262100","05/21/26 00:00:00",0,1,0,0,1,0,0,0,300,0,160,0,0,300,"01",,1,140,"Z001",0
"23926","241923","05/21/26 00:00:00",0,1,0,0,1,0,0,0,450,0,280,0,0,450,"01",,1,170,"Z001",0
"23926","6481","05/21/26 00:00:00",0,20,0,0,1,0,0,1,247,0,147.96,0,0,247,"01",,1,1980.8,"Z001",0
"23626","6030","05/22/26 00:00:00",60,0,1,0,0,0,0,0,98,60,88.2442748091603,0,0,0,"01",2037,1,0,"Z001",0
"23626","6063","05/22/26 00:00:00",30,0,1,0,0,0,0,0,50,30,43.32758620689656,0,0,0,"01",2038,1,0,"Z001",0
"23626","201757","05/22/26 00:00:00",108,0,1,0,0,0,0,0,150,108,149.8181818181818,0,0,0,"01",2039,1,0,"Z001",0
"24226","262160","05/22/26 00:00:00",0,4,0,0,1,0,0,0,900,0,756.25,0,0,900,"01",,1,575,"Z001",0
"24226","262190","05/22/26 00:00:00",0,1,0,0,1,0,0,0,1300,0,850,0,0,1300,"01",,1,450,"Z001",0
"23726","241919","05/23/26 00:00:00",5,0,1,0,0,0,0,0,1500,5,1500,0,0,0,"01",2040,1,0,"Z001",0
"23726","1556","05/23/26 00:00:00",4,0,1,0,0,0,0,0,2500,4,2500,0,0,0,"01",2041,1,0,"Z001",0
"23726","262217","05/23/26 00:00:00",1,0,1,0,0,0,0,0,15500,1,15500,0,0,0,"01",2042,1,0,"Z001",0
"23726","262218","05/23/26 00:00:00",1,0,1,0,0,0,0,0,29000,1,29000,0,0,0,"01",2043,1,0,"Z001",0
"18026","6572","03/28/26 00:00:00",2,0,1,0,0,0,0,0,1800,2,1800,0,0,0,"01",1874,1,0,"Z001",0
"23826","6556","05/23/26 00:00:00",1,0,1,0,0,0,0,0,12482.83,1,12482.83,0,0,0,"01",2045,1,0,"Z001",0
"23826","5811","05/23/26 00:00:00",1,0,1,0,0,0,0,0,6539.53,1,6539.53,0,0,0,"01",2046,1,0,"Z001",0
"24326","262196","05/22/26 00:00:00",0,1,0,0,1,0,0,0,550,0,320,0,0,550,"01",,1,230,"Z001",0
"24326","6587","05/22/26 00:00:00",0,1,0,0,1,0,0,0,200,0,135,0,0,200,"01",,1,65,"Z001",0
"24326","5969","05/22/26 00:00:00",0,1,0,0,1,0,0,0,30,0,17.98077403459781,0,0,30,"01",,1,12.01922596540219,"Z001",0
"24326","6365","05/22/26 00:00:00",0,1,0,0,1,0,0,0,100,0,0.61,0,0,100,"01",,1,99.39,"Z001",0
"24326","262210","05/22/26 00:00:00",0,4,0,0,1,0,0,0,25,0,4.17,0,0,25,"01",,1,83.31999999999999,"Z001",0
"24326","6591","05/22/26 00:00:00",0,1,0,0,1,0,0,0,5000,0,3698.342661968713,0,0,5000,"01",,1,1301.657338031287,"Z001",0
"24326","6099","05/22/26 00:00:00",0,2,0,0,1,0,0,0,200,0,85,0,0,200,"01",,1,230,"Z001",0
"24326","252063","05/22/26 00:00:00",0,2,0,0,1,0,0,0,350,0,138.3333333333333,0,0,350,"01",,1,423.3333333333333,"Z001",0
"24326","6616","05/22/26 00:00:00",0,1,0,0,1,0,0,0,200,0,132.0967741935484,0,0,200,"01",,1,67.90322580645162,"Z001",0
"24326","262100","05/22/26 00:00:00",0,1,0,0,1,0,0,0,350,0,160,0,0,350,"01",,1,190,"Z001",0
"24326","262187","05/22/26 00:00:00",0,1,0,0,1,0,0,0,1200,0,580,0,0,1200,"01",,1,620,"Z001",0
"24326","251946","05/22/26 00:00:00",0,1,0,0,1,0,0,0,1000,0,824.5813333333333,0,0,1000,"01",,1,175.4186666666667,"Z001",0
"24326","6478","05/22/26 00:00:00",0,7,0,0,1,0,0,1,200,0,0,0,0,200,"01",,1,1400,"Z001",0
"24926","241931","05/28/26 00:00:00",0,1,0,0,1,0,0,0,1850,0,1802,0,0,1850,"01",,1,48,"Z001",0
"19126","6572","04/01/26 00:00:00",6,0,1,0,0,0,0,0,1800,6,1800,0,0,0,"01",2044,1,0,"Z001",0
"25026","251957","05/29/26 00:00:00",0,5,0,0,1,0,0,0,1200,0,1185.368,0,0,1200,"01",,1,73.16000000000031,"Z001",0
"25026","241927","05/29/26 00:00:00",0,2,0,0,1,0,0,0,8000,0,7800,0,0,8000,"01",,1,400,"Z001",0
"25026","252020","05/29/26 00:00:00",0,30,0,0,1,0,0,0,200,0,183.6852380952381,0,0,200,"01",,1,489.4428571428568,"Z001",0
"27426","6030","06/10/26 00:00:00",0,1,0,0,1,0,0,0,100,0,88.2442748091603,0,0,100,"01",,1,11.7557251908397,"Z001",0
"27426","6098","06/10/26 00:00:00",0,1,0,0,1,0,0,0,50,0,32.84396654074474,0,0,50,"01",,1,17.15603345925526,"Z001",0
"27426","6363","06/10/26 00:00:00",0,6,0,0,1,0,0,1,5,0,0,0,0,5,"01",,1,30,"Z001",0
"27526","201761","06/11/26 00:00:00",0,2,0,0,1,0,0,0,700,0,370.01,0,0,700,"01",,1,659.98,"Z001",0
"27526","6572","06/11/26 00:00:00",0,1,0,0,1,0,0,0,3200,0,1800,0,0,3200,"01",,1,1400,"Z001",0
"27526","6334","06/11/26 00:00:00",0,1,0,0,1,0,0,0,350,0,279.3376232854787,0,0,350,"01",,1,70.66237671452126,"Z001",0
"27526","6098","06/11/26 00:00:00",0,1,0,0,1,0,0,0,50,0,32.84396654074474,0,0,50,"01",,1,17.15603345925526,"Z001",0
"27526","6365","06/11/26 00:00:00",0,1,0,0,1,0,0,0,120,0,0.61,0,0,120,"01",,1,119.39,"Z001",0
"27726","262196","06/13/26 00:00:00",0,1,0,0,1,0,0,0,550,0,320,0,0,550,"01",,1,230,"Z001",0
"27726","262190","06/13/26 00:00:00",0,1,0,0,1,0,0,0,1300,0,850,0,0,1300,"01",,1,450,"Z001",0
"27726","262191","06/13/26 00:00:00",0,1,0,0,1,0,0,0,1600,0,1050,0,0,1600,"01",,1,550,"Z001",0
"25726","262169","06/13/26 00:00:00",12,0,1,0,0,0,0,0,506,12,506,0,0,0,"01",2086,1,0,"Z001",0
"25726","262230","06/13/26 00:00:00",12,0,1,0,0,0,0,0,364,12,364,0,0,0,"01",2087,1,0,"Z001",0
"22026","252021","03/08/26 00:00:00",0,400,0,0,1,0,0,0,350,0,286.7823798627002,0,0,350,"01",,1,25287.04805491991,"Z001",0
"25926","5817","06/15/26 00:00:00",74,0,1,0,0,0,0,0,8800,74,8350.594956221965,0,0,0,"01",2089,1,0,"Z001",0
"26026","262232","06/17/26 00:00:00",1,0,1,0,0,0,0,0,15500,1,15500,0,0,0,"01",2090,1,0,"Z001",0
"28326","6471","06/17/26 00:00:00",0,3,0,0,1,0,0,0,3600,0,2565.22139346889,0,0,3600,"01",,1,3104.335819593331,"Z001",0
"28626","241927","06/11/26 00:00:00",0,1,0,0,1,0,0,0,9000,0,7800,0,0,9000,"01",,1,1200,"Z001",0
"28626","251969","06/11/26 00:00:00",0,2,0,0,1,0,0,0,850,0,312.5,0,0,850,"01",,1,1075,"Z001",0
"28726","252018","06/15/26 00:00:00",0,3,0,0,1,0,0,0,200,0,90,0,0,200,"01",,1,330,"Z001",0
"28726","6365","06/15/26 00:00:00",0,1,0,0,1,0,0,0,120,0,0.61,0,0,120,"01",,1,119.39,"Z001",0
"28726","6063","06/15/26 00:00:00",0,1,0,0,1,0,0,0,80,0,43.32758620689656,0,0,80,"01",,1,36.67241379310344,"Z001",0
"28726","262179","06/15/26 00:00:00",0,1,0,0,1,0,0,0,200,0,120,0,0,200,"01",,1,80,"Z001",0
"28726","262173","06/15/26 00:00:00",0,1,0,0,1,0,0,0,350,0,260,0,0,350,"01",,1,90,"Z001",0
"28726","6616","06/15/26 00:00:00",0,1,0,0,1,0,0,0,250,0,132.0967741935484,0,0,250,"01",,1,117.9032258064516,"Z001",0
"28726","262187","06/15/26 00:00:00",0,1,0,0,1,0,0,0,1100,0,580,0,0,1100,"01",,1,520,"Z001",0
"28726","231903","06/15/26 00:00:00",0,4,0,0,1,0,0,1,2.5,0,0,0,0,2.5,"01",,1,10,"Z001",0
"28826","262232","06/16/26 00:00:00",0,1,0,0,1,0,0,0,20500,0,0,0,0,20500,"01",,1,20500,"Z001",0
"26126","6063","06/03/26 00:00:00",0,1,0,0,1,0,0,0,80,0,43.32758620689656,0,0,80,"01",,1,36.67241379310344,"Z001",0
"26126","262158","06/03/26 00:00:00",0,1,0,0,1,0,0,0,550,0,330,0,0,550,"01",,1,220,"Z001",0
"26126","6613","06/03/26 00:00:00",0,1,0,0,1,0,0,0,1950,0,1432.89,0,0,1950,"01",,1,517.1099999999999,"Z001",0
"26126","211864","06/03/26 00:00:00",0,1,0,0,1,0,0,0,6600,0,5226.03,0,0,6600,"01",,1,1373.97,"Z001",0
"26126","241912","06/03/26 00:00:00",0,2,0,0,1,0,0,0,250,0,66.57356608478803,0,0,250,"01",,1,366.852867830424,"Z001",0
"26126","6030","06/03/26 00:00:00",0,2,0,0,1,0,0,0,130,0,88.2442748091603,0,0,130,"01",,1,83.5114503816794,"Z001",0
"29326","262189","06/22/26 00:00:00",0,1,0,0,1,0,0,0,100,0,45,0,0,100,"01",,1,55,"Z001",0
"29326","262188","06/22/26 00:00:00",0,2,0,0,1,0,0,0,100,0,50,0,0,100,"01",,1,100,"Z001",0
"29326","6497","06/22/26 00:00:00",0,2,0,0,1,0,0,1,300,0,0,0,0,300,"01",,1,600,"Z001",0
"26726","1084","06/24/26 00:00:00",1,0,1,0,0,0,0,0,6175.61,1,6175.61,0,0,0,"01",2104,1,0,"Z001",0
"29526","251991","06/19/26 00:00:00",0,1,0,0,1,0,0,0,400,0,166.6666666666667,0,0,400,"01",,1,233.3333333333333,"Z001",0
"29526","262080","06/19/26 00:00:00",0,1,0,0,1,0,0,0,3000,0,1700,0,0,3000,"01",,1,1300,"Z001",0
"29526","262116","06/19/26 00:00:00",0,1,0,0,1,0,0,0,350,0,260,0,0,350,"01",,1,90,"Z001",0
"29526","6098","06/19/26 00:00:00",0,3,0,0,1,0,0,0,50,0,32.84396654074474,0,0,50,"01",,1,51.46810037776579,"Z001",0
"29526","5969","06/19/26 00:00:00",0,3,0,0,1,0,0,0,30,0,17.98077403459781,0,0,30,"01",,1,36.05767789620657,"Z001",0
"29526","262197","06/19/26 00:00:00",0,1,0,0,1,0,0,0,350,0,180,0,0,350,"01",,1,170,"Z001",0
"29526","6173","06/19/26 00:00:00",0,8,0,0,1,0,0,0,100,0,62.91683406990759,0,0,100,"01",,1,296.6653274407392,"Z001",0
"29526","221881","06/19/26 00:00:00",0,8,0,0,1,0,0,1,50,0,0,0,0,50,"01",,1,400,"Z001",0
"29526","6498","06/19/26 00:00:00",0,6,0,0,1,0,0,1,100,0,0,0,0,100,"01",,1,600,"Z001",0
"29626","6334","06/20/26 00:00:00",0,1,0,0,1,0,0,0,350,0,279.3376232854787,0,0,350,"01",,1,70.66237671452126,"Z001",0
"29626","6587","06/20/26 00:00:00",0,1,0,0,1,0,0,0,200,0,135,0,0,200,"01",,1,65,"Z001",0
"29626","6098","06/20/26 00:00:00",0,1,0,0,1,0,0,0,50,0,32.84396654074474,0,0,50,"01",,1,17.15603345925526,"Z001",0
"29626","1400","06/20/26 00:00:00",0,8,0,0,1,0,0,0,2.5,0,0.53,0,0,2.5,"01",,1,15.76,"Z001",0
"29626","262200","06/20/26 00:00:00",0,1,0,0,1,0,0,0,400,0,180,0,0,400,"01",,1,220,"Z001",0
"29626","262240","06/20/26 00:00:00",0,3,0,0,1,0,0,0,100,0,35,0,0,100,"01",,1,195,"Z001",0
"29626","262208","06/20/26 00:00:00",0,1,0,0,1,0,0,0,1400,0,800,0,0,1400,"01",,1,600,"Z001",0
"29626","262199","06/20/26 00:00:00",0,1,0,0,1,0,0,0,100,0,45,0,0,100,"01",,1,55,"Z001",0
"29626","6584","06/20/26 00:00:00",0,2,0,0,1,0,0,0,120,0,89.71204188481676,0,0,120,"01",,1,60.57591623036649,"Z001",0
"29726","262126","06/21/26 00:00:00",0,2,0,0,1,0,0,0,200,0,60,0,0,200,"01",,1,280,"Z001",0
"29726","262114","06/21/26 00:00:00",0,1,0,0,1,0,0,0,2200,0,1040,0,0,2200,"01",,1,1160,"Z001",0
"29826","6505","06/22/26 00:00:00",0,2,0,0,1,0,0,0,100,0,70.16778669724771,0,0,100,"01",,1,59.66442660550459,"Z001",0
"29826","5796","06/22/26 00:00:00",0,1,0,0,1,0,0,0,2500,0,2402,0,0,2500,"01",,1,98,"Z001",0
"29826","1692","06/22/26 00:00:00",0,6,0,0,1,0,0,1,10,0,0,0,0,10,"01",,1,60,"Z001",0
"29926","262182","06/24/26 00:00:00",0,1,0,0,1,0,0,0,50,0,20,0,0,50,"01",,1,30,"Z001",0
"29926","251942","06/24/26 00:00:00",0,1,0,0,1,0,0,0,400,0,224.4761273209549,0,0,400,"01",,1,175.5238726790451,"Z001",0
"29926","1078","06/24/26 00:00:00",0,1,0,0,1,0,0,0,1300,0,900,0,0,1300,"01",,1,400,"Z001",0
"29926","6338","06/24/26 00:00:00",0,2,0,0,1,0,0,0,150,0,100,0,0,150,"01",,1,100,"Z001",0
"29926","791","06/24/26 00:00:00",0,2,0,0,1,0,0,0,1550,0,938.6363636363636,0,0,1550,"01",,1,1222.727272727273,"Z001",0
"29926","6505","06/24/26 00:00:00",0,1,0,0,1,0,0,0,100,0,70.16778669724771,0,0,100,"01",,1,29.83221330275229,"Z001",0
"29926","6619","06/24/26 00:00:00",0,10,0,0,1,0,0,1,200,0,125.94,0,0,200,"01",,1,740.6,"Z001",0
"29426","6567","06/09/26 00:00:00",0,1,0,0,1,0,0,0,4000,0,2760,0,0,4000,"01",,1,1240,"Z001",0
"26126","262093","06/03/26 00:00:00",0,7,0,0,1,0,0,1,150,0,0,0,0,150,"01",,1,1050,"Z001",0
"27926","6479","06/13/26 00:00:00",0,5,0,0,1,0,0,1,200,0,0,0,0,200,"01",,1,1000,"Z001",0
"26826","999","06/10/26 00:00:00",3,0,1,0,0,0,0,0,7900,3,6300,0,0,0,"01",2105,1,0,"Z001",0
"26826","262241","06/10/26 00:00:00",1,0,1,0,0,0,0,0,36540,1,36540,0,0,0,"01",2106,1,0,"Z001",0
"26826","241915","06/10/26 00:00:00",1,0,1,0,0,0,0,0,14200,1,14200,0,0,0,"01",2107,1,0,"Z001",0
"26826","1581","06/10/26 00:00:00",6,0,1,0,0,0,0,0,3900,6,3900,0,0,0,"01",2108,1,0,"Z001",0
"26826","1176","06/10/26 00:00:00",2,0,1,0,0,0,0,0,5200,2,5200,0,0,0,"01",2109,1,0,"Z001",0
"26826","262242","06/10/26 00:00:00",2,0,1,0,0,0,0,0,4500,2,4500,0,0,0,"01",2110,1,0,"Z001",0
"26826","262243","06/10/26 00:00:00",1,0,1,0,0,0,0,0,8700,1,8700,0,0,0,"01",2111,1,0,"Z001",0
"26826","262244","06/10/26 00:00:00",2,0,1,0,0,0,0,0,19836,2,19836,0,0,0,"01",2112,1,0,"Z001",0
"26826","262245","06/10/26 00:00:00",1,0,1,0,0,0,0,0,320,1,320,0,0,0,"01",2113,1,0,"Z001",0
"26826","262246","06/10/26 00:00:00",1,0,1,0,0,0,0,0,9300,1,9300,0,0,0,"01",2114,1,0,"Z001",0
"26826","262249","06/10/26 00:00:00",1,0,1,0,0,0,0,0,1461,1,1461,0,0,0,"01",2115,1,0,"Z001",0
"26826","262248","06/10/26 00:00:00",1,0,1,0,0,0,0,0,7300,1,7300,0,0,0,"01",2116,1,0,"Z001",0
"26826","221886","06/10/26 00:00:00",1,0,1,0,0,0,0,0,63600,1,63600,0,0,0,"01",2117,1,0,"Z001",0
"26826","211858","06/10/26 00:00:00",1,0,1,0,0,0,0,0,15225,1,15225,0,0,0,"01",2118,1,0,"Z001",0
"26826","1178","06/10/26 00:00:00",1,0,1,0,0,0,0,0,13485,1,13485,0,0,0,"01",2119,1,0,"Z001",0
"26826","1182","06/10/26 00:00:00",1,0,1,0,0,0,0,0,20800,1,20800,0,0,0,"01",2120,1,0,"Z001",0
"26826","262247","06/10/26 00:00:00",1,0,1,0,0,0,0,0,17200,1,17200,0,0,0,"01",2121,1,0,"Z001",0
"26926","973","06/25/26 00:00:00",10,0,1,0,0,0,0,0,750,10,750,0,0,0,"01",2122,1,0,"Z001",0
"30026","973","06/25/26 00:00:00",0,1,0,0,1,0,0,0,1250,0,750,0,0,1250,"01",,1,500,"Z001",0
"30026","6588","06/25/26 00:00:00",0,1,0,0,1,0,0,0,350,0,344.4444444444445,0,0,350,"01",,1,5.555555555555543,"Z001",0
"30026","993","06/25/26 00:00:00",0,11,0,0,1,0,0,1,250,0,0,0,0,250,"01",,1,2750,"Z001",0
"30126","6476","06/26/26 00:00:00",0,5,0,0,1,0,0,0,15000,0,11380.65491704374,0,0,15000,"01",,1,18096.72541478129,"Z001",0
"30226","262072","06/26/26 00:00:00",0,1,0,0,1,0,0,0,36800,0,25350,0,0,36800,"01",,1,11450,"Z001",0
"30226","973","06/26/26 00:00:00",0,1,0,0,1,0,0,0,1200,0,750,0,0,1200,"01",,1,450,"Z001",0
"27026","262250","06/27/26 00:00:00",6,0,1,0,0,0,0,0,3358.25,6,3358.25,0,0,0,"01",2123,1,0,"Z001",0
"27026","6296","06/27/26 00:00:00",24,0,1,0,0,0,0,0,76,24,76,0,0,0,"01",2124,1,0,"Z001",0
"27026","262251","06/27/26 00:00:00",6,0,1,0,0,0,0,0,375.25,6,375.25,0,0,0,"01",2125,1,0,"Z001",0
"27026","1263","06/27/26 00:00:00",6,0,1,0,0,0,0,0,688.75,6,688.75,0,0,0,"01",2127,1,0,"Z001",0
"27026","262252","06/27/26 00:00:00",1,0,1,0,0,0,0,0,8217.5,1,8217.5,0,0,0,"01",2128,1,0,"Z001",0
"27026","262253","06/27/26 00:00:00",2,0,1,0,0,0,0,0,5624,2,5624,0,0,0,"01",2129,1,0,"Z001",0
"27026","262254","06/27/26 00:00:00",20,0,1,0,0,0,0,0,47.5,20,47.5,0,0,0,"01",2130,1,0,"Z001",0
"27026","251999","06/27/26 00:00:00",7,0,1,0,0,0,0,0,389.5,7,351.5,0,0,0,"01",2131,1,0,"Z001",0
"30826","262257","06/29/26 00:00:00",0,1,0,0,1,0,0,0,200000,0,156000,0,0,200000,"01",,1,44000,"Z001",0
"30826","241916","06/29/26 00:00:00",0,1,0,0,1,0,0,0,200000,0,149333.3333333333,0,0,200000,"01",,1,50666.66666666666,"Z001",0
"30826","241931","06/29/26 00:00:00",0,1,0,0,1,0,0,0,3500,0,1802,0,0,3500,"01",,1,1698,"Z001",0
"30826","251953","06/29/26 00:00:00",0,1,0,0,1,0,0,0,3300,0,718.3709677419355,0,0,3300,"01",,1,2581.629032258064,"Z001",0
"30826","251944","06/29/26 00:00:00",0,1,0,0,1,0,0,0,2600,0,1416.666666666667,0,0,2600,"01",,1,1183.333333333333,"Z001",0
"30826","6364","06/29/26 00:00:00",0,1,0,0,1,0,0,0,300,0,156.3333333333333,0,0,300,"01",,1,143.6666666666667,"Z001",0
"30826","6063","06/29/26 00:00:00",0,4,0,0,1,0,0,0,80,0,43.32758620689656,0,0,80,"01",,1,146.6896551724138,"Z001",0
"30826","252036","06/29/26 00:00:00",0,1,0,0,1,0,0,0,350,0,235,0,0,350,"01",,1,115,"Z001",0
"30826","251991","06/29/26 00:00:00",0,20,0,0,1,0,0,1,10,0,0,0,0,10,"01",,1,200,"Z001",0
"27426","262196","06/29/26 00:00:00",10,0,1,0,0,0,0,0,320,10,320,0,0,0,"01",2139,1,0,"Z001",0
"27426","262258","06/29/26 00:00:00",3,0,1,0,0,0,0,0,1900,3,1900,0,0,0,"01",2140,1,0,"Z001",0
"27426","6365","06/29/26 00:00:00",40,0,1,0,0,0,0,0,42.5,40,1.267765437872512,0,0,0,"01",2141,1,0,"Z001",0
"27426","262259","06/29/26 00:00:00",5,0,1,0,0,0,0,0,1500,5,1500,0,0,0,"01",2142,1,0,"Z001",0
"27326","241916","06/29/26 00:00:00",1,0,1,0,0,0,0,0,148000,1,149333.3333333333,0,0,0,"01",2138,1,0,"Z001",0
"27326","262260","06/29/26 00:00:00",2,0,1,0,0,0,0,0,3000,2,3000,0,0,0,"01",2143,1,0,"Z001",0
"27526","6420","06/29/26 00:00:00",1,0,1,0,0,0,0,0,2100,1,2100,0,0,0,"01",2144,1,0,"Z001",0
"27526","262261","06/29/26 00:00:00",6,0,1,0,0,0,0,0,200,6,200,0,0,0,"01",2145,1,0,"Z001",0
"27626","262194","06/30/26 00:00:00",20,0,1,0,0,0,0,0,450,20,450,0,0,0,"01",2146,1,0,"Z001",0
"27626","262222","06/30/26 00:00:00",10,0,1,0,0,0,0,0,1100,10,1150,0,0,0,"01",2147,1,0,"Z001",0
"27726","262262","06/30/26 00:00:00",1,0,1,0,0,0,0,0,8201,1,8201,0,0,0,"01",2148,1,0,"Z001",0
"27726","262263","06/30/26 00:00:00",1,0,1,0,0,0,0,0,1705,1,1705,0,0,0,"01",2149,1,0,"Z001",0
"27826","252021","06/23/26 00:00:00",400,0,1,0,0,0,0,0,325,400,324.9596806387225,0,0,0,"01",2150,1,0,"Z001",0
"32226","241912","01/03/26 00:00:00",0,5,0,0,1,0,0,0,300,0,66.57356608478803,0,0,300,"01",,1,1167.13216957606,"Z001",0
"28126","262264","07/04/26 00:00:00",14,0,1,0,0,0,0,0,10880,14,10880,0,0,0,"01",2156,1,0,"Z001",0
"30926","262086","06/29/26 00:00:00",0,1,0,0,1,0,0,0,350,0,128,0,0,350,"01",,1,222,"Z001",0
"30926","6590","06/29/26 00:00:00",0,1,0,0,1,0,0,0,250,0,148.421052631579,0,0,250,"01",,1,101.578947368421,"Z001",0
"30926","6585","06/29/26 00:00:00",0,2,0,0,1,0,0,0,170,0,128.5928143712575,0,0,170,"01",,1,82.81437125748505,"Z001",0
"30926","6587","06/29/26 00:00:00",0,2,0,0,1,0,0,0,200,0,135,0,0,200,"01",,1,130,"Z001",0
"30926","6602","06/29/26 00:00:00",0,2,0,0,1,0,0,0,100,0,70.21683890577508,0,0,100,"01",,1,59.56632218844985,"Z001",0
"30926","251990","06/29/26 00:00:00",0,1,0,0,1,0,0,0,100,0,60,0,0,100,"01",,1,40,"Z001",0
"30926","6511","06/29/26 00:00:00",0,1,0,0,1,0,0,0,3500,0,3161.871875,0,0,3500,"01",,1,338.1281250000002,"Z001",0
"30926","5692","06/29/26 00:00:00",0,1,0,0,1,0,0,0,3500,0,2859.722222222222,0,0,3500,"01",,1,640.2777777777778,"Z001",0
"30926","6586","06/29/26 00:00:00",0,1,0,0,1,0,0,0,220,0,163.6363636363636,0,0,220,"01",,1,56.36363636363637,"Z001",0
"31226","6585","06/30/26 00:00:00",0,1,0,0,1,0,0,0,170,0,128.5928143712575,0,0,170,"01",,1,41.40718562874252,"Z001",0
"31226","241912","06/30/26 00:00:00",0,1,0,0,1,0,0,0,300,0,66.57356608478803,0,0,300,"01",,1,233.426433915212,"Z001",0
"31226","262222","06/30/26 00:00:00",0,7,0,0,1,0,0,0,1650,0,1150,0,0,1650,"01",,1,3500,"Z001",0
"31226","262249","06/30/26 00:00:00",0,1,0,0,1,0,0,0,10000,0,1461,0,0,10000,"01",,1,8539,"Z001",0
"31226","262263","06/30/26 00:00:00",0,1,0,0,1,0,0,0,2000,0,1705,0,0,2000,"01",,1,295,"Z001",0
"31226","1549","06/30/26 00:00:00",0,1,0,0,1,0,0,0,300,0,133,0,0,300,"01",,1,167,"Z001",0
"31226","262209","06/30/26 00:00:00",0,4,0,0,1,0,0,0,25,0,3.33,0,0,25,"01",,1,86.68000000000001,"Z001",0
"31226","262210","06/30/26 00:00:00",0,4,0,0,1,0,0,0,25,0,4.17,0,0,25,"01",,1,83.31999999999999,"Z001",0
"31226","262235","06/30/26 00:00:00",0,4,0,0,1,0,0,1,50,0,35.3,0,0,50,"01",,1,58.80000000000001,"Z001",0
"31126","262070","06/29/26 00:00:00",0,1,0,0,1,0,0,0,36000,0,26438.89,0,0,36000,"01",,1,9561.110000000001,"Z001",0
"31126","262256","06/29/26 00:00:00",0,1,0,0,1,0,0,0,41000,0,30000,0,0,41000,"01",,1,11000,"Z001",0
"31126","6564","06/29/26 00:00:00",0,1,0,0,1,0,0,0,1600,0,700,0,0,1600,"01",,1,900,"Z001",0
"31126","6030","06/29/26 00:00:00",0,3,0,0,1,0,0,0,130,0,88.2442748091603,0,0,130,"01",,1,125.2671755725191,"Z001",0
"31126","262237","06/29/26 00:00:00",0,8,0,0,1,0,0,1,120,0,0,0,0,120,"01",,1,960,"Z001",0
"31126","221881","06/29/26 00:00:00",0,1,0,0,1,0,0,1,80,0,0,0,0,80,"01",,1,80,"Z001",0
"2426","241910","01/01/26 00:00:00",0,6,0,0,0,0,1,0,0,0,10219.95454545455,1,0,0,"01",,0,0,"Z001",0
"2426","241910","01/01/26 00:00:00",600,0,0,0,0,0,0,1,17.03,600,17.03,1,0,0,"01",2151,0,0,"Z001",0
"31326","241910","02/08/26 00:00:00",0,4,0,0,1,0,0,0,15000,0,10219.95454545455,0,0,15000,"01",,1,19120.18181818182,"Z001",0
"27926","211863","07/02/26 00:00:00",2,0,1,0,0,0,0,0,4055.36,2,4055.36,0,0,0,"01",2152,1,0,"Z001",0
"27926","211864","07/02/26 00:00:00",2,0,1,0,0,0,0,0,5226.03,2,5226.03,0,0,0,"01",2153,1,0,"Z001",0
"27926","251972","07/02/26 00:00:00",2,0,1,0,0,0,0,0,6189.37,2,6189.37,0,0,0,"01",2154,1,0,"Z001",0
"31426","252061","07/02/26 00:00:00",0,2,0,0,1,0,0,0,70,0,70,0,0,70,"01",,1,0,"Z001",0
"31426","6338","07/02/26 00:00:00",0,3,0,0,1,0,0,0,100,0,100,0,0,100,"01",,1,0,"Z001",0
"31426","6602","07/02/26 00:00:00",0,1,0,0,1,0,0,0,70.22000122070312,0,70.21683890577508,0,0,70.22000122070312,"01",,1,0.003162314928047749,"Z001",0
"31426","251947","07/02/26 00:00:00",0,3,0,0,1,0,0,0,300000,0,237862.61,0,0,300000,"01",,1,186412.17,"Z001",0
"31426","1109","07/02/26 00:00:00",0,9,0,0,1,0,0,0,130,0,129.8076923076923,0,0,130,"01",,1,1.730769230769113,"Z001",0
"31426","5817","07/02/26 00:00:00",0,6,0,0,1,0,0,0,8800,0,8350.594956221965,0,0,8800,"01",,1,2696.430262668211,"Z001",0
"31426","6192","07/02/26 00:00:00",0,1,0,0,1,0,0,0,6,0,2.533744026946492,0,0,6,"01",,1,3.466255973053508,"Z001",0
"31526","251938","02/24/26 00:00:00",0,20,0,0,1,0,0,0,1600,0,1505.667741935484,0,0,1600,"01",,1,1886.645161290321,"Z001",0
"31526","252021","02/24/26 00:00:00",0,71,0,0,1,0,0,0,330,0,286.7823798627002,0,0,330,"01",,1,3068.451029748284,"Z001",0
"28026","211816","02/01/26 00:00:00",2,0,1,0,0,0,0,0,7200,2,7200,0,0,0,"01",2155,1,0,"Z001",0
"31626","6565","03/12/26 00:00:00",0,1,0,0,1,0,0,0,19000,0,18000,0,0,19000,"01",,1,1000,"Z001",0
"31626","231907","03/12/26 00:00:00",0,3,0,0,1,0,0,0,10500,0,8600,0,0,10500,"01",,1,5700,"Z001",0
"31626","211816","03/12/26 00:00:00",0,1,0,0,1,0,0,0,10000,0,7200,0,0,10000,"01",,1,2800,"Z001",0
"28726","262271","07/08/26 00:00:00",12,0,1,0,0,0,0,0,220,12,220,0,0,0,"01",2172,1,0,"Z001",0
"28726","880","07/08/26 00:00:00",1,0,1,0,0,0,0,0,1500,1,1500,0,0,0,"01",2173,1,0,"Z001",0
"28826","251963","07/09/26 00:00:00",6,0,1,0,0,0,0,0,4800,6,4900,0,0,0,"01",2174,1,0,"Z001",0
"29026","262272","07/09/26 00:00:00",2,0,1,0,0,0,0,0,9730,2,9730,0,0,0,"01",2176,1,0,"Z001",0
"29026","262139","07/09/26 00:00:00",5,0,1,0,0,0,0,0,1180,5,1360,0,0,0,"01",2177,1,0,"Z001",0
"29126","262140","07/10/26 00:00:00",20,0,1,0,0,0,0,0,25,20,22.5,0,0,0,"01",2178,1,0,"Z001",0
"29126","262273","07/10/26 00:00:00",15,0,1,0,0,0,0,0,20,15,20,0,0,0,"01",2179,1,0,"Z001",0
"33326","6565","07/09/26 00:00:00",0,1,0,0,1,0,0,0,29000,0,18000,0,0,29000,"01",,1,11000,"Z001",0
"33126","6399","07/06/26 00:00:00",0,1,0,0,1,0,0,0,180,0,110,0,0,180,"01",,1,70,"Z001",0
"33126","262069","07/06/26 00:00:00",0,1,0,0,1,0,0,0,34000,0,25312.85114285714,0,0,34000,"01",,1,8687.148857142856,"Z001",0
"33126","936","07/06/26 00:00:00",0,1,0,0,1,0,0,0,7000,0,5400,0,0,7000,"01",,1,1600,"Z001",0
"33126","5816","07/06/26 00:00:00",0,1,0,0,1,0,0,0,6500,0,4800,0,0,6500,"01",,1,1700,"Z001",0
"33126","262118","07/06/26 00:00:00",0,1,0,0,1,0,0,0,11500,0,9000,0,0,11500,"01",,1,2500,"Z001",0
"33126","937","07/06/26 00:00:00",0,1,0,0,1,0,0,0,3500,0,2600,0,0,3500,"01",,1,900,"Z001",0
"33126","858","07/06/26 00:00:00",0,1,0,0,1,0,0,0,2400,0,1400,0,0,2400,"01",,1,1000,"Z001",0
"33126","241912","07/06/26 00:00:00",0,1,0,0,1,0,0,0,300,0,66.57356608478803,0,0,300,"01",,1,233.426433915212,"Z001",0
"33126","6505","07/06/26 00:00:00",0,1,0,0,1,0,0,0,100,0,70.16778669724771,0,0,100,"01",,1,29.83221330275229,"Z001",0
"33226","252028","07/07/26 00:00:00",0,1,0,0,1,0,0,0,600,0,450,0,0,600,"01",,1,150,"Z001",0
"33226","251942","07/07/26 00:00:00",0,2,0,0,1,0,0,0,350,0,224.4761273209549,0,0,350,"01",,1,251.0477453580903,"Z001",0
"33226","6589","07/07/26 00:00:00",0,1,0,0,1,0,0,0,800,0,570,0,0,800,"01",,1,230,"Z001",0
"33226","6030","07/07/26 00:00:00",0,1,0,0,1,0,0,0,130,0,88.2442748091603,0,0,130,"01",,1,41.7557251908397,"Z001",0
"33226","252029","07/07/26 00:00:00",0,1,0,0,1,0,0,0,50,0,25,0,0,50,"01",,1,25,"Z001",0
"33026","262197","07/04/26 00:00:00",0,1,0,0,1,0,0,0,350,0,180,0,0,350,"01",,1,170,"Z001",0
"33026","262104","07/04/26 00:00:00",0,10,0,0,1,0,0,0,70,0,40,0,0,70,"01",,1,300,"Z001",0
"41626","262318","08/17/26 00:00:00",0,1,0,0,1,0,0,0,2200,0,2200,0,0,2200,"01",,1,0,"Z001",0
"41826","262235","08/17/26 00:00:00",0,1,0,0,1,0,0,0,3550,0,3177,0,0,3550,"01",,1,373,"Z001",0
"41726","262235","08/17/26 00:00:00",0,10,0,0,1,0,0,0,3480,0,3177,0,0,3480,"01",,1,3030,"Z001",0
"41726","262236","08/17/26 00:00:00",0,9,0,0,1,0,0,0,5700,0,5321,0,0,5700,"01",,1,3411,"Z001",0
"41726","262237","08/17/26 00:00:00",0,1,0,0,1,0,0,0,9500,0,8532,0,0,9500,"01",,1,968,"Z001",0
"33026","6030","07/04/26 00:00:00",0,2,0,0,1,0,0,0,130,0,88.2442748091603,0,0,130,"01",,1,83.5114503816794,"Z001",0
"33026","252043","07/04/26 00:00:00",0,1,0,0,1,0,0,0,150,0,107,0,0,150,"01",,1,43,"Z001",0
"29226","262274","07/10/26 00:00:00",2,0,1,0,0,0,0,0,180,2,180,0,0,0,"01",2180,1,0,"Z001",0
"28926","201761","07/09/26 00:00:00",5,0,1,0,0,0,0,0,400,5,391.4314285714286,0,0,0,"01",2175,1,0,"Z001",0
"30926","5969","06/29/26 00:00:00",0,1,0,0,1,0,0,0,30,0,17.98077403459781,0,0,30,"01",,1,12.01922596540219,"Z001",0
"30926","252047","06/29/26 00:00:00",0,10,0,0,1,0,0,1,5,0,0,0,0,5,"01",,1,50,"Z001",0
"32326","252049","07/06/26 00:00:00",0,1,0,0,1,0,0,0,23500,0,13175,0,0,23500,"01",,1,10325,"Z001",0
"32326","252065","07/06/26 00:00:00",0,4,0,0,1,0,0,0,15,0,6,0,0,15,"01",,1,36,"Z001",0
"32326","1032","07/06/26 00:00:00",0,1,0,0,1,0,0,0,500,0,382.2222222222222,0,0,500,"01",,1,117.7777777777778,"Z001",0
"32326","252047","07/06/26 00:00:00",0,8,0,0,1,0,0,1,5,0,0,0,0,5,"01",,1,40,"Z001",0
"32326","6498","07/06/26 00:00:00",0,3,0,0,1,0,0,1,100,0,0,0,0,100,"01",,1,300,"Z001",0
"32326","262146","07/06/26 00:00:00",0,50,0,0,1,0,0,1,140,0,0,0,0,140,"01",,1,7000,"Z001",0
"32526","262069","06/08/26 00:00:00",0,1,0,0,1,0,0,0,26000,0,25312.85114285714,0,0,26000,"01",,1,687.1488571428563,"Z001",0
"32426","262069","05/30/26 00:00:00",0,1,0,0,1,0,0,0,26000,0,25521.41857142857,0,0,26000,"01",,1,478.5814285714296,"Z001",0
"2526","6565","01/01/26 00:00:00",0,2,0,0,0,0,1,0,0,0,18000,0,0,0,"01",,0,0,"Z001",0
"28326","262255","04/01/26 00:00:00",1,0,1,0,0,0,0,0,78000,1,78000,0,0,0,"01",2163,1,0,"Z001",0
"32626","262228","06/10/26 00:00:00",0,1,0,0,1,0,0,0,95000,0,75000,0,0,95000,"01",,1,20000,"Z001",0
"32726","262255","05/02/26 00:00:00",0,1,0,0,1,0,0,0,98000,0,78000,0,0,98000,"01",,1,20000,"Z001",0
"28426","262269","07/07/26 00:00:00",6,0,1,0,0,0,0,0,166.67,6,166.67,0,0,0,"01",2164,1,0,"Z001",0
"32826","6555","07/07/26 00:00:00",0,2,0,0,1,0,0,0,75000,0,70000,0,0,75000,"01",,1,10000,"Z001",0
"28526","6477","07/07/26 00:00:00",20,0,1,0,0,0,0,0,24041.23,20,23159.91217391304,0,0,0,"01",2165,1,0,"Z001",0
"32926","6477","07/07/26 00:00:00",0,23,0,0,1,0,0,0,26000,0,23159.91217391304,0,0,26000,"01",,1,65322.02000000003,"Z001",0
"33026","252042","07/04/26 00:00:00",0,1,0,0,1,0,0,0,150,0,78,0,0,150,"01",,1,72,"Z001",0
"33026","262194","07/04/26 00:00:00",0,1,0,0,1,0,0,0,700,0,450,0,0,700,"01",,1,250,"Z001",0
"33026","262196","07/04/26 00:00:00",0,1,0,0,1,0,0,0,500,0,320,0,0,500,"01",,1,180,"Z001",0
"33026","6334","07/04/26 00:00:00",0,1,0,0,1,0,0,0,350,0,279.3376232854787,0,0,350,"01",,1,70.66237671452126,"Z001",0
"33026","6098","07/04/26 00:00:00",0,1,0,0,1,0,0,0,50,0,32.84396654074474,0,0,50,"01",,1,17.15603345925526,"Z001",0
"33026","6563","07/04/26 00:00:00",0,1,0,0,1,0,0,0,3600,0,2500,0,0,3600,"01",,1,1100,"Z001",0
"33026","252045","07/04/26 00:00:00",0,1,0,0,1,0,0,0,100,0,39.17464114832536,0,0,100,"01",,1,60.82535885167464,"Z001",0
"33026","211829","07/04/26 00:00:00",0,1,0,0,1,0,0,0,6100,0,3850,0,0,6100,"01",,1,2250,"Z001",0
"33026","6505","07/04/26 00:00:00",0,1,0,0,1,0,0,0,100,0,70.16778669724771,0,0,100,"01",,1,29.83221330275229,"Z001",0
"34026","262264","07/10/26 00:00:00",0,14,0,0,1,0,0,0,13000,0,10880,0,0,13000,"01",,1,29680,"Z001",0
"28226","262265","07/06/26 00:00:00",2,0,1,0,0,0,0,0,800,2,800,0,0,0,"01",2157,1,0,"Z001",0
"28226","262266","07/06/26 00:00:00",2,0,1,0,0,0,0,0,700,2,700,0,0,0,"01",2158,1,0,"Z001",0
"28226","262267","07/06/26 00:00:00",2,0,1,0,0,0,0,0,900,2,900,0,0,0,"01",2159,1,0,"Z001",0
"28226","6333","07/06/26 00:00:00",30,0,1,0,0,0,0,0,230,30,230,0,0,0,"01",2160,1,0,"Z001",0
"28226","6602","07/06/26 00:00:00",24,0,1,0,0,0,0,0,50,24,67.8841267243395,0,0,0,"01",2161,1,0,"Z001",0
"28226","262268","07/06/26 00:00:00",8,0,1,0,0,0,0,0,180,8,180,0,0,0,"01",2162,1,0,"Z001",0
"33126","241910","07/06/26 00:00:00",0,8,0,0,1,0,0,1,250,0,17.03,0,0,250,"01",,1,1863.76,"Z001",0
"33426","262268","07/08/26 00:00:00",0,1,0,0,1,0,0,0,350,0,180,0,0,350,"01",,1,170,"Z001",0
"33426","251965","07/08/26 00:00:00",0,1,0,0,1,0,0,0,1300,0,1013.72,0,0,1300,"01",,1,286.28,"Z001",0
"33426","251944","07/08/26 00:00:00",0,1,0,0,1,0,0,0,1450,0,1416.666666666667,0,0,1450,"01",,1,33.33333333333326,"Z001",0
"33426","262194","07/08/26 00:00:00",0,3,0,0,1,0,0,0,750,0,450,0,0,750,"01",,1,900,"Z001",0
"33426","892","07/08/26 00:00:00",0,2,0,0,1,0,0,0,1350,0,908.33,0,0,1350,"01",,1,883.3399999999999,"Z001",0
"33426","1176","07/08/26 00:00:00",0,1,0,0,1,0,0,0,6800,0,5200,0,0,6800,"01",,1,1600,"Z001",0
"33526","262194","07/09/26 00:00:00",0,1,0,0,1,0,0,0,800,0,450,0,0,800,"01",,1,350,"Z001",0
"33526","262162","07/09/26 00:00:00",0,1,0,0,1,0,0,0,2200,0,1500,0,0,2200,"01",,1,700,"Z001",0
"33526","201761","07/09/26 00:00:00",0,4,0,0,1,0,0,0,550,0,391.4314285714286,0,0,550,"01",,1,634.2742857142857,"Z001",0
"33526","262234","07/09/26 00:00:00",0,1,0,0,1,0,0,0,21000,0,16000,0,0,21000,"01",,1,5000,"Z001",0
"33526","262238","07/09/26 00:00:00",0,1,0,0,1,0,0,0,14500,0,12606,0,0,14500,"01",,1,1894,"Z001",0
"33526","252038","07/09/26 00:00:00",0,2,0,0,1,0,0,0,700,0,565,0,0,700,"01",,1,270,"Z001",0
"33526","6334","07/09/26 00:00:00",0,3,0,0,1,0,0,0,350,0,279.3376232854787,0,0,350,"01",,1,211.9871301435638,"Z001",0
"33526","6098","07/09/26 00:00:00",0,3,0,0,1,0,0,0,50,0,32.84396654074474,0,0,50,"01",,1,51.46810037776579,"Z001",0
"33526","6338","07/09/26 00:00:00",0,1,0,0,1,0,0,0,150,0,100,0,0,150,"01",,1,50,"Z001",0
"33526","262100","07/09/26 00:00:00",0,2,0,0,1,0,0,0,300,0,160,0,0,300,"01",,1,280,"Z001",0
"33526","6527","07/09/26 00:00:00",0,20,0,0,1,0,0,1,130,0,0,0,0,130,"01",,1,2600,"Z001",0
"33626","252042","07/10/26 00:00:00",0,1,0,0,1,0,0,0,150,0,78,0,0,150,"01",,1,72,"Z001",0
"33626","262140","07/10/26 00:00:00",0,15,0,0,1,0,0,0,40,0,22.5,0,0,40,"01",,1,262.5,"Z001",0
"33626","262273","07/10/26 00:00:00",0,10,0,0,1,0,0,0,35,0,20,0,0,35,"01",,1,150,"Z001",0
"33626","6030","07/10/26 00:00:00",0,3,0,0,1,0,0,0,130,0,88.2442748091603,0,0,130,"01",,1,125.2671755725191,"Z001",0
"33626","252049","07/10/26 00:00:00",0,1,0,0,1,0,0,0,24000,0,13175,0,0,24000,"01",,1,10825,"Z001",0
"33626","252020","07/10/26 00:00:00",0,20,0,0,1,0,0,0,300,0,183.6852380952381,0,0,300,"01",,1,2326.295238095238,"Z001",0
"33626","973","07/10/26 00:00:00",0,1,0,0,1,0,0,0,1500,0,750,0,0,1500,"01",,1,750,"Z001",0
"33626","262101","07/10/26 00:00:00",0,2,0,0,1,0,0,0,400,0,180,0,0,400,"01",,1,440,"Z001",0
"33626","6616","07/10/26 00:00:00",0,1,0,0,1,0,0,0,250,0,132.0967741935484,0,0,250,"01",,1,117.9032258064516,"Z001",0
"33726","1263","07/13/26 00:00:00",0,1,0,0,1,0,0,0,688.75,0,688.75,0,0,688.75,"01",,1,0,"Z001",0
"33826","252020","07/13/26 00:00:00",0,76,0,0,1,0,0,0,300,0,183.6852380952381,0,0,300,"01",,1,8839.921904761904,"Z001",0
"33826","973","07/13/26 00:00:00",0,1,0,0,1,0,0,0,1500,0,750,0,0,1500,"01",,1,750,"Z001",0
"33826","6173","07/13/26 00:00:00",0,5,0,0,1,0,0,0,100,0,62.91683406990759,0,0,100,"01",,1,185.415829650462,"Z001",0
"33826","6192","07/13/26 00:00:00",0,10,0,0,1,0,0,0,10,0,2.533744026946492,0,0,10,"01",,1,74.66255973053508,"Z001",0
"0101261","6619","01/01/26 00:00:00",0,22,1,0,0,0,0,1,0,0,0,0,0,0,"01",1528,0,0,"Z001",0
"0101261","1010","01/01/26 00:00:00",0,2,1,0,0,0,0,1,0,0,0,0,0,0,"01",1353,0,0,"Z001",0
"0101261","241910","01/01/26 00:00:00",0,34,1,0,0,0,0,1,0,0,17.03,0,0,0,"01",1410,0,0,"Z001",0
"0101261","993","01/01/26 00:00:00",0,50,1,0,0,0,0,1,0,0,0,0,0,0,"01",1556,0,0,"Z001",0
"0101261","6479","01/01/26 00:00:00",0,13,1,0,0,0,0,1,0,0,0,0,0,0,"01",1503,0,0,"Z001",0
"0101261","6619","01/01/26 00:00:00",0,22,1,0,0,0,0,1,0,0,0,0,0,0,"01",1528,0,0,"Z001",0
"0101261","1010","01/01/26 00:00:00",0,2,1,0,0,0,0,1,0,0,0,0,0,0,"01",1353,0,0,"Z001",0
"0101261","241910","01/01/26 00:00:00",0,34,1,0,0,0,0,1,0,0,17.03,0,0,0,"01",1410,0,0,"Z001",0
"0101261","993","01/01/26 00:00:00",0,50,1,0,0,0,0,1,0,0,0,0,0,0,"01",1556,0,0,"Z001",0
"0101261","6479","01/01/26 00:00:00",0,13,1,0,0,0,0,1,0,0,0,0,0,0,"01",1503,0,0,"Z001",0
"0101261","6619","01/01/26 00:00:00",0,22,1,0,0,0,0,1,0,0,0,0,0,0,"01",1528,0,0,"Z001",0
"0101261","1010","01/01/26 00:00:00",0,2,1,0,0,0,0,1,0,0,0,0,0,0,"01",1353,0,0,"Z001",0
"0101261","241910","01/01/26 00:00:00",0,34,1,0,0,0,0,1,0,0,17.03,0,0,0,"01",1410,0,0,"Z001",0
"0101261","993","01/01/26 00:00:00",0,50,1,0,0,0,0,1,0,0,0,0,0,0,"01",1556,0,0,"Z001",0
"0101261","6479","01/01/26 00:00:00",0,13,1,0,0,0,0,1,0,0,0,0,0,0,"01",1503,0,0,"Z001",0
"0101261","241910","01/01/26 00:00:00",0,34,1,0,0,0,0,1,0,0,17.03,0,0,0,"01",1410,0,0,"Z001",0
"0101261","993","01/01/26 00:00:00",0,50,1,0,0,0,0,1,0,0,0,0,0,0,"01",1556,0,0,"Z001",0
"0101261","6479","01/01/26 00:00:00",0,13,1,0,0,0,0,1,0,0,0,0,0,0,"01",1503,0,0,"Z001",0
"0101261","6619","01/01/26 00:00:00",0,22,1,0,0,0,0,1,0,0,0,0,0,0,"01",1528,0,0,"Z001",0
"0101261","1010","01/01/26 00:00:00",0,2,1,0,0,0,0,1,0,0,0,0,0,0,"01",1353,0,0,"Z001",0
"0101261","6190","01/01/26 00:00:00",0,15,1,0,0,0,0,0,0,0,0,0,0,0,"01",1462,0,0,"Z001",0
"0101261","241910","01/01/26 00:00:00",0,34,1,0,0,0,0,1,0,0,17.03,0,0,0,"01",1410,0,0,"Z001",0
"0101261","993","01/01/26 00:00:00",0,50,1,0,0,0,0,1,0,0,0,0,0,0,"01",1556,0,0,"Z001",0
"0101261","6479","01/01/26 00:00:00",0,13,1,0,0,0,0,1,0,0,0,0,0,0,"01",1503,0,0,"Z001",0
"0101261","6619","01/01/26 00:00:00",0,22,1,0,0,0,0,1,0,0,0,0,0,0,"01",1528,0,0,"Z001",0
"0101261","1010","01/01/26 00:00:00",0,2,1,0,0,0,0,1,0,0,0,0,0,0,"01",1353,0,0,"Z001",0
"0101261","252029","01/01/26 00:00:00",0,1,1,0,0,0,0,0,0,0,25,0,0,0,"01",1434,0,0,"Z001",0
"0101261","6190","01/01/26 00:00:00",0,15,1,0,0,0,0,0,0,0,0,0,0,0,"01",1462,0,0,"Z001",0
"0101261","252029","01/01/26 00:00:00",0,1,1,0,0,0,0,0,0,0,25,0,0,0,"01",1434,0,0,"Z001",0
"0101261","6190","01/01/26 00:00:00",0,15,1,0,0,0,0,0,0,0,0,0,0,0,"01",1462,0,0,"Z001",0
"0101261","252029","01/01/26 00:00:00",0,1,1,0,0,0,0,0,0,0,25,0,0,0,"01",1434,0,0,"Z001",0
"0101261","6190","01/01/26 00:00:00",0,15,1,0,0,0,0,0,0,0,0,0,0,0,"01",1462,0,0,"Z001",0
"0101261","252029","01/01/26 00:00:00",0,1,1,0,0,0,0,0,0,0,25,0,0,0,"01",1434,0,0,"Z001",0
"0101261","6190","01/01/26 00:00:00",0,15,1,0,0,0,0,0,0,0,0,0,0,0,"01",1462,0,0,"Z001",0
"0101261","241910","01/01/26 00:00:00",0,34,1,0,0,0,0,1,0,0,17.03,0,0,0,"01",1410,0,0,"Z001",0
"0101261","993","01/01/26 00:00:00",0,50,1,0,0,0,0,1,0,0,0,0,0,0,"01",1556,0,0,"Z001",0
"0101261","6479","01/01/26 00:00:00",0,13,1,0,0,0,0,1,0,0,0,0,0,0,"01",1503,0,0,"Z001",0
"0101261","6619","01/01/26 00:00:00",0,22,1,0,0,0,0,1,0,0,0,0,0,0,"01",1528,0,0,"Z001",0
"0101261","1010","01/01/26 00:00:00",0,2,1,0,0,0,0,1,0,0,0,0,0,0,"01",1353,0,0,"Z001",0
"0101261","6190","01/01/26 00:00:00",0,15,1,0,0,0,0,0,0,0,0,0,0,0,"01",1462,0,0,"Z001",0
"0101261","241910","01/01/26 00:00:00",0,34,1,0,0,0,0,1,0,0,17.03,0,0,0,"01",1410,0,0,"Z001",0
"0101261","993","01/01/26 00:00:00",0,50,1,0,0,0,0,1,0,0,0,0,0,0,"01",1556,0,0,"Z001",0
"0101261","6479","01/01/26 00:00:00",0,13,1,0,0,0,0,1,0,0,0,0,0,0,"01",1503,0,0,"Z001",0
"0101261","6619","01/01/26 00:00:00",0,22,1,0,0,0,0,1,0,0,0,0,0,0,"01",1528,0,0,"Z001",0
"0101261","252029","01/01/26 00:00:00",0,1,1,0,0,0,0,0,0,0,25,0,0,0,"01",1434,0,0,"Z001",0
"0101261","241910","01/01/26 00:00:00",0,34,1,0,0,0,0,1,0,0,17.03,0,0,0,"01",1410,0,0,"Z001",0
"0101261","1010","01/01/26 00:00:00",0,2,1,0,0,0,0,1,0,0,0,0,0,0,"01",1353,0,0,"Z001",0
"0101261","252029","01/01/26 00:00:00",0,1,1,0,0,0,0,0,0,0,25,0,0,0,"01",1434,0,0,"Z001",0
"0101261","6190","01/01/26 00:00:00",0,15,1,0,0,0,0,0,0,0,0,0,0,0,"01",1462,0,0,"Z001",0
"0101261","6190","01/01/26 00:00:00",0,15,1,0,0,0,0,0,0,0,0,0,0,0,"01",1462,0,0,"Z001",0
"0101261","252029","01/01/26 00:00:00",0,1,1,0,0,0,0,0,0,0,25,0,0,0,"01",1434,0,0,"Z001",0
"0101261","6190","01/01/26 00:00:00",0,15,1,0,0,0,0,0,0,0,0,0,0,0,"01",1462,0,0,"Z001",0
"0101261","6619","01/01/26 00:00:00",0,22,1,0,0,0,0,1,0,0,0,0,0,0,"01",1528,0,0,"Z001",0
"0101261","1010","01/01/26 00:00:00",0,2,1,0,0,0,0,1,0,0,0,0,0,0,"01",1353,0,0,"Z001",0
"0101261","241910","01/01/26 00:00:00",0,34,1,0,0,0,0,1,0,0,17.03,0,0,0,"01",1410,0,0,"Z001",0
"0101261","993","01/01/26 00:00:00",0,50,1,0,0,0,0,1,0,0,0,0,0,0,"01",1556,0,0,"Z001",0
"0101261","6479","01/01/26 00:00:00",0,13,1,0,0,0,0,1,0,0,0,0,0,0,"01",1503,0,0,"Z001",0
"0101261","6619","01/01/26 00:00:00",0,22,1,0,0,0,0,1,0,0,0,0,0,0,"01",1528,0,0,"Z001",0
"0101261","1010","01/01/26 00:00:00",0,2,1,0,0,0,0,1,0,0,0,0,0,0,"01",1353,0,0,"Z001",0
"0101261","252029","01/01/26 00:00:00",0,1,1,0,0,0,0,0,0,0,25,0,0,0,"01",1434,0,0,"Z001",0
"0101261","6190","01/01/26 00:00:00",0,15,1,0,0,0,0,0,0,0,0,0,0,0,"01",1462,0,0,"Z001",0
"0101261","241910","01/01/26 00:00:00",0,34,1,0,0,0,0,1,0,0,17.03,0,0,0,"01",1410,0,0,"Z001",0
"0101261","993","01/01/26 00:00:00",0,50,1,0,0,0,0,1,0,0,0,0,0,0,"01",1556,0,0,"Z001",0
"0101261","6479","01/01/26 00:00:00",0,13,1,0,0,0,0,1,0,0,0,0,0,0,"01",1503,0,0,"Z001",0
"0101261","6619","01/01/26 00:00:00",0,22,1,0,0,0,0,1,0,0,0,0,0,0,"01",1528,0,0,"Z001",0
"0101261","1010","01/01/26 00:00:00",0,2,1,0,0,0,0,1,0,0,0,0,0,0,"01",1353,0,0,"Z001",0
"0101261","252029","01/01/26 00:00:00",0,1,1,0,0,0,0,0,0,0,25,0,0,0,"01",1434,0,0,"Z001",0
"0101261","6190","01/01/26 00:00:00",0,15,1,0,0,0,0,0,0,0,0,0,0,0,"01",1462,0,0,"Z001",0
"0101261","1010","01/01/26 00:00:00",0,2,1,0,0,0,0,1,0,0,0,0,0,0,"01",1353,0,0,"Z001",0
"0101261","241910","01/01/26 00:00:00",0,34,1,0,0,0,0,1,0,0,17.03,0,0,0,"01",1410,0,0,"Z001",0
"0101261","993","01/01/26 00:00:00",0,50,1,0,0,0,0,1,0,0,0,0,0,0,"01",1556,0,0,"Z001",0
"0101261","6479","01/01/26 00:00:00",0,13,1,0,0,0,0,1,0,0,0,0,0,0,"01",1503,0,0,"Z001",0
"0101261","6619","01/01/26 00:00:00",0,22,1,0,0,0,0,1,0,0,0,0,0,0,"01",1528,0,0,"Z001",0
"0101261","1010","01/01/26 00:00:00",0,2,1,0,0,0,0,1,0,0,0,0,0,0,"01",1353,0,0,"Z001",0
"0101261","993","01/01/26 00:00:00",0,50,1,0,0,0,0,1,0,0,0,0,0,0,"01",1556,0,0,"Z001",0
"0101261","6479","01/01/26 00:00:00",0,13,1,0,0,0,0,1,0,0,0,0,0,0,"01",1503,0,0,"Z001",0
"0101261","6619","01/01/26 00:00:00",0,22,1,0,0,0,0,1,0,0,0,0,0,0,"01",1528,0,0,"Z001",0
"0101261","1010","01/01/26 00:00:00",0,2,1,0,0,0,0,1,0,0,0,0,0,0,"01",1353,0,0,"Z001",0
"0101261","241910","01/01/26 00:00:00",0,34,1,0,0,0,0,1,0,0,17.03,0,0,0,"01",1410,0,0,"Z001",0
"0101261","993","01/01/26 00:00:00",0,50,1,0,0,0,0,1,0,0,0,0,0,0,"01",1556,0,0,"Z001",0
"0101261","6479","01/01/26 00:00:00",0,13,1,0,0,0,0,1,0,0,0,0,0,0,"01",1503,0,0,"Z001",0
"0101261","6619","01/01/26 00:00:00",0,22,1,0,0,0,0,1,0,0,0,0,0,0,"01",1528,0,0,"Z001",0
"0101261","1010","01/01/26 00:00:00",0,2,1,0,0,0,0,1,0,0,0,0,0,0,"01",1353,0,0,"Z001",0
"0101261","252029","01/01/26 00:00:00",0,1,1,0,0,0,0,0,0,0,25,0,0,0,"01",1434,0,0,"Z001",0
"0101261","6190","01/01/26 00:00:00",0,15,1,0,0,0,0,0,0,0,0,0,0,0,"01",1462,0,0,"Z001",0
"0101261","252029","01/01/26 00:00:00",0,1,1,0,0,0,0,0,0,0,25,0,0,0,"01",1434,0,0,"Z001",0
"0101261","241910","01/01/26 00:00:00",0,34,1,0,0,0,0,1,0,0,17.03,0,0,0,"01",1410,0,0,"Z001",0
"0101261","993","01/01/26 00:00:00",0,50,1,0,0,0,0,1,0,0,0,0,0,0,"01",1556,0,0,"Z001",0
"0101261","6190","01/01/26 00:00:00",0,15,1,0,0,0,0,0,0,0,0,0,0,0,"01",1462,0,0,"Z001",0
"0101261","252029","01/01/26 00:00:00",0,1,1,0,0,0,0,0,0,0,25,0,0,0,"01",1434,0,0,"Z001",0
"0101261","241910","01/01/26 00:00:00",0,34,1,0,0,0,0,1,0,0,17.03,0,0,0,"01",1410,0,0,"Z001",0
"0101261","993","01/01/26 00:00:00",0,50,1,0,0,0,0,1,0,0,0,0,0,0,"01",1556,0,0,"Z001",0
"0101261","6190","01/01/26 00:00:00",0,15,1,0,0,0,0,0,0,0,0,0,0,0,"01",1462,0,0,"Z001",0
"0101261","252029","01/01/26 00:00:00",0,1,1,0,0,0,0,0,0,0,25,0,0,0,"01",1434,0,0,"Z001",0
"0101261","241910","01/01/26 00:00:00",0,34,1,0,0,0,0,1,0,0,17.03,0,0,0,"01",1410,0,0,"Z001",0
"0101261","993","01/01/26 00:00:00",0,50,1,0,0,0,0,1,0,0,0,0,0,0,"01",1556,0,0,"Z001",0
"0101261","6479","01/01/26 00:00:00",0,13,1,0,0,0,0,1,0,0,0,0,0,0,"01",1503,0,0,"Z001",0
"0101261","6619","01/01/26 00:00:00",0,22,1,0,0,0,0,1,0,0,0,0,0,0,"01",1528,0,0,"Z001",0
"0101261","1010","01/01/26 00:00:00",0,2,1,0,0,0,0,1,0,0,0,0,0,0,"01",1353,0,0,"Z001",0
"0101261","6190","01/01/26 00:00:00",0,15,1,0,0,0,0,0,0,0,0,0,0,0,"01",1462,0,0,"Z001",0
"0101261","6479","01/01/26 00:00:00",0,13,1,0,0,0,0,1,0,0,0,0,0,0,"01",1503,0,0,"Z001",0
"0101261","6619","01/01/26 00:00:00",0,22,1,0,0,0,0,1,0,0,0,0,0,0,"01",1528,0,0,"Z001",0
"0101261","1010","01/01/26 00:00:00",0,2,1,0,0,0,0,1,0,0,0,0,0,0,"01",1353,0,0,"Z001",0
"0101261","252029","01/01/26 00:00:00",0,1,1,0,0,0,0,0,0,0,25,0,0,0,"01",1434,0,0,"Z001",0
"0101261","6190","01/01/26 00:00:00",0,15,1,0,0,0,0,0,0,0,0,0,0,0,"01",1462,0,0,"Z001",0
"0101261","6479","01/01/26 00:00:00",0,13,1,0,0,0,0,1,0,0,0,0,0,0,"01",1503,0,0,"Z001",0
"0101261","6619","01/01/26 00:00:00",0,22,1,0,0,0,0,1,0,0,0,0,0,0,"01",1528,0,0,"Z001",0
"0101261","1010","01/01/26 00:00:00",0,2,1,0,0,0,0,1,0,0,0,0,0,0,"01",1353,0,0,"Z001",0
"0101261","241910","01/01/26 00:00:00",0,34,1,0,0,0,0,1,0,0,17.03,0,0,0,"01",1410,0,0,"Z001",0
"0101261","993","01/01/26 00:00:00",0,50,1,0,0,0,0,1,0,0,0,0,0,0,"01",1556,0,0,"Z001",0
"0101261","6479","01/01/26 00:00:00",0,13,1,0,0,0,0,1,0,0,0,0,0,0,"01",1503,0,0,"Z001",0
"0101261","6619","01/01/26 00:00:00",0,22,1,0,0,0,0,1,0,0,0,0,0,0,"01",1528,0,0,"Z001",0
"0101261","1010","01/01/26 00:00:00",0,2,1,0,0,0,0,1,0,0,0,0,0,0,"01",1353,0,0,"Z001",0
"0101261","252029","01/01/26 00:00:00",0,1,1,0,0,0,0,0,0,0,25,0,0,0,"01",1434,0,0,"Z001",0
"0101261","241910","01/01/26 00:00:00",0,34,1,0,0,0,0,1,0,0,17.03,0,0,0,"01",1410,0,0,"Z001",0
"0101261","993","01/01/26 00:00:00",0,50,1,0,0,0,0,1,0,0,0,0,0,0,"01",1556,0,0,"Z001",0
"0101261","6479","01/01/26 00:00:00",0,13,1,0,0,0,0,1,0,0,0,0,0,0,"01",1503,0,0,"Z001",0
"0101261","6619","01/01/26 00:00:00",0,22,1,0,0,0,0,1,0,0,0,0,0,0,"01",1528,0,0,"Z001",0
"0101261","1010","01/01/26 00:00:00",0,2,1,0,0,0,0,1,0,0,0,0,0,0,"01",1353,0,0,"Z001",0
"0101261","6190","01/01/26 00:00:00",0,15,1,0,0,0,0,0,0,0,0,0,0,0,"01",1462,0,0,"Z001",0
"0101261","252029","01/01/26 00:00:00",0,1,1,0,0,0,0,0,0,0,25,0,0,0,"01",1434,0,0,"Z001",0
"0101261","6479","01/01/26 00:00:00",0,13,1,0,0,0,0,1,0,0,0,0,0,0,"01",1503,0,0,"Z001",0
"0101261","6619","01/01/26 00:00:00",0,22,1,0,0,0,0,1,0,0,0,0,0,0,"01",1528,0,0,"Z001",0
"0101261","1010","01/01/26 00:00:00",0,2,1,0,0,0,0,1,0,0,0,0,0,0,"01",1353,0,0,"Z001",0
"0101261","6190","01/01/26 00:00:00",0,15,1,0,0,0,0,0,0,0,0,0,0,0,"01",1462,0,0,"Z001",0
"0101261","252029","01/01/26 00:00:00",0,1,1,0,0,0,0,0,0,0,25,0,0,0,"01",1434,0,0,"Z001",0
"0101261","6190","01/01/26 00:00:00",0,15,1,0,0,0,0,0,0,0,0,0,0,0,"01",1462,0,0,"Z001",0
"0101261","241910","01/01/26 00:00:00",0,34,1,0,0,0,0,1,0,0,17.03,0,0,0,"01",1410,0,0,"Z001",0
"0101261","993","01/01/26 00:00:00",0,50,1,0,0,0,0,1,0,0,0,0,0,0,"01",1556,0,0,"Z001",0
"0101261","6479","01/01/26 00:00:00",0,13,1,0,0,0,0,1,0,0,0,0,0,0,"01",1503,0,0,"Z001",0
"0101261","6619","01/01/26 00:00:00",0,22,1,0,0,0,0,1,0,0,0,0,0,0,"01",1528,0,0,"Z001",0
"0101261","1010","01/01/26 00:00:00",0,2,1,0,0,0,0,1,0,0,0,0,0,0,"01",1353,0,0,"Z001",0
"0101261","252029","01/01/26 00:00:00",0,1,1,0,0,0,0,0,0,0,25,0,0,0,"01",1434,0,0,"Z001",0
"0101261","241910","01/01/26 00:00:00",0,34,1,0,0,0,0,1,0,0,17.03,0,0,0,"01",1410,0,0,"Z001",0
"0101261","993","01/01/26 00:00:00",0,50,1,0,0,0,0,1,0,0,0,0,0,0,"01",1556,0,0,"Z001",0
"0101261","6479","01/01/26 00:00:00",0,13,1,0,0,0,0,1,0,0,0,0,0,0,"01",1503,0,0,"Z001",0
"0101261","6619","01/01/26 00:00:00",0,22,1,0,0,0,0,1,0,0,0,0,0,0,"01",1528,0,0,"Z001",0
"0101261","1010","01/01/26 00:00:00",0,2,1,0,0,0,0,1,0,0,0,0,0,0,"01",1353,0,0,"Z001",0
"0101261","6479","01/01/26 00:00:00",0,13,1,0,0,0,0,1,0,0,0,0,0,0,"01",1503,0,0,"Z001",0
"0101261","6619","01/01/26 00:00:00",0,22,1,0,0,0,0,1,0,0,0,0,0,0,"01",1528,0,0,"Z001",0
"0101261","1010","01/01/26 00:00:00",0,2,1,0,0,0,0,1,0,0,0,0,0,0,"01",1353,0,0,"Z001",0
"0101261","252029","01/01/26 00:00:00",0,1,1,0,0,0,0,0,0,0,25,0,0,0,"01",1434,0,0,"Z001",0
"0101261","6190","01/01/26 00:00:00",0,15,1,0,0,0,0,0,0,0,0,0,0,0,"01",1462,0,0,"Z001",0
"0101261","241910","01/01/26 00:00:00",0,34,1,0,0,0,0,1,0,0,17.03,0,0,0,"01",1410,0,0,"Z001",0
"0101261","993","01/01/26 00:00:00",0,50,1,0,0,0,0,1,0,0,0,0,0,0,"01",1556,0,0,"Z001",0
"0101261","6190","01/01/26 00:00:00",0,15,1,0,0,0,0,0,0,0,0,0,0,0,"01",1462,0,0,"Z001",0
"0101261","252029","01/01/26 00:00:00",0,1,1,0,0,0,0,0,0,0,25,0,0,0,"01",1434,0,0,"Z001",0
"0101261","6190","01/01/26 00:00:00",0,15,1,0,0,0,0,0,0,0,0,0,0,0,"01",1462,0,0,"Z001",0
"0101261","252029","01/01/26 00:00:00",0,1,1,0,0,0,0,0,0,0,25,0,0,0,"01",1434,0,0,"Z001",0
"0101261","241910","01/01/26 00:00:00",0,34,1,0,0,0,0,1,0,0,17.03,0,0,0,"01",1410,0,0,"Z001",0
"0101261","993","01/01/26 00:00:00",0,50,1,0,0,0,0,1,0,0,0,0,0,0,"01",1556,0,0,"Z001",0
"0101261","6479","01/01/26 00:00:00",0,13,1,0,0,0,0,1,0,0,0,0,0,0,"01",1503,0,0,"Z001",0
"0101261","6619","01/01/26 00:00:00",0,22,1,0,0,0,0,1,0,0,0,0,0,0,"01",1528,0,0,"Z001",0
"0101261","1010","01/01/26 00:00:00",0,2,1,0,0,0,0,1,0,0,0,0,0,0,"01",1353,0,0,"Z001",0
"0101261","241910","01/01/26 00:00:00",0,34,1,0,0,0,0,1,0,0,17.03,0,0,0,"01",1410,0,0,"Z001",0
"0101261","993","01/01/26 00:00:00",0,50,1,0,0,0,0,1,0,0,0,0,0,0,"01",1556,0,0,"Z001",0
"0101261","6190","01/01/26 00:00:00",0,15,1,0,0,0,0,0,0,0,0,0,0,0,"01",1462,0,0,"Z001",0
"0101261","6479","01/01/26 00:00:00",0,13,1,0,0,0,0,1,0,0,0,0,0,0,"01",1503,0,0,"Z001",0
"0101261","6619","01/01/26 00:00:00",0,22,1,0,0,0,0,1,0,0,0,0,0,0,"01",1528,0,0,"Z001",0
"0101261","1010","01/01/26 00:00:00",0,2,1,0,0,0,0,1,0,0,0,0,0,0,"01",1353,0,0,"Z001",0
"0101261","252029","01/01/26 00:00:00",0,1,1,0,0,0,0,0,0,0,25,0,0,0,"01",1434,0,0,"Z001",0
"0101261","241910","01/01/26 00:00:00",0,34,1,0,0,0,0,1,0,0,17.03,0,0,0,"01",1410,0,0,"Z001",0
"0101261","993","01/01/26 00:00:00",0,50,1,0,0,0,0,1,0,0,0,0,0,0,"01",1556,0,0,"Z001",0
"0101261","241910","01/01/26 00:00:00",0,34,1,0,0,0,0,1,0,0,17.03,0,0,0,"01",1410,0,0,"Z001",0
"0101261","993","01/01/26 00:00:00",0,50,1,0,0,0,0,1,0,0,0,0,0,0,"01",1556,0,0,"Z001",0
"0101261","6479","01/01/26 00:00:00",0,13,1,0,0,0,0,1,0,0,0,0,0,0,"01",1503,0,0,"Z001",0
"0101261","6619","01/01/26 00:00:00",0,22,1,0,0,0,0,1,0,0,0,0,0,0,"01",1528,0,0,"Z001",0
"0101261","1010","01/01/26 00:00:00",0,2,1,0,0,0,0,1,0,0,0,0,0,0,"01",1353,0,0,"Z001",0
"0101261","6190","01/01/26 00:00:00",0,15,1,0,0,0,0,0,0,0,0,0,0,0,"01",1462,0,0,"Z001",0
"0101261","241910","01/01/26 00:00:00",0,34,1,0,0,0,0,1,0,0,17.03,0,0,0,"01",1410,0,0,"Z001",0
"0101261","993","01/01/26 00:00:00",0,50,1,0,0,0,0,1,0,0,0,0,0,0,"01",1556,0,0,"Z001",0
"0101261","6479","01/01/26 00:00:00",0,13,1,0,0,0,0,1,0,0,0,0,0,0,"01",1503,0,0,"Z001",0
"0101261","6619","01/01/26 00:00:00",0,22,1,0,0,0,0,1,0,0,0,0,0,0,"01",1528,0,0,"Z001",0
"0101261","1010","01/01/26 00:00:00",0,2,1,0,0,0,0,1,0,0,0,0,0,0,"01",1353,0,0,"Z001",0
"0101261","252029","01/01/26 00:00:00",0,1,1,0,0,0,0,0,0,0,25,0,0,0,"01",1434,0,0,"Z001",0
"0101261","6190","01/01/26 00:00:00",0,15,1,0,0,0,0,0,0,0,0,0,0,0,"01",1462,0,0,"Z001",0
"0101261","241910","01/01/26 00:00:00",0,34,1,0,0,0,0,1,0,0,17.03,0,0,0,"01",1410,0,0,"Z001",0
"0101261","993","01/01/26 00:00:00",0,50,1,0,0,0,0,1,0,0,0,0,0,0,"01",1556,0,0,"Z001",0
"0101261","6479","01/01/26 00:00:00",0,13,1,0,0,0,0,1,0,0,0,0,0,0,"01",1503,0,0,"Z001",0
"0101261","6619","01/01/26 00:00:00",0,22,1,0,0,0,0,1,0,0,0,0,0,0,"01",1528,0,0,"Z001",0
"0101261","1010","01/01/26 00:00:00",0,2,1,0,0,0,0,1,0,0,0,0,0,0,"01",1353,0,0,"Z001",0
"0101261","252029","01/01/26 00:00:00",0,1,1,0,0,0,0,0,0,0,25,0,0,0,"01",1434,0,0,"Z001",0
"0101261","6190","01/01/26 00:00:00",0,15,1,0,0,0,0,0,0,0,0,0,0,0,"01",1462,0,0,"Z001",0
"0101261","6479","01/01/26 00:00:00",0,13,1,0,0,0,0,1,0,0,0,0,0,0,"01",1503,0,0,"Z001",0
"0101261","6619","01/01/26 00:00:00",0,22,1,0,0,0,0,1,0,0,0,0,0,0,"01",1528,0,0,"Z001",0
"0101261","1010","01/01/26 00:00:00",0,2,1,0,0,0,0,1,0,0,0,0,0,0,"01",1353,0,0,"Z001",0
"0101261","252029","01/01/26 00:00:00",0,1,1,0,0,0,0,0,0,0,25,0,0,0,"01",1434,0,0,"Z001",0
"0101261","6190","01/01/26 00:00:00",0,15,1,0,0,0,0,0,0,0,0,0,0,0,"01",1462,0,0,"Z001",0
"0101261","6479","01/01/26 00:00:00",0,13,1,0,0,0,0,1,0,0,0,0,0,0,"01",1503,0,0,"Z001",0
"0101261","6619","01/01/26 00:00:00",0,22,1,0,0,0,0,1,0,0,0,0,0,0,"01",1528,0,0,"Z001",0
"0101261","1010","01/01/26 00:00:00",0,2,1,0,0,0,0,1,0,0,0,0,0,0,"01",1353,0,0,"Z001",0
"0101261","252029","01/01/26 00:00:00",0,1,1,0,0,0,0,0,0,0,25,0,0,0,"01",1434,0,0,"Z001",0
"0101261","6190","01/01/26 00:00:00",0,15,1,0,0,0,0,0,0,0,0,0,0,0,"01",1462,0,0,"Z001",0
"0101261","252029","01/01/26 00:00:00",0,1,1,0,0,0,0,0,0,0,25,0,0,0,"01",1434,0,0,"Z001",0
"0101261","241910","01/01/26 00:00:00",0,34,1,0,0,0,0,1,0,0,17.03,0,0,0,"01",1410,0,0,"Z001",0
"0101261","993","01/01/26 00:00:00",0,50,1,0,0,0,0,1,0,0,0,0,0,0,"01",1556,0,0,"Z001",0
"0101261","6190","01/01/26 00:00:00",0,15,1,0,0,0,0,0,0,0,0,0,0,0,"01",1462,0,0,"Z001",0
"0101261","252029","01/01/26 00:00:00",0,1,1,0,0,0,0,0,0,0,25,0,0,0,"01",1434,0,0,"Z001",0
"0101261","241910","01/01/26 00:00:00",0,34,1,0,0,0,0,1,0,0,17.03,0,0,0,"01",1410,0,0,"Z001",0
"0101261","993","01/01/26 00:00:00",0,50,1,0,0,0,0,1,0,0,0,0,0,0,"01",1556,0,0,"Z001",0
"0101261","241910","01/01/26 00:00:00",0,34,1,0,0,0,0,1,0,0,17.03,0,0,0,"01",1410,0,0,"Z001",0
"0101261","993","01/01/26 00:00:00",0,50,1,0,0,0,0,1,0,0,0,0,0,0,"01",1556,0,0,"Z001",0
"0101261","6479","01/01/26 00:00:00",0,13,1,0,0,0,0,1,0,0,0,0,0,0,"01",1503,0,0,"Z001",0
"0101261","6190","01/01/26 00:00:00",0,15,1,0,0,0,0,0,0,0,0,0,0,0,"01",1462,0,0,"Z001",0
"0101261","6619","01/01/26 00:00:00",0,22,1,0,0,0,0,1,0,0,0,0,0,0,"01",1528,0,0,"Z001",0
"0101261","1010","01/01/26 00:00:00",0,2,1,0,0,0,0,1,0,0,0,0,0,0,"01",1353,0,0,"Z001",0
"0101261","241910","01/01/26 00:00:00",0,34,1,0,0,0,0,1,0,0,17.03,0,0,0,"01",1410,0,0,"Z001",0
"0101261","993","01/01/26 00:00:00",0,50,1,0,0,0,0,1,0,0,0,0,0,0,"01",1556,0,0,"Z001",0
"0101261","6479","01/01/26 00:00:00",0,13,1,0,0,0,0,1,0,0,0,0,0,0,"01",1503,0,0,"Z001",0
"0101261","6619","01/01/26 00:00:00",0,22,1,0,0,0,0,1,0,0,0,0,0,0,"01",1528,0,0,"Z001",0
"0101261","1010","01/01/26 00:00:00",0,2,1,0,0,0,0,1,0,0,0,0,0,0,"01",1353,0,0,"Z001",0
"0101261","252029","01/01/26 00:00:00",0,1,1,0,0,0,0,0,0,0,25,0,0,0,"01",1434,0,0,"Z001",0
"0101261","6190","01/01/26 00:00:00",0,15,1,0,0,0,0,0,0,0,0,0,0,0,"01",1462,0,0,"Z001",0
"0101261","252029","01/01/26 00:00:00",0,1,1,0,0,0,0,0,0,0,25,0,0,0,"01",1434,0,0,"Z001",0
"0101261","241910","01/01/26 00:00:00",0,34,1,0,0,0,0,1,0,0,17.03,0,0,0,"01",1410,0,0,"Z001",0
"0101261","993","01/01/26 00:00:00",0,50,1,0,0,0,0,1,0,0,0,0,0,0,"01",1556,0,0,"Z001",0
"0101261","6479","01/01/26 00:00:00",0,13,1,0,0,0,0,1,0,0,0,0,0,0,"01",1503,0,0,"Z001",0
"0101261","6619","01/01/26 00:00:00",0,22,1,0,0,0,0,1,0,0,0,0,0,0,"01",1528,0,0,"Z001",0
"0101261","1010","01/01/26 00:00:00",0,2,1,0,0,0,0,1,0,0,0,0,0,0,"01",1353,0,0,"Z001",0
"0101261","6190","01/01/26 00:00:00",0,15,1,0,0,0,0,0,0,0,0,0,0,0,"01",1462,0,0,"Z001",0
"0101261","241910","01/01/26 00:00:00",0,34,1,0,0,0,0,1,0,0,17.03,0,0,0,"01",1410,0,0,"Z001",0
"0101261","993","01/01/26 00:00:00",0,50,1,0,0,0,0,1,0,0,0,0,0,0,"01",1556,0,0,"Z001",0
"0101261","6479","01/01/26 00:00:00",0,13,1,0,0,0,0,1,0,0,0,0,0,0,"01",1503,0,0,"Z001",0
"0101261","6619","01/01/26 00:00:00",0,22,1,0,0,0,0,1,0,0,0,0,0,0,"01",1528,0,0,"Z001",0
"0101261","1010","01/01/26 00:00:00",0,2,1,0,0,0,0,1,0,0,0,0,0,0,"01",1353,0,0,"Z001",0
"0101261","252029","01/01/26 00:00:00",0,1,1,0,0,0,0,0,0,0,25,0,0,0,"01",1434,0,0,"Z001",0
"0101261","6190","01/01/26 00:00:00",0,15,1,0,0,0,0,0,0,0,0,0,0,0,"01",1462,0,0,"Z001",0
"0101261","993","01/01/26 00:00:00",0,50,1,0,0,0,0,1,0,0,0,0,0,0,"01",1556,0,0,"Z001",0
"0101261","6479","01/01/26 00:00:00",0,13,1,0,0,0,0,1,0,0,0,0,0,0,"01",1503,0,0,"Z001",0
"0101261","6619","01/01/26 00:00:00",0,22,1,0,0,0,0,1,0,0,0,0,0,0,"01",1528,0,0,"Z001",0
"0101261","1010","01/01/26 00:00:00",0,2,1,0,0,0,0,1,0,0,0,0,0,0,"01",1353,0,0,"Z001",0
"0101261","252029","01/01/26 00:00:00",0,1,1,0,0,0,0,0,0,0,25,0,0,0,"01",1434,0,0,"Z001",0
"0101261","6479","01/01/26 00:00:00",0,13,1,0,0,0,0,1,0,0,0,0,0,0,"01",1503,0,0,"Z001",0
"0101261","6619","01/01/26 00:00:00",0,22,1,0,0,0,0,1,0,0,0,0,0,0,"01",1528,0,0,"Z001",0
"0101261","1010","01/01/26 00:00:00",0,2,1,0,0,0,0,1,0,0,0,0,0,0,"01",1353,0,0,"Z001",0
"0101261","6190","01/01/26 00:00:00",0,15,1,0,0,0,0,0,0,0,0,0,0,0,"01",1462,0,0,"Z001",0
"0101261","241910","01/01/26 00:00:00",0,34,1,0,0,0,0,1,0,0,17.03,0,0,0,"01",1410,0,0,"Z001",0
"0101261","993","01/01/26 00:00:00",0,50,1,0,0,0,0,1,0,0,0,0,0,0,"01",1556,0,0,"Z001",0
"0101261","993","01/01/26 00:00:00",0,50,1,0,0,0,0,1,0,0,0,0,0,0,"01",1556,0,0,"Z001",0
"0101261","6479","01/01/26 00:00:00",0,13,1,0,0,0,0,1,0,0,0,0,0,0,"01",1503,0,0,"Z001",0
"0101261","6619","01/01/26 00:00:00",0,22,1,0,0,0,0,1,0,0,0,0,0,0,"01",1528,0,0,"Z001",0
"0101261","1010","01/01/26 00:00:00",0,2,1,0,0,0,0,1,0,0,0,0,0,0,"01",1353,0,0,"Z001",0
"0101261","252029","01/01/26 00:00:00",0,1,1,0,0,0,0,0,0,0,25,0,0,0,"01",1434,0,0,"Z001",0
"0101261","6190","01/01/26 00:00:00",0,15,1,0,0,0,0,0,0,0,0,0,0,0,"01",1462,0,0,"Z001",0
"0101261","241910","01/01/26 00:00:00",0,34,1,0,0,0,0,1,0,0,17.03,0,0,0,"01",1410,0,0,"Z001",0
"0101261","241910","01/01/26 00:00:00",0,34,1,0,0,0,0,1,0,0,17.03,0,0,0,"01",1410,0,0,"Z001",0
"0101261","993","01/01/26 00:00:00",0,50,1,0,0,0,0,1,0,0,0,0,0,0,"01",1556,0,0,"Z001",0
"0101261","6479","01/01/26 00:00:00",0,13,1,0,0,0,0,1,0,0,0,0,0,0,"01",1503,0,0,"Z001",0
"0101261","6619","01/01/26 00:00:00",0,22,1,0,0,0,0,1,0,0,0,0,0,0,"01",1528,0,0,"Z001",0
"0101261","1010","01/01/26 00:00:00",0,2,1,0,0,0,0,1,0,0,0,0,0,0,"01",1353,0,0,"Z001",0
"0101261","252029","01/01/26 00:00:00",0,1,1,0,0,0,0,0,0,0,25,0,0,0,"01",1434,0,0,"Z001",0
"0101261","6190","01/01/26 00:00:00",0,15,1,0,0,0,0,0,0,0,0,0,0,0,"01",1462,0,0,"Z001",0
"0101261","252029","01/01/26 00:00:00",0,1,1,0,0,0,0,0,0,0,25,0,0,0,"01",1434,0,0,"Z001",0
"0101261","6190","01/01/26 00:00:00",0,15,1,0,0,0,0,0,0,0,0,0,0,0,"01",1462,0,0,"Z001",0
"0101261","252029","01/01/26 00:00:00",0,1,1,0,0,0,0,0,0,0,25,0,0,0,"01",1434,0,0,"Z001",0
"0101261","241910","01/01/26 00:00:00",0,34,1,0,0,0,0,1,0,0,17.03,0,0,0,"01",1410,0,0,"Z001",0
"0101261","993","01/01/26 00:00:00",0,50,1,0,0,0,0,1,0,0,0,0,0,0,"01",1556,0,0,"Z001",0
"0101261","6190","01/01/26 00:00:00",0,15,1,0,0,0,0,0,0,0,0,0,0,0,"01",1462,0,0,"Z001",0
"0101261","252029","01/01/26 00:00:00",0,1,1,0,0,0,0,0,0,0,25,0,0,0,"01",1434,0,0,"Z001",0
"0101261","241910","01/01/26 00:00:00",0,34,1,0,0,0,0,1,0,0,17.03,0,0,0,"01",1410,0,0,"Z001",0
"0101261","993","01/01/26 00:00:00",0,50,1,0,0,0,0,1,0,0,0,0,0,0,"01",1556,0,0,"Z001",0
"0101261","6479","01/01/26 00:00:00",0,13,1,0,0,0,0,1,0,0,0,0,0,0,"01",1503,0,0,"Z001",0
"0101261","6619","01/01/26 00:00:00",0,22,1,0,0,0,0,1,0,0,0,0,0,0,"01",1528,0,0,"Z001",0
"0101261","1010","01/01/26 00:00:00",0,2,1,0,0,0,0,1,0,0,0,0,0,0,"01",1353,0,0,"Z001",0
"0101261","6190","01/01/26 00:00:00",0,15,1,0,0,0,0,0,0,0,0,0,0,0,"01",1462,0,0,"Z001",0
"0101261","252029","01/01/26 00:00:00",0,1,1,0,0,0,0,0,0,0,25,0,0,0,"01",1434,0,0,"Z001",0
"0101261","6479","01/01/26 00:00:00",0,13,1,0,0,0,0,1,0,0,0,0,0,0,"01",1503,0,0,"Z001",0
"0101261","6619","01/01/26 00:00:00",0,22,1,0,0,0,0,1,0,0,0,0,0,0,"01",1528,0,0,"Z001",0
"0101261","1010","01/01/26 00:00:00",0,2,1,0,0,0,0,1,0,0,0,0,0,0,"01",1353,0,0,"Z001",0
"0101261","241910","01/01/26 00:00:00",0,34,1,0,0,0,0,1,0,0,17.03,0,0,0,"01",1410,0,0,"Z001",0
"0101261","241910","01/01/26 00:00:00",0,34,1,0,0,0,0,1,0,0,17.03,0,0,0,"01",1410,0,0,"Z001",0
"0101261","993","01/01/26 00:00:00",0,50,1,0,0,0,0,1,0,0,0,0,0,0,"01",1556,0,0,"Z001",0
"0101261","6479","01/01/26 00:00:00",0,13,1,0,0,0,0,1,0,0,0,0,0,0,"01",1503,0,0,"Z001",0
"0101261","6619","01/01/26 00:00:00",0,22,1,0,0,0,0,1,0,0,0,0,0,0,"01",1528,0,0,"Z001",0
"0101261","1010","01/01/26 00:00:00",0,2,1,0,0,0,0,1,0,0,0,0,0,0,"01",1353,0,0,"Z001",0
"0101261","6190","01/01/26 00:00:00",0,15,1,0,0,0,0,0,0,0,0,0,0,0,"01",1462,0,0,"Z001",0
"0101261","241910","01/01/26 00:00:00",0,34,1,0,0,0,0,1,0,0,17.03,0,0,0,"01",1410,0,0,"Z001",0
"0101261","993","01/01/26 00:00:00",0,50,1,0,0,0,0,1,0,0,0,0,0,0,"01",1556,0,0,"Z001",0
"0101261","6479","01/01/26 00:00:00",0,13,1,0,0,0,0,1,0,0,0,0,0,0,"01",1503,0,0,"Z001",0
"0101261","6619","01/01/26 00:00:00",0,22,1,0,0,0,0,1,0,0,0,0,0,0,"01",1528,0,0,"Z001",0
"0101261","252029","01/01/26 00:00:00",0,1,1,0,0,0,0,0,0,0,25,0,0,0,"01",1434,0,0,"Z001",0
"0101261","1010","01/01/26 00:00:00",0,2,1,0,0,0,0,1,0,0,0,0,0,0,"01",1353,0,0,"Z001",0
"0101261","6190","01/01/26 00:00:00",0,15,1,0,0,0,0,0,0,0,0,0,0,0,"01",1462,0,0,"Z001",0
"0101261","241910","01/01/26 00:00:00",0,34,1,0,0,0,0,1,0,0,17.03,0,0,0,"01",1410,0,0,"Z001",0
"0101261","993","01/01/26 00:00:00",0,50,1,0,0,0,0,1,0,0,0,0,0,0,"01",1556,0,0,"Z001",0
"0101261","6479","01/01/26 00:00:00",0,13,1,0,0,0,0,1,0,0,0,0,0,0,"01",1503,0,0,"Z001",0
"0101261","6619","01/01/26 00:00:00",0,22,1,0,0,0,0,1,0,0,0,0,0,0,"01",1528,0,0,"Z001",0
"0101261","1010","01/01/26 00:00:00",0,2,1,0,0,0,0,1,0,0,0,0,0,0,"01",1353,0,0,"Z001",0
"0101261","252029","01/01/26 00:00:00",0,1,1,0,0,0,0,0,0,0,25,0,0,0,"01",1434,0,0,"Z001",0
"0101261","6190","01/01/26 00:00:00",0,15,1,0,0,0,0,0,0,0,0,0,0,0,"01",1462,0,0,"Z001",0
"0101261","6479","01/01/26 00:00:00",0,13,1,0,0,0,0,1,0,0,0,0,0,0,"01",1503,0,0,"Z001",0
"0101261","6619","01/01/26 00:00:00",0,22,1,0,0,0,0,1,0,0,0,0,0,0,"01",1528,0,0,"Z001",0
"0101261","1010","01/01/26 00:00:00",0,2,1,0,0,0,0,1,0,0,0,0,0,0,"01",1353,0,0,"Z001",0
"0101261","252029","01/01/26 00:00:00",0,1,1,0,0,0,0,0,0,0,25,0,0,0,"01",1434,0,0,"Z001",0
"0101261","6190","01/01/26 00:00:00",0,15,1,0,0,0,0,0,0,0,0,0,0,0,"01",1462,0,0,"Z001",0
"0101261","1010","01/01/26 00:00:00",0,2,1,0,0,0,0,1,0,0,0,0,0,0,"01",1353,0,0,"Z001",0
"0101261","241910","01/01/26 00:00:00",0,34,1,0,0,0,0,1,0,0,17.03,0,0,0,"01",1410,0,0,"Z001",0
"0101261","993","01/01/26 00:00:00",0,50,1,0,0,0,0,1,0,0,0,0,0,0,"01",1556,0,0,"Z001",0
"0101261","6479","01/01/26 00:00:00",0,13,1,0,0,0,0,1,0,0,0,0,0,0,"01",1503,0,0,"Z001",0
"0101261","6619","01/01/26 00:00:00",0,22,1,0,0,0,0,1,0,0,0,0,0,0,"01",1528,0,0,"Z001",0
"0101261","241910","01/01/26 00:00:00",0,34,1,0,0,0,0,1,0,0,17.03,0,0,0,"01",1410,0,0,"Z001",0
"0101261","993","01/01/26 00:00:00",0,50,1,0,0,0,0,1,0,0,0,0,0,0,"01",1556,0,0,"Z001",0
"0101261","6479","01/01/26 00:00:00",0,13,1,0,0,0,0,1,0,0,0,0,0,0,"01",1503,0,0,"Z001",0
"0101261","6619","01/01/26 00:00:00",0,22,1,0,0,0,0,1,0,0,0,0,0,0,"01",1528,0,0,"Z001",0
"0101261","252029","01/01/26 00:00:00",0,1,1,0,0,0,0,0,0,0,25,0,0,0,"01",1434,0,0,"Z001",0
"0101261","6190","01/01/26 00:00:00",0,15,1,0,0,0,0,0,0,0,0,0,0,0,"01",1462,0,0,"Z001",0
"0101261","252029","01/01/26 00:00:00",0,1,1,0,0,0,0,0,0,0,25,0,0,0,"01",1434,0,0,"Z001",0
"0101261","1010","01/01/26 00:00:00",0,2,1,0,0,0,0,1,0,0,0,0,0,0,"01",1353,0,0,"Z001",0
"0101261","6190","01/01/26 00:00:00",0,15,1,0,0,0,0,0,0,0,0,0,0,0,"01",1462,0,0,"Z001",0
"0101261","241910","01/01/26 00:00:00",0,34,1,0,0,0,0,1,0,0,17.03,0,0,0,"01",1410,0,0,"Z001",0
"0101261","993","01/01/26 00:00:00",0,50,1,0,0,0,0,1,0,0,0,0,0,0,"01",1556,0,0,"Z001",0
"0101261","241910","01/01/26 00:00:00",0,34,1,0,0,0,0,1,0,0,17.03,0,0,0,"01",1410,0,0,"Z001",0
"0101261","993","01/01/26 00:00:00",0,50,1,0,0,0,0,1,0,0,0,0,0,0,"01",1556,0,0,"Z001",0
"0101261","252029","01/01/26 00:00:00",0,1,1,0,0,0,0,0,0,0,25,0,0,0,"01",1434,0,0,"Z001",0
"0101261","6190","01/01/26 00:00:00",0,15,1,0,0,0,0,0,0,0,0,0,0,0,"01",1462,0,0,"Z001",0
"0101261","6479","01/01/26 00:00:00",0,13,1,0,0,0,0,1,0,0,0,0,0,0,"01",1503,0,0,"Z001",0
"0101261","6619","01/01/26 00:00:00",0,22,1,0,0,0,0,1,0,0,0,0,0,0,"01",1528,0,0,"Z001",0
"0101261","1010","01/01/26 00:00:00",0,2,1,0,0,0,0,1,0,0,0,0,0,0,"01",1353,0,0,"Z001",0
"0101261","252029","01/01/26 00:00:00",0,1,1,0,0,0,0,0,0,0,25,0,0,0,"01",1434,0,0,"Z001",0
"0101261","6190","01/01/26 00:00:00",0,15,1,0,0,0,0,0,0,0,0,0,0,0,"01",1462,0,0,"Z001",0
"0101261","241910","01/01/26 00:00:00",0,34,1,0,0,0,0,1,0,0,17.03,0,0,0,"01",1410,0,0,"Z001",0
"0101261","993","01/01/26 00:00:00",0,50,1,0,0,0,0,1,0,0,0,0,0,0,"01",1556,0,0,"Z001",0
"0101261","252029","01/01/26 00:00:00",0,1,1,0,0,0,0,0,0,0,25,0,0,0,"01",1434,0,0,"Z001",0
"0101261","6190","01/01/26 00:00:00",0,15,1,0,0,0,0,0,0,0,0,0,0,0,"01",1462,0,0,"Z001",0
"0101261","241910","01/01/26 00:00:00",0,34,1,0,0,0,0,1,0,0,17.03,0,0,0,"01",1410,0,0,"Z001",0
"0101261","993","01/01/26 00:00:00",0,50,1,0,0,0,0,1,0,0,0,0,0,0,"01",1556,0,0,"Z001",0
"0101261","6479","01/01/26 00:00:00",0,13,1,0,0,0,0,1,0,0,0,0,0,0,"01",1503,0,0,"Z001",0
"0101261","6619","01/01/26 00:00:00",0,22,1,0,0,0,0,1,0,0,0,0,0,0,"01",1528,0,0,"Z001",0
"0101261","1010","01/01/26 00:00:00",0,2,1,0,0,0,0,1,0,0,0,0,0,0,"01",1353,0,0,"Z001",0
"0101261","252029","01/01/26 00:00:00",0,1,1,0,0,0,0,0,0,0,25,0,0,0,"01",1434,0,0,"Z001",0
"0101261","6190","01/01/26 00:00:00",0,15,1,0,0,0,0,0,0,0,0,0,0,0,"01",1462,0,0,"Z001",0
"0101261","241910","01/01/26 00:00:00",0,34,1,0,0,0,0,1,0,0,17.03,0,0,0,"01",1410,0,0,"Z001",0
"0101261","993","01/01/26 00:00:00",0,50,1,0,0,0,0,1,0,0,0,0,0,0,"01",1556,0,0,"Z001",0
"0101261","6479","01/01/26 00:00:00",0,13,1,0,0,0,0,1,0,0,0,0,0,0,"01",1503,0,0,"Z001",0
"0101261","6619","01/01/26 00:00:00",0,22,1,0,0,0,0,1,0,0,0,0,0,0,"01",1528,0,0,"Z001",0
"0101261","1010","01/01/26 00:00:00",0,2,1,0,0,0,0,1,0,0,0,0,0,0,"01",1353,0,0,"Z001",0
"0101261","252029","01/01/26 00:00:00",0,1,1,0,0,0,0,0,0,0,25,0,0,0,"01",1434,0,0,"Z001",0
"0101261","6190","01/01/26 00:00:00",0,15,1,0,0,0,0,0,0,0,0,0,0,0,"01",1462,0,0,"Z001",0
"0101261","241910","01/01/26 00:00:00",0,34,1,0,0,0,0,1,0,0,17.03,0,0,0,"01",1410,0,0,"Z001",0
"0101261","993","01/01/26 00:00:00",0,50,1,0,0,0,0,1,0,0,0,0,0,0,"01",1556,0,0,"Z001",0
"0101261","241910","01/01/26 00:00:00",0,34,1,0,0,0,0,1,0,0,17.03,0,0,0,"01",1410,0,0,"Z001",0
"0101261","993","01/01/26 00:00:00",0,50,1,0,0,0,0,1,0,0,0,0,0,0,"01",1556,0,0,"Z001",0
"0101261","6479","01/01/26 00:00:00",0,13,1,0,0,0,0,1,0,0,0,0,0,0,"01",1503,0,0,"Z001",0
"0101261","6619","01/01/26 00:00:00",0,22,1,0,0,0,0,1,0,0,0,0,0,0,"01",1528,0,0,"Z001",0
"0101261","1010","01/01/26 00:00:00",0,2,1,0,0,0,0,1,0,0,0,0,0,0,"01",1353,0,0,"Z001",0
"0101261","241910","01/01/26 00:00:00",0,34,1,0,0,0,0,1,0,0,17.03,0,0,0,"01",1410,0,0,"Z001",0
"0101261","993","01/01/26 00:00:00",0,50,1,0,0,0,0,1,0,0,0,0,0,0,"01",1556,0,0,"Z001",0
"0101261","6479","01/01/26 00:00:00",0,13,1,0,0,0,0,1,0,0,0,0,0,0,"01",1503,0,0,"Z001",0
"0101261","6619","01/01/26 00:00:00",0,22,1,0,0,0,0,1,0,0,0,0,0,0,"01",1528,0,0,"Z001",0
"0101261","1010","01/01/26 00:00:00",0,2,1,0,0,0,0,1,0,0,0,0,0,0,"01",1353,0,0,"Z001",0
"0101261","6479","01/01/26 00:00:00",0,13,1,0,0,0,0,1,0,0,0,0,0,0,"01",1503,0,0,"Z001",0
"0101261","6619","01/01/26 00:00:00",0,22,1,0,0,0,0,1,0,0,0,0,0,0,"01",1528,0,0,"Z001",0
"0101261","1010","01/01/26 00:00:00",0,2,1,0,0,0,0,1,0,0,0,0,0,0,"01",1353,0,0,"Z001",0
"0101261","241910","01/01/26 00:00:00",0,34,1,0,0,0,0,1,0,0,17.03,0,0,0,"01",1410,0,0,"Z001",0
"0101261","252029","01/01/26 00:00:00",0,1,1,0,0,0,0,0,0,0,25,0,0,0,"01",1434,0,0,"Z001",0
"0101261","6190","01/01/26 00:00:00",0,15,1,0,0,0,0,0,0,0,0,0,0,0,"01",1462,0,0,"Z001",0
"0101261","252029","01/01/26 00:00:00",0,1,1,0,0,0,0,0,0,0,25,0,0,0,"01",1434,0,0,"Z001",0
"0101261","993","01/01/26 00:00:00",0,50,1,0,0,0,0,1,0,0,0,0,0,0,"01",1556,0,0,"Z001",0
"0101261","6479","01/01/26 00:00:00",0,13,1,0,0,0,0,1,0,0,0,0,0,0,"01",1503,0,0,"Z001",0
"0101261","6619","01/01/26 00:00:00",0,22,1,0,0,0,0,1,0,0,0,0,0,0,"01",1528,0,0,"Z001",0
"0101261","1010","01/01/26 00:00:00",0,2,1,0,0,0,0,1,0,0,0,0,0,0,"01",1353,0,0,"Z001",0
"0101261","6190","01/01/26 00:00:00",0,15,1,0,0,0,0,0,0,0,0,0,0,0,"01",1462,0,0,"Z001",0
"0101261","252029","01/01/26 00:00:00",0,1,1,0,0,0,0,0,0,0,25,0,0,0,"01",1434,0,0,"Z001",0
"0101261","6190","01/01/26 00:00:00",0,15,1,0,0,0,0,0,0,0,0,0,0,0,"01",1462,0,0,"Z001",0
"0101261","241910","01/01/26 00:00:00",0,34,1,0,0,0,0,1,0,0,17.03,0,0,0,"01",1410,0,0,"Z001",0
"0101261","993","01/01/26 00:00:00",0,50,1,0,0,0,0,1,0,0,0,0,0,0,"01",1556,0,0,"Z001",0
"0101261","6479","01/01/26 00:00:00",0,13,1,0,0,0,0,1,0,0,0,0,0,0,"01",1503,0,0,"Z001",0
"0101261","6619","01/01/26 00:00:00",0,22,1,0,0,0,0,1,0,0,0,0,0,0,"01",1528,0,0,"Z001",0
"0101261","1010","01/01/26 00:00:00",0,2,1,0,0,0,0,1,0,0,0,0,0,0,"01",1353,0,0,"Z001",0
"0101261","252029","01/01/26 00:00:00",0,1,1,0,0,0,0,0,0,0,25,0,0,0,"01",1434,0,0,"Z001",0
"0101261","6479","01/01/26 00:00:00",0,13,1,0,0,0,0,1,0,0,0,0,0,0,"01",1503,0,0,"Z001",0
"0101261","6619","01/01/26 00:00:00",0,22,1,0,0,0,0,1,0,0,0,0,0,0,"01",1528,0,0,"Z001",0
"0101261","1010","01/01/26 00:00:00",0,2,1,0,0,0,0,1,0,0,0,0,0,0,"01",1353,0,0,"Z001",0
"0101261","6190","01/01/26 00:00:00",0,15,1,0,0,0,0,0,0,0,0,0,0,0,"01",1462,0,0,"Z001",0
"0101261","252029","01/01/26 00:00:00",0,1,1,0,0,0,0,0,0,0,25,0,0,0,"01",1434,0,0,"Z001",0
"0101261","6190","01/01/26 00:00:00",0,15,1,0,0,0,0,0,0,0,0,0,0,0,"01",1462,0,0,"Z001",0
"0101261","241910","01/01/26 00:00:00",0,34,1,0,0,0,0,1,0,0,17.03,0,0,0,"01",1410,0,0,"Z001",0
"0101261","993","01/01/26 00:00:00",0,50,1,0,0,0,0,1,0,0,0,0,0,0,"01",1556,0,0,"Z001",0
"0101261","6479","01/01/26 00:00:00",0,13,1,0,0,0,0,1,0,0,0,0,0,0,"01",1503,0,0,"Z001",0
"0101261","6619","01/01/26 00:00:00",0,22,1,0,0,0,0,1,0,0,0,0,0,0,"01",1528,0,0,"Z001",0
"0101261","1010","01/01/26 00:00:00",0,2,1,0,0,0,0,1,0,0,0,0,0,0,"01",1353,0,0,"Z001",0
"0101261","252029","01/01/26 00:00:00",0,1,1,0,0,0,0,0,0,0,25,0,0,0,"01",1434,0,0,"Z001",0
"0101261","6190","01/01/26 00:00:00",0,15,1,0,0,0,0,0,0,0,0,0,0,0,"01",1462,0,0,"Z001",0
"0101261","6619","01/01/26 00:00:00",0,22,1,0,0,0,0,1,0,0,0,0,0,0,"01",1528,0,0,"Z001",0
"0101261","1010","01/01/26 00:00:00",0,2,1,0,0,0,0,1,0,0,0,0,0,0,"01",1353,0,0,"Z001",0
"0101261","252029","01/01/26 00:00:00",0,1,1,0,0,0,0,0,0,0,25,0,0,0,"01",1434,0,0,"Z001",0
"0101261","6190","01/01/26 00:00:00",0,15,1,0,0,0,0,0,0,0,0,0,0,0,"01",1462,0,0,"Z001",0
"0101261","241910","01/01/26 00:00:00",0,34,1,0,0,0,0,1,0,0,17.03,0,0,0,"01",1410,0,0,"Z001",0
"0101261","993","01/01/26 00:00:00",0,50,1,0,0,0,0,1,0,0,0,0,0,0,"01",1556,0,0,"Z001",0
"0101261","6479","01/01/26 00:00:00",0,13,1,0,0,0,0,1,0,0,0,0,0,0,"01",1503,0,0,"Z001",0
"0101261","6619","01/01/26 00:00:00",0,22,1,0,0,0,0,1,0,0,0,0,0,0,"01",1528,0,0,"Z001",0
"0101261","1010","01/01/26 00:00:00",0,2,1,0,0,0,0,1,0,0,0,0,0,0,"01",1353,0,0,"Z001",0
"0101261","252029","01/01/26 00:00:00",0,1,1,0,0,0,0,0,0,0,25,0,0,0,"01",1434,0,0,"Z001",0
"0101261","6190","01/01/26 00:00:00",0,15,1,0,0,0,0,0,0,0,0,0,0,0,"01",1462,0,0,"Z001",0
"0101261","241910","01/01/26 00:00:00",0,34,1,0,0,0,0,1,0,0,17.03,0,0,0,"01",1410,0,0,"Z001",0
"0101261","993","01/01/26 00:00:00",0,50,1,0,0,0,0,1,0,0,0,0,0,0,"01",1556,0,0,"Z001",0
"0101261","6479","01/01/26 00:00:00",0,13,1,0,0,0,0,1,0,0,0,0,0,0,"01",1503,0,0,"Z001",0
"0101261","6619","01/01/26 00:00:00",0,22,1,0,0,0,0,1,0,0,0,0,0,0,"01",1528,0,0,"Z001",0
"0101261","1010","01/01/26 00:00:00",0,2,1,0,0,0,0,1,0,0,0,0,0,0,"01",1353,0,0,"Z001",0
"0101261","241910","01/01/26 00:00:00",0,34,1,0,0,0,0,1,0,0,17.03,0,0,0,"01",1410,0,0,"Z001",0
"0101261","993","01/01/26 00:00:00",0,50,1,0,0,0,0,1,0,0,0,0,0,0,"01",1556,0,0,"Z001",0
"0101261","6479","01/01/26 00:00:00",0,13,1,0,0,0,0,1,0,0,0,0,0,0,"01",1503,0,0,"Z001",0
"0101261","6619","01/01/26 00:00:00",0,22,1,0,0,0,0,1,0,0,0,0,0,0,"01",1528,0,0,"Z001",0
"0101261","1010","01/01/26 00:00:00",0,2,1,0,0,0,0,1,0,0,0,0,0,0,"01",1353,0,0,"Z001",0
"0101261","241910","01/01/26 00:00:00",0,34,1,0,0,0,0,1,0,0,17.03,0,0,0,"01",1410,0,0,"Z001",0
"0101261","993","01/01/26 00:00:00",0,50,1,0,0,0,0,1,0,0,0,0,0,0,"01",1556,0,0,"Z001",0
"0101261","6479","01/01/26 00:00:00",0,13,1,0,0,0,0,1,0,0,0,0,0,0,"01",1503,0,0,"Z001",0
"0101261","241910","01/01/26 00:00:00",0,34,1,0,0,0,0,1,0,0,17.03,0,0,0,"01",1410,0,0,"Z001",0
"0101261","993","01/01/26 00:00:00",0,50,1,0,0,0,0,1,0,0,0,0,0,0,"01",1556,0,0,"Z001",0
"0101261","6479","01/01/26 00:00:00",0,13,1,0,0,0,0,1,0,0,0,0,0,0,"01",1503,0,0,"Z001",0
"0101261","6619","01/01/26 00:00:00",0,22,1,0,0,0,0,1,0,0,0,0,0,0,"01",1528,0,0,"Z001",0
"0101261","1010","01/01/26 00:00:00",0,2,1,0,0,0,0,1,0,0,0,0,0,0,"01",1353,0,0,"Z001",0
"0101261","252029","01/01/26 00:00:00",0,1,1,0,0,0,0,0,0,0,25,0,0,0,"01",1434,0,0,"Z001",0
"0101261","6190","01/01/26 00:00:00",0,15,1,0,0,0,0,0,0,0,0,0,0,0,"01",1462,0,0,"Z001",0
"0101261","241910","01/01/26 00:00:00",0,34,1,0,0,0,0,1,0,0,17.03,0,0,0,"01",1410,0,0,"Z001",0
"0101261","993","01/01/26 00:00:00",0,50,1,0,0,0,0,1,0,0,0,0,0,0,"01",1556,0,0,"Z001",0
"0101261","6479","01/01/26 00:00:00",0,13,1,0,0,0,0,1,0,0,0,0,0,0,"01",1503,0,0,"Z001",0
"0101261","6619","01/01/26 00:00:00",0,22,1,0,0,0,0,1,0,0,0,0,0,0,"01",1528,0,0,"Z001",0
"0101261","1010","01/01/26 00:00:00",0,2,1,0,0,0,0,1,0,0,0,0,0,0,"01",1353,0,0,"Z001",0
"0101261","252029","01/01/26 00:00:00",0,1,1,0,0,0,0,0,0,0,25,0,0,0,"01",1434,0,0,"Z001",0
"0101261","6190","01/01/26 00:00:00",0,15,1,0,0,0,0,0,0,0,0,0,0,0,"01",1462,0,0,"Z001",0
"0101261","6619","01/01/26 00:00:00",0,22,1,0,0,0,0,1,0,0,0,0,0,0,"01",1528,0,0,"Z001",0
"0101261","1010","01/01/26 00:00:00",0,2,1,0,0,0,0,1,0,0,0,0,0,0,"01",1353,0,0,"Z001",0
"0101261","252029","01/01/26 00:00:00",0,1,1,0,0,0,0,0,0,0,25,0,0,0,"01",1434,0,0,"Z001",0
"0101261","6190","01/01/26 00:00:00",0,15,1,0,0,0,0,0,0,0,0,0,0,0,"01",1462,0,0,"Z001",0
"0101261","252029","01/01/26 00:00:00",0,1,1,0,0,0,0,0,0,0,25,0,0,0,"01",1434,0,0,"Z001",0
"0101261","6479","01/01/26 00:00:00",0,13,1,0,0,0,0,1,0,0,0,0,0,0,"01",1503,0,0,"Z001",0
"0101261","6619","01/01/26 00:00:00",0,22,1,0,0,0,0,1,0,0,0,0,0,0,"01",1528,0,0,"Z001",0
"0101261","1010","01/01/26 00:00:00",0,2,1,0,0,0,0,1,0,0,0,0,0,0,"01",1353,0,0,"Z001",0
"0101261","6190","01/01/26 00:00:00",0,15,1,0,0,0,0,0,0,0,0,0,0,0,"01",1462,0,0,"Z001",0
"0101261","252029","01/01/26 00:00:00",0,1,1,0,0,0,0,0,0,0,25,0,0,0,"01",1434,0,0,"Z001",0
"0101261","6190","01/01/26 00:00:00",0,15,1,0,0,0,0,0,0,0,0,0,0,0,"01",1462,0,0,"Z001",0
"0101261","241910","01/01/26 00:00:00",0,34,1,0,0,0,0,1,0,0,17.03,0,0,0,"01",1410,0,0,"Z001",0
"0101261","993","01/01/26 00:00:00",0,50,1,0,0,0,0,1,0,0,0,0,0,0,"01",1556,0,0,"Z001",0
"0101261","6479","01/01/26 00:00:00",0,13,1,0,0,0,0,1,0,0,0,0,0,0,"01",1503,0,0,"Z001",0
"0101261","6619","01/01/26 00:00:00",0,22,1,0,0,0,0,1,0,0,0,0,0,0,"01",1528,0,0,"Z001",0
"0101261","1010","01/01/26 00:00:00",0,2,1,0,0,0,0,1,0,0,0,0,0,0,"01",1353,0,0,"Z001",0
"0101261","252029","01/01/26 00:00:00",0,1,1,0,0,0,0,0,0,0,25,0,0,0,"01",1434,0,0,"Z001",0
"0101261","241910","01/01/26 00:00:00",0,34,1,0,0,0,0,1,0,0,17.03,0,0,0,"01",1410,0,0,"Z001",0
"0101261","993","01/01/26 00:00:00",0,50,1,0,0,0,0,1,0,0,0,0,0,0,"01",1556,0,0,"Z001",0
"0101261","6479","01/01/26 00:00:00",0,13,1,0,0,0,0,1,0,0,0,0,0,0,"01",1503,0,0,"Z001",0
"0101261","6619","01/01/26 00:00:00",0,22,1,0,0,0,0,1,0,0,0,0,0,0,"01",1528,0,0,"Z001",0
"0101261","1010","01/01/26 00:00:00",0,2,1,0,0,0,0,1,0,0,0,0,0,0,"01",1353,0,0,"Z001",0
"0101261","241910","01/01/26 00:00:00",0,34,1,0,0,0,0,1,0,0,17.03,0,0,0,"01",1410,0,0,"Z001",0
"0101261","993","01/01/26 00:00:00",0,50,1,0,0,0,0,1,0,0,0,0,0,0,"01",1556,0,0,"Z001",0
"0101261","6479","01/01/26 00:00:00",0,13,1,0,0,0,0,1,0,0,0,0,0,0,"01",1503,0,0,"Z001",0
"0101261","6190","01/01/26 00:00:00",0,15,1,0,0,0,0,0,0,0,0,0,0,0,"01",1462,0,0,"Z001",0
"0101261","252029","01/01/26 00:00:00",0,1,1,0,0,0,0,0,0,0,25,0,0,0,"01",1434,0,0,"Z001",0
"0101261","6190","01/01/26 00:00:00",0,15,1,0,0,0,0,0,0,0,0,0,0,0,"01",1462,0,0,"Z001",0
"0101261","252029","01/01/26 00:00:00",0,1,1,0,0,0,0,0,0,0,25,0,0,0,"01",1434,0,0,"Z001",0
"0101261","6190","01/01/26 00:00:00",0,15,1,0,0,0,0,0,0,0,0,0,0,0,"01",1462,0,0,"Z001",0
"0101261","241910","01/01/26 00:00:00",0,34,1,0,0,0,0,1,0,0,17.03,0,0,0,"01",1410,0,0,"Z001",0
"0101261","993","01/01/26 00:00:00",0,50,1,0,0,0,0,1,0,0,0,0,0,0,"01",1556,0,0,"Z001",0
"0101261","241910","01/01/26 00:00:00",0,34,1,0,0,0,0,1,0,0,17.03,0,0,0,"01",1410,0,0,"Z001",0
"0101261","993","01/01/26 00:00:00",0,50,1,0,0,0,0,1,0,0,0,0,0,0,"01",1556,0,0,"Z001",0
"0101261","6479","01/01/26 00:00:00",0,13,1,0,0,0,0,1,0,0,0,0,0,0,"01",1503,0,0,"Z001",0
"0101261","6619","01/01/26 00:00:00",0,22,1,0,0,0,0,1,0,0,0,0,0,0,"01",1528,0,0,"Z001",0
"0101261","252029","01/01/26 00:00:00",0,1,1,0,0,0,0,0,0,0,25,0,0,0,"01",1434,0,0,"Z001",0
"0101261","1010","01/01/26 00:00:00",0,2,1,0,0,0,0,1,0,0,0,0,0,0,"01",1353,0,0,"Z001",0
"0101261","241910","01/01/26 00:00:00",0,34,1,0,0,0,0,1,0,0,17.03,0,0,0,"01",1410,0,0,"Z001",0
"0101261","993","01/01/26 00:00:00",0,50,1,0,0,0,0,1,0,0,0,0,0,0,"01",1556,0,0,"Z001",0
"0101261","6479","01/01/26 00:00:00",0,13,1,0,0,0,0,1,0,0,0,0,0,0,"01",1503,0,0,"Z001",0
"0101261","6619","01/01/26 00:00:00",0,22,1,0,0,0,0,1,0,0,0,0,0,0,"01",1528,0,0,"Z001",0
"0101261","1010","01/01/26 00:00:00",0,2,1,0,0,0,0,1,0,0,0,0,0,0,"01",1353,0,0,"Z001",0
"0101261","6190","01/01/26 00:00:00",0,15,1,0,0,0,0,0,0,0,0,0,0,0,"01",1462,0,0,"Z001",0
"0101261","241910","01/01/26 00:00:00",0,34,1,0,0,0,0,1,0,0,17.03,0,0,0,"01",1410,0,0,"Z001",0
"0101261","993","01/01/26 00:00:00",0,50,1,0,0,0,0,1,0,0,0,0,0,0,"01",1556,0,0,"Z001",0
"0101261","6479","01/01/26 00:00:00",0,13,1,0,0,0,0,1,0,0,0,0,0,0,"01",1503,0,0,"Z001",0
"0101261","6619","01/01/26 00:00:00",0,22,1,0,0,0,0,1,0,0,0,0,0,0,"01",1528,0,0,"Z001",0
"0101261","1010","01/01/26 00:00:00",0,2,1,0,0,0,0,1,0,0,0,0,0,0,"01",1353,0,0,"Z001",0
"0101261","252029","01/01/26 00:00:00",0,1,1,0,0,0,0,0,0,0,25,0,0,0,"01",1434,0,0,"Z001",0
"0101261","241910","01/01/26 00:00:00",0,34,1,0,0,0,0,1,0,0,17.03,0,0,0,"01",1410,0,0,"Z001",0
"0101261","993","01/01/26 00:00:00",0,50,1,0,0,0,0,1,0,0,0,0,0,0,"01",1556,0,0,"Z001",0
"0101261","6479","01/01/26 00:00:00",0,13,1,0,0,0,0,1,0,0,0,0,0,0,"01",1503,0,0,"Z001",0
"0101261","6619","01/01/26 00:00:00",0,22,1,0,0,0,0,1,0,0,0,0,0,0,"01",1528,0,0,"Z001",0
"0101261","1010","01/01/26 00:00:00",0,2,1,0,0,0,0,1,0,0,0,0,0,0,"01",1353,0,0,"Z001",0
"0101261","6190","01/01/26 00:00:00",0,15,1,0,0,0,0,0,0,0,0,0,0,0,"01",1462,0,0,"Z001",0
"0101261","6190","01/01/26 00:00:00",0,15,1,0,0,0,0,0,0,0,0,0,0,0,"01",1462,0,0,"Z001",0
"0101261","993","01/01/26 00:00:00",0,50,1,0,0,0,0,1,0,0,0,0,0,0,"01",1556,0,0,"Z001",0
"0101261","6479","01/01/26 00:00:00",0,13,1,0,0,0,0,1,0,0,0,0,0,0,"01",1503,0,0,"Z001",0
"0101261","6619","01/01/26 00:00:00",0,22,1,0,0,0,0,1,0,0,0,0,0,0,"01",1528,0,0,"Z001",0
"0101261","1010","01/01/26 00:00:00",0,2,1,0,0,0,0,1,0,0,0,0,0,0,"01",1353,0,0,"Z001",0
"0101261","241910","01/01/26 00:00:00",0,34,1,0,0,0,0,1,0,0,17.03,0,0,0,"01",1410,0,0,"Z001",0
"0101261","993","01/01/26 00:00:00",0,50,1,0,0,0,0,1,0,0,0,0,0,0,"01",1556,0,0,"Z001",0
"0101261","6479","01/01/26 00:00:00",0,13,1,0,0,0,0,1,0,0,0,0,0,0,"01",1503,0,0,"Z001",0
"0101261","6619","01/01/26 00:00:00",0,22,1,0,0,0,0,1,0,0,0,0,0,0,"01",1528,0,0,"Z001",0
"0101261","1010","01/01/26 00:00:00",0,2,1,0,0,0,0,1,0,0,0,0,0,0,"01",1353,0,0,"Z001",0
"0101261","241910","01/01/26 00:00:00",0,34,1,0,0,0,0,1,0,0,17.03,0,0,0,"01",1410,0,0,"Z001",0
"0101261","993","01/01/26 00:00:00",0,50,1,0,0,0,0,1,0,0,0,0,0,0,"01",1556,0,0,"Z001",0
"0101261","6479","01/01/26 00:00:00",0,13,1,0,0,0,0,1,0,0,0,0,0,0,"01",1503,0,0,"Z001",0
"0101261","6619","01/01/26 00:00:00",0,22,1,0,0,0,0,1,0,0,0,0,0,0,"01",1528,0,0,"Z001",0
"0101261","1010","01/01/26 00:00:00",0,2,1,0,0,0,0,1,0,0,0,0,0,0,"01",1353,0,0,"Z001",0
"0101261","252029","01/01/26 00:00:00",0,1,1,0,0,0,0,0,0,0,25,0,0,0,"01",1434,0,0,"Z001",0
"0101261","6190","01/01/26 00:00:00",0,15,1,0,0,0,0,0,0,0,0,0,0,0,"01",1462,0,0,"Z001",0
"0101261","252029","01/01/26 00:00:00",0,1,1,0,0,0,0,0,0,0,25,0,0,0,"01",1434,0,0,"Z001",0
"0101261","6190","01/01/26 00:00:00",0,15,1,0,0,0,0,0,0,0,0,0,0,0,"01",1462,0,0,"Z001",0
"0101261","252029","01/01/26 00:00:00",0,1,1,0,0,0,0,0,0,0,25,0,0,0,"01",1434,0,0,"Z001",0
"0101261","1010","01/01/26 00:00:00",0,2,1,0,0,0,0,1,0,0,0,0,0,0,"01",1353,0,0,"Z001",0
"0101261","241910","01/01/26 00:00:00",0,34,1,0,0,0,0,1,0,0,17.03,0,0,0,"01",1410,0,0,"Z001",0
"0101261","993","01/01/26 00:00:00",0,50,1,0,0,0,0,1,0,0,0,0,0,0,"01",1556,0,0,"Z001",0
"0101261","6479","01/01/26 00:00:00",0,13,1,0,0,0,0,1,0,0,0,0,0,0,"01",1503,0,0,"Z001",0
"0101261","6619","01/01/26 00:00:00",0,22,1,0,0,0,0,1,0,0,0,0,0,0,"01",1528,0,0,"Z001",0
"0101261","241910","01/01/26 00:00:00",0,34,1,0,0,0,0,1,0,0,17.03,0,0,0,"01",1410,0,0,"Z001",0
"0101261","993","01/01/26 00:00:00",0,50,1,0,0,0,0,1,0,0,0,0,0,0,"01",1556,0,0,"Z001",0
"0101261","6479","01/01/26 00:00:00",0,13,1,0,0,0,0,1,0,0,0,0,0,0,"01",1503,0,0,"Z001",0
"0101261","252029","01/01/26 00:00:00",0,1,1,0,0,0,0,0,0,0,25,0,0,0,"01",1434,0,0,"Z001",0
"0101261","6190","01/01/26 00:00:00",0,15,1,0,0,0,0,0,0,0,0,0,0,0,"01",1462,0,0,"Z001",0
"0101261","6190","01/01/26 00:00:00",0,15,1,0,0,0,0,0,0,0,0,0,0,0,"01",1462,0,0,"Z001",0
"0101261","6190","01/01/26 00:00:00",0,15,1,0,0,0,0,0,0,0,0,0,0,0,"01",1462,0,0,"Z001",0
"0101261","252029","01/01/26 00:00:00",0,1,1,0,0,0,0,0,0,0,25,0,0,0,"01",1434,0,0,"Z001",0
"0101261","6190","01/01/26 00:00:00",0,15,1,0,0,0,0,0,0,0,0,0,0,0,"01",1462,0,0,"Z001",0
"0101261","6619","01/01/26 00:00:00",0,22,1,0,0,0,0,1,0,0,0,0,0,0,"01",1528,0,0,"Z001",0
"0101261","1010","01/01/26 00:00:00",0,2,1,0,0,0,0,1,0,0,0,0,0,0,"01",1353,0,0,"Z001",0
"0101261","252029","01/01/26 00:00:00",0,1,1,0,0,0,0,0,0,0,25,0,0,0,"01",1434,0,0,"Z001",0
"0101261","993","01/01/26 00:00:00",0,50,1,0,0,0,0,1,0,0,0,0,0,0,"01",1556,0,0,"Z001",0
"0101261","6479","01/01/26 00:00:00",0,13,1,0,0,0,0,1,0,0,0,0,0,0,"01",1503,0,0,"Z001",0
"0101261","6619","01/01/26 00:00:00",0,22,1,0,0,0,0,1,0,0,0,0,0,0,"01",1528,0,0,"Z001",0
"0101261","1010","01/01/26 00:00:00",0,2,1,0,0,0,0,1,0,0,0,0,0,0,"01",1353,0,0,"Z001",0
"0101261","241910","01/01/26 00:00:00",0,34,1,0,0,0,0,1,0,0,17.03,0,0,0,"01",1410,0,0,"Z001",0
"0101261","993","01/01/26 00:00:00",0,50,1,0,0,0,0,1,0,0,0,0,0,0,"01",1556,0,0,"Z001",0
"0101261","6190","01/01/26 00:00:00",0,15,1,0,0,0,0,0,0,0,0,0,0,0,"01",1462,0,0,"Z001",0
"0101261","6619","01/01/26 00:00:00",0,22,1,0,0,0,0,1,0,0,0,0,0,0,"01",1528,0,0,"Z001",0
"0101261","1010","01/01/26 00:00:00",0,2,1,0,0,0,0,1,0,0,0,0,0,0,"01",1353,0,0,"Z001",0
"0101261","241910","01/01/26 00:00:00",0,34,1,0,0,0,0,1,0,0,17.03,0,0,0,"01",1410,0,0,"Z001",0
"0101261","993","01/01/26 00:00:00",0,50,1,0,0,0,0,1,0,0,0,0,0,0,"01",1556,0,0,"Z001",0
"0101261","6479","01/01/26 00:00:00",0,13,1,0,0,0,0,1,0,0,0,0,0,0,"01",1503,0,0,"Z001",0
"0101261","6619","01/01/26 00:00:00",0,22,1,0,0,0,0,1,0,0,0,0,0,0,"01",1528,0,0,"Z001",0
"0101261","6479","01/01/26 00:00:00",0,13,1,0,0,0,0,1,0,0,0,0,0,0,"01",1503,0,0,"Z001",0
"0101261","6619","01/01/26 00:00:00",0,22,1,0,0,0,0,1,0,0,0,0,0,0,"01",1528,0,0,"Z001",0
"0101261","1010","01/01/26 00:00:00",0,2,1,0,0,0,0,1,0,0,0,0,0,0,"01",1353,0,0,"Z001",0
"0101261","241910","01/01/26 00:00:00",0,34,1,0,0,0,0,1,0,0,17.03,0,0,0,"01",1410,0,0,"Z001",0
"0101261","252029","01/01/26 00:00:00",0,1,1,0,0,0,0,0,0,0,25,0,0,0,"01",1434,0,0,"Z001",0
"0101261","6190","01/01/26 00:00:00",0,15,1,0,0,0,0,0,0,0,0,0,0,0,"01",1462,0,0,"Z001",0
"0101261","993","01/01/26 00:00:00",0,50,1,0,0,0,0,1,0,0,0,0,0,0,"01",1556,0,0,"Z001",0
"0101261","6479","01/01/26 00:00:00",0,13,1,0,0,0,0,1,0,0,0,0,0,0,"01",1503,0,0,"Z001",0
"0101261","6619","01/01/26 00:00:00",0,22,1,0,0,0,0,1,0,0,0,0,0,0,"01",1528,0,0,"Z001",0
"0101261","1010","01/01/26 00:00:00",0,2,1,0,0,0,0,1,0,0,0,0,0,0,"01",1353,0,0,"Z001",0
"0101261","241910","01/01/26 00:00:00",0,34,1,0,0,0,0,1,0,0,17.03,0,0,0,"01",1410,0,0,"Z001",0
"0101261","993","01/01/26 00:00:00",0,50,1,0,0,0,0,1,0,0,0,0,0,0,"01",1556,0,0,"Z001",0
"0101261","6479","01/01/26 00:00:00",0,13,1,0,0,0,0,1,0,0,0,0,0,0,"01",1503,0,0,"Z001",0
"0101261","6619","01/01/26 00:00:00",0,22,1,0,0,0,0,1,0,0,0,0,0,0,"01",1528,0,0,"Z001",0
"0101261","1010","01/01/26 00:00:00",0,2,1,0,0,0,0,1,0,0,0,0,0,0,"01",1353,0,0,"Z001",0
"0101261","241910","01/01/26 00:00:00",0,34,1,0,0,0,0,1,0,0,17.03,0,0,0,"01",1410,0,0,"Z001",0
"0101261","993","01/01/26 00:00:00",0,50,1,0,0,0,0,1,0,0,0,0,0,0,"01",1556,0,0,"Z001",0
"0101261","241910","01/01/26 00:00:00",0,34,1,0,0,0,0,1,0,0,17.03,0,0,0,"01",1410,0,0,"Z001",0
"0101261","993","01/01/26 00:00:00",0,50,1,0,0,0,0,1,0,0,0,0,0,0,"01",1556,0,0,"Z001",0
"0101261","6479","01/01/26 00:00:00",0,13,1,0,0,0,0,1,0,0,0,0,0,0,"01",1503,0,0,"Z001",0
"0101261","6619","01/01/26 00:00:00",0,22,1,0,0,0,0,1,0,0,0,0,0,0,"01",1528,0,0,"Z001",0
"0101261","252029","01/01/26 00:00:00",0,1,1,0,0,0,0,0,0,0,25,0,0,0,"01",1434,0,0,"Z001",0
"0101261","6190","01/01/26 00:00:00",0,15,1,0,0,0,0,0,0,0,0,0,0,0,"01",1462,0,0,"Z001",0
"0101261","241910","01/01/26 00:00:00",0,34,1,0,0,0,0,1,0,0,17.03,0,0,0,"01",1410,0,0,"Z001",0
"0101261","993","01/01/26 00:00:00",0,50,1,0,0,0,0,1,0,0,0,0,0,0,"01",1556,0,0,"Z001",0
"0101261","6479","01/01/26 00:00:00",0,13,1,0,0,0,0,1,0,0,0,0,0,0,"01",1503,0,0,"Z001",0
"0101261","6619","01/01/26 00:00:00",0,22,1,0,0,0,0,1,0,0,0,0,0,0,"01",1528,0,0,"Z001",0
"0101261","252029","01/01/26 00:00:00",0,1,1,0,0,0,0,0,0,0,25,0,0,0,"01",1434,0,0,"Z001",0
"0101261","6190","01/01/26 00:00:00",0,15,1,0,0,0,0,0,0,0,0,0,0,0,"01",1462,0,0,"Z001",0
"0101261","6479","01/01/26 00:00:00",0,13,1,0,0,0,0,1,0,0,0,0,0,0,"01",1503,0,0,"Z001",0
"0101261","6619","01/01/26 00:00:00",0,22,1,0,0,0,0,1,0,0,0,0,0,0,"01",1528,0,0,"Z001",0
"0101261","1010","01/01/26 00:00:00",0,2,1,0,0,0,0,1,0,0,0,0,0,0,"01",1353,0,0,"Z001",0
"0101261","241910","01/01/26 00:00:00",0,34,1,0,0,0,0,1,0,0,17.03,0,0,0,"01",1410,0,0,"Z001",0
"0101261","993","01/01/26 00:00:00",0,50,1,0,0,0,0,1,0,0,0,0,0,0,"01",1556,0,0,"Z001",0
"0101261","6479","01/01/26 00:00:00",0,13,1,0,0,0,0,1,0,0,0,0,0,0,"01",1503,0,0,"Z001",0
"0101261","6619","01/01/26 00:00:00",0,22,1,0,0,0,0,1,0,0,0,0,0,0,"01",1528,0,0,"Z001",0
"0101261","1010","01/01/26 00:00:00",0,2,1,0,0,0,0,1,0,0,0,0,0,0,"01",1353,0,0,"Z001",0
"0101261","241910","01/01/26 00:00:00",0,34,1,0,0,0,0,1,0,0,17.03,0,0,0,"01",1410,0,0,"Z001",0
"0101261","993","01/01/26 00:00:00",0,50,1,0,0,0,0,1,0,0,0,0,0,0,"01",1556,0,0,"Z001",0
"0101261","6479","01/01/26 00:00:00",0,13,1,0,0,0,0,1,0,0,0,0,0,0,"01",1503,0,0,"Z001",0
"0101261","6619","01/01/26 00:00:00",0,22,1,0,0,0,0,1,0,0,0,0,0,0,"01",1528,0,0,"Z001",0
"0101261","1010","01/01/26 00:00:00",0,2,1,0,0,0,0,1,0,0,0,0,0,0,"01",1353,0,0,"Z001",0
"0101261","6479","01/01/26 00:00:00",0,13,1,0,0,0,0,1,0,0,0,0,0,0,"01",1503,0,0,"Z001",0
"0101261","6619","01/01/26 00:00:00",0,22,1,0,0,0,0,1,0,0,0,0,0,0,"01",1528,0,0,"Z001",0
"0101261","1010","01/01/26 00:00:00",0,2,1,0,0,0,0,1,0,0,0,0,0,0,"01",1353,0,0,"Z001",0
"0101261","252029","01/01/26 00:00:00",0,1,1,0,0,0,0,0,0,0,25,0,0,0,"01",1434,0,0,"Z001",0
"0101261","6190","01/01/26 00:00:00",0,15,1,0,0,0,0,0,0,0,0,0,0,0,"01",1462,0,0,"Z001",0
"0101261","252029","01/01/26 00:00:00",0,1,1,0,0,0,0,0,0,0,25,0,0,0,"01",1434,0,0,"Z001",0
"0101261","252029","01/01/26 00:00:00",0,1,1,0,0,0,0,0,0,0,25,0,0,0,"01",1434,0,0,"Z001",0
"0101261","6190","01/01/26 00:00:00",0,15,1,0,0,0,0,0,0,0,0,0,0,0,"01",1462,0,0,"Z001",0
"0101261","252029","01/01/26 00:00:00",0,1,1,0,0,0,0,0,0,0,25,0,0,0,"01",1434,0,0,"Z001",0
"0101261","252029","01/01/26 00:00:00",0,1,1,0,0,0,0,0,0,0,25,0,0,0,"01",1434,0,0,"Z001",0
"0101261","1010","01/01/26 00:00:00",0,2,1,0,0,0,0,1,0,0,0,0,0,0,"01",1353,0,0,"Z001",0
"0101261","6190","01/01/26 00:00:00",0,15,1,0,0,0,0,0,0,0,0,0,0,0,"01",1462,0,0,"Z001",0
"0101261","6190","01/01/26 00:00:00",0,15,1,0,0,0,0,0,0,0,0,0,0,0,"01",1462,0,0,"Z001",0
"0101261","6190","01/01/26 00:00:00",0,15,1,0,0,0,0,0,0,0,0,0,0,0,"01",1462,0,0,"Z001",0
"0101261","252029","01/01/26 00:00:00",0,1,1,0,0,0,0,0,0,0,25,0,0,0,"01",1434,0,0,"Z001",0
"0101261","6190","01/01/26 00:00:00",0,15,1,0,0,0,0,0,0,0,0,0,0,0,"01",1462,0,0,"Z001",0
"0101261","1010","01/01/26 00:00:00",0,2,1,0,0,0,0,1,0,0,0,0,0,0,"01",1353,0,0,"Z001",0
"0101261","241910","01/01/26 00:00:00",0,34,1,0,0,0,0,1,0,0,17.03,0,0,0,"01",1410,0,0,"Z001",0
"0101261","993","01/01/26 00:00:00",0,50,1,0,0,0,0,1,0,0,0,0,0,0,"01",1556,0,0,"Z001",0
"0101261","241910","01/01/26 00:00:00",0,34,1,0,0,0,0,1,0,0,17.03,0,0,0,"01",1410,0,0,"Z001",0
"0101261","993","01/01/26 00:00:00",0,50,1,0,0,0,0,1,0,0,0,0,0,0,"01",1556,0,0,"Z001",0
"0101261","6479","01/01/26 00:00:00",0,13,1,0,0,0,0,1,0,0,0,0,0,0,"01",1503,0,0,"Z001",0
"0101261","6619","01/01/26 00:00:00",0,22,1,0,0,0,0,1,0,0,0,0,0,0,"01",1528,0,0,"Z001",0
"0101261","1010","01/01/26 00:00:00",0,2,1,0,0,0,0,1,0,0,0,0,0,0,"01",1353,0,0,"Z001",0
"0101261","241910","01/01/26 00:00:00",0,34,1,0,0,0,0,1,0,0,17.03,0,0,0,"01",1410,0,0,"Z001",0
"0101261","993","01/01/26 00:00:00",0,50,1,0,0,0,0,1,0,0,0,0,0,0,"01",1556,0,0,"Z001",0
"0101261","6479","01/01/26 00:00:00",0,13,1,0,0,0,0,1,0,0,0,0,0,0,"01",1503,0,0,"Z001",0
"0101261","6619","01/01/26 00:00:00",0,22,1,0,0,0,0,1,0,0,0,0,0,0,"01",1528,0,0,"Z001",0
"0101261","1010","01/01/26 00:00:00",0,2,1,0,0,0,0,1,0,0,0,0,0,0,"01",1353,0,0,"Z001",0
"0101261","252029","01/01/26 00:00:00",0,1,1,0,0,0,0,0,0,0,25,0,0,0,"01",1434,0,0,"Z001",0
"0101261","6190","01/01/26 00:00:00",0,15,1,0,0,0,0,0,0,0,0,0,0,0,"01",1462,0,0,"Z001",0
"0101261","241910","01/01/26 00:00:00",0,34,1,0,0,0,0,1,0,0,17.03,0,0,0,"01",1410,0,0,"Z001",0
"0101261","993","01/01/26 00:00:00",0,50,1,0,0,0,0,1,0,0,0,0,0,0,"01",1556,0,0,"Z001",0
"0101261","6479","01/01/26 00:00:00",0,13,1,0,0,0,0,1,0,0,0,0,0,0,"01",1503,0,0,"Z001",0
"0101261","6619","01/01/26 00:00:00",0,22,1,0,0,0,0,1,0,0,0,0,0,0,"01",1528,0,0,"Z001",0
"0101261","1010","01/01/26 00:00:00",0,2,1,0,0,0,0,1,0,0,0,0,0,0,"01",1353,0,0,"Z001",0
"0101261","252029","01/01/26 00:00:00",0,1,1,0,0,0,0,0,0,0,25,0,0,0,"01",1434,0,0,"Z001",0
"0101261","241910","01/01/26 00:00:00",0,34,1,0,0,0,0,1,0,0,17.03,0,0,0,"01",1410,0,0,"Z001",0
"0101261","993","01/01/26 00:00:00",0,50,1,0,0,0,0,1,0,0,0,0,0,0,"01",1556,0,0,"Z001",0
"0101261","6479","01/01/26 00:00:00",0,13,1,0,0,0,0,1,0,0,0,0,0,0,"01",1503,0,0,"Z001",0
"0101261","6619","01/01/26 00:00:00",0,22,1,0,0,0,0,1,0,0,0,0,0,0,"01",1528,0,0,"Z001",0
"0101261","1010","01/01/26 00:00:00",0,2,1,0,0,0,0,1,0,0,0,0,0,0,"01",1353,0,0,"Z001",0
"0101261","6190","01/01/26 00:00:00",0,15,1,0,0,0,0,0,0,0,0,0,0,0,"01",1462,0,0,"Z001",0
"0101261","241910","01/01/26 00:00:00",0,34,1,0,0,0,0,1,0,0,17.03,0,0,0,"01",1410,0,0,"Z001",0
"0101261","993","01/01/26 00:00:00",0,50,1,0,0,0,0,1,0,0,0,0,0,0,"01",1556,0,0,"Z001",0
"0101261","6479","01/01/26 00:00:00",0,13,1,0,0,0,0,1,0,0,0,0,0,0,"01",1503,0,0,"Z001",0
"0101261","6619","01/01/26 00:00:00",0,22,1,0,0,0,0,1,0,0,0,0,0,0,"01",1528,0,0,"Z001",0
"0101261","1010","01/01/26 00:00:00",0,2,1,0,0,0,0,1,0,0,0,0,0,0,"01",1353,0,0,"Z001",0
"0101261","241910","01/01/26 00:00:00",0,34,1,0,0,0,0,1,0,0,17.03,0,0,0,"01",1410,0,0,"Z001",0
"0101261","993","01/01/26 00:00:00",0,50,1,0,0,0,0,1,0,0,0,0,0,0,"01",1556,0,0,"Z001",0
"0101261","6479","01/01/26 00:00:00",0,13,1,0,0,0,0,1,0,0,0,0,0,0,"01",1503,0,0,"Z001",0
"0101261","6619","01/01/26 00:00:00",0,22,1,0,0,0,0,1,0,0,0,0,0,0,"01",1528,0,0,"Z001",0
"0101261","1010","01/01/26 00:00:00",0,2,1,0,0,0,0,1,0,0,0,0,0,0,"01",1353,0,0,"Z001",0
"0101261","252029","01/01/26 00:00:00",0,1,1,0,0,0,0,0,0,0,25,0,0,0,"01",1434,0,0,"Z001",0
"0101261","6190","01/01/26 00:00:00",0,15,1,0,0,0,0,0,0,0,0,0,0,0,"01",1462,0,0,"Z001",0
"0101261","241910","01/01/26 00:00:00",0,34,1,0,0,0,0,1,0,0,17.03,0,0,0,"01",1410,0,0,"Z001",0
"0101261","993","01/01/26 00:00:00",0,50,1,0,0,0,0,1,0,0,0,0,0,0,"01",1556,0,0,"Z001",0
"0101261","6479","01/01/26 00:00:00",0,13,1,0,0,0,0,1,0,0,0,0,0,0,"01",1503,0,0,"Z001",0
"0101261","6619","01/01/26 00:00:00",0,22,1,0,0,0,0,1,0,0,0,0,0,0,"01",1528,0,0,"Z001",0
"0101261","1010","01/01/26 00:00:00",0,2,1,0,0,0,0,1,0,0,0,0,0,0,"01",1353,0,0,"Z001",0
"0101261","252029","01/01/26 00:00:00",0,1,1,0,0,0,0,0,0,0,25,0,0,0,"01",1434,0,0,"Z001",0
"0101261","6190","01/01/26 00:00:00",0,15,1,0,0,0,0,0,0,0,0,0,0,0,"01",1462,0,0,"Z001",0
"0101261","241910","01/01/26 00:00:00",0,34,1,0,0,0,0,1,0,0,17.03,0,0,0,"01",1410,0,0,"Z001",0
"0101261","993","01/01/26 00:00:00",0,50,1,0,0,0,0,1,0,0,0,0,0,0,"01",1556,0,0,"Z001",0
"0101261","6479","01/01/26 00:00:00",0,13,1,0,0,0,0,1,0,0,0,0,0,0,"01",1503,0,0,"Z001",0
"0101261","6619","01/01/26 00:00:00",0,22,1,0,0,0,0,1,0,0,0,0,0,0,"01",1528,0,0,"Z001",0
"0101261","1010","01/01/26 00:00:00",0,2,1,0,0,0,0,1,0,0,0,0,0,0,"01",1353,0,0,"Z001",0
"0101261","252029","01/01/26 00:00:00",0,1,1,0,0,0,0,0,0,0,25,0,0,0,"01",1434,0,0,"Z001",0
"0101261","6190","01/01/26 00:00:00",0,15,1,0,0,0,0,0,0,0,0,0,0,0,"01",1462,0,0,"Z001",0
"0101261","252029","01/01/26 00:00:00",0,1,1,0,0,0,0,0,0,0,25,0,0,0,"01",1434,0,0,"Z001",0
"0101261","241910","01/01/26 00:00:00",0,34,1,0,0,0,0,1,0,0,17.03,0,0,0,"01",1410,0,0,"Z001",0
"0101261","993","01/01/26 00:00:00",0,50,1,0,0,0,0,1,0,0,0,0,0,0,"01",1556,0,0,"Z001",0
"0101261","6479","01/01/26 00:00:00",0,13,1,0,0,0,0,1,0,0,0,0,0,0,"01",1503,0,0,"Z001",0
"0101261","6619","01/01/26 00:00:00",0,22,1,0,0,0,0,1,0,0,0,0,0,0,"01",1528,0,0,"Z001",0
"0101261","1010","01/01/26 00:00:00",0,2,1,0,0,0,0,1,0,0,0,0,0,0,"01",1353,0,0,"Z001",0
"0101261","6190","01/01/26 00:00:00",0,15,1,0,0,0,0,0,0,0,0,0,0,0,"01",1462,0,0,"Z001",0
"0101261","241910","01/01/26 00:00:00",0,34,1,0,0,0,0,1,0,0,17.03,0,0,0,"01",1410,0,0,"Z001",0
"0101261","252029","01/01/26 00:00:00",0,1,1,0,0,0,0,0,0,0,25,0,0,0,"01",1434,0,0,"Z001",0
"0101261","6190","01/01/26 00:00:00",0,15,1,0,0,0,0,0,0,0,0,0,0,0,"01",1462,0,0,"Z001",0
"0101261","993","01/01/26 00:00:00",0,50,1,0,0,0,0,1,0,0,0,0,0,0,"01",1556,0,0,"Z001",0
"0101261","6479","01/01/26 00:00:00",0,13,1,0,0,0,0,1,0,0,0,0,0,0,"01",1503,0,0,"Z001",0
"0101261","6619","01/01/26 00:00:00",0,22,1,0,0,0,0,1,0,0,0,0,0,0,"01",1528,0,0,"Z001",0
"0101261","1010","01/01/26 00:00:00",0,2,1,0,0,0,0,1,0,0,0,0,0,0,"01",1353,0,0,"Z001",0
"0101261","252029","01/01/26 00:00:00",0,1,1,0,0,0,0,0,0,0,25,0,0,0,"01",1434,0,0,"Z001",0
"0101261","6190","01/01/26 00:00:00",0,15,1,0,0,0,0,0,0,0,0,0,0,0,"01",1462,0,0,"Z001",0
"0101261","252029","01/01/26 00:00:00",0,1,1,0,0,0,0,0,0,0,25,0,0,0,"01",1434,0,0,"Z001",0
"0101261","241910","01/01/26 00:00:00",0,34,1,0,0,0,0,1,0,0,17.03,0,0,0,"01",1410,0,0,"Z001",0
"0101261","993","01/01/26 00:00:00",0,50,1,0,0,0,0,1,0,0,0,0,0,0,"01",1556,0,0,"Z001",0
"0101261","6479","01/01/26 00:00:00",0,13,1,0,0,0,0,1,0,0,0,0,0,0,"01",1503,0,0,"Z001",0
"0101261","6619","01/01/26 00:00:00",0,22,1,0,0,0,0,1,0,0,0,0,0,0,"01",1528,0,0,"Z001",0
"0101261","1010","01/01/26 00:00:00",0,2,1,0,0,0,0,1,0,0,0,0,0,0,"01",1353,0,0,"Z001",0
"0101261","6190","01/01/26 00:00:00",0,15,1,0,0,0,0,0,0,0,0,0,0,0,"01",1462,0,0,"Z001",0
"0101261","252029","01/01/26 00:00:00",0,1,1,0,0,0,0,0,0,0,25,0,0,0,"01",1434,0,0,"Z001",0
"0101261","6190","01/01/26 00:00:00",0,15,1,0,0,0,0,0,0,0,0,0,0,0,"01",1462,0,0,"Z001",0
"0101261","252029","01/01/26 00:00:00",0,1,1,0,0,0,0,0,0,0,25,0,0,0,"01",1434,0,0,"Z001",0
"0101261","241910","01/01/26 00:00:00",0,34,1,0,0,0,0,1,0,0,17.03,0,0,0,"01",1410,0,0,"Z001",0
"0101261","993","01/01/26 00:00:00",0,50,1,0,0,0,0,1,0,0,0,0,0,0,"01",1556,0,0,"Z001",0
"0101261","6479","01/01/26 00:00:00",0,13,1,0,0,0,0,1,0,0,0,0,0,0,"01",1503,0,0,"Z001",0
"0101261","6619","01/01/26 00:00:00",0,22,1,0,0,0,0,1,0,0,0,0,0,0,"01",1528,0,0,"Z001",0
"0101261","1010","01/01/26 00:00:00",0,2,1,0,0,0,0,1,0,0,0,0,0,0,"01",1353,0,0,"Z001",0
"0101261","241910","01/01/26 00:00:00",0,34,1,0,0,0,0,1,0,0,17.03,0,0,0,"01",1410,0,0,"Z001",0
"0101261","993","01/01/26 00:00:00",0,50,1,0,0,0,0,1,0,0,0,0,0,0,"01",1556,0,0,"Z001",0
"0101261","6479","01/01/26 00:00:00",0,13,1,0,0,0,0,1,0,0,0,0,0,0,"01",1503,0,0,"Z001",0
"0101261","6619","01/01/26 00:00:00",0,22,1,0,0,0,0,1,0,0,0,0,0,0,"01",1528,0,0,"Z001",0
"0101261","1010","01/01/26 00:00:00",0,2,1,0,0,0,0,1,0,0,0,0,0,0,"01",1353,0,0,"Z001",0
"0101261","6190","01/01/26 00:00:00",0,15,1,0,0,0,0,0,0,0,0,0,0,0,"01",1462,0,0,"Z001",0
"0101261","252029","01/01/26 00:00:00",0,1,1,0,0,0,0,0,0,0,25,0,0,0,"01",1434,0,0,"Z001",0
"0101261","241910","01/01/26 00:00:00",0,34,1,0,0,0,0,1,0,0,17.03,0,0,0,"01",1410,0,0,"Z001",0
"0101261","993","01/01/26 00:00:00",0,50,1,0,0,0,0,1,0,0,0,0,0,0,"01",1556,0,0,"Z001",0
"0101261","6190","01/01/26 00:00:00",0,15,1,0,0,0,0,0,0,0,0,0,0,0,"01",1462,0,0,"Z001",0
"0101261","252029","01/01/26 00:00:00",0,1,1,0,0,0,0,0,0,0,25,0,0,0,"01",1434,0,0,"Z001",0
"0101261","6190","01/01/26 00:00:00",0,15,1,0,0,0,0,0,0,0,0,0,0,0,"01",1462,0,0,"Z001",0
"0101261","6479","01/01/26 00:00:00",0,13,1,0,0,0,0,1,0,0,0,0,0,0,"01",1503,0,0,"Z001",0
"0101261","6619","01/01/26 00:00:00",0,22,1,0,0,0,0,1,0,0,0,0,0,0,"01",1528,0,0,"Z001",0
"0101261","1010","01/01/26 00:00:00",0,2,1,0,0,0,0,1,0,0,0,0,0,0,"01",1353,0,0,"Z001",0
"0101261","241910","01/01/26 00:00:00",0,34,1,0,0,0,0,1,0,0,17.03,0,0,0,"01",1410,0,0,"Z001",0
"0101261","993","01/01/26 00:00:00",0,50,1,0,0,0,0,1,0,0,0,0,0,0,"01",1556,0,0,"Z001",0
"0101261","6479","01/01/26 00:00:00",0,13,1,0,0,0,0,1,0,0,0,0,0,0,"01",1503,0,0,"Z001",0
"0101261","6619","01/01/26 00:00:00",0,22,1,0,0,0,0,1,0,0,0,0,0,0,"01",1528,0,0,"Z001",0
"0101261","1010","01/01/26 00:00:00",0,2,1,0,0,0,0,1,0,0,0,0,0,0,"01",1353,0,0,"Z001",0
"0101261","252029","01/01/26 00:00:00",0,1,1,0,0,0,0,0,0,0,25,0,0,0,"01",1434,0,0,"Z001",0
"0101261","6190","01/01/26 00:00:00",0,15,1,0,0,0,0,0,0,0,0,0,0,0,"01",1462,0,0,"Z001",0
"0101261","241910","01/01/26 00:00:00",0,34,1,0,0,0,0,1,0,0,17.03,0,0,0,"01",1410,0,0,"Z001",0
"0101261","993","01/01/26 00:00:00",0,50,1,0,0,0,0,1,0,0,0,0,0,0,"01",1556,0,0,"Z001",0
"0101261","6479","01/01/26 00:00:00",0,13,1,0,0,0,0,1,0,0,0,0,0,0,"01",1503,0,0,"Z001",0
"0101261","6619","01/01/26 00:00:00",0,22,1,0,0,0,0,1,0,0,0,0,0,0,"01",1528,0,0,"Z001",0
"0101261","252029","01/01/26 00:00:00",0,1,1,0,0,0,0,0,0,0,25,0,0,0,"01",1434,0,0,"Z001",0
"0101261","6190","01/01/26 00:00:00",0,15,1,0,0,0,0,0,0,0,0,0,0,0,"01",1462,0,0,"Z001",0
"0101261","241910","01/01/26 00:00:00",0,34,1,0,0,0,0,1,0,0,17.03,0,0,0,"01",1410,0,0,"Z001",0
"0101261","993","01/01/26 00:00:00",0,50,1,0,0,0,0,1,0,0,0,0,0,0,"01",1556,0,0,"Z001",0
"0101261","6479","01/01/26 00:00:00",0,13,1,0,0,0,0,1,0,0,0,0,0,0,"01",1503,0,0,"Z001",0
"0101261","6619","01/01/26 00:00:00",0,22,1,0,0,0,0,1,0,0,0,0,0,0,"01",1528,0,0,"Z001",0
"0101261","1010","01/01/26 00:00:00",0,2,1,0,0,0,0,1,0,0,0,0,0,0,"01",1353,0,0,"Z001",0
"0101261","252029","01/01/26 00:00:00",0,1,1,0,0,0,0,0,0,0,25,0,0,0,"01",1434,0,0,"Z001",0
"0101261","6190","01/01/26 00:00:00",0,15,1,0,0,0,0,0,0,0,0,0,0,0,"01",1462,0,0,"Z001",0
"0101261","252029","01/01/26 00:00:00",0,1,1,0,0,0,0,0,0,0,25,0,0,0,"01",1434,0,0,"Z001",0
"0101261","241910","01/01/26 00:00:00",0,34,1,0,0,0,0,1,0,0,17.03,0,0,0,"01",1410,0,0,"Z001",0
"0101261","993","01/01/26 00:00:00",0,50,1,0,0,0,0,1,0,0,0,0,0,0,"01",1556,0,0,"Z001",0
"0101261","6479","01/01/26 00:00:00",0,13,1,0,0,0,0,1,0,0,0,0,0,0,"01",1503,0,0,"Z001",0
"0101261","6619","01/01/26 00:00:00",0,22,1,0,0,0,0,1,0,0,0,0,0,0,"01",1528,0,0,"Z001",0
"0101261","1010","01/01/26 00:00:00",0,2,1,0,0,0,0,1,0,0,0,0,0,0,"01",1353,0,0,"Z001",0
"0101261","241910","01/01/26 00:00:00",0,34,1,0,0,0,0,1,0,0,17.03,0,0,0,"01",1410,0,0,"Z001",0
"0101261","993","01/01/26 00:00:00",0,50,1,0,0,0,0,1,0,0,0,0,0,0,"01",1556,0,0,"Z001",0
"0101261","6479","01/01/26 00:00:00",0,13,1,0,0,0,0,1,0,0,0,0,0,0,"01",1503,0,0,"Z001",0
"0101261","6619","01/01/26 00:00:00",0,22,1,0,0,0,0,1,0,0,0,0,0,0,"01",1528,0,0,"Z001",0
"0101261","1010","01/01/26 00:00:00",0,2,1,0,0,0,0,1,0,0,0,0,0,0,"01",1353,0,0,"Z001",0
"0101261","6190","01/01/26 00:00:00",0,15,1,0,0,0,0,0,0,0,0,0,0,0,"01",1462,0,0,"Z001",0
"0101261","252029","01/01/26 00:00:00",0,1,1,0,0,0,0,0,0,0,25,0,0,0,"01",1434,0,0,"Z001",0
"0101261","6190","01/01/26 00:00:00",0,15,1,0,0,0,0,0,0,0,0,0,0,0,"01",1462,0,0,"Z001",0
"0101261","241910","01/01/26 00:00:00",0,34,1,0,0,0,0,1,0,0,17.03,0,0,0,"01",1410,0,0,"Z001",0
"0101261","993","01/01/26 00:00:00",0,50,1,0,0,0,0,1,0,0,0,0,0,0,"01",1556,0,0,"Z001",0
"0101261","6479","01/01/26 00:00:00",0,13,1,0,0,0,0,1,0,0,0,0,0,0,"01",1503,0,0,"Z001",0
"0101261","6619","01/01/26 00:00:00",0,22,1,0,0,0,0,1,0,0,0,0,0,0,"01",1528,0,0,"Z001",0
"0101261","1010","01/01/26 00:00:00",0,2,1,0,0,0,0,1,0,0,0,0,0,0,"01",1353,0,0,"Z001",0
"0101261","1010","01/01/26 00:00:00",0,2,1,0,0,0,0,1,0,0,0,0,0,0,"01",1353,0,0,"Z001",0
"0101261","241910","01/01/26 00:00:00",0,34,1,0,0,0,0,1,0,0,17.03,0,0,0,"01",1410,0,0,"Z001",0
"0101261","993","01/01/26 00:00:00",0,50,1,0,0,0,0,1,0,0,0,0,0,0,"01",1556,0,0,"Z001",0
"0101261","252029","01/01/26 00:00:00",0,1,1,0,0,0,0,0,0,0,25,0,0,0,"01",1434,0,0,"Z001",0
"0101261","6190","01/01/26 00:00:00",0,15,1,0,0,0,0,0,0,0,0,0,0,0,"01",1462,0,0,"Z001",0
"0101261","252029","01/01/26 00:00:00",0,1,1,0,0,0,0,0,0,0,25,0,0,0,"01",1434,0,0,"Z001",0
"0101261","6479","01/01/26 00:00:00",0,13,1,0,0,0,0,1,0,0,0,0,0,0,"01",1503,0,0,"Z001",0
"0101261","6619","01/01/26 00:00:00",0,22,1,0,0,0,0,1,0,0,0,0,0,0,"01",1528,0,0,"Z001",0
"0101261","1010","01/01/26 00:00:00",0,2,1,0,0,0,0,1,0,0,0,0,0,0,"01",1353,0,0,"Z001",0
"0101261","241910","01/01/26 00:00:00",0,34,1,0,0,0,0,1,0,0,17.03,0,0,0,"01",1410,0,0,"Z001",0
"0101261","993","01/01/26 00:00:00",0,50,1,0,0,0,0,1,0,0,0,0,0,0,"01",1556,0,0,"Z001",0
"0101261","6479","01/01/26 00:00:00",0,13,1,0,0,0,0,1,0,0,0,0,0,0,"01",1503,0,0,"Z001",0
"0101261","6619","01/01/26 00:00:00",0,22,1,0,0,0,0,1,0,0,0,0,0,0,"01",1528,0,0,"Z001",0
"0101261","1010","01/01/26 00:00:00",0,2,1,0,0,0,0,1,0,0,0,0,0,0,"01",1353,0,0,"Z001",0
"0101261","6190","01/01/26 00:00:00",0,15,1,0,0,0,0,0,0,0,0,0,0,0,"01",1462,0,0,"Z001",0
"0101261","252029","01/01/26 00:00:00",0,1,1,0,0,0,0,0,0,0,25,0,0,0,"01",1434,0,0,"Z001",0
"0101261","241910","01/01/26 00:00:00",0,34,1,0,0,0,0,1,0,0,17.03,0,0,0,"01",1410,0,0,"Z001",0
"0101261","993","01/01/26 00:00:00",0,50,1,0,0,0,0,1,0,0,0,0,0,0,"01",1556,0,0,"Z001",0
"0101261","6479","01/01/26 00:00:00",0,13,1,0,0,0,0,1,0,0,0,0,0,0,"01",1503,0,0,"Z001",0
"0101261","6619","01/01/26 00:00:00",0,22,1,0,0,0,0,1,0,0,0,0,0,0,"01",1528,0,0,"Z001",0
"0101261","1010","01/01/26 00:00:00",0,2,1,0,0,0,0,1,0,0,0,0,0,0,"01",1353,0,0,"Z001",0
"0101261","6190","01/01/26 00:00:00",0,15,1,0,0,0,0,0,0,0,0,0,0,0,"01",1462,0,0,"Z001",0
"0101261","241910","01/01/26 00:00:00",0,34,1,0,0,0,0,1,0,0,17.03,0,0,0,"01",1410,0,0,"Z001",0
"0101261","993","01/01/26 00:00:00",0,50,1,0,0,0,0,1,0,0,0,0,0,0,"01",1556,0,0,"Z001",0
"0101261","6479","01/01/26 00:00:00",0,13,1,0,0,0,0,1,0,0,0,0,0,0,"01",1503,0,0,"Z001",0
"0101261","6619","01/01/26 00:00:00",0,22,1,0,0,0,0,1,0,0,0,0,0,0,"01",1528,0,0,"Z001",0
"0101261","1010","01/01/26 00:00:00",0,2,1,0,0,0,0,1,0,0,0,0,0,0,"01",1353,0,0,"Z001",0
"0101261","252029","01/01/26 00:00:00",0,1,1,0,0,0,0,0,0,0,25,0,0,0,"01",1434,0,0,"Z001",0
"0101261","6190","01/01/26 00:00:00",0,15,1,0,0,0,0,0,0,0,0,0,0,0,"01",1462,0,0,"Z001",0
"0101261","241910","01/01/26 00:00:00",0,34,1,0,0,0,0,1,0,0,17.03,0,0,0,"01",1410,0,0,"Z001",0
"0101261","993","01/01/26 00:00:00",0,50,1,0,0,0,0,1,0,0,0,0,0,0,"01",1556,0,0,"Z001",0
"0101261","6479","01/01/26 00:00:00",0,13,1,0,0,0,0,1,0,0,0,0,0,0,"01",1503,0,0,"Z001",0
"0101261","6619","01/01/26 00:00:00",0,22,1,0,0,0,0,1,0,0,0,0,0,0,"01",1528,0,0,"Z001",0
"0101261","1010","01/01/26 00:00:00",0,2,1,0,0,0,0,1,0,0,0,0,0,0,"01",1353,0,0,"Z001",0
"0101261","252029","01/01/26 00:00:00",0,1,1,0,0,0,0,0,0,0,25,0,0,0,"01",1434,0,0,"Z001",0
"0101261","6190","01/01/26 00:00:00",0,15,1,0,0,0,0,0,0,0,0,0,0,0,"01",1462,0,0,"Z001",0
"0101261","241910","01/01/26 00:00:00",0,34,1,0,0,0,0,1,0,0,17.03,0,0,0,"01",1410,0,0,"Z001",0
"0101261","993","01/01/26 00:00:00",0,50,1,0,0,0,0,1,0,0,0,0,0,0,"01",1556,0,0,"Z001",0
"0101261","6479","01/01/26 00:00:00",0,13,1,0,0,0,0,1,0,0,0,0,0,0,"01",1503,0,0,"Z001",0
"0101261","6619","01/01/26 00:00:00",0,22,1,0,0,0,0,1,0,0,0,0,0,0,"01",1528,0,0,"Z001",0
"0101261","1010","01/01/26 00:00:00",0,2,1,0,0,0,0,1,0,0,0,0,0,0,"01",1353,0,0,"Z001",0
"0101261","252029","01/01/26 00:00:00",0,1,1,0,0,0,0,0,0,0,25,0,0,0,"01",1434,0,0,"Z001",0
"0101261","241910","01/01/26 00:00:00",0,34,1,0,0,0,0,1,0,0,17.03,0,0,0,"01",1410,0,0,"Z001",0
"0101261","993","01/01/26 00:00:00",0,50,1,0,0,0,0,1,0,0,0,0,0,0,"01",1556,0,0,"Z001",0
"0101261","6479","01/01/26 00:00:00",0,13,1,0,0,0,0,1,0,0,0,0,0,0,"01",1503,0,0,"Z001",0
"0101261","6190","01/01/26 00:00:00",0,15,1,0,0,0,0,0,0,0,0,0,0,0,"01",1462,0,0,"Z001",0
"0101261","252029","01/01/26 00:00:00",0,1,1,0,0,0,0,0,0,0,25,0,0,0,"01",1434,0,0,"Z001",0
"0101261","6190","01/01/26 00:00:00",0,15,1,0,0,0,0,0,0,0,0,0,0,0,"01",1462,0,0,"Z001",0
"0101261","252029","01/01/26 00:00:00",0,1,1,0,0,0,0,0,0,0,25,0,0,0,"01",1434,0,0,"Z001",0
"0101261","6619","01/01/26 00:00:00",0,22,1,0,0,0,0,1,0,0,0,0,0,0,"01",1528,0,0,"Z001",0
"0101261","1010","01/01/26 00:00:00",0,2,1,0,0,0,0,1,0,0,0,0,0,0,"01",1353,0,0,"Z001",0
"0101261","6190","01/01/26 00:00:00",0,15,1,0,0,0,0,0,0,0,0,0,0,0,"01",1462,0,0,"Z001",0
"0101261","252029","01/01/26 00:00:00",0,1,1,0,0,0,0,0,0,0,25,0,0,0,"01",1434,0,0,"Z001",0
"0101261","993","01/01/26 00:00:00",0,50,1,0,0,0,0,1,0,0,0,0,0,0,"01",1556,0,0,"Z001",0
"0101261","6479","01/01/26 00:00:00",0,13,1,0,0,0,0,1,0,0,0,0,0,0,"01",1503,0,0,"Z001",0
"0101261","6619","01/01/26 00:00:00",0,22,1,0,0,0,0,1,0,0,0,0,0,0,"01",1528,0,0,"Z001",0
"0101261","1010","01/01/26 00:00:00",0,2,1,0,0,0,0,1,0,0,0,0,0,0,"01",1353,0,0,"Z001",0
"0101261","6190","01/01/26 00:00:00",0,15,1,0,0,0,0,0,0,0,0,0,0,0,"01",1462,0,0,"Z001",0
"0101261","241910","01/01/26 00:00:00",0,34,1,0,0,0,0,1,0,0,17.03,0,0,0,"01",1410,0,0,"Z001",0
"0101261","993","01/01/26 00:00:00",0,50,1,0,0,0,0,1,0,0,0,0,0,0,"01",1556,0,0,"Z001",0
"0101261","6479","01/01/26 00:00:00",0,13,1,0,0,0,0,1,0,0,0,0,0,0,"01",1503,0,0,"Z001",0
"0101261","6619","01/01/26 00:00:00",0,22,1,0,0,0,0,1,0,0,0,0,0,0,"01",1528,0,0,"Z001",0
"0101261","1010","01/01/26 00:00:00",0,2,1,0,0,0,0,1,0,0,0,0,0,0,"01",1353,0,0,"Z001",0
"0101261","252029","01/01/26 00:00:00",0,1,1,0,0,0,0,0,0,0,25,0,0,0,"01",1434,0,0,"Z001",0
"0101261","6190","01/01/26 00:00:00",0,15,1,0,0,0,0,0,0,0,0,0,0,0,"01",1462,0,0,"Z001",0
"0101261","252029","01/01/26 00:00:00",0,1,1,0,0,0,0,0,0,0,25,0,0,0,"01",1434,0,0,"Z001",0
"0101261","6479","01/01/26 00:00:00",0,13,1,0,0,0,0,1,0,0,0,0,0,0,"01",1503,0,0,"Z001",0
"0101261","6619","01/01/26 00:00:00",0,22,1,0,0,0,0,1,0,0,0,0,0,0,"01",1528,0,0,"Z001",0
"0101261","1010","01/01/26 00:00:00",0,2,1,0,0,0,0,1,0,0,0,0,0,0,"01",1353,0,0,"Z001",0
"0101261","6190","01/01/26 00:00:00",0,15,1,0,0,0,0,0,0,0,0,0,0,0,"01",1462,0,0,"Z001",0
"0101261","252029","01/01/26 00:00:00",0,1,1,0,0,0,0,0,0,0,25,0,0,0,"01",1434,0,0,"Z001",0
"0101261","6190","01/01/26 00:00:00",0,15,1,0,0,0,0,0,0,0,0,0,0,0,"01",1462,0,0,"Z001",0
"0101261","241910","01/01/26 00:00:00",0,34,1,0,0,0,0,1,0,0,17.03,0,0,0,"01",1410,0,0,"Z001",0
"0101261","993","01/01/26 00:00:00",0,50,1,0,0,0,0,1,0,0,0,0,0,0,"01",1556,0,0,"Z001",0
"0101261","6479","01/01/26 00:00:00",0,13,1,0,0,0,0,1,0,0,0,0,0,0,"01",1503,0,0,"Z001",0
"0101261","241910","01/01/26 00:00:00",0,34,1,0,0,0,0,1,0,0,17.03,0,0,0,"01",1410,0,0,"Z001",0
"0101261","993","01/01/26 00:00:00",0,50,1,0,0,0,0,1,0,0,0,0,0,0,"01",1556,0,0,"Z001",0
"0101261","6479","01/01/26 00:00:00",0,13,1,0,0,0,0,1,0,0,0,0,0,0,"01",1503,0,0,"Z001",0
"0101261","6619","01/01/26 00:00:00",0,22,1,0,0,0,0,1,0,0,0,0,0,0,"01",1528,0,0,"Z001",0
"0101261","1010","01/01/26 00:00:00",0,2,1,0,0,0,0,1,0,0,0,0,0,0,"01",1353,0,0,"Z001",0
"0101261","241910","01/01/26 00:00:00",0,34,1,0,0,0,0,1,0,0,17.03,0,0,0,"01",1410,0,0,"Z001",0
"0101261","241910","01/01/26 00:00:00",0,34,1,0,0,0,0,1,0,0,17.03,0,0,0,"01",1410,0,0,"Z001",0
"0101261","993","01/01/26 00:00:00",0,50,1,0,0,0,0,1,0,0,0,0,0,0,"01",1556,0,0,"Z001",0
"0101261","6479","01/01/26 00:00:00",0,13,1,0,0,0,0,1,0,0,0,0,0,0,"01",1503,0,0,"Z001",0
"0101261","6619","01/01/26 00:00:00",0,22,1,0,0,0,0,1,0,0,0,0,0,0,"01",1528,0,0,"Z001",0
"0101261","1010","01/01/26 00:00:00",0,2,1,0,0,0,0,1,0,0,0,0,0,0,"01",1353,0,0,"Z001",0
"0101261","241910","01/01/26 00:00:00",0,34,1,0,0,0,0,1,0,0,17.03,0,0,0,"01",1410,0,0,"Z001",0
"0101261","993","01/01/26 00:00:00",0,50,1,0,0,0,0,1,0,0,0,0,0,0,"01",1556,0,0,"Z001",0
"0101261","6479","01/01/26 00:00:00",0,13,1,0,0,0,0,1,0,0,0,0,0,0,"01",1503,0,0,"Z001",0
"0101261","6619","01/01/26 00:00:00",0,22,1,0,0,0,0,1,0,0,0,0,0,0,"01",1528,0,0,"Z001",0
"0101261","1010","01/01/26 00:00:00",0,2,1,0,0,0,0,1,0,0,0,0,0,0,"01",1353,0,0,"Z001",0
"0101261","252029","01/01/26 00:00:00",0,1,1,0,0,0,0,0,0,0,25,0,0,0,"01",1434,0,0,"Z001",0
"0101261","6190","01/01/26 00:00:00",0,15,1,0,0,0,0,0,0,0,0,0,0,0,"01",1462,0,0,"Z001",0
"0101261","252029","01/01/26 00:00:00",0,1,1,0,0,0,0,0,0,0,25,0,0,0,"01",1434,0,0,"Z001",0
"0101261","6190","01/01/26 00:00:00",0,15,1,0,0,0,0,0,0,0,0,0,0,0,"01",1462,0,0,"Z001",0
"0101261","241910","01/01/26 00:00:00",0,34,1,0,0,0,0,1,0,0,17.03,0,0,0,"01",1410,0,0,"Z001",0
"0101261","993","01/01/26 00:00:00",0,50,1,0,0,0,0,1,0,0,0,0,0,0,"01",1556,0,0,"Z001",0
"0101261","241910","01/01/26 00:00:00",0,34,1,0,0,0,0,1,0,0,17.03,0,0,0,"01",1410,0,0,"Z001",0
"0101261","993","01/01/26 00:00:00",0,50,1,0,0,0,0,1,0,0,0,0,0,0,"01",1556,0,0,"Z001",0
"0101261","6479","01/01/26 00:00:00",0,13,1,0,0,0,0,1,0,0,0,0,0,0,"01",1503,0,0,"Z001",0
"0101261","6619","01/01/26 00:00:00",0,22,1,0,0,0,0,1,0,0,0,0,0,0,"01",1528,0,0,"Z001",0
"0101261","1010","01/01/26 00:00:00",0,2,1,0,0,0,0,1,0,0,0,0,0,0,"01",1353,0,0,"Z001",0
"0101261","252029","01/01/26 00:00:00",0,1,1,0,0,0,0,0,0,0,25,0,0,0,"01",1434,0,0,"Z001",0
"0101261","241910","01/01/26 00:00:00",0,34,1,0,0,0,0,1,0,0,17.03,0,0,0,"01",1410,0,0,"Z001",0
"0101261","993","01/01/26 00:00:00",0,50,1,0,0,0,0,1,0,0,0,0,0,0,"01",1556,0,0,"Z001",0
"0101261","6479","01/01/26 00:00:00",0,13,1,0,0,0,0,1,0,0,0,0,0,0,"01",1503,0,0,"Z001",0
"0101261","6619","01/01/26 00:00:00",0,22,1,0,0,0,0,1,0,0,0,0,0,0,"01",1528,0,0,"Z001",0
"0101261","1010","01/01/26 00:00:00",0,2,1,0,0,0,0,1,0,0,0,0,0,0,"01",1353,0,0,"Z001",0
"0101261","6190","01/01/26 00:00:00",0,15,1,0,0,0,0,0,0,0,0,0,0,0,"01",1462,0,0,"Z001",0
"0101261","252029","01/01/26 00:00:00",0,1,1,0,0,0,0,0,0,0,25,0,0,0,"01",1434,0,0,"Z001",0
"0101261","252029","01/01/26 00:00:00",0,1,1,0,0,0,0,0,0,0,25,0,0,0,"01",1434,0,0,"Z001",0
"0101261","6619","01/01/26 00:00:00",0,22,1,0,0,0,0,1,0,0,0,0,0,0,"01",1528,0,0,"Z001",0
"0101261","1010","01/01/26 00:00:00",0,2,1,0,0,0,0,1,0,0,0,0,0,0,"01",1353,0,0,"Z001",0
"0101261","6190","01/01/26 00:00:00",0,15,1,0,0,0,0,0,0,0,0,0,0,0,"01",1462,0,0,"Z001",0
"0101261","6190","01/01/26 00:00:00",0,15,1,0,0,0,0,0,0,0,0,0,0,0,"01",1462,0,0,"Z001",0
"0101261","252029","01/01/26 00:00:00",0,1,1,0,0,0,0,0,0,0,25,0,0,0,"01",1434,0,0,"Z001",0
"0101261","6190","01/01/26 00:00:00",0,15,1,0,0,0,0,0,0,0,0,0,0,0,"01",1462,0,0,"Z001",0
"14326","1341","03/07/26 00:00:00",0,12,0,0,1,0,0,0,40,0,25,0,0,40,"01",,1,180,"Z001",0
"14326","1400","03/07/26 00:00:00",0,16,0,0,1,0,0,0,5,0,0.53,0,0,5,"01",,1,71.52,"Z001",0
"14326","6030","03/07/26 00:00:00",0,4,0,0,1,0,0,0,100,0,80,0,0,100,"01",,1,80,"Z001",0
"14326","6476","03/07/26 00:00:00",0,4,0,0,1,0,0,0,11150,0,10053.78529411765,0,0,11150,"01",,1,4384.858823529401,"Z001",0
"14326","944","03/07/26 00:00:00",0,18,0,0,1,0,0,0,300,0,220,0,0,300,"01",,1,1440,"Z001",0
"15926","6319","03/07/26 00:00:00",20,0,1,0,0,0,0,0,90,20,90,0,0,0,"01",1783,1,0,"Z001",0
"16026","262088","03/09/26 00:00:00",60,0,1,0,0,0,0,0,370,60,391.4285714285714,0,0,0,"01",1784,1,0,"Z001",0
"14626","6063","03/04/26 00:00:00",0,1,0,0,1,0,0,0,50,0,41,0,0,50,"01",,1,9,"Z001",0
"14626","6025","03/04/26 00:00:00",0,1,0,0,1,0,0,0,100,0,61.75,0,0,100,"01",,1,38.25,"Z001",0
"14626","5930","03/04/26 00:00:00",0,2,0,0,1,0,0,0,850,0,0,0,0,850,"01",,1,,"Z001",0
"14226","1032","03/07/26 00:00:00",0,5,0,0,1,0,0,0,500,0,388.8888888888889,0,0,500,"01",,1,555.5555555555554,"Z001",0
"15626","6481","03/03/26 00:00:00",2,0,1,0,0,0,0,0,13920,2,13718.81,0,0,0,"01",1773,1,0,"Z001",0
"15626","6471","03/03/26 00:00:00",7,0,1,0,0,0,0,0,2950,7,2546.990495642585,0,0,0,"01",1774,1,0,"Z001",0
"15626","6474","03/03/26 00:00:00",9,0,1,0,0,0,0,0,4900,9,4291.695435028249,0,0,0,"01",1775,1,0,"Z001",0
"15526","1588","03/07/26 00:00:00",1,0,1,0,0,0,0,0,14500,1,14500,0,0,0,"01",1764,1,0,"Z001",0
"15526","936","03/07/26 00:00:00",1,0,1,0,0,0,0,0,5400,1,5400,0,0,0,"01",1765,1,0,"Z001",0
"15526","937","03/07/26 00:00:00",2,0,1,0,0,0,0,0,2600,2,2600,0,0,0,"01",1766,1,0,"Z001",0
"15526","934","03/07/26 00:00:00",2,0,1,0,0,0,0,0,1800,2,1800,0,0,0,"01",1767,1,0,"Z001",0
"15526","669","03/07/26 00:00:00",1,0,1,0,0,0,0,0,1350,1,1350,0,0,0,"01",1768,1,0,"Z001",0
"15526","932","03/07/26 00:00:00",2,0,1,0,0,0,0,0,2200,2,2200,0,0,0,"01",1769,1,0,"Z001",0
"15526","241919","03/07/26 00:00:00",2,0,1,0,0,0,0,0,1500,2,1500,0,0,0,"01",1770,1,0,"Z001",0
"15526","6572","03/07/26 00:00:00",2,0,1,0,0,0,0,0,1800,2,1800,0,0,0,"01",1771,1,0,"Z001",0
"14426","999","03/07/26 00:00:00",0,1,0,0,1,0,0,0,8500,0,5700,0,0,8500,"01",,1,2800,"Z001",0
"14426","1581","03/07/26 00:00:00",0,1,0,0,1,0,0,0,4500,0,0,0,0,4500,"01",,1,4500,"Z001",0
"14426","6338","03/07/26 00:00:00",0,1,0,0,1,0,0,0,150,0,100,0,0,150,"01",,1,50,"Z001",0
"14426","6478","03/07/26 00:00:00",0,30,0,0,1,0,0,1,130,0,0,0,0,130,"01",,1,3900,"Z001",0
"15726","262086","03/03/26 00:00:00",5,0,1,0,0,0,0,0,128,5,128,0,0,0,"01",1776,1,0,"Z001",0
"15726","262087","03/03/26 00:00:00",5,0,1,0,0,0,0,0,207.01,5,207.01,0,0,0,"01",1777,1,0,"Z001",0
"15726","201724","03/03/26 00:00:00",5,0,1,0,0,0,0,0,310,5,310,0,0,0,"01",1778,1,0,"Z001",0
"15726","221868","03/03/26 00:00:00",5,0,1,0,0,0,0,0,405.01,5,405.01,0,0,0,"01",1779,1,0,"Z001",0
"15726","221869","03/03/26 00:00:00",5,0,1,0,0,0,0,0,445,5,445,0,0,0,"01",1780,1,0,"Z001",0
"15726","6451","03/03/26 00:00:00",5,0,1,0,0,0,0,0,675,5,571.875,0,0,0,"01",1781,1,0,"Z001",0
"21726","252020","03/23/26 00:00:00",0,500,0,0,1,0,0,0,178.6399993896484,0,183.6852380952381,0,0,178.6399993896484,"01",,1,-2522.619352794834,"Z001",0
"21826","262076","01/18/26 00:00:00",0,200,0,0,1,0,0,0,600,0,422.24,0,0,600,"01",,1,35552,"Z001",0
"0101261","241910","01/01/26 00:00:00",0,34,1,0,0,0,0,1,0,0,17.03,0,0,0,"01",1410,0,0,"Z001",0
"0101261","993","01/01/26 00:00:00",0,50,1,0,0,0,0,1,0,0,0,0,0,0,"01",1556,0,0,"Z001",0
"0101261","6479","01/01/26 00:00:00",0,13,1,0,0,0,0,1,0,0,0,0,0,0,"01",1503,0,0,"Z001",0
"0101261","6619","01/01/26 00:00:00",0,22,1,0,0,0,0,1,0,0,0,0,0,0,"01",1528,0,0,"Z001",0
"0101261","1010","01/01/26 00:00:00",0,2,1,0,0,0,0,1,0,0,0,0,0,0,"01",1353,0,0,"Z001",0
"0101261","252029","01/01/26 00:00:00",0,1,1,0,0,0,0,0,0,0,25,0,0,0,"01",1434,0,0,"Z001",0
"0101261","6190","01/01/26 00:00:00",0,15,1,0,0,0,0,0,0,0,0,0,0,0,"01",1462,0,0,"Z001",0
"0101261","252029","01/01/26 00:00:00",0,1,1,0,0,0,0,0,0,0,25,0,0,0,"01",1434,0,0,"Z001",0
"0101261","6190","01/01/26 00:00:00",0,15,1,0,0,0,0,0,0,0,0,0,0,0,"01",1462,0,0,"Z001",0
"0101261","252029","01/01/26 00:00:00",0,1,1,0,0,0,0,0,0,0,25,0,0,0,"01",1434,0,0,"Z001",0
"0101261","241910","01/01/26 00:00:00",0,34,1,0,0,0,0,1,0,0,17.03,0,0,0,"01",1410,0,0,"Z001",0
"0101261","993","01/01/26 00:00:00",0,50,1,0,0,0,0,1,0,0,0,0,0,0,"01",1556,0,0,"Z001",0
"0101261","6479","01/01/26 00:00:00",0,13,1,0,0,0,0,1,0,0,0,0,0,0,"01",1503,0,0,"Z001",0
"0101261","6619","01/01/26 00:00:00",0,22,1,0,0,0,0,1,0,0,0,0,0,0,"01",1528,0,0,"Z001",0
"0101261","1010","01/01/26 00:00:00",0,2,1,0,0,0,0,1,0,0,0,0,0,0,"01",1353,0,0,"Z001",0
"0101261","241910","01/01/26 00:00:00",0,34,1,0,0,0,0,1,0,0,17.03,0,0,0,"01",1410,0,0,"Z001",0
"0101261","993","01/01/26 00:00:00",0,50,1,0,0,0,0,1,0,0,0,0,0,0,"01",1556,0,0,"Z001",0
"0101261","6479","01/01/26 00:00:00",0,13,1,0,0,0,0,1,0,0,0,0,0,0,"01",1503,0,0,"Z001",0
"0101261","6619","01/01/26 00:00:00",0,22,1,0,0,0,0,1,0,0,0,0,0,0,"01",1528,0,0,"Z001",0
"0101261","1010","01/01/26 00:00:00",0,2,1,0,0,0,0,1,0,0,0,0,0,0,"01",1353,0,0,"Z001",0
"0101261","6190","01/01/26 00:00:00",0,15,1,0,0,0,0,0,0,0,0,0,0,0,"01",1462,0,0,"Z001",0
"0101261","241910","01/01/26 00:00:00",0,34,1,0,0,0,0,1,0,0,17.03,0,0,0,"01",1410,0,0,"Z001",0
"0101261","993","01/01/26 00:00:00",0,50,1,0,0,0,0,1,0,0,0,0,0,0,"01",1556,0,0,"Z001",0
"0101261","6479","01/01/26 00:00:00",0,13,1,0,0,0,0,1,0,0,0,0,0,0,"01",1503,0,0,"Z001",0
"0101261","6619","01/01/26 00:00:00",0,22,1,0,0,0,0,1,0,0,0,0,0,0,"01",1528,0,0,"Z001",0
"0101261","1010","01/01/26 00:00:00",0,2,1,0,0,0,0,1,0,0,0,0,0,0,"01",1353,0,0,"Z001",0
"0101261","252029","01/01/26 00:00:00",0,1,1,0,0,0,0,0,0,0,25,0,0,0,"01",1434,0,0,"Z001",0
"0101261","6190","01/01/26 00:00:00",0,15,1,0,0,0,0,0,0,0,0,0,0,0,"01",1462,0,0,"Z001",0
"0101261","241910","01/01/26 00:00:00",0,34,1,0,0,0,0,1,0,0,17.03,0,0,0,"01",1410,0,0,"Z001",0
"0101261","993","01/01/26 00:00:00",0,50,1,0,0,0,0,1,0,0,0,0,0,0,"01",1556,0,0,"Z001",0
"0101261","6479","01/01/26 00:00:00",0,13,1,0,0,0,0,1,0,0,0,0,0,0,"01",1503,0,0,"Z001",0
"0101261","6619","01/01/26 00:00:00",0,22,1,0,0,0,0,1,0,0,0,0,0,0,"01",1528,0,0,"Z001",0
"0101261","1010","01/01/26 00:00:00",0,2,1,0,0,0,0,1,0,0,0,0,0,0,"01",1353,0,0,"Z001",0
"0101261","241910","01/01/26 00:00:00",0,34,1,0,0,0,0,1,0,0,17.03,0,0,0,"01",1410,0,0,"Z001",0
"0101261","993","01/01/26 00:00:00",0,50,1,0,0,0,0,1,0,0,0,0,0,0,"01",1556,0,0,"Z001",0
"0101261","6479","01/01/26 00:00:00",0,13,1,0,0,0,0,1,0,0,0,0,0,0,"01",1503,0,0,"Z001",0
"0101261","6619","01/01/26 00:00:00",0,22,1,0,0,0,0,1,0,0,0,0,0,0,"01",1528,0,0,"Z001",0
"0101261","1010","01/01/26 00:00:00",0,2,1,0,0,0,0,1,0,0,0,0,0,0,"01",1353,0,0,"Z001",0
"0101261","252029","01/01/26 00:00:00",0,1,1,0,0,0,0,0,0,0,25,0,0,0,"01",1434,0,0,"Z001",0
"17226","251942","03/27/26 00:00:00",0,1,0,0,1,0,0,0,350,0,224.4761273209549,0,0,350,"01",,1,125.5238726790451,"Z001",0
"17226","6334","03/27/26 00:00:00",0,1,0,0,1,0,0,0,350,0,259.5871559633027,0,0,350,"01",,1,90.41284403669727,"Z001",0
"17226","6098","03/27/26 00:00:00",0,1,0,0,1,0,0,0,50,0,32.84396654074474,0,0,50,"01",,1,17.15603345925526,"Z001",0
"17226","262101","03/27/26 00:00:00",0,1,0,0,1,0,0,0,300,0,180,0,0,300,"01",,1,120,"Z001",0
"17226","252042","03/27/26 00:00:00",0,1,0,0,1,0,0,0,150,0,78,0,0,150,"01",,1,72,"Z001",0
"17226","6479","03/27/26 00:00:00",0,20,0,0,1,0,0,1,145,0,0,0,0,145,"01",,1,2900,"Z001",0
"17326","262069","03/28/26 00:00:00",0,1,0,0,1,0,0,0,36000,0,25198.04,0,0,36000,"01",,1,10801.96,"Z001",0
"17326","5817","03/28/26 00:00:00",0,2,0,0,1,0,0,0,11000,0,7492.124435256655,0,0,11000,"01",,1,7015.751129486689,"Z001",0
"17326","252020","03/28/26 00:00:00",0,40,0,0,1,0,0,0,300,0,183.6852380952381,0,0,300,"01",,1,4652.590476190476,"Z001",0
"17326","973","03/28/26 00:00:00",0,1,0,0,1,0,0,0,1500,0,750,0,0,1500,"01",,1,750,"Z001",0
"17326","1109","03/28/26 00:00:00",0,5,0,0,1,0,0,0,200,0,129.8076923076923,0,0,200,"01",,1,350.9615384615384,"Z001",0
"17326","6192","03/28/26 00:00:00",0,5,0,0,1,0,0,0,10,0,2.533744026946492,0,0,10,"01",,1,37.33127986526754,"Z001",0
"17326","5970","03/28/26 00:00:00",0,1,0,0,1,0,0,0,120,0,87.1124031007752,0,0,120,"01",,1,32.8875968992248,"Z001",0
"17326","262101","03/28/26 00:00:00",0,2,0,0,1,0,0,0,400,0,180,0,0,400,"01",,1,440,"Z001",0
"17326","262119","03/28/26 00:00:00",0,30,0,0,1,0,0,0,200,0,90,0,0,200,"01",,1,3300,"Z001",0
"17326","252043","03/28/26 00:00:00",0,1,0,0,1,0,0,0,150,0,107,0,0,150,"01",,1,43,"Z001",0
"17326","6030","03/28/26 00:00:00",0,1,0,0,1,0,0,0,100,0,80,0,0,100,"01",,1,20,"Z001",0
"17326","6616","03/28/26 00:00:00",0,1,0,0,1,0,0,0,200,0,132.0967741935484,0,0,200,"01",,1,67.90322580645162,"Z001",0
"17326","1032","03/28/26 00:00:00",0,2,0,0,1,0,0,0,550,0,388.8888888888889,0,0,550,"01",,1,322.2222222222222,"Z001",0
"17326","252027","03/28/26 00:00:00",0,1,0,0,1,0,0,0,550,0,300,0,0,550,"01",,1,250,"Z001",0
"17326","962","03/28/26 00:00:00",0,1,0,0,1,0,0,0,750,0,412.3724999999999,0,0,750,"01",,1,337.6275000000001,"Z001",0
"17326","252013","03/28/26 00:00:00",0,2,0,0,1,0,0,0,800,0,516.2049999999999,0,0,800,"01",,1,567.5900000000001,"Z001",0
"17326","252011","03/28/26 00:00:00",0,2,0,0,1,0,0,0,700,0,365,0,0,700,"01",,1,670,"Z001",0
"17326","1037","03/28/26 00:00:00",0,1,0,0,1,0,0,0,300,0,182.5,0,0,300,"01",,1,117.5,"Z001",0
"17326","241910","03/28/26 00:00:00",0,50,0,0,1,0,0,1,250,0,17.03,0,0,250,"01",,1,11648.5,"Z001",0
"17326","251954","03/28/26 00:00:00",0,1,0,0,1,0,0,1,800,0,550,0,0,800,"01",,1,250,"Z001",0
"17426","973","03/29/26 00:00:00",0,1,0,0,1,0,0,0,1200,0,750,0,0,1200,"01",,1,450,"Z001",0
"17426","6505","03/29/26 00:00:00",0,2,0,0,1,0,0,0,100,0,70.16778669724771,0,0,100,"01",,1,59.66442660550459,"Z001",0
"17526","973","03/30/26 00:00:00",0,1,0,0,1,0,0,0,1300,0,750,0,0,1300,"01",,1,550,"Z001",0
"17526","241920","03/30/26 00:00:00",0,1,0,0,1,0,0,0,2900,0,2000,0,0,2900,"01",,1,900,"Z001",0
"17526","252045","03/30/26 00:00:00",0,1,0,0,1,0,0,0,100,0,39.17464114832536,0,0,100,"01",,1,60.82535885167464,"Z001",0
"17526","252015","03/30/26 00:00:00",0,1,0,0,1,0,0,0,500,0,345.01,0,0,500,"01",,1,154.99,"Z001",0
"17526","251972","03/30/26 00:00:00",0,1,0,0,1,0,0,0,8500,0,6189.37,0,0,8500,"01",,1,2310.63,"Z001",0
"17526","6616","03/30/26 00:00:00",0,1,0,0,1,0,0,0,200,0,132.0967741935484,0,0,200,"01",,1,67.90322580645162,"Z001",0
"0101261","241910","01/01/26 00:00:00",0,34,1,0,0,0,0,1,0,0,17.03,0,0,0,"01",1410,0,0,"Z001",0
"0101261","993","01/01/26 00:00:00",0,50,1,0,0,0,0,1,0,0,0,0,0,0,"01",1556,0,0,"Z001",0
"0101261","6190","01/01/26 00:00:00",0,15,1,0,0,0,0,0,0,0,0,0,0,0,"01",1462,0,0,"Z001",0
"0101261","252029","01/01/26 00:00:00",0,1,1,0,0,0,0,0,0,0,25,0,0,0,"01",1434,0,0,"Z001",0
"0101261","6190","01/01/26 00:00:00",0,15,1,0,0,0,0,0,0,0,0,0,0,0,"01",1462,0,0,"Z001",0
"0101261","252029","01/01/26 00:00:00",0,1,1,0,0,0,0,0,0,0,25,0,0,0,"01",1434,0,0,"Z001",0
"0101261","6479","01/01/26 00:00:00",0,13,1,0,0,0,0,1,0,0,0,0,0,0,"01",1503,0,0,"Z001",0
"0101261","6619","01/01/26 00:00:00",0,22,1,0,0,0,0,1,0,0,0,0,0,0,"01",1528,0,0,"Z001",0
"0101261","1010","01/01/26 00:00:00",0,2,1,0,0,0,0,1,0,0,0,0,0,0,"01",1353,0,0,"Z001",0
"0101261","6190","01/01/26 00:00:00",0,15,1,0,0,0,0,0,0,0,0,0,0,0,"01",1462,0,0,"Z001",0
"0101261","252029","01/01/26 00:00:00",0,1,1,0,0,0,0,0,0,0,25,0,0,0,"01",1434,0,0,"Z001",0
"0101261","6190","01/01/26 00:00:00",0,15,1,0,0,0,0,0,0,0,0,0,0,0,"01",1462,0,0,"Z001",0
"0101261","993","01/01/26 00:00:00",0,50,1,0,0,0,0,1,0,0,0,0,0,0,"01",1556,0,0,"Z001",0
"0101261","6479","01/01/26 00:00:00",0,13,1,0,0,0,0,1,0,0,0,0,0,0,"01",1503,0,0,"Z001",0
"0101261","6619","01/01/26 00:00:00",0,22,1,0,0,0,0,1,0,0,0,0,0,0,"01",1528,0,0,"Z001",0
"0101261","1010","01/01/26 00:00:00",0,2,1,0,0,0,0,1,0,0,0,0,0,0,"01",1353,0,0,"Z001",0
"0101261","252029","01/01/26 00:00:00",0,1,1,0,0,0,0,0,0,0,25,0,0,0,"01",1434,0,0,"Z001",0
"0101261","6190","01/01/26 00:00:00",0,15,1,0,0,0,0,0,0,0,0,0,0,0,"01",1462,0,0,"Z001",0
"0101261","993","01/01/26 00:00:00",0,50,1,0,0,0,0,1,0,0,0,0,0,0,"01",1556,0,0,"Z001",0
"0101261","6479","01/01/26 00:00:00",0,13,1,0,0,0,0,1,0,0,0,0,0,0,"01",1503,0,0,"Z001",0
"0101261","6619","01/01/26 00:00:00",0,22,1,0,0,0,0,1,0,0,0,0,0,0,"01",1528,0,0,"Z001",0
"0101261","1010","01/01/26 00:00:00",0,2,1,0,0,0,0,1,0,0,0,0,0,0,"01",1353,0,0,"Z001",0
"0101261","1471","01/01/26 00:00:00",1,0,1,0,0,0,0,0,10800,1,10800,0,0,0,"01",1368,0,0,"Z001",0
"0101261","251941","01/01/26 00:00:00",19,0,1,0,0,0,0,0,325,19,325,0,0,0,"01",1369,0,0,"Z001",0
"0101261","251942","01/01/26 00:00:00",30,0,1,0,0,0,0,0,226.2068965517241,30,226.2068965517241,0,0,0,"01",1370,0,0,"Z001",0
"0101261","251989","01/01/26 00:00:00",192,0,1,0,0,0,0,0,2.6,192,2.6,0,0,0,"01",1371,0,0,"Z001",0
"0101261","1521","01/01/26 00:00:00",10,0,1,0,0,0,0,0,1250,0,0,0,0,0,"01",1372,0,,"Z001",0
"0101261","1549","01/01/26 00:00:00",21,0,1,0,0,0,0,0,133,21,133,0,0,0,"01",1373,0,0,"Z001",0
"0101261","1550","01/01/26 00:00:00",24,0,1,0,0,0,0,0,112,24,112,0,0,0,"01",1374,0,0,"Z001",0
"0101261","251990","01/01/26 00:00:00",56,0,1,0,0,0,0,0,60,56,60,0,0,0,"01",1375,0,0,"Z001",0
"0101261","1563","01/01/26 00:00:00",2,0,1,0,0,0,0,0,16000,0,0,0,0,0,"01",1376,0,,"Z001",0
"0101261","251991","01/01/26 00:00:00",30,0,1,0,0,0,0,0,166.6666666666667,30,166.6666666666667,0,0,0,"01",1377,0,0,"Z001",0
"0101261","251992","01/01/26 00:00:00",4,0,1,0,0,0,0,0,821.75,4,821.75,0,0,0,"01",1378,0,0,"Z001",0
"0101261","251993","01/01/26 00:00:00",2,0,1,0,0,0,0,0,1596,0,0,0,0,0,"01",1379,0,,"Z001",0
"0101261","251994","01/01/26 00:00:00",3,0,1,0,0,0,0,0,370.5,3,370.5,0,0,0,"01",1380,0,0,"Z001",0
"0101261","1669","01/01/26 00:00:00",5,0,1,0,0,0,0,0,3500,0,0,0,0,0,"01",1381,0,,"Z001",0
"0101261","241910","01/01/26 00:00:00",0,34,1,0,0,0,0,1,0,0,17.03,0,0,0,"01",1410,0,0,"Z001",0
"0101261","993","01/01/26 00:00:00",0,50,1,0,0,0,0,1,0,0,0,0,0,0,"01",1556,0,0,"Z001",0
"0101261","6479","01/01/26 00:00:00",0,13,1,0,0,0,0,1,0,0,0,0,0,0,"01",1503,0,0,"Z001",0
"0101261","252029","01/01/26 00:00:00",0,1,1,0,0,0,0,0,0,0,25,0,0,0,"01",1434,0,0,"Z001",0
"0101261","1674","01/01/26 00:00:00",10,0,1,0,0,0,0,0,2000,10,2000,0,0,0,"01",1382,0,0,"Z001",0
"0101261","1691","01/01/26 00:00:00",1,0,1,0,0,0,0,0,225.01,1,225.01,0,0,0,"01",1383,0,0,"Z001",0
"0101261","251995","01/01/26 00:00:00",1,0,1,0,0,0,0,0,1757.5,0,0,0,0,0,"01",1384,0,,"Z001",0
"0101261","211863","01/01/26 00:00:00",1,0,1,0,0,0,0,0,4055.36,1,4055.36,0,0,0,"01",1402,0,0,"Z001",0
"0101261","211864","01/01/26 00:00:00",2,0,1,0,0,0,0,0,5226.03,2,5226.03,0,0,0,"01",1403,0,0,"Z001",0
"0101261","221881","01/01/26 00:00:00",1,0,1,0,0,0,0,0,800,1,800,0,0,0,"01",1404,0,0,"Z001",0
"0101261","221882","01/01/26 00:00:00",1,0,1,0,0,0,0,0,900,0,0,0,0,0,"01",1405,0,,"Z001",0
"0101261","221885","01/01/26 00:00:00",5,0,1,0,0,0,0,0,6722.6,5,6722.6,0,0,0,"01",1406,0,0,"Z001",0
"0101261","231902","01/01/26 00:00:00",7,0,1,0,0,0,0,0,5521.497142857143,7,5521.497142857143,0,0,0,"01",1407,0,0,"Z001",0
"0101261","231903","01/01/26 00:00:00",4947,0,1,0,0,0,0,0,1.09,4947,1.09,0,0,0,"01",1408,0,0,"Z001",0
"0101261","231907","01/01/26 00:00:00",4,0,1,0,0,0,0,0,8600,4,8600,0,0,0,"01",1409,0,0,"Z001",0
"0101261","241910","01/01/26 00:00:00",20,0,1,0,0,0,0,0,10219.95454545455,20,10219.95454545455,0,0,0,"01",1410,0,0,"Z001",0
"0101261","241911","01/01/26 00:00:00",50,0,1,0,0,0,0,0,657.4,0,0,0,0,0,"01",1411,0,,"Z001",0
"0101261","241912","01/01/26 00:00:00",1992,0,1,0,0,0,0,0,66.57356608478803,1992,66.57356608478803,0,0,0,"01",1412,0,0,"Z001",0
"0101261","241916","01/01/26 00:00:00",3,0,1,0,0,0,0,0,175175.83,3,175175.83,0,0,0,"01",1413,0,0,"Z001",0
"0101261","241918","01/01/26 00:00:00",120,0,1,0,0,0,0,0,653.5700000000001,120,653.5700000000001,0,0,0,"01",1414,0,0,"Z001",0
"0101261","241923","01/01/26 00:00:00",18,0,1,0,0,0,0,0,280,18,280,0,0,0,"01",1415,0,0,"Z001",0
"0101261","241926","01/01/26 00:00:00",1,0,1,0,0,0,0,0,99979.03,1,99979.03,0,0,0,"01",1416,0,0,"Z001",0
"0101261","241929","01/01/26 00:00:00",548,0,1,0,0,0,0,0,7.406779661016949,548,7.406779661016949,0,0,0,"01",1417,0,0,"Z001",0
"0101261","241931","01/01/26 00:00:00",25,0,1,0,0,0,0,0,1802,25,1802,0,0,0,"01",1418,0,0,"Z001",0
"0101261","5832","01/01/26 00:00:00",58,0,1,0,0,0,0,0,132.0823244552058,58,132.0823244552058,0,0,0,"01",1437,0,0,"Z001",0
"0101261","5833","01/01/26 00:00:00",2,0,1,0,0,0,0,0,550.24,2,550.24,0,0,0,"01",1438,0,0,"Z001",0
"0101261","5956","01/01/26 00:00:00",319,0,1,0,0,0,0,0,14.29799426934097,0,0,0,0,0,"01",1439,0,,"Z001",0
"0101261","5969","01/01/26 00:00:00",71,0,1,0,0,0,0,0,16.11111111111111,71,16.11111111111111,0,0,0,"01",1440,0,0,"Z001",0
"0101261","5970","01/01/26 00:00:00",150,0,1,0,0,0,0,0,75,150,75,0,0,0,"01",1441,0,0,"Z001",0
"0101261","5984","01/01/26 00:00:00",118,0,1,0,0,0,0,0,30,118,30,0,0,0,"01",1442,0,0,"Z001",0
"0101261","6002","01/01/26 00:00:00",30,0,1,0,0,0,0,0,25,30,25,0,0,0,"01",1443,0,0,"Z001",0
"20626","6296","04/25/26 00:00:00",0,1,0,0,1,0,0,0,150,0,76,0,0,150,"01",,1,74,"Z001",0
"20626","262179","04/25/26 00:00:00",0,1,0,0,1,0,0,0,250,0,120,0,0,250,"01",,1,130,"Z001",0
"20626","6063","04/25/26 00:00:00",0,1,0,0,1,0,0,0,50,0,41,0,0,50,"01",,1,9,"Z001",0
"20726","6063","04/27/26 00:00:00",0,2,0,0,1,0,0,0,50,0,41,0,0,50,"01",,1,18,"Z001",0
"20726","6030","04/27/26 00:00:00",0,2,0,0,1,0,0,0,100,0,80,0,0,100,"01",,1,40,"Z001",0
"20726","5817","04/27/26 00:00:00",0,4,0,0,1,0,0,0,11250,0,8024.556002892803,0,0,11250,"01",,1,12901.77598842879,"Z001",0
"20726","5833","04/27/26 00:00:00",0,1,0,0,1,0,0,0,700,0,550.24,0,0,700,"01",,1,149.76,"Z001",0
"20726","6099","04/27/26 00:00:00",0,3,0,0,1,0,0,0,200,0,85,0,0,200,"01",,1,345,"Z001",0
"20726","1011","04/27/26 00:00:00",0,1,0,0,1,0,0,0,450,0,260,0,0,450,"01",,1,190,"Z001",0
"20726","1032","04/27/26 00:00:00",0,4,0,0,1,0,0,0,500,0,388.8888888888889,0,0,500,"01",,1,444.4444444444443,"Z001",0
"20726","262128","04/27/26 00:00:00",0,12,0,0,1,0,0,0,200,0,94.57352040816329,0,0,200,"01",,1,1265.117755102041,"Z001",0
"20726","6505","04/27/26 00:00:00",0,2,0,0,1,0,0,0,150,0,70.16778669724771,0,0,150,"01",,1,159.6644266055046,"Z001",0
"20726","6602","04/27/26 00:00:00",0,1,0,0,1,0,0,0,100,0,70.21683890577508,0,0,100,"01",,1,29.78316109422492,"Z001",0
"20726","6587","04/27/26 00:00:00",0,1,0,0,1,0,0,0,200,0,135,0,0,200,"01",,1,65,"Z001",0
"20726","973","04/27/26 00:00:00",0,1,0,0,1,0,0,0,1500,0,750,0,0,1500,"01",,1,750,"Z001",0
"21626","262185","04/30/26 00:00:00",2,0,1,0,0,0,0,0,4500,2,4500,0,0,0,"01",1981,1,0,"Z001",0
"21626","262186","04/30/26 00:00:00",4,0,1,0,0,0,0,0,5500,4,5500,0,0,0,"01",1982,1,0,"Z001",0
"21626","262128","04/30/26 00:00:00",108,0,1,0,0,0,0,0,92.59,108,93.09613969035891,0,0,0,"01",1983,1,0,"Z001",0
"21726","262187","05/02/26 00:00:00",10,0,1,0,0,0,0,0,580,10,580,0,0,0,"01",1984,1,0,"Z001",0
"21726","262190","05/02/26 00:00:00",5,0,1,0,0,0,0,0,850,5,850,0,0,0,"01",1985,1,0,"Z001",0
"21726","262191","05/02/26 00:00:00",5,0,1,0,0,0,0,0,1050,5,1050,0,0,0,"01",1986,1,0,"Z001",0
"21726","262195","05/02/26 00:00:00",5,0,1,0,0,0,0,0,550,5,550,0,0,0,"01",1993,1,0,"Z001",0
"21726","262200","05/02/26 00:00:00",3,0,1,0,0,0,0,0,180,3,180,0,0,0,"01",1994,1,0,"Z001",0
"21726","262199","05/02/26 00:00:00",30,0,1,0,0,0,0,0,45,30,45,0,0,0,"01",1995,1,0,"Z001",0
"21726","262189","05/02/26 00:00:00",20,0,1,0,0,0,0,0,45,20,45,0,0,0,"01",1996,1,0,"Z001",0
"21726","262188","05/02/26 00:00:00",10,0,1,0,0,0,0,0,50,10,50,0,0,0,"01",1997,1,0,"Z001",0
"21726","262192","05/02/26 00:00:00",10,0,1,0,0,0,0,0,1250,10,1250,0,0,0,"01",1987,1,0,"Z001",0
"20826","6338","04/28/26 00:00:00",0,5,0,0,1,0,0,0,150,0,100,0,0,150,"01",,1,250,"Z001",0
"20826","1238","04/28/26 00:00:00",0,5,0,0,1,0,0,0,25,0,15,0,0,25,"01",,1,50,"Z001",0
"20826","6584","04/28/26 00:00:00",0,1,0,0,1,0,0,0,100,0,85,0,0,100,"01",,1,15,"Z001",0
"20826","5969","04/28/26 00:00:00",0,1,0,0,1,0,0,0,30,0,17.97761900437796,0,0,30,"01",,1,12.02238099562204,"Z001",0
"20826","251942","04/28/26 00:00:00",0,2,0,0,1,0,0,0,350,0,224.4761273209549,0,0,350,"01",,1,251.0477453580903,"Z001",0
"20826","251991","04/28/26 00:00:00",0,1,0,0,1,0,0,0,300,0,166.6666666666667,0,0,300,"01",,1,133.3333333333333,"Z001",0
"20826","231903","04/28/26 00:00:00",0,4,0,0,1,0,0,1,2.5,0,0,0,0,2.5,"01",,1,10,"Z001",0
"0101261","241910","01/01/26 00:00:00",0,34,1,0,0,0,0,1,0,0,17.03,0,0,0,"01",1410,0,0,"Z001",0
"0101261","241910","01/01/26 00:00:00",0,34,1,0,0,0,0,1,0,0,17.03,0,0,0,"01",1410,0,0,"Z001",0
"0101261","993","01/01/26 00:00:00",0,50,1,0,0,0,0,1,0,0,0,0,0,0,"01",1556,0,0,"Z001",0
"0101261","6479","01/01/26 00:00:00",0,13,1,0,0,0,0,1,0,0,0,0,0,0,"01",1503,0,0,"Z001",0
"0101261","252029","01/01/26 00:00:00",0,1,1,0,0,0,0,0,0,0,25,0,0,0,"01",1434,0,0,"Z001",0
"0101261","6190","01/01/26 00:00:00",0,15,1,0,0,0,0,0,0,0,0,0,0,0,"01",1462,0,0,"Z001",0
"0101261","6190","01/01/26 00:00:00",0,15,1,0,0,0,0,0,0,0,0,0,0,0,"01",1462,0,0,"Z001",0
"0101261","252029","01/01/26 00:00:00",0,1,1,0,0,0,0,0,0,0,25,0,0,0,"01",1434,0,0,"Z001",0
"0101261","6619","01/01/26 00:00:00",0,22,1,0,0,0,0,1,0,0,0,0,0,0,"01",1528,0,0,"Z001",0
"0101261","1010","01/01/26 00:00:00",0,2,1,0,0,0,0,1,0,0,0,0,0,0,"01",1353,0,0,"Z001",0
"0101261","241910","01/01/26 00:00:00",0,34,1,0,0,0,0,1,0,0,17.03,0,0,0,"01",1410,0,0,"Z001",0
"0101261","993","01/01/26 00:00:00",0,50,1,0,0,0,0,1,0,0,0,0,0,0,"01",1556,0,0,"Z001",0
"0101261","6479","01/01/26 00:00:00",0,13,1,0,0,0,0,1,0,0,0,0,0,0,"01",1503,0,0,"Z001",0
"0101261","6619","01/01/26 00:00:00",0,22,1,0,0,0,0,1,0,0,0,0,0,0,"01",1528,0,0,"Z001",0
"0101261","1010","01/01/26 00:00:00",0,2,1,0,0,0,0,1,0,0,0,0,0,0,"01",1353,0,0,"Z001",0
"0101261","241910","01/01/26 00:00:00",0,34,1,0,0,0,0,1,0,0,17.03,0,0,0,"01",1410,0,0,"Z001",0
"0101261","6190","01/01/26 00:00:00",0,15,1,0,0,0,0,0,0,0,0,0,0,0,"01",1462,0,0,"Z001",0
"0101261","241910","01/01/26 00:00:00",0,34,1,0,0,0,0,1,0,0,17.03,0,0,0,"01",1410,0,0,"Z001",0
"0101261","993","01/01/26 00:00:00",0,50,1,0,0,0,0,1,0,0,0,0,0,0,"01",1556,0,0,"Z001",0
"0101261","6479","01/01/26 00:00:00",0,13,1,0,0,0,0,1,0,0,0,0,0,0,"01",1503,0,0,"Z001",0
"0101261","6619","01/01/26 00:00:00",0,22,1,0,0,0,0,1,0,0,0,0,0,0,"01",1528,0,0,"Z001",0
"0101261","1010","01/01/26 00:00:00",0,2,1,0,0,0,0,1,0,0,0,0,0,0,"01",1353,0,0,"Z001",0
"0101261","6619","01/01/26 00:00:00",0,22,1,0,0,0,0,1,0,0,0,0,0,0,"01",1528,0,0,"Z001",0
"0101261","1010","01/01/26 00:00:00",0,2,1,0,0,0,0,1,0,0,0,0,0,0,"01",1353,0,0,"Z001",0
"0101261","241910","01/01/26 00:00:00",0,34,1,0,0,0,0,1,0,0,17.03,0,0,0,"01",1410,0,0,"Z001",0
"0101261","993","01/01/26 00:00:00",0,50,1,0,0,0,0,1,0,0,0,0,0,0,"01",1556,0,0,"Z001",0
"0101261","6479","01/01/26 00:00:00",0,13,1,0,0,0,0,1,0,0,0,0,0,0,"01",1503,0,0,"Z001",0
"0101261","6619","01/01/26 00:00:00",0,22,1,0,0,0,0,1,0,0,0,0,0,0,"01",1528,0,0,"Z001",0
"0101261","1010","01/01/26 00:00:00",0,2,1,0,0,0,0,1,0,0,0,0,0,0,"01",1353,0,0,"Z001",0
"0101261","252029","01/01/26 00:00:00",0,1,1,0,0,0,0,0,0,0,25,0,0,0,"01",1434,0,0,"Z001",0
"0101261","6025","01/01/26 00:00:00",15,0,1,0,0,0,0,0,61.75,15,61.75,0,0,0,"01",1444,0,0,"Z001",0
"0101261","6030","01/01/26 00:00:00",159,0,1,0,0,0,0,0,80,159,80,0,0,0,"01",1445,0,0,"Z001",0
"0101261","6063","01/01/26 00:00:00",138,0,1,0,0,0,0,0,41,138,41,0,0,0,"01",1446,0,0,"Z001",0
"0101261","251943","01/01/26 00:00:00",14,0,1,0,0,0,0,0,1300,14,1300,0,0,0,"01",1447,0,0,"Z001",0
"0101261","6098","01/01/26 00:00:00",58,0,1,0,0,0,0,0,27.55176470588235,58,27.55176470588235,0,0,0,"01",1448,0,0,"Z001",0
"0101261","6099","01/01/26 00:00:00",58,0,1,0,0,0,0,0,85,58,85,0,0,0,"01",1449,0,0,"Z001",0
"0101261","6100","01/01/26 00:00:00",518,0,1,0,0,0,0,0,5,518,5,0,0,0,"01",1450,0,0,"Z001",0
"0101261","6107","01/01/26 00:00:00",2,0,1,0,0,0,0,0,5500,0,0,0,0,0,"01",1451,0,,"Z001",0
"0101261","6116","01/01/26 00:00:00",10,0,1,0,0,0,0,0,550,10,550,0,0,0,"01",1452,0,0,"Z001",0
"0101261","6118","01/01/26 00:00:00",12,0,1,0,0,0,0,0,275,12,275,0,0,0,"01",1453,0,0,"Z001",0
"0101261","6127","01/01/26 00:00:00",76,0,1,0,0,0,0,0,130,76,130,0,0,0,"01",1454,0,0,"Z001",0
"0101261","251946","01/01/26 00:00:00",10,0,1,0,0,0,0,0,824.5813333333333,10,824.5813333333333,0,0,0,"01",1473,0,0,"Z001",0
"0101261","6317","01/01/26 00:00:00",3,0,1,0,0,0,0,0,2920,3,2920,0,0,0,"01",1474,0,0,"Z001",0
"0101261","6332","01/01/26 00:00:00",3,0,1,0,0,0,0,0,190,3,190,0,0,0,"01",1475,0,0,"Z001",0
"0101261","6333","01/01/26 00:00:00",14,0,1,0,0,0,0,0,230,14,230,0,0,0,"01",1476,0,0,"Z001",0
"0101261","6334","01/01/26 00:00:00",16,0,1,0,0,0,0,0,255,16,255,0,0,0,"01",1477,0,0,"Z001",0
"0101261","6335","01/01/26 00:00:00",37,0,1,0,0,0,0,0,230,37,230,0,0,0,"01",1478,0,0,"Z001",0
"0101261","6336","01/01/26 00:00:00",10,0,1,0,0,0,0,0,300,0,0,0,0,0,"01",1479,0,,"Z001",0
"0101261","6338","01/01/26 00:00:00",48,0,1,0,0,0,0,0,100,48,100,0,0,0,"01",1480,0,0,"Z001",0
"0101261","6346","01/01/26 00:00:00",73,0,1,0,0,0,0,0,428.1578947368421,73,428.1578947368421,0,0,0,"01",1481,0,0,"Z001",0
"0101261","6358","01/01/26 00:00:00",49,0,1,0,0,0,0,0,120,49,120,0,0,0,"01",1482,0,0,"Z001",0
"0101261","6363","01/01/26 00:00:00",9,0,1,0,0,0,0,0,112,9,112,0,0,0,"01",1483,0,0,"Z001",0
"0101261","6364","01/01/26 00:00:00",35,0,1,0,0,0,0,0,156.3333333333333,35,156.3333333333333,0,0,0,"01",1484,0,0,"Z001",0
"0101261","6365","01/01/26 00:00:00",2921.75,0,1,0,0,0,0,0,0.61,2921.75,0.61,0,0,0,"01",1485,0,0,"Z001",0
"0101261","241910","01/01/26 00:00:00",0,34,1,0,0,0,0,1,0,0,17.03,0,0,0,"01",1410,0,0,"Z001",0
"0101261","993","01/01/26 00:00:00",0,50,1,0,0,0,0,1,0,0,0,0,0,0,"01",1556,0,0,"Z001",0
"0101261","6479","01/01/26 00:00:00",0,13,1,0,0,0,0,1,0,0,0,0,0,0,"01",1503,0,0,"Z001",0
"0101261","6619","01/01/26 00:00:00",0,22,1,0,0,0,0,1,0,0,0,0,0,0,"01",1528,0,0,"Z001",0
"0101261","6190","01/01/26 00:00:00",0,15,1,0,0,0,0,0,0,0,0,0,0,0,"01",1462,0,0,"Z001",0
"0101261","252031","01/01/26 00:00:00",10,0,1,0,0,0,0,0,125,10,125,0,0,0,"01",1486,0,0,"Z001",0
"0101261","6385","01/01/26 00:00:00",4,0,1,0,0,0,0,0,450,4,450,0,0,0,"01",1487,0,0,"Z001",0
"0101261","6386","01/01/26 00:00:00",5,0,1,0,0,0,0,0,480,5,480,0,0,0,"01",1488,0,0,"Z001",0
"0101261","6390","01/01/26 00:00:00",5,0,1,0,0,0,0,0,500,5,500,0,0,0,"01",1489,0,0,"Z001",0
"0101261","6394","01/01/26 00:00:00",2,0,1,0,0,0,0,0,4200,0,0,0,0,0,"01",1490,0,,"Z001",0
"0101261","6515","01/01/26 00:00:00",10,0,1,0,0,0,0,0,530,10,530,0,0,0,"01",1509,0,0,"Z001",0
"0101261","6527","01/01/26 00:00:00",1,0,1,0,0,0,0,0,6269,1,6269,0,0,0,"01",1510,0,0,"Z001",0
"0101261","6554","01/01/26 00:00:00",3,0,1,0,0,0,0,0,16250,3,16250,0,0,0,"01",1511,0,0,"Z001",0
"0101261","6555","01/01/26 00:00:00",2,0,1,0,0,0,0,0,70000,2,70000,0,0,0,"01",1512,0,0,"Z001",0
"0101261","6563","01/01/26 00:00:00",1,0,1,0,0,0,0,0,2500,1,2500,0,0,0,"01",1513,0,0,"Z001",0
"0101261","6565","01/01/26 00:00:00",3,0,1,0,0,0,0,0,18000,3,18000,0,0,0,"01",1514,0,0,"Z001",0
"0101261","6584","01/01/26 00:00:00",45,0,1,0,0,0,0,0,85,45,85,0,0,0,"01",1515,0,0,"Z001",0
"0101261","6585","01/01/26 00:00:00",49,0,1,0,0,0,0,0,125,49,125,0,0,0,"01",1516,0,0,"Z001",0
"0101261","6586","01/01/26 00:00:00",39,0,1,0,0,0,0,0,160,39,160,0,0,0,"01",1517,0,0,"Z001",0
"0101261","6587","01/01/26 00:00:00",66,0,1,0,0,0,0,0,135,66,135,0,0,0,"01",1518,0,0,"Z001",0
"0101261","6588","01/01/26 00:00:00",4,0,1,0,0,0,0,0,300,4,300,0,0,0,"01",1519,0,0,"Z001",0
"0101261","6589","01/01/26 00:00:00",8,0,1,0,0,0,0,0,570,8,570,0,0,0,"01",1520,0,0,"Z001",0
"0101261","6591","01/01/26 00:00:00",3,0,1,0,0,0,0,0,3822.212,3,3822.212000000001,0,0,0,"01",1521,0,0,"Z001",0
"0101261","6602","01/01/26 00:00:00",301,0,1,0,0,0,0,0,70.21683890577508,301,70.21683890577508,0,0,0,"01",1522,0,0,"Z001",0
"0101261","6608","01/01/26 00:00:00",4,0,1,0,0,0,0,0,737.1900000000001,4,737.1900000000001,0,0,0,"01",1523,0,0,"Z001",0
"0101261","6612","01/01/26 00:00:00",6,0,1,0,0,0,0,0,540.84,6,540.84,0,0,0,"01",1524,0,0,"Z001",0
"0101261","6613","01/01/26 00:00:00",6,0,1,0,0,0,0,0,1432.89,6,1432.89,0,0,0,"01",1525,0,0,"Z001",0
"0101261","6616","01/01/26 00:00:00",229,0,1,0,0,0,0,0,132.0967741935484,229,132.0967741935484,0,0,0,"01",1526,0,0,"Z001",0
"0101261","891","01/01/26 00:00:00",11,0,1,0,0,0,0,0,150,11,150,0,0,0,"01",1545,0,0,"Z001",0
"0101261","892","01/01/26 00:00:00",3,0,1,0,0,0,0,0,908.33,3,908.33,0,0,0,"01",1546,0,0,"Z001",0
"0101261","898","01/01/26 00:00:00",3,0,1,0,0,0,0,0,25000,3,25000,0,0,0,"01",1547,0,0,"Z001",0
"0101261","924","01/01/26 00:00:00",1,0,1,0,0,0,0,0,6800,1,6800,0,0,0,"01",1549,0,0,"Z001",0
"0101261","241910","01/01/26 00:00:00",0,34,1,0,0,0,0,1,0,0,17.03,0,0,0,"01",1410,0,0,"Z001",0
"0101261","993","01/01/26 00:00:00",0,50,1,0,0,0,0,1,0,0,0,0,0,0,"01",1556,0,0,"Z001",0
"0101261","252029","01/01/26 00:00:00",0,1,1,0,0,0,0,0,0,0,25,0,0,0,"01",1434,0,0,"Z001",0
"0101261","6190","01/01/26 00:00:00",0,15,1,0,0,0,0,0,0,0,0,0,0,0,"01",1462,0,0,"Z001",0
"0101261","944","01/01/26 00:00:00",32,0,1,0,0,0,0,0,220,32,220,0,0,0,"01",1550,0,0,"Z001",0
"0101261","252039","01/01/26 00:00:00",4,0,1,0,0,0,0,0,2593.5,0,0,0,0,0,"01",1551,0,,"Z001",0
"0101261","962","01/01/26 00:00:00",13,0,1,0,0,0,0,0,454.36,13,454.36,0,0,0,"01",1552,0,0,"Z001",0
"0101261","252006","01/01/26 00:00:00",1,0,1,0,0,0,0,0,22500,1,22500,0,0,0,"01",1553,0,0,"Z001",0
"0101261","973","01/01/26 00:00:00",6,0,1,0,0,0,0,0,750,6,750,0,0,0,"01",1554,0,0,"Z001",0
"0101261","252013","01/01/26 00:00:00",13,0,1,0,0,0,0,0,530.13,13,530.13,0,0,0,"01",1555,0,0,"Z001",0
"0101261","999","01/01/26 00:00:00",10,0,1,0,0,0,0,0,5700,10,5700,0,0,0,"01",1557,0,0,"Z001",0
"0101261","251948","01/01/26 00:00:00",6,0,1,0,0,0,0,0,21900,6,21900,0,0,0,"01",1558,0,0,"Z001",0
"0101261","251949","01/01/26 00:00:00",2,0,1,0,0,0,0,0,24000,0,0,0,0,0,"01",1559,0,,"Z001",0
"0101261","252016","01/01/26 00:00:00",2,0,1,0,0,0,0,0,220,0,0,0,0,0,"01",1560,0,,"Z001",0
"0101261","252017","01/01/26 00:00:00",3,0,1,0,0,0,0,0,150,0,0,0,0,0,"01",1561,0,,"Z001",0
"0101261","252018","01/01/26 00:00:00",7,0,1,0,0,0,0,0,90,7,90,0,0,0,"01",1562,0,0,"Z001",0
"0101261","252015","01/01/26 00:00:00",39,0,1,0,0,0,0,0,345.01,39,345.01,0,0,0,"01",1580,0,0,"Z001",0
"0101261","251969","01/01/26 00:00:00",45,0,1,0,0,0,0,0,312.5,45,312.5,0,0,0,"01",1581,0,0,"Z001",0
"0101261","251970","01/01/26 00:00:00",38,0,1,0,0,0,0,0,284,38,284,0,0,0,"01",1582,0,0,"Z001",0
"0101261","251972","01/01/26 00:00:00",3,0,1,0,0,0,0,0,6189.37,3,6189.37,0,0,0,"01",1583,0,0,"Z001",0
"0101261","252022","01/01/26 00:00:00",2,0,1,0,0,0,0,0,2800,2,2800,0,0,0,"01",1584,0,0,"Z001",0
"0101261","252024","01/01/26 00:00:00",59,0,1,0,0,0,0,0,170,59,170,0,0,0,"01",1585,0,0,"Z001",0
"0101261","252025","01/01/26 00:00:00",3,0,1,0,0,0,0,0,800,3,800,0,0,0,"01",1586,0,0,"Z001",0
"0101261","251963","01/01/26 00:00:00",14,0,1,0,0,0,0,0,5500,14,5500,0,0,0,"01",1587,0,0,"Z001",0
"0101261","252026","01/01/26 00:00:00",3,0,1,0,0,0,0,0,900,3,900,0,0,0,"01",1588,0,0,"Z001",0
"0101261","252027","01/01/26 00:00:00",6,0,1,0,0,0,0,0,300,6,300,0,0,0,"01",1589,0,0,"Z001",0
"0101261","252028","01/01/26 00:00:00",8,0,1,0,0,0,0,0,450,8,450,0,0,0,"01",1590,0,0,"Z001",0
"0101261","252032","01/01/26 00:00:00",9,0,1,0,0,0,0,0,159.99,9,159.99,0,0,0,"01",1591,0,0,"Z001",0
"0101261","252033","01/01/26 00:00:00",5,0,1,0,0,0,0,0,400,5,400,0,0,0,"01",1592,0,0,"Z001",0
"0101261","252034","01/01/26 00:00:00",9,0,1,0,0,0,0,0,200,9,200,0,0,0,"01",1593,0,0,"Z001",0
"0101261","252038","01/01/26 00:00:00",5,0,1,0,0,0,0,0,565,5,565,0,0,0,"01",1594,0,0,"Z001",0
"0101261","252043","01/01/26 00:00:00",30,0,1,0,0,0,0,0,107,30,107,0,0,0,"01",1595,0,0,"Z001",0
"0101261","241910","01/01/26 00:00:00",0,34,1,0,0,0,0,1,0,0,17.03,0,0,0,"01",1410,0,0,"Z001",0
"0101261","993","01/01/26 00:00:00",0,50,1,0,0,0,0,1,0,0,0,0,0,0,"01",1556,0,0,"Z001",0
"0101261","6479","01/01/26 00:00:00",0,13,1,0,0,0,0,1,0,0,0,0,0,0,"01",1503,0,0,"Z001",0
"0101261","252029","01/01/26 00:00:00",0,1,1,0,0,0,0,0,0,0,25,0,0,0,"01",1434,0,0,"Z001",0
"0101261","6190","01/01/26 00:00:00",0,15,1,0,0,0,0,0,0,0,0,0,0,0,"01",1462,0,0,"Z001",0
"0101261","252029","01/01/26 00:00:00",0,1,1,0,0,0,0,0,0,0,25,0,0,0,"01",1434,0,0,"Z001",0
"0101261","6190","01/01/26 00:00:00",0,15,1,0,0,0,0,0,0,0,0,0,0,0,"01",1462,0,0,"Z001",0
"0101261","252044","01/01/26 00:00:00",40,0,1,0,0,0,0,0,130,40,130,0,0,0,"01",1596,0,0,"Z001",0
"0101261","252051","01/01/26 00:00:00",10,0,1,0,0,0,0,0,326.79,0,0,0,0,0,"01",1614,0,,"Z001",0
"0101261","252052","01/01/26 00:00:00",120,0,1,0,0,0,0,0,653.5700000000001,120,653.5700000000001,0,0,0,"01",1615,0,0,"Z001",0
"0101261","252053","01/01/26 00:00:00",10,0,1,0,0,0,0,0,5238.9,0,0,0,0,0,"01",1616,0,,"Z001",0
"0101261","252054","01/01/26 00:00:00",10,0,1,0,0,0,0,0,5238.9,0,0,0,0,0,"01",1617,0,,"Z001",0
"0101261","252058","01/01/26 00:00:00",20,0,1,0,0,0,0,0,3451.510000000001,0,0,0,0,0,"01",1618,0,,"Z001",0
"0101261","252059","01/01/26 00:00:00",20,0,1,0,0,0,0,0,2979,20,2979,0,0,0,"01",1619,0,0,"Z001",0
"0101261","252060","01/01/26 00:00:00",2,0,1,0,0,0,0,0,1200,0,0,0,0,0,"01",1620,0,,"Z001",0
"0101261","252055","01/01/26 00:00:00",120,0,1,0,0,0,0,0,83.90000000000001,0,0,0,0,0,"01",1621,0,,"Z001",0
"0101261","252056","01/01/26 00:00:00",120,0,1,0,0,0,0,0,83.90000000000001,120,83.90000000000001,0,0,0,"01",1622,0,0,"Z001",0
"0101261","252057","01/01/26 00:00:00",240,0,1,0,0,0,0,0,160.25,240,160.25,0,0,0,"01",1623,0,0,"Z001",0
"0101261","252061","01/01/26 00:00:00",55,0,1,0,0,0,0,0,70,55,70,0,0,0,"01",1624,0,0,"Z001",0
"0101261","252063","01/01/26 00:00:00",9,0,1,0,0,0,0,0,180,9,180,0,0,0,"01",1625,0,0,"Z001",0
"0101261","252064","01/01/26 00:00:00",100,0,1,0,0,0,0,0,10,100,10,0,0,0,"01",1626,0,0,"Z001",0
"0101261","252065","01/01/26 00:00:00",100,0,1,0,0,0,0,0,7,100,7,0,0,0,"01",1627,0,0,"Z001",0
"0101261","252066","01/01/26 00:00:00",100,0,1,0,0,0,0,0,13,100,13,0,0,0,"01",1628,0,0,"Z001",0
"0101261","251996","01/01/26 00:00:00",6,0,1,0,0,0,0,0,2080.5,0,0,0,0,0,"01",1385,0,,"Z001",0
"0101261","251997","01/01/26 00:00:00",5,0,1,0,0,0,0,0,384.75,0,0,0,0,0,"01",1386,0,,"Z001",0
"0101261","251998","01/01/26 00:00:00",2,0,1,0,0,0,0,0,5695.25,0,0,0,0,0,"01",1387,0,,"Z001",0
"0101261","251999","01/01/26 00:00:00",5,0,1,0,0,0,0,0,285,5,285,0,0,0,"01",1388,0,0,"Z001",0
"0101261","252000","01/01/26 00:00:00",4,0,1,0,0,0,0,0,76,4,76,0,0,0,"01",1389,0,0,"Z001",0
"0101261","252001","01/01/26 00:00:00",5,0,1,0,0,0,0,0,99.75,0,0,0,0,0,"01",1390,0,,"Z001",0
"0101261","252002","01/01/26 00:00:00",5,0,1,0,0,0,0,0,128.25,0,0,0,0,0,"01",1391,0,,"Z001",0
"0101261","1711","01/01/26 00:00:00",1,0,1,0,0,0,0,0,2700,0,0,0,0,0,"01",1392,0,,"Z001",0
"0101261","1716","01/01/26 00:00:00",1,0,1,0,0,0,0,0,1864,1,1864,0,0,0,"01",1393,0,0,"Z001",0
"0101261","1010","01/01/26 00:00:00",0,2,1,0,0,0,0,1,0,0,0,0,0,0,"01",1353,0,0,"Z001",0
"0101261","1717","01/01/26 00:00:00",4,0,1,0,0,0,0,0,4800,4,4800,0,0,0,"01",1394,0,0,"Z001",0
"0101261","201725","01/01/26 00:00:00",5,0,1,0,0,0,0,0,6650,5,6650,0,0,0,"01",1395,0,0,"Z001",0
"0101261","201757","01/01/26 00:00:00",24,0,1,0,0,0,0,0,140,24,140,0,0,0,"01",1396,0,0,"Z001",0
"0101261","201761","01/01/26 00:00:00",5,0,1,0,0,0,0,0,370.01,5,370.01,0,0,0,"01",1397,0,0,"Z001",0
"0101261","201762","01/01/26 00:00:00",5,0,1,0,0,0,0,0,600,5,600,0,0,0,"01",1398,0,0,"Z001",0
"0101261","201789","01/01/26 00:00:00",83,0,1,0,0,0,0,0,45,83,45,0,0,0,"01",1399,0,0,"Z001",0
"0101261","251978","01/01/26 00:00:00",1,0,1,0,0,0,0,0,4700,1,4700,0,0,0,"01",1400,0,0,"Z001",0
"0101261","251979","01/01/26 00:00:00",2,0,1,0,0,0,0,0,230,2,230,0,0,0,"01",1401,0,0,"Z001",0
"0101261","241932","01/01/26 00:00:00",2,0,1,0,0,0,0,0,1500,0,0,0,0,0,"01",1419,0,,"Z001",0
"0101261","241933","01/01/26 00:00:00",20,0,1,0,0,0,0,0,739.61,20,739.61,0,0,0,"01",1420,0,0,"Z001",0
"0101261","251935","01/01/26 00:00:00",2,0,1,0,0,0,0,0,20000,0,0,0,0,0,"01",1421,0,,"Z001",0
"0101261","251938","01/01/26 00:00:00",123,0,1,0,0,0,0,0,1505.667741935484,123,1505.667741935484,0,0,0,"01",1422,0,0,"Z001",0
"0101261","5602","01/01/26 00:00:00",1,0,1,0,0,0,0,0,9000,0,0,0,0,0,"01",1423,0,,"Z001",0
"0101261","5692","01/01/26 00:00:00",10,0,1,0,0,0,0,0,2900,10,2900,0,0,0,"01",1424,0,0,"Z001",0
"0101261","5704","01/01/26 00:00:00",3,0,1,0,0,0,0,0,3150,0,0,0,0,0,"01",1425,0,,"Z001",0
"0101261","5757","01/01/26 00:00:00",1500,0,1,0,0,0,0,0,6,1500,6,0,0,0,"01",1426,0,0,"Z001",0
"0101261","5761","01/01/26 00:00:00",99,0,1,0,0,0,0,0,9,99,9,0,0,0,"01",1427,0,0,"Z001",0
"0101261","5762","01/01/26 00:00:00",72,0,1,0,0,0,0,0,9,72,9,0,0,0,"01",1428,0,0,"Z001",0
"0101261","5795","01/01/26 00:00:00",3,0,1,0,0,0,0,0,2481.875,3,2481.875,0,0,0,"01",1429,0,0,"Z001",0
"0101261","5796","01/01/26 00:00:00",6,0,1,0,0,0,0,0,2402,6,2402,0,0,0,"01",1430,0,0,"Z001",0
"0101261","5797","01/01/26 00:00:00",4,0,1,0,0,0,0,0,1055.75,4,1055.75,0,0,0,"01",1431,0,0,"Z001",0
"0101261","5798","01/01/26 00:00:00",3,0,1,0,0,0,0,0,1417,3,1417,0,0,0,"01",1432,0,0,"Z001",0
"0101261","5799","01/01/26 00:00:00",3,0,1,0,0,0,0,0,1131.115,3,1131.115,0,0,0,"01",1433,0,0,"Z001",0
"0101261","252029","01/01/26 00:00:00",0,1,1,0,0,0,0,0,0,0,25,0,0,0,"01",1434,0,0,"Z001",0
"0101261","252030","01/01/26 00:00:00",9.5,0,1,0,0,0,0,0,90,9.5,90,0,0,0,"01",1435,0,0,"Z001",0
"0101261","5817","01/01/26 00:00:00",8,0,1,0,0,0,0,0,7293.90243902439,8,7293.90243902439,0,0,0,"01",1436,0,0,"Z001",0
"0101261","251944","01/01/26 00:00:00",1,0,1,0,0,0,0,0,1835,1,1835,0,0,0,"01",1455,0,0,"Z001",0
"0101261","6129","01/01/26 00:00:00",2,0,1,0,0,0,0,0,4500,2,4500,0,0,0,"01",1456,0,0,"Z001",0
"0101261","6131","01/01/26 00:00:00",3,0,1,0,0,0,0,0,43000,3,43000,0,0,0,"01",1457,0,0,"Z001",0
"0101261","6150","01/01/26 00:00:00",5,0,1,0,0,0,0,0,3400,5,3400,0,0,0,"01",1458,0,0,"Z001",0
"0101261","252004","01/01/26 00:00:00",2,0,1,0,0,0,0,0,22000,2,22000,0,0,0,"01",1459,0,0,"Z001",0
"0101261","6173","01/01/26 00:00:00",23,0,1,0,0,0,0,0,90,23,90,0,0,0,"01",1460,0,0,"Z001",0
"0101261","6189","01/01/26 00:00:00",20,0,1,0,0,0,0,0,350,20,350,0,0,0,"01",1461,0,0,"Z001",0
"0101261","1010","01/01/26 00:00:00",0,2,1,0,0,0,0,1,0,0,0,0,0,0,"01",1353,0,0,"Z001",0
"0101261","6190","01/01/26 00:00:00",0,15,1,0,0,0,0,0,0,0,0,0,0,0,"01",1462,0,0,"Z001",0
"0101261","6192","01/01/26 00:00:00",1030,0,1,0,0,0,0,0,2.883177570093458,1030,2.883177570093458,0,0,0,"01",1463,0,0,"Z001",0
"0101261","6218","01/01/26 00:00:00",5,0,1,0,0,0,0,0,3840,5,3840,0,0,0,"01",1464,0,0,"Z001",0
"0101261","6228","01/01/26 00:00:00",12,0,1,0,0,0,0,0,150,12,150,0,0,0,"01",1465,0,0,"Z001",0
"0101261","6229","01/01/26 00:00:00",17,0,1,0,0,0,0,0,697.6470588235294,17,697.6470588235294,0,0,0,"01",1466,0,0,"Z001",0
"0101261","252005","01/01/26 00:00:00",1,0,1,0,0,0,0,0,24500,1,24500,0,0,0,"01",1467,0,0,"Z001",0
"0101261","6272","01/01/26 00:00:00",254,0,1,0,0,0,0,0,6,254,6,0,0,0,"01",1468,0,0,"Z001",0
"0101261","6275","01/01/26 00:00:00",2,0,1,0,0,0,0,0,1026.6,2,1026.6,0,0,0,"01",1469,0,0,"Z001",0
"0101261","6291","01/01/26 00:00:00",2,0,1,0,0,0,0,0,850,2,850,0,0,0,"01",1470,0,0,"Z001",0
"0101261","6296","01/01/26 00:00:00",9,0,1,0,0,0,0,0,76,9,76,0,0,0,"01",1471,0,0,"Z001",0
"0101261","6307","01/01/26 00:00:00",9,0,1,0,0,0,0,0,800,9,800,0,0,0,"01",1472,0,0,"Z001",0
"0101261","6396","01/01/26 00:00:00",3,0,1,0,0,0,0,0,3770,3,3770,0,0,0,"01",1491,0,0,"Z001",0
"0101261","6399","01/01/26 00:00:00",8,0,1,0,0,0,0,0,110,8,110,0,0,0,"01",1492,0,0,"Z001",0
"0101261","6414","01/01/26 00:00:00",2,0,1,0,0,0,0,0,230,0,0,0,0,0,"01",1493,0,,"Z001",0
"0101261","251947","01/01/26 00:00:00",3,0,1,0,0,0,0,0,237862.61,3,237862.61,0,0,0,"01",1494,0,0,"Z001",0
"0101261","6451","01/01/26 00:00:00",4,0,1,0,0,0,0,0,400,4,400,0,0,0,"01",1495,0,0,"Z001",0
"0101261","6466","01/01/26 00:00:00",22,0,1,0,0,0,0,0,250,22,250,0,0,0,"01",1496,0,0,"Z001",0
"0101261","6471","01/01/26 00:00:00",163,0,1,0,0,0,0,0,2529.576504713561,163,2529.576504713561,0,0,0,"01",1497,0,0,"Z001",0
"0101261","6474","01/01/26 00:00:00",155,0,1,0,0,0,0,0,4255.912813559322,155,4255.912813559322,0,0,0,"01",1498,0,0,"Z001",0
"0101261","6475","01/01/26 00:00:00",21,0,1,0,0,0,0,0,6755.9184,21,6755.9184,0,0,0,"01",1499,0,0,"Z001",0
"0101261","6476","01/01/26 00:00:00",29,0,1,0,0,0,0,0,10053.78529411765,29,10053.78529411765,0,0,0,"01",1500,0,0,"Z001",0
"0101261","6477","01/01/26 00:00:00",5,0,1,0,0,0,0,0,17284.46,5,17284.46,0,0,0,"01",1501,0,0,"Z001",0
"0101261","6478","01/01/26 00:00:00",1,0,1,0,0,0,0,0,8084.74,1,8084.74,0,0,0,"01",1502,0,0,"Z001",0
"0101261","6479","01/01/26 00:00:00",2,0,1,0,0,0,0,0,9817.525,2,9817.525,0,0,0,"01",1503,0,0,"Z001",0
"0101261","6481","01/01/26 00:00:00",1,0,1,0,0,0,0,0,13316.43,1,13316.43,0,0,0,"01",1504,0,0,"Z001",0
"0101261","6492","01/01/26 00:00:00",1,0,1,0,0,0,0,0,6310,1,6310,0,0,0,"01",1506,0,0,"Z001",0
"0101261","6505","01/01/26 00:00:00",312,0,1,0,0,0,0,0,70.16778669724771,312,70.16778669724771,0,0,0,"01",1507,0,0,"Z001",0
"0101261","6511","01/01/26 00:00:00",15,0,1,0,0,0,0,0,3161.871875,15,3161.871875,0,0,0,"01",1508,0,0,"Z001",0
"0101261","6618","01/01/26 00:00:00",1,0,1,0,0,0,0,0,7700,0,0,0,0,0,"01",1527,0,,"Z001",0
"0101261","6619","01/01/26 00:00:00",1,0,1,0,0,0,0,0,10200,1,10200,0,0,0,"01",1528,0,0,"Z001",0
"0101261","6624","01/01/26 00:00:00",2,0,1,0,0,0,0,0,17000,0,0,0,0,0,"01",1530,0,,"Z001",0
"0101261","6479","01/01/26 00:00:00",0,13,1,0,0,0,0,1,0,0,0,0,0,0,"01",1503,0,0,"Z001",0
"0101261","6619","01/01/26 00:00:00",0,22,1,0,0,0,0,1,0,0,0,0,0,0,"01",1528,0,0,"Z001",0
"0101261","1010","01/01/26 00:00:00",0,2,1,0,0,0,0,1,0,0,0,0,0,0,"01",1353,0,0,"Z001",0
"0101261","241910","01/01/26 00:00:00",0,34,1,0,0,0,0,1,0,0,17.03,0,0,0,"01",1410,0,0,"Z001",0
"0101261","993","01/01/26 00:00:00",0,50,1,0,0,0,0,1,0,0,0,0,0,0,"01",1556,0,0,"Z001",0
"0101261","6625","01/01/26 00:00:00",2,0,1,0,0,0,0,0,16000,0,0,0,0,0,"01",1531,0,,"Z001",0
"0101261","757","01/01/26 00:00:00",7,0,1,0,0,0,0,0,1350,0,0,0,0,0,"01",1532,0,,"Z001",0
"0101261","758","01/01/26 00:00:00",2,0,1,0,0,0,0,0,1550,2,1550,0,0,0,"01",1533,0,0,"Z001",0
"0101261","771","01/01/26 00:00:00",2,0,1,0,0,0,0,0,36142.85714285714,2,36142.85714285714,0,0,0,"01",1534,0,0,"Z001",0
"0101261","787","01/01/26 00:00:00",1,0,1,0,0,0,0,0,4626,1,4626,0,0,0,"01",1535,0,0,"Z001",0
"0101261","791","01/01/26 00:00:00",7,0,1,0,0,0,0,0,625,7,625,0,0,0,"01",1536,0,0,"Z001",0
"0101261","836","01/01/26 00:00:00",42,0,1,0,0,0,0,0,230,42,230,0,0,0,"01",1537,0,0,"Z001",0
"0101261","849","01/01/26 00:00:00",1,0,1,0,0,0,0,0,3600,1,3600,0,0,0,"01",1538,0,0,"Z001",0
"0101261","854","01/01/26 00:00:00",1,0,1,0,0,0,0,0,650,1,650,0,0,0,"01",1539,0,0,"Z001",0
"0101261","857","01/01/26 00:00:00",5,0,1,0,0,0,0,0,150,0,0,0,0,0,"01",1540,0,,"Z001",0
"0101261","858","01/01/26 00:00:00",2,0,1,0,0,0,0,0,1400,2,1400,0,0,0,"01",1541,0,0,"Z001",0
"0101261","859","01/01/26 00:00:00",1,0,1,0,0,0,0,0,2833,1,2833,0,0,0,"01",1542,0,0,"Z001",0
"0101261","862","01/01/26 00:00:00",83,0,1,0,0,0,0,0,120,83,120,0,0,0,"01",1543,0,0,"Z001",0
"0101261","875","01/01/26 00:00:00",4,0,1,0,0,0,0,0,850,4,850,0,0,0,"01",1544,0,0,"Z001",0
"0101261","252020","01/01/26 00:00:00",250,0,1,0,0,0,0,0,199.83,250,199.83,0,0,0,"01",1563,0,0,"Z001",0
"0101261","252021","01/01/26 00:00:00",37,0,1,0,0,0,0,0,314.7,37,314.7,0,0,0,"01",1564,0,0,"Z001",0
"0101261","251951","01/01/26 00:00:00",2,0,1,0,0,0,0,0,1410.17,2,1410.17,0,0,0,"01",1565,0,0,"Z001",0
"0101261","251952","01/01/26 00:00:00",3,0,1,0,0,0,0,0,971.29,3,971.29,0,0,0,"01",1566,0,0,"Z001",0
"0101261","251964","01/01/26 00:00:00",1,0,1,0,0,0,0,0,13500,0,0,0,0,0,"01",1567,0,,"Z001",0
"0101261","251965","01/01/26 00:00:00",4,0,1,0,0,0,0,0,1013.72,4,1013.72,0,0,0,"01",1570,0,0,"Z001",0
"0101261","251966","01/01/26 00:00:00",3,0,1,0,0,0,0,0,180,3,180,0,0,0,"01",1571,0,0,"Z001",0
"0101261","252042","01/01/26 00:00:00",49,0,1,0,0,0,0,0,78,49,78,0,0,0,"01",1572,0,0,"Z001",0
"0101261","251950","01/01/26 00:00:00",2,0,1,0,0,0,0,0,27833.33333333333,0,0,0,0,0,"01",1573,0,,"Z001",0
"0101261","251953","01/01/26 00:00:00",124,0,1,0,0,0,0,0,718.3709677419355,124,718.3709677419355,0,0,0,"01",1574,0,0,"Z001",0
"0101261","251967","01/01/26 00:00:00",26,0,1,0,0,0,0,0,163.8888888888889,26,163.8888888888889,0,0,0,"01",1575,0,0,"Z001",0
"0101261","251957","01/01/26 00:00:00",23,0,1,0,0,0,0,0,1185.368,23,1185.368,0,0,0,"01",1576,0,0,"Z001",0
"0101261","251968","01/01/26 00:00:00",4,0,1,0,0,0,0,0,400,4,400,0,0,0,"01",1577,0,0,"Z001",0
"0101261","252012","01/01/26 00:00:00",6,0,1,0,0,0,0,0,425,6,425,0,0,0,"01",1578,0,0,"Z001",0
"0101261","6619","01/01/26 00:00:00",0,22,1,0,0,0,0,1,0,0,0,0,0,0,"01",1528,0,0,"Z001",0
"0101261","1010","01/01/26 00:00:00",0,2,1,0,0,0,0,1,0,0,0,0,0,0,"01",1353,0,0,"Z001",0
"0101261","241910","01/01/26 00:00:00",0,34,1,0,0,0,0,1,0,0,17.03,0,0,0,"01",1410,0,0,"Z001",0
"0101261","993","01/01/26 00:00:00",0,50,1,0,0,0,0,1,0,0,0,0,0,0,"01",1556,0,0,"Z001",0
"0101261","6479","01/01/26 00:00:00",0,13,1,0,0,0,0,1,0,0,0,0,0,0,"01",1503,0,0,"Z001",0
"0101261","6619","01/01/26 00:00:00",0,22,1,0,0,0,0,1,0,0,0,0,0,0,"01",1528,0,0,"Z001",0
"0101261","6479","01/01/26 00:00:00",0,13,1,0,0,0,0,1,0,0,0,0,0,0,"01",1503,0,0,"Z001",0
"0101261","6619","01/01/26 00:00:00",0,22,1,0,0,0,0,1,0,0,0,0,0,0,"01",1528,0,0,"Z001",0
"0101261","1010","01/01/26 00:00:00",0,2,1,0,0,0,0,1,0,0,0,0,0,0,"01",1353,0,0,"Z001",0
"0101261","252014","01/01/26 00:00:00",22,0,1,0,0,0,0,0,655.4,22,655.4,0,0,0,"01",1579,0,0,"Z001",0
"0101261","251980","01/01/26 00:00:00",2,0,1,0,0,0,0,0,220,0,0,0,0,0,"01",1597,0,,"Z001",0
"0101261","251981","01/01/26 00:00:00",2,0,1,0,0,0,0,0,150,0,0,0,0,0,"01",1598,0,,"Z001",0
"0101261","251982","01/01/26 00:00:00",5,0,1,0,0,0,0,0,90,5,90,0,0,0,"01",1599,0,0,"Z001",0
"0101261","251983","01/01/26 00:00:00",7,0,1,0,0,0,0,0,60,7,60,0,0,0,"01",1600,0,0,"Z001",0
"0101261","252007","01/01/26 00:00:00",4,0,1,0,0,0,0,0,21375,4,21375,0,0,0,"01",1601,0,0,"Z001",0
"0101261","252008","01/01/26 00:00:00",2,0,1,0,0,0,0,0,29250,2,29250,0,0,0,"01",1602,0,0,"Z001",0
"0101261","252009","01/01/26 00:00:00",119,0,1,0,0,0,0,0,192.95,119,192.95,0,0,0,"01",1603,0,0,"Z001",0
"0101261","252010","01/01/26 00:00:00",5,0,1,0,0,0,0,0,1800,0,0,0,0,0,"01",1604,0,,"Z001",0
"0101261","252011","01/01/26 00:00:00",9,0,1,0,0,0,0,0,365,9,365,0,0,0,"01",1605,0,0,"Z001",0
"0101261","252035","01/01/26 00:00:00",5,0,1,0,0,0,0,0,265,5,265,0,0,0,"01",1606,0,0,"Z001",0
"0101261","252036","01/01/26 00:00:00",5,0,1,0,0,0,0,0,235,5,235,0,0,0,"01",1607,0,0,"Z001",0
"0101261","252037","01/01/26 00:00:00",10,0,1,0,0,0,0,0,305,10,305,0,0,0,"01",1608,0,0,"Z001",0
"0101261","252045","01/01/26 00:00:00",192,0,1,0,0,0,0,0,37.5,192,37.5,0,0,0,"01",1609,0,0,"Z001",0
"0101261","252047","01/01/26 00:00:00",3,0,1,0,0,0,0,0,160,3,160,0,0,0,"01",1610,0,0,"Z001",0
"0101261","252048","01/01/26 00:00:00",3,0,1,0,0,0,0,0,180,3,180,0,0,0,"01",1611,0,0,"Z001",0
"0101261","252049","01/01/26 00:00:00",1,0,1,0,0,0,0,0,13350,1,13350,0,0,0,"01",1612,0,0,"Z001",0
"0101261","252050","01/01/26 00:00:00",995,0,1,0,0,0,0,0,400.68,995,400.68,0,0,0,"01",1613,0,0,"Z001",0
"0101261","1004","01/01/26 00:00:00",5,0,1,0,0,0,0,0,392.08,5,392.08,0,0,0,"01",1351,0,0,"Z001",0
"0101261","1007","01/01/26 00:00:00",2,0,1,0,0,0,0,0,15000,2,15000,0,0,0,"01",1352,0,0,"Z001",0
"0101261","1010","01/01/26 00:00:00",1,0,1,0,0,0,0,0,800,1,800,0,0,0,"01",1353,0,0,"Z001",0
"0101261","251984","01/01/26 00:00:00",3,0,1,0,0,0,0,0,3150,3,3150,0,0,0,"01",1354,0,0,"Z001",0
"0101261","251985","01/01/26 00:00:00",240,0,1,0,0,0,0,0,52.5,240,52.5,0,0,0,"01",1355,0,0,"Z001",0
"0101261","251986","01/01/26 00:00:00",4,0,1,0,0,0,0,0,750,4,750,0,0,0,"01",1356,0,0,"Z001",0
"0101261","1032","01/01/26 00:00:00",12,0,1,0,0,0,0,0,400,12,400,0,0,0,"01",1357,0,0,"Z001",0
"0101261","251977","01/01/26 00:00:00",1,0,1,0,0,0,0,0,12000,1,12000,0,0,0,"01",1358,0,0,"Z001",0
"0101261","1082","01/01/26 00:00:00",8,0,1,0,0,0,0,0,693.75,0,0,0,0,0,"01",1359,0,,"Z001",0
"0101261","1287","01/01/26 00:00:00",2,0,1,0,0,0,0,0,12400,2,12400,0,0,0,"01",1361,0,0,"Z001",0
"0101261","1288","01/01/26 00:00:00",2,0,1,0,0,0,0,0,9700,2,9700,0,0,0,"01",1362,0,0,"Z001",0
"0101261","1341","01/01/26 00:00:00",50,0,1,0,0,0,0,0,25,50,25,0,0,0,"01",1363,0,0,"Z001",0
"0101261","1342","01/01/26 00:00:00",12,0,1,0,0,0,0,0,15,12,15,0,0,0,"01",1364,0,0,"Z001",0
"0101261","1364","01/01/26 00:00:00",4,0,1,0,0,0,0,0,3360,0,0,0,0,0,"01",1365,0,,"Z001",0
"0101261","1400","01/01/26 00:00:00",802.96,0,1,0,0,0,0,0,0.53,802.96,0.53,0,0,0,"01",1366,0,0,"Z001",0
"0101261","251988","01/01/26 00:00:00",10,0,1,0,0,0,0,0,660,10,660,0,0,0,"01",1367,0,0,"Z001",0
"0101261","241910","01/01/26 00:00:00",0,34,1,0,0,0,0,1,0,0,17.03,0,0,0,"01",1410,0,0,"Z001",0
"0101261","914","01/01/26 00:00:00",65,0,1,0,0,0,0,1,218.25,65,218.25,0,0,0,"01",1548,0,0,"Z001",0
"0101261","993","01/01/26 00:00:00",0,50,1,0,0,0,0,1,0,0,0,0,0,0,"01",1556,0,0,"Z001",0
"0101261","6471","01/01/26 00:00:00",45,0,1,0,0,0,0,1,28.11,45,28.11,0,0,0,"01",1497,0,0,"Z001",0
"0101261","6474","01/01/26 00:00:00",54,0,1,0,0,0,0,1,47.29000000000001,54,47.29000000000001,0,0,0,"01",1498,0,0,"Z001",0
"0101261","6475","01/01/26 00:00:00",25,0,1,0,0,0,0,1,75.70999999999999,25,75.70999999999999,0,0,0,"01",1499,0,0,"Z001",0
"0101261","6476","01/01/26 00:00:00",87,0,1,0,0,0,0,1,112.12,87,112.12,0,0,0,"01",1500,0,0,"Z001",0
"0101261","6477","01/01/26 00:00:00",50,0,1,0,0,0,0,1,0,50,0,0,0,0,"01",1501,0,0,"Z001",0
"0101261","6479","01/01/26 00:00:00",0,13,1,0,0,0,0,1,0,0,0,0,0,0,"01",1503,0,0,"Z001",0
"0101261","6481","01/01/26 00:00:00",81,0,1,0,0,0,0,1,147.96,81,147.96,0,0,0,"01",1504,0,0,"Z001",0
"0101261","6483","01/01/26 00:00:00",88,0,1,0,0,0,0,1,313.5,88,313.5,0,0,0,"01",1505,0,0,"Z001",0
"0101261","6619","01/01/26 00:00:00",0,22,1,0,0,0,0,1,0,0,0,0,0,0,"01",1528,0,0,"Z001",0
"0101261","6620","01/01/26 00:00:00",37,0,1,0,0,0,0,1,177.78,37,177.78,0,0,0,"01",1529,0,0,"Z001",0
"0101261","787","01/01/26 00:00:00",13.5,0,1,0,0,0,0,1,45.51,13.5,45.51,0,0,0,"01",1535,0,0,"Z001",0
"0101261","251954","01/01/26 00:00:00",24,0,1,0,0,0,0,1,550,24,550,0,0,0,"01",1568,0,0,"Z001",0
"0101261","251955","01/01/26 00:00:00",52,0,1,0,0,0,0,1,650,52,650,0,0,0,"01",1569,0,0,"Z001",0
"0101261","1010","01/01/26 00:00:00",0,2,1,0,0,0,0,1,0,0,0,0,0,0,"01",1353,0,0,"Z001",0
"0101261","1084","01/01/26 00:00:00",84,0,1,0,0,0,0,1,49.31000000000001,84,49.31000000000001,0,0,0,"01",1360,0,0,"Z001",0
"7826","5692","01/06/26 00:00:00",0,1,0,0,1,0,0,0,3400,0,2900,0,0,3400,"01",,1,500,"Z001",0
"7826","5984","01/06/26 00:00:00",0,1,0,0,1,0,0,0,100,0,30,0,0,100,"01",,1,70,"Z001",0
"7826","231903","01/06/26 00:00:00",0,14,0,0,1,0,0,0,5,0,1.09,0,0,5,"01",,1,54.74,"Z001",0
"7826","6505","01/06/26 00:00:00",0,2,0,0,1,0,0,0,100,0,70.16778669724771,0,0,100,"01",,1,59.66442660550459,"Z001",0
"7826","6333","01/06/26 00:00:00",0,1,0,0,1,0,0,0,350,0,230,0,0,350,"01",,1,120,"Z001",0
"7826","6332","01/06/26 00:00:00",0,1,0,0,1,0,0,0,250,0,190,0,0,250,"01",,1,60,"Z001",0
"7826","5969","01/06/26 00:00:00",0,2,0,0,1,0,0,0,30,0,16.11111111111111,0,0,30,"01",,1,27.77777777777778,"Z001",0
"13826","252043","02/28/26 00:00:00",0,2,0,0,1,0,0,0,150,0,107,0,0,150,"01",,1,86,"Z001",0
"13826","1288","02/28/26 00:00:00",0,3,0,0,1,0,0,0,10500,0,9700,0,0,10500,"01",,1,2400,"Z001",0
"13826","5970","02/28/26 00:00:00",0,1,0,0,1,0,0,0,100,0,75,0,0,100,"01",,1,25,"Z001",0
"13826","6563","02/28/26 00:00:00",0,1,0,0,1,0,0,0,3400,0,2500,0,0,3400,"01",,1,900,"Z001",0
"13826","6515","02/28/26 00:00:00",0,1,0,0,1,0,0,0,850,0,530,0,0,850,"01",,1,320,"Z001",0
"13726","6505","02/27/26 00:00:00",0,6,0,0,1,0,0,0,100,0,70.16778669724771,0,0,100,"01",,1,178.9932798165138,"Z001",0
"14026","6099","03/02/26 00:00:00",0,3,0,0,1,0,0,0,100,0,85,0,0,100,"01",,1,45,"Z001",0
"14026","6296","03/02/26 00:00:00",0,1,0,0,1,0,0,0,200,0,76,0,0,200,"01",,1,124,"Z001",0
"14026","6584","03/02/26 00:00:00",0,1,0,0,1,0,0,0,100,0,85,0,0,100,"01",,1,15,"Z001",0
"14026","6150","03/02/26 00:00:00",0,1,0,0,1,0,0,0,3600,0,3400,0,0,3600,"01",,1,200,"Z001",0
"14026","847","03/02/26 00:00:00",0,2,0,0,1,0,0,0,500,0,303.8461538461539,0,0,500,"01",,1,392.3076923076923,"Z001",0
"14026","251941","03/02/26 00:00:00",0,1,0,0,1,0,0,0,450,0,325,0,0,450,"01",,1,125,"Z001",0
"14026","6365","03/02/26 00:00:00",0,1,0,0,1,0,0,0,100,0,0.61,0,0,100,"01",,1,99.39,"Z001",0
"14026","5970","03/02/26 00:00:00",0,1,0,0,1,0,0,0,120,0,75,0,0,120,"01",,1,45,"Z001",0
"14026","6478","03/02/26 00:00:00",0,1,0,0,1,0,0,1,150,0,0,0,0,150,"01",,1,150,"Z001",0
"14126","6390","03/03/26 00:00:00",0,3,0,0,1,0,0,0,750,0,500,0,0,750,"01",,1,750,"Z001",0
"14126","6192","03/03/26 00:00:00",0,26,0,0,1,0,0,0,10,0,2.902173087151433,0,0,10,"01",,1,184.5434997340628,"Z001",0
"14126","891","03/03/26 00:00:00",0,1,0,0,1,0,0,0,250,0,150,0,0,250,"01",,1,100,"Z001",0
"14126","1032","03/03/26 00:00:00",0,10,0,0,1,0,0,0,465,0,388.8888888888889,0,0,465,"01",,1,761.1111111111109,"Z001",0
"14126","5969","03/03/26 00:00:00",0,8,0,0,1,0,0,0,30,0,13.82177479492916,0,0,30,"01",,1,129.4258016405668,"Z001",0
"14126","6098","03/03/26 00:00:00",0,4,0,0,1,0,0,0,50,0,27.55176470588235,0,0,50,"01",,1,89.79294117647059,"Z001",0
"14126","1219","03/03/26 00:00:00",0,2,0,0,1,0,0,0,150,0,180,0,0,150,"01",,1,-60,"Z001",0
"14126","1109","03/03/26 00:00:00",0,1,0,0,1,0,0,0,120,0,125,0,0,120,"01",,1,-5,"Z001",0
"14126","6190","03/03/26 00:00:00",0,4,0,0,1,0,0,0,15,0,5,0,0,15,"01",,1,40,"Z001",0
"13926","6616","02/26/26 00:00:00",0,8,0,0,1,0,0,0,200,0,132.0967741935484,0,0,200,"01",,1,543.2258064516129,"Z001",0
"13926","6505","02/26/26 00:00:00",0,2,0,0,1,0,0,0,100,0,70.16778669724771,0,0,100,"01",,1,59.66442660550459,"Z001",0
"13926","6338","02/26/26 00:00:00",0,2,0,0,1,0,0,0,150,0,100,0,0,150,"01",,1,100,"Z001",0
"13926","252000","02/26/26 00:00:00",0,1,0,0,1,0,0,0,120,0,76,0,0,120,"01",,1,44,"Z001",0
"13926","252048","02/26/26 00:00:00",0,0.1000000014901161,0,0,1,0,0,0,250,0,180,0,0,250,"01",,1,7.000000104308128,"Z001",0
"13926","6478","02/26/26 00:00:00",0,40,0,0,1,0,0,1,100,0,0,0,0,100,"01",,1,4000,"Z001",0
"14726","6063","03/05/26 00:00:00",0,2,0,0,1,0,0,0,50,0,41,0,0,50,"01",,1,18,"Z001",0
"14726","6030","03/05/26 00:00:00",0,1,0,0,1,0,0,0,100,0,80,0,0,100,"01",,1,20,"Z001",0
"14726","6333","03/05/26 00:00:00",0,1,0,0,1,0,0,0,300,0,230,0,0,300,"01",,1,70,"Z001",0
"14726","5969","03/05/26 00:00:00",0,1,0,0,1,0,0,0,50,0,13.82177479492916,0,0,50,"01",,1,36.17822520507085,"Z001",0
"13526","1692","02/24/26 00:00:00",0,1,0,0,1,0,0,0,300,0,100,0,0,300,"01",,1,200,"Z001",0
"17826","6556","03/25/26 00:00:00",1,0,1,0,0,0,0,0,11865.32,1,11865.32,0,0,0,"01",1864,1,0,"Z001",0
"17826","262118","03/25/26 00:00:00",1,0,1,0,0,0,0,0,9000,1,9000,0,0,0,"01",1865,1,0,"Z001",0
"17826","5812","03/25/26 00:00:00",1,0,1,0,0,0,0,0,7925.06,1,7925.06,0,0,0,"01",1866,1,0,"Z001",0
"17826","939","03/25/26 00:00:00",1,0,1,0,0,0,0,0,7000,1,7000,0,0,0,"01",1867,1,0,"Z001",0
"17226","241910","03/16/26 00:00:00",10,0,1,0,0,0,0,0,14000,10,14000,0,0,0,"01",1821,1,0,"Z001",0
"17226","251958","03/16/26 00:00:00",2,0,1,0,0,0,0,0,3700,2,3700,0,0,0,"01",1822,1,0,"Z001",0
"17226","251959","03/16/26 00:00:00",3,0,1,0,0,0,0,0,3900,3,3900,0,0,0,"01",1823,1,0,"Z001",0
"17226","251960","03/16/26 00:00:00",3,0,1,0,0,0,0,0,4100,3,4100,0,0,0,"01",1824,1,0,"Z001",0
"17226","1094","03/16/26 00:00:00",1,0,1,0,0,0,0,0,5500,1,5500,0,0,0,"01",1825,1,0,"Z001",0
"17226","1095","03/16/26 00:00:00",1,0,1,0,0,0,0,0,7000,1,7000,0,0,0,"01",1826,1,0,"Z001",0
"17226","251954","03/16/26 00:00:00",30,0,1,0,0,0,0,0,600,30,600,0,0,0,"01",1827,1,0,"Z001",0
"17226","262103","03/16/26 00:00:00",20,0,1,0,0,0,0,0,950,20,950,0,0,0,"01",1828,1,0,"Z001",0
"17226","262104","03/16/26 00:00:00",100,0,1,0,0,0,0,0,40,100,40,0,0,0,"01",1829,1,0,"Z001",0
"17226","262105","03/16/26 00:00:00",100,0,1,0,0,0,0,0,50,100,50,0,0,0,"01",1830,1,0,"Z001",0
"17226","201789","03/16/26 00:00:00",25,0,1,0,0,0,0,0,70,25,51.37755102040816,0,0,0,"01",1831,1,0,"Z001",0
"17226","262107","03/16/26 00:00:00",5,0,1,0,0,0,0,0,5500,5,5500,0,0,0,"01",1833,1,0,"Z001",0
"17226","262106","03/16/26 00:00:00",5,0,1,0,0,0,0,0,5000,5,5000,0,0,0,"01",1834,1,0,"Z001",0
"16326","251984","03/26/26 00:00:00",0,3,0,0,1,0,0,0,3600,0,3150,0,0,3600,"01",,1,1350,"Z001",0
"16326","5969","03/26/26 00:00:00",0,3,0,0,1,0,0,0,30,0,17.97761900437796,0,0,30,"01",,1,36.06714298686611,"Z001",0
"17726","6173","03/23/26 00:00:00",400,0,1,0,0,0,0,0,60,400,62.91683406990759,0,0,0,"01",1848,1,0,"Z001",0
"17726","6391","03/23/26 00:00:00",150,0,1,0,0,0,0,0,95,150,97.5,0,0,0,"01",1849,1,0,"Z001",0
"17726","944","03/23/26 00:00:00",60,0,1,0,0,0,0,0,180,60,181.2903225806452,0,0,0,"01",1850,1,0,"Z001",0
"17726","1109","03/23/26 00:00:00",400,0,1,0,0,0,0,0,130,400,129.8076923076923,0,0,0,"01",1851,1,0,"Z001",0
"17726","1219","03/23/26 00:00:00",150,0,1,0,0,0,0,0,170,150,173.9516129032258,0,0,0,"01",1852,1,0,"Z001",0
"17726","6234","03/23/26 00:00:00",200,0,1,0,0,0,0,0,15,200,19,0,0,0,"01",1961,1,0,"Z001",0
"17726","262170","03/23/26 00:00:00",200,0,1,0,0,0,0,0,10,200,10,0,0,0,"01",1962,1,0,"Z001",0
"17726","5969","03/23/26 00:00:00",150,0,1,0,0,0,0,0,21.33,150,17.97761900437796,0,0,0,"01",1963,1,0,"Z001",0
"17726","6098","03/23/26 00:00:00",150,0,1,0,0,0,0,0,34.25,150,32.84396654074474,0,0,0,"01",1964,1,0,"Z001",0
"17726","5970","03/23/26 00:00:00",125,0,1,0,0,0,0,0,100,125,87.1124031007752,0,0,0,"01",1854,1,0,"Z001",0
"17726","252024","03/23/26 00:00:00",30,0,1,0,0,0,0,0,170,30,170,0,0,0,"01",1855,1,0,"Z001",0
"17726","262116","03/23/26 00:00:00",18,0,1,0,0,0,0,0,260,18,260,0,0,0,"01",1856,1,0,"Z001",0
"17726","5762","03/23/26 00:00:00",300,0,1,0,0,0,0,0,18,300,15.90114382458603,0,0,0,"01",1857,1,0,"Z001",0
"16826","6173","03/16/26 00:00:00",40,0,1,0,0,0,0,0,67.5,40,71.05263157894737,0,0,0,"01",1809,1,0,"Z001",0
"16826","6098","03/16/26 00:00:00",20,0,1,0,0,0,0,0,35,20,29.74242214532872,0,0,0,"01",1810,1,0,"Z001",0
"15626","6030","03/13/26 00:00:00",0,1,0,0,1,0,0,0,100,0,80,0,0,100,"01",,1,20,"Z001",0
"15626","252045","03/13/26 00:00:00",0,3,0,0,1,0,0,0,100,0,39.17464114832536,0,0,100,"01",,1,182.4760765550239,"Z001",0
"15626","6098","03/13/26 00:00:00",0,1,0,0,1,0,0,0,50,0,27.55176470588235,0,0,50,"01",,1,22.44823529411765,"Z001",0
"15626","6338","03/13/26 00:00:00",0,1,0,0,1,0,0,0,150,0,100,0,0,150,"01",,1,50,"Z001",0
"15626","1287","03/13/26 00:00:00",0,1,0,0,1,0,0,0,13200,0,12400,0,0,13200,"01",,1,800,"Z001",0
"15626","241920","03/13/26 00:00:00",0,1,0,0,1,0,0,0,2800,0,2000,0,0,2800,"01",,1,800,"Z001",0
"15626","6334","03/13/26 00:00:00",0,1,0,0,1,0,0,0,350,0,259.5871559633027,0,0,350,"01",,1,90.41284403669727,"Z001",0
"15626","6620","03/13/26 00:00:00",0,6,0,0,1,0,0,1,250,0,177.78,0,0,250,"01",,1,433.32,"Z001",0
"15526","1556","03/07/26 00:00:00",4,0,1,0,0,0,0,0,2500,4,2500,0,0,0,"01",1772,1,0,"Z001",0
"15926","251941","03/17/26 00:00:00",0,1,0,0,1,0,0,0,450,0,325,0,0,450,"01",,1,125,"Z001",0
"15926","211863","03/17/26 00:00:00",0,1,0,0,1,0,0,0,6300,0,4055.36,0,0,6300,"01",,1,2244.64,"Z001",0
"15926","1288","03/17/26 00:00:00",0,1,0,0,1,0,0,0,10500,0,9700,0,0,10500,"01",,1,800,"Z001",0
"15926","6471","03/17/26 00:00:00",0,2,0,0,1,0,0,0,3400,0,2546.990495642585,0,0,3400,"01",,1,1706.01900871483,"Z001",0
"15926","6338","03/17/26 00:00:00",0,1,0,0,1,0,0,0,150,0,100,0,0,150,"01",,1,50,"Z001",0
"15926","6587","03/17/26 00:00:00",0,1,0,0,1,0,0,0,300,0,135,0,0,300,"01",,1,165,"Z001",0
"15926","5817","03/17/26 00:00:00",0,4,0,0,1,0,0,0,10000,0,7492.124435256655,0,0,10000,"01",,1,10031.50225897338,"Z001",0
"15926","1032","03/17/26 00:00:00",0,1,0,0,1,0,0,0,500,0,388.8888888888889,0,0,500,"01",,1,111.1111111111111,"Z001",0
"15926","252004","03/17/26 00:00:00",0,1,0,0,1,0,0,0,28000,0,19600,0,0,28000,"01",,1,8400,"Z001",0
"15926","6478","03/17/26 00:00:00",0,1,0,0,1,0,0,0,10950,0,9252.531999999999,0,0,10950,"01",,1,1697.468000000001,"Z001",0
"15926","6173","03/17/26 00:00:00",0,10,0,0,1,0,0,0,90,0,71.05263157894737,0,0,90,"01",,1,189.4736842105263,"Z001",0
"16026","262083","03/18/26 00:00:00",0,1,0,0,1,0,0,0,600,0,390,0,0,600,"01",,1,210,"Z001",0
"16026","939","03/18/26 00:00:00",0,1,0,0,1,0,0,0,8940,0,7000,0,0,8940,"01",,1,1940,"Z001",0
"15826","262083","03/16/26 00:00:00",0,1,0,0,1,0,0,0,500,0,390,0,0,500,"01",,1,110,"Z001",0
"15826","251946","03/16/26 00:00:00",0,1,0,0,1,0,0,0,1000,0,824.5813333333333,0,0,1000,"01",,1,175.4186666666667,"Z001",0
"15826","5816","03/16/26 00:00:00",0,1,0,0,1,0,0,0,6500,0,4800,0,0,6500,"01",,1,1700,"Z001",0
"15826","6602","03/16/26 00:00:00",0,9,0,0,1,0,0,0,100,0,70.21683890577508,0,0,100,"01",,1,268.0484498480243,"Z001",0
"15726","221870","03/03/26 00:00:00",5,0,1,0,0,0,0,0,560,5,560,0,0,0,"01",1811,1,0,"Z001",0
"15726","251952","03/14/26 00:00:00",0,1,0,0,1,0,0,0,1300,0,971.29,0,0,1300,"01",,1,328.71,"Z001",0
"15726","241919","03/14/26 00:00:00",0,2,0,0,1,0,0,0,1800,0,1500,0,0,1800,"01",,1,600,"Z001",0
"15726","241923","03/14/26 00:00:00",0,1,0,0,1,0,0,0,400,0,280,0,0,400,"01",,1,120,"Z001",0
"15726","6099","03/14/26 00:00:00",0,1,0,0,1,0,0,0,150,0,85,0,0,150,"01",,1,65,"Z001",0
"15726","252015","03/14/26 00:00:00",0,1,0,0,1,0,0,0,450,0,345.01,0,0,450,"01",,1,104.99,"Z001",0
"18326","973","04/01/26 00:00:00",10,0,1,0,0,0,0,0,750,10,750,0,0,0,"01",1881,1,0,"Z001",0
"18326","262123","04/01/26 00:00:00",1,0,1,0,0,0,0,0,300,1,300,0,0,0,"01",1882,1,0,"Z001",0
"18326","262124","04/01/26 00:00:00",1,0,1,0,0,0,0,0,500,1,500,0,0,0,"01",1883,1,0,"Z001",0
"18326","262125","04/01/26 00:00:00",30,0,1,0,0,0,0,0,90,30,90,0,0,0,"01",1884,1,0,"Z001",0
"18326","262126","04/01/26 00:00:00",20,0,1,0,0,0,0,0,60,20,60,0,0,0,"01",1885,1,0,"Z001",0
"18326","262127","04/01/26 00:00:00",2,0,1,0,0,0,0,0,280,2,280,0,0,0,"01",1886,1,0,"Z001",0
"18326","262128","04/01/26 00:00:00",10,0,1,0,0,0,0,0,90,10,91.94250000000001,0,0,0,"01",1887,1,0,"Z001",0
"18426","6476","04/02/26 00:00:00",16,0,1,0,0,0,0,0,13288.03,16,11380.65491704374,0,0,0,"01",1888,1,0,"Z001",0
"18526","6510","03/31/26 00:00:00",14,0,1,0,0,0,0,1,0,14,0,0,0,0,"01",1889,1,0,"Z001",0
"18626","262129","03/03/26 00:00:00",3,0,1,0,0,0,0,0,20799,3,20799,0,0,0,"01",1890,1,0,"Z001",0
"18626","262093","03/03/26 00:00:00",2,0,1,0,0,0,0,0,9425,2,9425,0,0,0,"01",1891,1,0,"Z001",0
"18726","262130","04/03/26 00:00:00",4,0,1,0,0,0,0,0,8169,4,8169,0,0,0,"01",1892,1,0,"Z001",0
"18726","262131","04/03/26 00:00:00",1,0,1,0,0,0,0,0,7470,1,7470,0,0,0,"01",1893,1,0,"Z001",0
"18726","262132","04/03/26 00:00:00",1,0,1,0,0,0,0,0,7299,1,7299,0,0,0,"01",1894,1,0,"Z001",0
"18726","262133","04/03/26 00:00:00",12,0,1,0,0,0,0,0,739,12,739,0,0,0,"01",1895,1,0,"Z001",0
"18726","262134","04/03/26 00:00:00",24,0,1,0,0,0,0,0,146,24,146,0,0,0,"01",1896,1,0,"Z001",0
"18726","262135","04/03/26 00:00:00",24,0,1,0,0,0,0,0,167,24,167,0,0,0,"01",1897,1,0,"Z001",0
"18926","262123","04/04/26 00:00:00",15,0,1,0,0,0,0,0,230,15,234.375,0,0,0,"01",1902,1,0,"Z001",0
"19026","262140","04/04/26 00:00:00",20,0,1,0,0,0,0,0,20,20,20,0,0,0,"01",1903,1,0,"Z001",0
"19026","6420","04/04/26 00:00:00",2,0,1,0,0,0,0,0,2100,2,2100,0,0,0,"01",1904,1,0,"Z001",0
"15726","251942","03/14/26 00:00:00",0,12,0,0,1,0,0,0,325,0,224.4761273209549,0,0,325,"01",,1,1206.286472148542,"Z001",0
"15726","251941","03/14/26 00:00:00",0,12,0,0,1,0,0,0,425,0,325,0,0,425,"01",,1,1200,"Z001",0
"15726","6616","03/14/26 00:00:00",0,1,0,0,1,0,0,0,200,0,132.0967741935484,0,0,200,"01",,1,67.90322580645162,"Z001",0
"18826","262137","04/03/26 00:00:00",1,0,1,0,0,0,0,0,2400,1,2400,0,0,0,"01",1980,1,0,"Z001",0
"18826","262136","04/03/26 00:00:00",1,0,1,0,0,0,0,0,10000,1,10000,0,0,0,"01",1898,1,0,"Z001",0
"18826","262138","04/03/26 00:00:00",1,0,1,0,0,0,0,0,900,1,900,0,0,0,"01",1899,1,0,"Z001",0
"18826","262139","04/03/26 00:00:00",1,0,1,0,0,0,0,0,2260,1,2260,0,0,0,"01",1900,1,0,"Z001",0
"17626","251957","01/26/26 00:00:00",0,1,0,0,1,0,0,0,2500,0,1185.368,0,0,2500,"01",,1,1314.632,"Z001",0
"17626","262104","01/26/26 00:00:00",0,8,0,0,1,0,0,0,100,0,0,0,0,100,"01",,1,800,"Z001",0
"17626","252052","01/26/26 00:00:00",0,1,0,0,1,0,0,0,3000,0,653.5700000000001,0,0,3000,"01",,1,2346.43,"Z001",0
"17626","251938","01/26/26 00:00:00",0,1,0,0,1,0,0,0,3500,0,1505.667741935484,0,0,3500,"01",,1,1994.332258064516,"Z001",0
"17626","6358","01/26/26 00:00:00",0,3,0,0,1,0,0,0,300,0,0,0,0,300,"01",,1,,"Z001",0
"17626","5832","01/26/26 00:00:00",0,1,0,0,1,0,0,0,300,0,132.0823244552058,0,0,300,"01",,1,167.9176755447942,"Z001",0
"19026","221869","04/13/26 00:00:00",0,1,0,0,1,0,0,0,750,0,445,0,0,750,"01",,1,305,"Z001",0
"19026","6229","04/13/26 00:00:00",0,2,0,0,1,0,0,0,1000,0,697.6470588235294,0,0,1000,"01",,1,604.7058823529412,"Z001",0
"19026","5817","04/13/26 00:00:00",0,4,0,0,1,0,0,0,11000,0,8024.556002892803,0,0,11000,"01",,1,11901.77598842879,"Z001",0
"19026","241933","04/13/26 00:00:00",0,1,0,0,1,0,0,0,1500,0,739.61,0,0,1500,"01",,1,760.39,"Z001",0
"19026","252037","04/13/26 00:00:00",0,2,0,0,1,0,0,0,450,0,305,0,0,450,"01",,1,290,"Z001",0
"19026","6192","04/13/26 00:00:00",0,18,0,0,1,0,0,0,10,0,2.533744026946492,0,0,10,"01",,1,134.3926075149631,"Z001",0
"19026","6100","04/13/26 00:00:00",0,15,0,0,1,0,0,0,10,0,5,0,0,10,"01",,1,75,"Z001",0
"19026","6173","04/13/26 00:00:00",0,13,0,0,1,0,0,0,100,0,62.91683406990759,0,0,100,"01",,1,482.0811570912012,"Z001",0
"19026","252052","04/13/26 00:00:00",0,1,0,0,1,0,0,0,2000,0,653.5700000000001,0,0,2000,"01",,1,1346.43,"Z001",0
"19026","1288","04/13/26 00:00:00",0,2,0,0,1,0,0,0,10500,0,9700,0,0,10500,"01",,1,1600,"Z001",0
"19026","6385","04/13/26 00:00:00",0,1,0,0,1,0,0,0,700,0,450,0,0,700,"01",,1,250,"Z001",0
"19026","6338","04/13/26 00:00:00",0,1,0,0,1,0,0,0,150,0,100,0,0,150,"01",,1,50,"Z001",0
"19026","1368","04/13/26 00:00:00",0,1,0,0,1,0,0,0,2400,0,1700,0,0,2400,"01",,1,700,"Z001",0
"19026","241912","04/13/26 00:00:00",0,7,0,0,1,0,0,0,292.8571472167969,0,66.57356608478803,0,0,292.8571472167969,"01",,1,1583.985067924062,"Z001",0
"19026","5832","04/13/26 00:00:00",0,1,0,0,1,0,0,0,350,0,132.0823244552058,0,0,350,"01",,1,217.9176755447942,"Z001",0
"19026","6030","04/13/26 00:00:00",0,1,0,0,1,0,0,0,100,0,80,0,0,100,"01",,1,20,"Z001",0
"19026","241910","04/13/26 00:00:00",0,10,0,0,1,0,0,1,250,0,17.03,0,0,250,"01",,1,2329.7,"Z001",0
"19026","6474","04/13/26 00:00:00",0,10,0,0,1,0,0,1,80,0,47.29000000000001,0,0,80,"01",,1,327.0999999999999,"Z001",0
"19026","787","04/13/26 00:00:00",0,10,0,0,1,0,0,1,90,0,45.51,0,0,90,"01",,1,444.9,"Z001",0
"17926","6505","04/02/26 00:00:00",0,4,0,0,1,0,0,0,100,0,70.16778669724771,0,0,100,"01",,1,119.3288532110092,"Z001",0
"18926","252029","04/11/26 00:00:00",0,1,0,0,1,0,0,0,50,0,25,0,0,50,"01",,1,25,"Z001",0
"18926","1562","04/11/26 00:00:00",0,4,0,0,1,0,0,0,100,0,35,0,0,100,"01",,1,260,"Z001",0
"18926","262069","04/11/26 00:00:00",0,1,0,0,1,0,0,0,35500,0,25198.04,0,0,35500,"01",,1,10301.96,"Z001",0
"18926","5817","04/11/26 00:00:00",0,2,0,0,1,0,0,0,11000,0,7492.124435256655,0,0,11000,"01",,1,7015.751129486689,"Z001",0
"18926","973","04/11/26 00:00:00",0,1,0,0,1,0,0,0,1500,0,750,0,0,1500,"01",,1,750,"Z001",0
"18926","251936","04/11/26 00:00:00",0,1,0,0,1,0,0,0,1300,0,856,0,0,1300,"01",,1,444,"Z001",0
"18926","262089","04/11/26 00:00:00",0,4,0,0,1,0,0,0,200,0,80,0,0,200,"01",,1,480,"Z001",0
"18926","6030","04/11/26 00:00:00",0,3,0,0,1,0,0,0,100,0,80,0,0,100,"01",,1,60,"Z001",0
"18926","1425","04/11/26 00:00:00",0,2,0,0,1,0,0,0,200,0,80,0,0,200,"01",,1,240,"Z001",0
"18926","262155","04/11/26 00:00:00",0,1,0,0,1,0,0,0,4000,0,3000,0,0,4000,"01",,1,1000,"Z001",0
"20026","262157","04/12/26 00:00:00",1,0,1,0,0,0,0,0,78744.55,1,78744.55,0,0,0,"01",1928,1,0,"Z001",0
"20026","6557","04/12/26 00:00:00",2,0,1,0,0,0,0,0,21032.71,2,21032.71,0,0,0,"01",1925,1,0,"Z001",0
"20026","251948","04/12/26 00:00:00",2,0,1,0,0,0,0,0,24538.16,2,22559.54,0,0,0,"01",1926,1,0,"Z001",0
"20026","262156","04/12/26 00:00:00",1,0,1,0,0,0,0,0,36613.71,1,36613.71,0,0,0,"01",1927,1,0,"Z001",0
"14626","6474","03/04/26 00:00:00",0,1,0,0,1,0,0,0,5600,0,4291.695435028249,0,0,5600,"01",,1,1308.304564971751,"Z001",0
"14626","6030","03/04/26 00:00:00",0,1,0,0,1,0,0,0,100,0,80,0,0,100,"01",,1,20,"Z001",0
"14626","1078","03/04/26 00:00:00",0,1,0,0,1,0,0,0,1300,0,900,0,0,1300,"01",,1,400,"Z001",0
"14626","1037","03/04/26 00:00:00",0,2,0,0,1,0,0,0,350,0,190,0,0,350,"01",,1,320,"Z001",0
"14626","251942","03/04/26 00:00:00",0,2,0,0,1,0,0,0,300,0,216.9435736677115,0,0,300,"01",,1,166.1128526645769,"Z001",0
"16126","6173","03/11/26 00:00:00",40,0,1,0,0,0,0,0,67.5,40,73.63636363636364,0,0,0,"01",1785,1,0,"Z001",0
"16126","6391","03/11/26 00:00:00",30,0,1,0,0,0,0,0,110,30,110,0,0,0,"01",1786,1,0,"Z001",0
"16126","6192","03/11/26 00:00:00",20,0,1,0,0,0,0,0,5,20,2.938688786243662,0,0,0,"01",1787,1,0,"Z001",0
"16226","262088","03/09/26 00:00:00",150,0,1,0,0,0,0,0,400,150,400,0,0,0,"01",1788,1,0,"Z001",0
"14926","6030","03/10/26 00:00:00",0,20,0,0,1,0,0,0,100,0,80,0,0,100,"01",,1,400,"Z001",0
"14926","262088","03/10/26 00:00:00",0,200,0,0,1,0,0,0,500,0,391.4285714285714,0,0,500,"01",,1,21714.28571428571,"Z001",0
"14926","6334","03/10/26 00:00:00",0,40,0,0,1,0,0,0,331.25,0,259.5871559633027,0,0,331.25,"01",,1,2866.513761467891,"Z001",0
"14926","6587","03/10/26 00:00:00",0,10,0,0,1,0,0,0,185,0,135,0,0,185,"01",,1,500,"Z001",0
"14726","1088","03/05/26 00:00:00",0,1,0,0,1,0,0,0,500,0,350,0,0,500,"01",,1,150,"Z001",0
"14726","1078","03/05/26 00:00:00",0,2,0,0,1,0,0,0,1300,0,900,0,0,1300,"01",,1,800,"Z001",0
"14726","6588","03/05/26 00:00:00",0,3,0,0,1,0,0,0,550,0,344.4444444444445,0,0,550,"01",,1,616.6666666666666,"Z001",0
"14726","6474","03/05/26 00:00:00",0,2,0,0,1,0,0,1,70,0,47.29000000000001,0,0,70,"01",,1,45.41999999999999,"Z001",0
"14726","6527","03/05/26 00:00:00",0,5,0,0,1,0,0,1,120,0,0,0,0,120,"01",,1,600,"Z001",0
"14826","1032","03/06/26 00:00:00",0,1,0,0,1,0,0,0,500,0,388.8888888888889,0,0,500,"01",,1,111.1111111111111,"Z001",0
"14826","252015","03/06/26 00:00:00",0,1,0,0,1,0,0,0,500,0,345.01,0,0,500,"01",,1,154.99,"Z001",0
"14826","252009","03/06/26 00:00:00",0,1,0,0,1,0,0,0,300,0,192.95,0,0,300,"01",,1,107.05,"Z001",0
"14826","1109","03/06/26 00:00:00",0,20,0,0,1,0,0,0,150,0,125,0,0,150,"01",,1,500,"Z001",0
"14826","6192","03/06/26 00:00:00",0,20,0,0,1,0,0,0,10,0,2.902173087151433,0,0,10,"01",,1,141.9565382569714,"Z001",0
"14826","6100","03/06/26 00:00:00",0,60,0,0,1,0,0,0,10,0,5,0,0,10,"01",,1,300,"Z001",0
"14826","1007","03/06/26 00:00:00",0,1,0,0,1,0,0,0,21000,0,15000,0,0,21000,"01",,1,6000,"Z001",0
"14826","6554","03/06/26 00:00:00",0,1,0,0,1,0,0,0,22500,0,16250,0,0,22500,"01",,1,6250,"Z001",0
"14826","5970","03/06/26 00:00:00",0,2,0,0,1,0,0,0,120,0,75,0,0,120,"01",,1,90,"Z001",0
"14826","251969","03/06/26 00:00:00",0,2,0,0,1,0,0,0,500,0,312.5,0,0,500,"01",,1,375,"Z001",0
"14826","251942","03/06/26 00:00:00",0,6,0,0,1,0,0,0,350,0,216.9435736677115,0,0,350,"01",,1,798.3385579937308,"Z001",0
"14826","6475","03/06/26 00:00:00",0,6,0,0,1,0,0,1,100,0,75.70999999999999,0,0,100,"01",,1,145.74,"Z001",0
"14826","6481","03/06/26 00:00:00",0,10,0,0,1,0,0,1,200,0,147.96,0,0,200,"01",,1,520.3999999999999,"Z001",0
"14826","241910","03/06/26 00:00:00",0,20,0,0,1,0,0,1,250,0,17.03,0,0,250,"01",,1,4659.4,"Z001",0
"16226","6358","03/21/26 00:00:00",0,1,0,0,1,0,0,0,100,0,120,0,0,100,"01",,1,-20,"Z001",0
"16026","6588","03/18/26 00:00:00",0,1,0,0,1,0,0,0,450,0,344.4444444444445,0,0,450,"01",,1,105.5555555555555,"Z001",0
"16026","5970","03/18/26 00:00:00",0,1,0,0,1,0,0,0,120,0,75,0,0,120,"01",,1,45,"Z001",0
"16026","6030","03/18/26 00:00:00",0,2,0,0,1,0,0,0,100,0,80,0,0,100,"01",,1,40,"Z001",0
"16026","1556","03/18/26 00:00:00",0,1,0,0,1,0,0,0,3500,0,2500,0,0,3500,"01",,1,1000,"Z001",0
"16026","252043","03/18/26 00:00:00",0,1,0,0,1,0,0,0,150,0,107,0,0,150,"01",,1,43,"Z001",0
"16026","252003","03/18/26 00:00:00",0,1,0,0,1,0,0,0,26000,0,14450,0,0,26000,"01",,1,11550,"Z001",0
"16026","973","03/18/26 00:00:00",0,1,0,0,1,0,0,0,1500,0,750,0,0,1500,"01",,1,750,"Z001",0
"16026","252021","03/18/26 00:00:00",0,50,0,0,1,0,0,0,450,0,286.7823798627002,0,0,450,"01",,1,8160.881006864989,"Z001",0
"17026","262098","03/19/26 00:00:00",10,0,1,0,0,0,0,0,1500,10,1500,0,0,0,"01",1813,1,0,"Z001",0
"17126","1037","03/19/26 00:00:00",15,0,1,0,0,0,0,0,180,15,182.5,0,0,0,"01",1818,1,0,"Z001",0
"17126","251941","03/19/26 00:00:00",35,0,1,0,0,0,0,0,290,35,290,0,0,0,"01",1819,1,0,"Z001",0
"17126","262083","03/19/26 00:00:00",15,0,1,0,0,0,0,0,370,15,372.3529411764706,0,0,0,"01",1820,1,0,"Z001",0
"17126","262100","03/19/26 00:00:00",25,0,1,0,0,0,0,0,160,25,160,0,0,0,"01",1815,1,0,"Z001",0
"17126","262101","03/19/26 00:00:00",25,0,1,0,0,0,0,0,180,25,180,0,0,0,"01",1816,1,0,"Z001",0
"17126","262098","03/19/26 00:00:00",10,0,1,0,0,0,0,0,1500,10,1500,0,0,0,"01",1817,1,0,"Z001",0
"17326","6173","03/19/26 00:00:00",40,0,1,0,0,0,0,0,75,40,72.32597623089984,0,0,0,"01",1832,1,0,"Z001",0
"15826","6492","03/16/26 00:00:00",0,1,0,0,1,0,0,0,11000,0,6310,0,0,11000,"01",,1,4690,"Z001",0
"15826","6585","03/16/26 00:00:00",0,2,0,0,1,0,0,0,200,0,125,0,0,200,"01",,1,150,"Z001",0
"15826","6584","03/16/26 00:00:00",0,4,0,0,1,0,0,0,100,0,85,0,0,100,"01",,1,60,"Z001",0
"16326","999","03/26/26 00:00:00",0,1,0,0,1,0,0,0,8500,0,5700,0,0,8500,"01",,1,2800,"Z001",0
"16326","787","03/26/26 00:00:00",0,3,0,0,1,0,0,1,80,0,45.51,0,0,80,"01",,1,103.47,"Z001",0
"16426","6474","03/26/26 00:00:00",0,3,0,0,1,0,0,0,5700,0,4291.695435028249,0,0,5700,"01",,1,4224.913694915254,"Z001",0
"16526","241926","03/27/26 00:00:00",0,1,0,0,1,0,0,0,100000,0,86659.67666666667,0,0,100000,"01",,1,13340.32333333333,"Z001",0
"16526","771","03/27/26 00:00:00",0,1,0,0,1,0,0,0,50000,0,36142.85714285714,0,0,50000,"01",,1,13857.14285714286,"Z001",0
"16526","251944","03/27/26 00:00:00",0,1,0,0,1,0,0,0,2250,0,1416.666666666667,0,0,2250,"01",,1,833.3333333333333,"Z001",0
"16626","1095","03/27/26 00:00:00",0,1,0,0,1,0,0,0,8500,0,7000,0,0,8500,"01",,1,1500,"Z001",0
"16626","241931","03/27/26 00:00:00",0,1,0,0,1,0,0,0,2500,0,1802,0,0,2500,"01",,1,698,"Z001",0
"16626","6346","03/27/26 00:00:00",0,2,0,0,1,0,0,0,500,0,428.1578947368421,0,0,500,"01",,1,143.6842105263158,"Z001",0
"16626","854","03/27/26 00:00:00",0,1,0,0,1,0,0,0,2000,0,650,0,0,2000,"01",,1,1350,"Z001",0
"16626","241910","03/27/26 00:00:00",0,30,0,0,1,0,0,1,160,0,17.03,0,0,160,"01",,1,4289.1,"Z001",0
"17126","6099","03/26/26 00:00:00",0,1,0,0,1,0,0,0,150,0,85,0,0,150,"01",,1,65,"Z001",0
"17626","231903","01/26/26 00:00:00",0,1,0,0,1,0,0,0,350,0,1.09,0,0,350,"01",,1,348.91,"Z001",0
"17926","262128","03/28/26 00:00:00",30,0,1,0,0,0,0,0,92.59,30,92.59,0,0,0,"01",2197,1,0,"Z001",0
"16726","262097","03/14/26 00:00:00",3,0,1,0,0,0,0,0,2800,3,2800,0,0,0,"01",1803,1,0,"Z001",0
"16726","241920","03/14/26 00:00:00",2,0,1,0,0,0,0,0,2000,2,2000,0,0,0,"01",1804,1,0,"Z001",0
"16726","1034","03/14/26 00:00:00",20,0,1,0,0,0,0,0,200,20,200,0,0,0,"01",1805,1,0,"Z001",0
"16726","251942","03/14/26 00:00:00",30,0,1,0,0,0,0,0,230,30,224.4761273209549,0,0,0,"01",1806,1,0,"Z001",0
"16726","1037","03/14/26 00:00:00",5,0,1,0,0,0,0,0,190,5,190,0,0,0,"01",1807,1,0,"Z001",0
"16726","262083","03/14/26 00:00:00",1,0,1,0,0,0,0,0,390,1,390,0,0,0,"01",1808,1,0,"Z001",0
"17426","1491","03/19/26 00:00:00",10,0,1,0,0,0,0,0,975,10,975,0,0,0,"01",1835,1,0,"Z001",0
"17426","262108","03/19/26 00:00:00",10,0,1,0,0,0,0,0,1066,10,1066,0,0,0,"01",1836,1,0,"Z001",0
"17426","262109","03/19/26 00:00:00",5,0,1,0,0,0,0,0,1170,5,1170,0,0,0,"01",1837,1,0,"Z001",0
"17426","262110","03/19/26 00:00:00",5,0,1,0,0,0,0,0,1339,5,1339,0,0,0,"01",1838,1,0,"Z001",0
"17426","262111","03/19/26 00:00:00",2,0,1,0,0,0,0,0,1755,2,1755,0,0,0,"01",1839,1,0,"Z001",0
"17426","1578","03/19/26 00:00:00",5,0,1,0,0,0,0,0,2600,5,2600,0,0,0,"01",1840,1,0,"Z001",0
"17426","211830","03/19/26 00:00:00",2,0,1,0,0,0,0,0,7072,2,7072,0,0,0,"01",1841,1,0,"Z001",0
"17526","6316","01/01/26 00:00:00",3,0,1,0,0,0,0,0,900,3,900,0,0,0,"01",1842,1,0,"Z001",0
"17526","858","01/01/26 00:00:00",3,0,1,0,0,0,0,0,1400,3,1400,0,0,0,"01",1843,1,0,"Z001",0
"15826","252032","03/16/26 00:00:00",0,1,0,0,1,0,0,0,100,0,159.99,0,0,100,"01",,1,-59.99000000000001,"Z001",0
"15826","6365","03/16/26 00:00:00",0,2,0,0,1,0,0,0,150,0,0.61,0,0,150,"01",,1,298.78,"Z001",0
"15826","6063","03/16/26 00:00:00",0,5,0,0,1,0,0,0,50,0,41,0,0,50,"01",,1,45,"Z001",0
"15826","252063","03/16/26 00:00:00",0,1,0,0,1,0,0,0,300,0,180,0,0,300,"01",,1,120,"Z001",0
"15826","252015","03/16/26 00:00:00",0,1,0,0,1,0,0,0,450,0,345.01,0,0,450,"01",,1,104.99,"Z001",0
"15826","6316","03/16/26 00:00:00",0,1,0,0,1,0,0,0,2000,0,900,0,0,2000,"01",,1,1100,"Z001",0
"15826","6477","03/16/26 00:00:00",0,40,0,0,1,0,0,1,270,0,123.4607142857143,0,0,270,"01",,1,5861.571428571428,"Z001",0
"17626","252003","03/21/26 00:00:00",3,0,1,0,0,0,0,0,15900,3,15071.42857142857,0,0,0,"01",1844,1,0,"Z001",0
"17626","252005","03/21/26 00:00:00",2,0,1,0,0,0,0,0,19800,2,19800,0,0,0,"01",1845,1,0,"Z001",0
"17626","262113","03/21/26 00:00:00",1,0,1,0,0,0,0,0,30200,1,30200,0,0,0,"01",1846,1,0,"Z001",0
"17626","262114","03/21/26 00:00:00",10,0,1,0,0,0,0,0,1040,10,1040,0,0,0,"01",1847,1,0,"Z001",0
"16126","6030","03/19/26 00:00:00",0,1,0,0,1,0,0,0,100,0,80,0,0,100,"01",,1,20,"Z001",0
"16126","6471","03/19/26 00:00:00",0,1,0,0,1,0,0,0,3250,0,2546.990495642585,0,0,3250,"01",,1,703.0095043574152,"Z001",0
"16126","251951","03/19/26 00:00:00",0,1,0,0,1,0,0,0,1900,0,1410.17,0,0,1900,"01",,1,489.8299999999999,"Z001",0
"16126","241920","03/19/26 00:00:00",0,1,0,0,1,0,0,0,3000,0,2000,0,0,3000,"01",,1,1000,"Z001",0
"16126","262087","03/19/26 00:00:00",0,1,0,0,1,0,0,0,350,0,0,0,0,350,"01",,1,,"Z001",0
"16126","6338","03/19/26 00:00:00",0,1,0,0,1,0,0,0,150,0,100,0,0,150,"01",,1,50,"Z001",0
"16126","787","03/19/26 00:00:00",0,3,0,0,1,0,0,1,80,0,45.51,0,0,80,"01",,1,103.47,"Z001",0
"16226","252015","03/21/26 00:00:00",0,1,0,0,1,0,0,0,450,0,345.01,0,0,450,"01",,1,104.99,"Z001",0
"17726","262100","03/07/26 00:00:00",0,7,0,0,1,0,0,0,350,0,0,0,0,350,"01",,1,2450,"Z001",0
"18026","5692","04/04/26 00:00:00",0,1,0,0,1,0,0,0,3500,0,2900,0,0,3500,"01",,1,600,"Z001",0
"18026","6505","04/04/26 00:00:00",0,1,0,0,1,0,0,0,100,0,70.16778669724771,0,0,100,"01",,1,29.83221330275229,"Z001",0
"18026","6616","04/04/26 00:00:00",0,1,0,0,1,0,0,0,250,0,132.0967741935484,0,0,250,"01",,1,117.9032258064516,"Z001",0
"18026","201725","04/04/26 00:00:00",0,1,0,0,1,0,0,0,9500,0,6650,0,0,9500,"01",,1,2850,"Z001",0
"18026","6584","04/04/26 00:00:00",0,2,0,0,1,0,0,0,100,0,85,0,0,100,"01",,1,30,"Z001",0
"18026","6602","04/04/26 00:00:00",0,2,0,0,1,0,0,0,100,0,70.21683890577508,0,0,100,"01",,1,59.56632218844985,"Z001",0
"18026","5969","04/04/26 00:00:00",0,2,0,0,1,0,0,0,25,0,17.97761900437796,0,0,25,"01",,1,14.04476199124407,"Z001",0
"18026","6587","04/04/26 00:00:00",0,1,0,0,1,0,0,0,200,0,135,0,0,200,"01",,1,65,"Z001",0
"20126","262158","04/15/26 00:00:00",1,0,1,0,0,0,0,0,450,1,450,0,0,0,"01",1929,1,0,"Z001",0
"17926","6602","04/02/26 00:00:00",0,3,0,0,1,0,0,0,100,0,70.21683890577508,0,0,100,"01",,1,89.34948328267477,"Z001",0
"17926","231902","04/02/26 00:00:00",0,1,0,0,1,0,0,0,8200,0,5072.275555555555,0,0,8200,"01",,1,3127.724444444445,"Z001",0
"17926","6554","04/02/26 00:00:00",0,1,0,0,1,0,0,0,27000,0,15428.57142857143,0,0,27000,"01",,1,11571.42857142857,"Z001",0
"17926","1034","04/02/26 00:00:00",0,1,0,0,1,0,0,0,350,0,200,0,0,350,"01",,1,150,"Z001",0
"17926","6338","04/02/26 00:00:00",0,1,0,0,1,0,0,0,150,0,100,0,0,150,"01",,1,50,"Z001",0
"17926","6563","04/02/26 00:00:00",0,1,0,0,1,0,0,0,3000,0,2500,0,0,3000,"01",,1,500,"Z001",0
"17926","6063","04/02/26 00:00:00",0,1,0,0,1,0,0,0,50,0,41,0,0,50,"01",,1,9,"Z001",0
"17926","1032","04/02/26 00:00:00",0,1,0,0,1,0,0,0,500,0,388.8888888888889,0,0,500,"01",,1,111.1111111111111,"Z001",0
"17926","252011","04/02/26 00:00:00",0,1,0,0,1,0,0,0,600,0,365,0,0,600,"01",,1,235,"Z001",0
"17926","6098","04/02/26 00:00:00",0,1,0,0,1,0,0,0,44,0,32.84396654074474,0,0,44,"01",,1,11.15603345925526,"Z001",0
"17926","1400","04/02/26 00:00:00",0,2,0,0,1,0,0,0,0.5,0,0.53,0,0,0.5,"01",,1,-0.06000000000000005,"Z001",0
"17926","924","04/02/26 00:00:00",0,1,0,0,1,0,0,0,8000,0,6800,0,0,8000,"01",,1,1200,"Z001",0
"17926","241910","04/02/26 00:00:00",0,14,0,0,1,0,0,1,250,0,17.03,0,0,250,"01",,1,3261.58,"Z001",0
"18126","241912","04/06/26 00:00:00",0,1,0,0,1,0,0,0,300,0,66.57356608478803,0,0,300,"01",,1,233.426433915212,"Z001",0
"18126","5969","04/06/26 00:00:00",0,2,0,0,1,0,0,0,30,0,17.97761900437796,0,0,30,"01",,1,24.04476199124407,"Z001",0
"18126","251990","04/06/26 00:00:00",0,2,0,0,1,0,0,0,100,0,60,0,0,100,"01",,1,80,"Z001",0
"18126","262171","04/06/26 00:00:00",0,2,0,0,1,0,0,0,200,0,135,0,0,200,"01",,1,130,"Z001",0
"17626","5817","01/26/26 00:00:00",0,3,0,0,1,0,0,0,11000,0,7299.839537869064,0,0,11000,"01",,1,11100.48138639281,"Z001",0
"17626","241912","01/26/26 00:00:00",0,1,0,0,1,0,0,0,300,0,66.57356608478803,0,0,300,"01",,1,233.426433915212,"Z001",0
"17626","241910","01/26/26 00:00:00",0,20,0,0,1,0,0,1,250,0,17.03,0,0,250,"01",,1,4659.4,"Z001",0
"17626","221881","01/26/26 00:00:00",0,7,0,0,1,0,0,1,50,0,0,0,0,50,"01",,1,350,"Z001",0
"17626","251954","01/26/26 00:00:00",0,3,0,0,1,0,0,1,850,0,0,0,0,850,"01",,1,,"Z001",0
"19126","6554","04/01/26 00:00:00",2,0,1,0,0,0,0,0,16500,2,15428.57142857143,0,0,0,"01",1905,1,0,"Z001",0
"19126","6565","04/01/26 00:00:00",7,0,1,0,0,0,0,0,18000,7,18000,0,0,0,"01",1906,1,0,"Z001",0
"18026","6338","04/04/26 00:00:00",0,1,0,0,1,0,0,0,150,0,100,0,0,150,"01",,1,50,"Z001",0
"18026","6474","04/04/26 00:00:00",0,9,0,0,1,0,0,1,75,0,47.29000000000001,0,0,75,"01",,1,249.3899999999999,"Z001",0
"18026","6477","04/04/26 00:00:00",0,4,0,0,1,0,0,1,280,0,123.4607142857143,0,0,280,"01",,1,626.1571428571428,"Z001",0
"19226","262144","04/09/26 00:00:00",5,0,1,0,0,0,0,0,40000,5,40000,0,0,0,"01",1907,1,0,"Z001",0
"19326","262145","04/10/26 00:00:00",15,0,1,0,0,0,0,0,3130,15,3130,0,0,0,"01",1908,1,0,"Z001",0
"19326","262146","04/10/26 00:00:00",4,0,1,0,0,0,0,0,8149,4,8149,0,0,0,"01",1909,1,0,"Z001",0
"19426","262147","04/10/26 00:00:00",2,0,1,0,0,0,0,0,4300,2,4300,0,0,0,"01",1910,1,0,"Z001",0
"18226","262147","04/10/26 00:00:00",0,2,0,0,1,0,0,0,5000,0,4300,0,0,5000,"01",,1,1400,"Z001",0
"19526","262149","04/10/26 00:00:00",3,0,1,0,0,0,0,0,3500,3,3500,0,0,0,"01",1911,1,0,"Z001",0
"19626","6332","04/11/26 00:00:00",20,0,1,0,0,0,0,0,190,20,190,0,0,0,"01",1912,1,0,"Z001",0
"19626","6399","04/11/26 00:00:00",60,0,1,0,0,0,0,0,110,60,110,0,0,0,"01",1913,1,0,"Z001",0
"19626","6338","04/11/26 00:00:00",60,0,1,0,0,0,0,0,100,60,100,0,0,0,"01",1914,1,0,"Z001",0
"19626","6586","04/11/26 00:00:00",50,0,1,0,0,0,0,0,160,50,160,0,0,0,"01",1915,1,0,"Z001",0
"19726","262151","03/31/26 00:00:00",20,0,1,0,0,0,0,0,6500,20,6500,0,0,0,"01",1916,1,0,"Z001",0
"19726","262152","03/31/26 00:00:00",10,0,1,0,0,0,0,0,150,10,150,0,0,0,"01",1917,1,0,"Z001",0
"19926","262154","04/11/26 00:00:00",1,0,1,0,0,0,0,0,2500,1,2500,0,0,0,"01",1921,1,0,"Z001",0
"19926","262155","04/11/26 00:00:00",1,0,1,0,0,0,0,0,3000,1,3000,0,0,0,"01",1922,1,0,"Z001",0
"19826","262152","04/10/26 00:00:00",20,0,1,0,0,0,0,0,150,20,150,0,0,0,"01",1918,1,0,"Z001",0
"19826","262151","04/10/26 00:00:00",1,0,1,0,0,0,0,0,6500,1,6500,0,0,0,"01",1919,1,0,"Z001",0
"19826","262153","04/10/26 00:00:00",1,0,1,0,0,0,0,0,1500,1,1500,0,0,0,"01",1920,1,0,"Z001",0
"18326","6192","04/11/26 00:00:00",0,15,0,0,1,0,0,0,10,0,2.533744026946492,0,0,10,"01",,1,111.9938395958026,"Z001",0
"18326","6173","04/11/26 00:00:00",0,15,0,0,1,0,0,0,100,0,62.91683406990759,0,0,100,"01",,1,556.2474889513861,"Z001",0
"18426","262130","04/11/26 00:00:00",0,2,0,0,1,0,0,0,10500,0,8105.2,0,0,10500,"01",,1,4789.6,"Z001",0
"18426","262136","04/11/26 00:00:00",0,1,0,0,1,0,0,0,13000,0,10000,0,0,13000,"01",,1,3000,"Z001",0
"18426","262134","04/11/26 00:00:00",0,20,0,0,1,0,0,0,300,0,0,0,0,300,"01",,1,,"Z001",0
"18426","262135","04/11/26 00:00:00",0,10,0,0,1,0,0,0,350,0,0,0,0,350,"01",,1,,"Z001",0
"18126","6471","04/06/26 00:00:00",0,5,0,0,1,0,0,0,3500,0,2546.990495642585,0,0,3500,"01",,1,4765.047521787075,"Z001",0
"18126","5970","04/06/26 00:00:00",0,8,0,0,1,0,0,0,130,0,87.1124031007752,0,0,130,"01",,1,343.1007751937984,"Z001",0
"18126","6363","04/06/26 00:00:00",0,1,0,0,1,0,0,0,250,0,112,0,0,250,"01",,1,138,"Z001",0
"18126","6030","04/06/26 00:00:00",0,1,0,0,1,0,0,0,100,0,80,0,0,100,"01",,1,20,"Z001",0
"18126","6585","04/06/26 00:00:00",0,1,0,0,1,0,0,0,150,0,125,0,0,150,"01",,1,25,"Z001",0
"18126","5762","04/06/26 00:00:00",0,20,0,0,1,0,0,0,20,0,15.90114382458603,0,0,20,"01",,1,81.97712350827931,"Z001",0
"18126","262128","04/06/26 00:00:00",0,2,0,0,1,0,0,0,200,0,91.94250000000001,0,0,200,"01",,1,216.115,"Z001",0
"18126","6471","04/06/26 00:00:00",0,6,0,0,1,0,0,1,50,0,28.11,0,0,50,"01",,1,131.34,"Z001",0
"20026","6333","04/21/26 00:00:00",0,1,0,0,1,0,0,0,350,0,230,0,0,350,"01",,1,120,"Z001",0
"20026","251952","04/21/26 00:00:00",0,1,0,0,1,0,0,0,1500,0,971.29,0,0,1500,"01",,1,528.71,"Z001",0
"20026","6063","04/21/26 00:00:00",0,1,0,0,1,0,0,0,50,0,41,0,0,50,"01",,1,9,"Z001",0
"20026","1692","04/21/26 00:00:00",0,4,0,0,1,0,0,1,20,0,0,0,0,20,"01",,1,80,"Z001",0
"20126","6505","04/22/26 00:00:00",0,1,0,0,1,0,0,0,100,0,70.16778669724771,0,0,100,"01",,1,29.83221330275229,"Z001",0
"20126","231903","04/22/26 00:00:00",0,1,0,0,1,0,0,0,330,0,1.09,0,0,330,"01",,1,328.91,"Z001",0
"20126","6466","04/22/26 00:00:00",0,1,0,0,1,0,0,0,400,0,250,0,0,400,"01",,1,150,"Z001",0
"20126","1549","04/22/26 00:00:00",0,1,0,0,1,0,0,0,300,0,133,0,0,300,"01",,1,167,"Z001",0
"20126","251941","04/22/26 00:00:00",0,2,0,0,1,0,0,0,350,0,290,0,0,350,"01",,1,120,"Z001",0
"20126","262101","04/22/26 00:00:00",0,2,0,0,1,0,0,0,450,0,180,0,0,450,"01",,1,540,"Z001",0
"20126","771","04/22/26 00:00:00",0,1,0,0,1,0,0,0,50000,0,35000,0,0,50000,"01",,1,15000,"Z001",0
"20126","1288","04/22/26 00:00:00",0,2,0,0,1,0,0,0,10500,0,9700,0,0,10500,"01",,1,1600,"Z001",0
"20226","6476","04/23/26 00:00:00",0,1,0,0,1,0,0,0,13500,0,11380.65491704374,0,0,13500,"01",,1,2119.345082956257,"Z001",0
"20226","6335","04/23/26 00:00:00",0,1,0,0,1,0,0,0,300,0,230,0,0,300,"01",,1,70,"Z001",0
"20226","6471","04/23/26 00:00:00",0,1,0,0,1,0,0,0,3500,0,2546.990495642585,0,0,3500,"01",,1,953.0095043574152,"Z001",0
"20226","6474","04/23/26 00:00:00",0,45,0,0,1,0,0,1,77.77777862548828,0,47.29000000000001,0,0,77.77777862548828,"01",,1,1371.950038146972,"Z001",0
"20326","262128","04/24/26 00:00:00",0,5,0,0,1,0,0,0,200,0,91.94250000000001,0,0,200,"01",,1,540.2874999999999,"Z001",0
"20326","6586","04/24/26 00:00:00",0,1,0,0,1,0,0,0,200,0,160,0,0,200,"01",,1,40,"Z001",0
"20326","262163","04/24/26 00:00:00",0,1,0,0,1,0,0,0,200,0,90,0,0,200,"01",,1,110,"Z001",0
"20326","252066","04/24/26 00:00:00",0,1,0,0,1,0,0,0,10,0,13,0,0,10,"01",,1,-3,"Z001",0
"20326","6332","04/24/26 00:00:00",0,1,0,0,1,0,0,0,250,0,190,0,0,250,"01",,1,60,"Z001",0
"20326","252027","04/24/26 00:00:00",0,1,0,0,1,0,0,0,550,0,300,0,0,550,"01",,1,250,"Z001",0
"20326","6338","04/24/26 00:00:00",0,1,0,0,1,0,0,0,150,0,100,0,0,150,"01",,1,50,"Z001",0
"20326","252045","04/24/26 00:00:00",0,2,0,0,1,0,0,0,100,0,39.17464114832536,0,0,100,"01",,1,121.6507177033493,"Z001",0
"20326","252047","04/24/26 00:00:00",0,8,0,0,1,0,0,1,5,0,0,0,0,5,"01",,1,40,"Z001",0
"21526","262128","04/27/26 00:00:00",16,0,1,0,0,0,0,0,100,16,94.57352040816329,0,0,0,"01",1979,1,0,"Z001",0
"22526","252021","01/23/26 00:00:00",400,0,1,0,0,0,0,0,284.2,400,286.7823798627002,0,0,0,"01",2010,1,0,"Z001",0
"21426","262182","04/25/26 00:00:00",30,0,1,0,0,0,0,0,20,30,20,0,0,0,"01",1976,1,0,"Z001",0
"21426","262184","04/25/26 00:00:00",10,0,1,0,0,0,0,0,37,10,37,0,0,0,"01",1977,1,0,"Z001",0
"21426","262180","04/25/26 00:00:00",20,0,1,0,0,0,0,0,480,20,480,0,0,0,"01",1978,1,0,"Z001",0
"20426","771","04/13/26 00:00:00",0,1,0,0,1,0,0,0,35000,0,35000,0,0,35000,"01",,1,0,"Z001",0
"20426","251963","04/13/26 00:00:00",0,10,0,0,1,0,0,0,5500,0,5500,0,0,5500,"01",,1,0,"Z001",0
"20426","252049","04/13/26 00:00:00",0,1,0,0,1,0,0,0,14000,0,13350,0,0,14000,"01",,1,650,"Z001",0
"20426","241926","04/13/26 00:00:00",0,1,0,0,1,0,0,0,78690.53125,0,80000,0,0,78690.53125,"01",,1,-1309.46875,"Z001",0
"16326","5839","03/11/26 00:00:00",2,0,1,0,0,0,0,0,6000,2,6000,0,0,0,"01",1789,1,0,"Z001",0
"16426","251936","03/12/26 00:00:00",30,0,1,0,0,0,0,0,856,30,856,0,0,0,"01",1790,1,0,"Z001",0
"16426","1425","03/12/26 00:00:00",100,0,1,0,0,0,0,0,80,100,80,0,0,0,"01",1791,1,0,"Z001",0
"16426","262089","03/12/26 00:00:00",50,0,1,0,0,0,0,0,80,50,80,0,0,0,"01",1792,1,0,"Z001",0
"16526","262090","03/13/26 00:00:00",1,0,1,0,0,0,0,0,12760,1,12760,0,0,0,"01",1793,1,0,"Z001",0
"16526","262091","03/13/26 00:00:00",3,0,1,0,0,0,0,0,13920,3,13920,0,0,0,"01",1794,1,0,"Z001",0
"16526","262092","03/13/26 00:00:00",1,0,1,0,0,0,0,0,33520,1,33520,0,0,0,"01",1795,1,0,"Z001",0
"16526","262093","03/13/26 00:00:00",3,0,1,0,0,0,0,0,8930,3,9128,0,0,0,"01",1796,1,0,"Z001",0
"16526","262094","03/13/26 00:00:00",1,0,1,0,0,0,0,0,21990,1,21990,0,0,0,"01",1797,1,0,"Z001",0
"13226","252005","02/20/26 00:00:00",0,1,0,0,1,0,0,0,34500,0,19800,0,0,34500,"01",,1,14700,"Z001",0
"13226","241910","02/20/26 00:00:00",0,10,0,0,1,0,0,1,230,0,17.03,0,0,230,"01",,1,2129.7,"Z001",0
"14926","6586","03/10/26 00:00:00",0,12,0,0,1,0,0,0,200,0,160,0,0,200,"01",,1,480,"Z001",0
"14926","6335","03/10/26 00:00:00",0,3,0,0,1,0,0,0,300,0,230,0,0,300,"01",,1,210,"Z001",0
"14926","6585","03/10/26 00:00:00",0,2,0,0,1,0,0,0,180,0,125,0,0,180,"01",,1,110,"Z001",0
"14926","6584","03/10/26 00:00:00",0,3,0,0,1,0,0,0,100,0,85,0,0,100,"01",,1,45,"Z001",0
"14926","251942","03/10/26 00:00:00",0,1,0,0,1,0,0,0,350,0,216.9435736677115,0,0,350,"01",,1,133.0564263322885,"Z001",0
"16226","6587","03/21/26 00:00:00",0,1,0,0,1,0,0,0,200,0,135,0,0,200,"01",,1,65,"Z001",0
"16226","5969","03/21/26 00:00:00",0,1,0,0,1,0,0,0,30,0,13.82177479492916,0,0,30,"01",,1,16.17822520507085,"Z001",0
"16226","5970","03/21/26 00:00:00",0,1,0,0,1,0,0,0,120,0,75,0,0,120,"01",,1,45,"Z001",0
"16226","6002","03/21/26 00:00:00",0,1,0,0,1,0,0,0,70,0,25,0,0,70,"01",,1,45,"Z001",0
"16226","6338","03/21/26 00:00:00",0,1,0,0,1,0,0,0,150,0,100,0,0,150,"01",,1,50,"Z001",0
"16226","252036","03/21/26 00:00:00",0,6,0,0,1,0,0,1,6.666699886322021,0,0,0,0,6.666699886322021,"01",,1,40.00019931793213,"Z001",0
"16226","231903","03/21/26 00:00:00",0,20,0,0,1,0,0,1,2,0,0,0,0,2,"01",,1,40,"Z001",0
"16926","6474","03/24/26 00:00:00",0,40,0,0,1,0,0,1,65,0,47.29000000000001,0,0,65,"01",,1,708.3999999999997,"Z001",0
"16926","6471","03/24/26 00:00:00",0,20,0,0,1,0,0,1,40,0,28.11,0,0,40,"01",,1,237.8,"Z001",0
"18926","241912","04/11/26 00:00:00",0,2,0,0,1,0,0,0,350,0,66.57356608478803,0,0,350,"01",,1,566.852867830424,"Z001",0
"18926","241910","04/11/26 00:00:00",0,30,0,0,1,0,0,1,250,0,17.03,0,0,250,"01",,1,6989.1,"Z001",0
"19826","251965","04/20/26 00:00:00",0,1,0,0,1,0,0,0,1300,0,1013.72,0,0,1300,"01",,1,286.28,"Z001",0
"19826","241912","04/20/26 00:00:00",0,2,0,0,1,0,0,0,250,0,66.57356608478803,0,0,250,"01",,1,366.852867830424,"Z001",0
"19826","252065","04/20/26 00:00:00",0,4,0,0,1,0,0,0,10,0,6,0,0,10,"01",,1,16,"Z001",0
"19826","252064","04/20/26 00:00:00",0,4,0,0,1,0,0,0,20,0,10,0,0,20,"01",,1,40,"Z001",0
"19826","6002","04/20/26 00:00:00",0,2,0,0,1,0,0,0,40,0,25,0,0,40,"01",,1,30,"Z001",0
"19826","262179","04/20/26 00:00:00",0,1,0,0,1,0,0,0,200,0,120,0,0,200,"01",,1,80,"Z001",0
"21226","252029","01/01/26 00:00:00",8,0,1,0,0,0,0,0,25,8,25,0,0,0,"01",1974,1,0,"Z001",0
"15126","6099","03/09/26 00:00:00",0,1,0,0,1,0,0,0,150,0,85,0,0,150,"01",,1,65,"Z001",0
"15126","5817","03/09/26 00:00:00",0,4,0,0,1,0,0,0,10000,0,7492.124435256655,0,0,10000,"01",,1,10031.50225897338,"Z001",0
"15126","251942","03/09/26 00:00:00",0,1,0,0,1,0,0,0,300,0,216.9435736677115,0,0,300,"01",,1,83.05642633228845,"Z001",0
"15126","252044","03/09/26 00:00:00",0,2,0,0,1,0,0,0,250,0,130,0,0,250,"01",,1,240,"Z001",0
"15226","6505","03/10/26 00:00:00",0,1,0,0,1,0,0,0,100,0,70.16778669724771,0,0,100,"01",,1,29.83221330275229,"Z001",0
"15226","1288","03/10/26 00:00:00",0,2,0,0,1,0,0,0,10500,0,9700,0,0,10500,"01",,1,1600,"Z001",0
"15226","5817","03/10/26 00:00:00",0,2,0,0,1,0,0,0,9500,0,7492.124435256655,0,0,9500,"01",,1,4015.751129486689,"Z001",0
"15226","875","03/10/26 00:00:00",0,1,0,0,1,0,0,0,1200,0,850,0,0,1200,"01",,1,350,"Z001",0
"15226","252003","03/10/26 00:00:00",0,1,0,0,1,0,0,0,20000,0,14450,0,0,20000,"01",,1,5550,"Z001",0
"15326","251941","03/11/26 00:00:00",0,1,0,0,1,0,0,0,450,0,325,0,0,450,"01",,1,125,"Z001",0
"15326","6602","03/11/26 00:00:00",0,1,0,0,1,0,0,0,100,0,70.21683890577508,0,0,100,"01",,1,29.78316109422492,"Z001",0
"15326","241923","03/11/26 00:00:00",0,1,0,0,1,0,0,0,400,0,280,0,0,400,"01",,1,120,"Z001",0
"15326","5839","03/11/26 00:00:00",0,1,0,0,1,0,0,0,9500,0,6000,0,0,9500,"01",,1,3500,"Z001",0
"15426","251941","03/12/26 00:00:00",0,2,0,0,1,0,0,0,425,0,325,0,0,425,"01",,1,200,"Z001",0
"15426","859","03/12/26 00:00:00",0,1,0,0,1,0,0,0,3300,0,2833,0,0,3300,"01",,1,467,"Z001",0
"15426","201725","03/12/26 00:00:00",0,1,0,0,1,0,0,0,9000,0,6650,0,0,9000,"01",,1,2350,"Z001",0
"15426","6616","03/12/26 00:00:00",0,2,0,0,1,0,0,0,200,0,132.0967741935484,0,0,200,"01",,1,135.8064516129032,"Z001",0
"15426","221885","03/12/26 00:00:00",0,1,0,0,1,0,0,0,8500,0,6722.6,0,0,8500,"01",,1,1777.4,"Z001",0
"15426","251942","03/12/26 00:00:00",0,2,0,0,1,0,0,0,325,0,216.9435736677115,0,0,325,"01",,1,216.1128526645769,"Z001",0
"14926","241923","03/10/26 00:00:00",0,1,0,0,1,0,0,0,400,0,280,0,0,400,"01",,1,120,"Z001",0
"15526","6474","03/14/26 00:00:00",0,12,0,0,1,0,0,0,5610,0,4291.695435028249,0,0,5610,"01",,1,15819.65477966102,"Z001",0
"16626","6385","03/09/26 00:00:00",10,0,1,0,0,0,0,0,450,10,450,0,0,0,"01",1799,1,0,"Z001",0
"16626","6386","03/09/26 00:00:00",6,0,1,0,0,0,0,0,480,6,480,0,0,0,"01",1800,1,0,"Z001",0
"16626","262095","03/09/26 00:00:00",30,0,1,0,0,0,0,0,100,30,100,0,0,0,"01",1801,1,0,"Z001",0
"16626","6590","03/09/26 00:00:00",10,0,1,0,0,0,0,0,180,10,180,0,0,0,"01",1802,1,0,"Z001",0
"13326","231902","02/17/26 00:00:00",2,0,1,0,0,0,0,0,3500,2,5072.275555555555,0,0,0,"01",1695,1,0,"Z001",0
"16026","252028","03/18/26 00:00:00",0,1,0,0,1,0,0,0,550,0,450,0,0,550,"01",,1,100,"Z001",0
"17126","252045","03/26/26 00:00:00",0,2,0,0,1,0,0,0,100,0,39.17464114832536,0,0,100,"01",,1,121.6507177033493,"Z001",0
"21326","262179","01/01/26 00:00:00",5,0,1,0,0,0,0,0,120,5,120,0,0,0,"01",1975,1,0,"Z001",0
"19826","241910","04/20/26 00:00:00",0,10,0,0,1,0,0,1,250,0,17.03,0,0,250,"01",,1,2329.7,"Z001",0
"19826","221881","04/20/26 00:00:00",0,2,0,0,1,0,0,1,40,0,0,0,0,40,"01",,1,80,"Z001",0
"18826","262130","04/03/26 00:00:00",1,0,1,0,0,0,0,0,7850,1,8105.2,0,0,0,"01",1901,1,0,"Z001",0
"20626","6602","04/25/26 00:00:00",0,3,0,0,1,0,0,0,100,0,70.21683890577508,0,0,100,"01",,1,89.34948328267477,"Z001",0
"20626","241918","04/25/26 00:00:00",0,1,0,0,1,0,0,0,2500,0,653.5700000000001,0,0,2500,"01",,1,1846.43,"Z001",0
"24426","262187","05/23/26 00:00:00",0,1,0,0,1,0,0,0,1000,0,580,0,0,1000,"01",,1,420,"Z001",0
"24426","6563","05/23/26 00:00:00",0,1,0,0,1,0,0,0,3800,0,2500,0,0,3800,"01",,1,1300,"Z001",0
"24426","6505","05/23/26 00:00:00",0,3,0,0,1,0,0,0,116.6666030883789,0,70.16778669724771,0,0,116.6666030883789,"01",,1,139.4964491733936,"Z001",0
"24526","6505","05/25/26 00:00:00",0,1,0,0,1,0,0,0,100,0,70.16778669724771,0,0,100,"01",,1,29.83221330275229,"Z001",0
"24526","262158","05/25/26 00:00:00",0,1,0,0,1,0,0,0,600,0,330,0,0,600,"01",,1,270,"Z001",0
"24526","252003","05/25/26 00:00:00",0,1,0,0,1,0,0,0,25000,0,15764.70588235294,0,0,25000,"01",,1,9235.294117647059,"Z001",0
"24526","5817","05/25/26 00:00:00",0,2,0,0,1,0,0,0,11000,0,8024.556002892803,0,0,11000,"01",,1,5950.887994214394,"Z001",0
"24526","241912","05/25/26 00:00:00",0,2,0,0,1,0,0,0,250,0,66.57356608478803,0,0,250,"01",,1,366.852867830424,"Z001",0
"24526","6616","05/25/26 00:00:00",0,1,0,0,1,0,0,0,200,0,132.0967741935484,0,0,200,"01",,1,67.90322580645162,"Z001",0
"24526","252029","05/25/26 00:00:00",0,1,0,0,1,0,0,0,50,0,25,0,0,50,"01",,1,25,"Z001",0
"23826","201757","05/15/26 00:00:00",0,22,0,0,1,0,0,0,300,0,140,0,0,300,"01",,1,3520,"Z001",0
"23826","836","05/15/26 00:00:00",0,2,0,0,1,0,0,0,300,0,241.1627906976744,0,0,300,"01",,1,117.6744186046512,"Z001",0
"24026","6471","05/24/26 00:00:00",0,4,0,0,1,0,0,0,3450,0,2546.990495642585,0,0,3450,"01",,1,3612.038017429661,"Z001",0
"24026","6602","05/24/26 00:00:00",0,12,0,0,1,0,0,0,80,0,70.21683890577508,0,0,80,"01",,1,117.3979331306991,"Z001",0
"24026","251985","05/24/26 00:00:00",0,38,0,0,1,0,0,0,80,0,52.5,0,0,80,"01",,1,1045,"Z001",0
"24026","252047","05/24/26 00:00:00",0,1,0,0,1,0,0,0,350,0,160,0,0,350,"01",,1,190,"Z001",0
"24026","252048","05/24/26 00:00:00",0,1,0,0,1,0,0,0,350,0,180,0,0,350,"01",,1,170,"Z001",0
"24626","6471","05/26/26 00:00:00",0,60,0,0,1,0,0,0,3349.14990234375,0,2565.22139346889,0,0,3349.14990234375,"01",,1,47035.71053249161,"Z001",0
"24626","6474","05/26/26 00:00:00",0,45,0,0,1,0,0,0,5608.3701171875,0,4291.695435028249,0,0,5608.3701171875,"01",,1,59250.36069716632,"Z001",0
"24026","262219","05/28/26 00:00:00",50,0,1,0,0,0,0,0,101.61,50,101.61,0,0,0,"01",2048,1,0,"Z001",0
"24026","262220","05/28/26 00:00:00",25,0,1,0,0,0,0,0,196.13,25,196.13,0,0,0,"01",2049,1,0,"Z001",0
"24026","251985","05/28/26 00:00:00",360,0,1,0,0,0,0,0,50.11,360,50.80629921259843,0,0,0,"01",2050,1,0,"Z001",0
"24026","6334","05/28/26 00:00:00",100,0,1,0,0,0,0,0,282.26,100,277.8717076058005,0,0,0,"01",2051,1,0,"Z001",0
"24726","5969","03/30/26 00:00:00",0,57,0,0,1,0,0,0,20,0,17.97761900437796,0,0,20,"01",,1,115.2757167504561,"Z001",0
"24726","6098","03/30/26 00:00:00",0,17,0,0,1,0,0,0,40,0,32.84396654074474,0,0,40,"01",,1,121.6525688073395,"Z001",0
"24726","5761","03/30/26 00:00:00",0,20,0,0,1,0,0,0,20,0,14.87392550143266,0,0,20,"01",,1,102.5214899713467,"Z001",0
"24726","1092","03/30/26 00:00:00",0,35,0,0,1,0,0,0,20,0,10,0,0,20,"01",,1,350,"Z001",0
"24726","6030","03/30/26 00:00:00",0,4,0,0,1,0,0,0,100,0,80,0,0,100,"01",,1,80,"Z001",0
"24726","758","03/30/26 00:00:00",0,2,0,0,1,0,0,0,2500,0,1550,0,0,2500,"01",,1,1900,"Z001",0
"24726","252048","03/30/26 00:00:00",0,1,0,0,1,0,0,0,350,0,180,0,0,350,"01",,1,170,"Z001",0
"24726","6192","03/30/26 00:00:00",0,105,0,0,1,0,0,0,10,0,2.533744026946492,0,0,10,"01",,1,783.9568771706183,"Z001",0
"24726","6190","03/30/26 00:00:00",0,10,0,0,1,0,0,0,15,0,4.316939890710382,0,0,15,"01",,1,106.8306010928962,"Z001",0
"24726","1400","03/30/26 00:00:00",0,150,0,0,1,0,0,0,2,0,0.53,0,0,2,"01",,1,220.5,"Z001",0
"23926","6471","05/26/26 00:00:00",3,0,1,0,0,0,0,0,3349.15,3,2565.22139346889,0,0,0,"01",2047,1,0,"Z001",0
"20726","262156","04/22/26 00:00:00",2,0,1,0,0,0,0,0,36588.59,2,36596.96333333333,0,0,0,"01",1943,1,0,"Z001",0
"20726","262157","04/22/26 00:00:00",2,0,1,0,0,0,0,0,78690.53,2,78690.53,0,0,0,"01",1944,1,0,"Z001",0
"20826","251936","04/14/26 00:00:00",50,0,1,0,0,0,0,0,856,50,856,0,0,0,"01",1945,1,0,"Z001",0
"20826","262169","04/14/26 00:00:00",10,0,1,0,0,0,0,0,506,10,506,0,0,0,"01",1946,1,0,"Z001",0
"20826","1425","04/14/26 00:00:00",50,0,1,0,0,0,0,0,80,50,80,0,0,0,"01",1947,1,0,"Z001",0
"20826","262089","04/14/26 00:00:00",25,0,1,0,0,0,0,0,80,25,80,0,0,0,"01",1948,1,0,"Z001",0
"17726","6133","03/23/26 00:00:00",200,0,1,0,0,0,0,0,19,200,22.5,0,0,0,"01",1858,1,0,"Z001",0
"17726","5761","03/23/26 00:00:00",200,0,1,0,0,0,0,0,19,200,14.87392550143266,0,0,0,"01",1859,1,0,"Z001",0
"17726","262117","03/23/26 00:00:00",200,0,1,0,0,0,0,0,20,200,20,0,0,0,"01",1860,1,0,"Z001",0
"17726","6192","03/23/26 00:00:00",3000,0,1,0,0,0,0,0,2.38,3000,2.533744026946492,0,0,0,"01",1861,1,0,"Z001",0
"17726","6190","03/23/26 00:00:00",2000,0,1,0,0,0,0,0,4.25,2000,4.316939890710382,0,0,0,"01",1862,1,0,"Z001",0
"17726","1131","03/23/26 00:00:00",200,0,1,0,0,0,0,0,13,200,15.33333333333333,0,0,0,"01",1960,1,0,"Z001",0
"19626","836","04/18/26 00:00:00",0,2,0,0,1,0,0,0,350,0,241.1627906976744,0,0,350,"01",,1,217.6744186046512,"Z001",0
"19626","252048","04/18/26 00:00:00",0,0.119999997317791,0,0,1,0,0,0,500,0,180,0,0,500,"01",,1,38.39999914169312,"Z001",0
"19626","252047","04/18/26 00:00:00",0,0.119999997317791,0,0,1,0,0,0,500,0,160,0,0,500,"01",,1,40.79999908804893,"Z001",0
"19626","6474","04/18/26 00:00:00",0,1,0,0,1,0,0,0,5700,0,4291.695435028249,0,0,5700,"01",,1,1408.304564971751,"Z001",0
"19626","6471","04/18/26 00:00:00",0,1,0,0,1,0,0,0,3400,0,2546.990495642585,0,0,3400,"01",,1,853.0095043574152,"Z001",0
"19626","6030","04/18/26 00:00:00",0,3,0,0,1,0,0,0,100,0,80,0,0,100,"01",,1,60,"Z001",0
"19626","6602","04/18/26 00:00:00",0,1,0,0,1,0,0,0,100,0,70.21683890577508,0,0,100,"01",,1,29.78316109422492,"Z001",0
"19626","6586","04/18/26 00:00:00",0,2,0,0,1,0,0,0,200,0,160,0,0,200,"01",,1,80,"Z001",0
"19626","211830","04/18/26 00:00:00",0,1,0,0,1,0,0,0,9700,0,7072,0,0,9700,"01",,1,2628,"Z001",0
"19626","6466","04/18/26 00:00:00",0,1,0,0,1,0,0,0,350,0,250,0,0,350,"01",,1,100,"Z001",0
"19626","862","04/18/26 00:00:00",0,1,0,0,1,0,0,0,200,0,120,0,0,200,"01",,1,80,"Z001",0
"19626","962","04/18/26 00:00:00",0,1,0,0,1,0,0,0,650,0,412.3724999999999,0,0,650,"01",,1,237.6275000000001,"Z001",0
"19626","6365","04/18/26 00:00:00",0,1,0,0,1,0,0,0,120,0,0.61,0,0,120,"01",,1,119.39,"Z001",0
"19626","6338","04/18/26 00:00:00",0,1,0,0,1,0,0,0,150,0,100,0,0,150,"01",,1,50,"Z001",0
"19626","6474","04/18/26 00:00:00",0,8,0,0,1,0,0,1,80,0,47.29000000000001,0,0,80,"01",,1,261.6799999999999,"Z001",0
"20626","241933","04/25/26 00:00:00",0,1,0,0,1,0,0,0,1700,0,739.61,0,0,1700,"01",,1,960.39,"Z001",0
"20626","5832","04/25/26 00:00:00",0,1,0,0,1,0,0,0,700,0,132.0823244552058,0,0,700,"01",,1,567.9176755447942,"Z001",0
"20626","1556","04/25/26 00:00:00",0,1,0,0,1,0,0,0,3300,0,2500,0,0,3300,"01",,1,800,"Z001",0
"20626","6365","04/25/26 00:00:00",0,1,0,0,1,0,0,0,100,0,0.61,0,0,100,"01",,1,99.39,"Z001",0
"20626","6025","04/25/26 00:00:00",0,1,0,0,1,0,0,0,100,0,61.75,0,0,100,"01",,1,38.25,"Z001",0
"20626","262163","04/25/26 00:00:00",0,1,0,0,1,0,0,0,200,0,90,0,0,200,"01",,1,110,"Z001",0
"21726","262194","05/02/26 00:00:00",10,0,1,0,0,0,0,0,450,10,450,0,0,0,"01",1988,1,0,"Z001",0
"21726","262158","05/02/26 00:00:00",15,0,1,0,0,0,0,0,330,15,330,0,0,0,"01",1989,1,0,"Z001",0
"21726","262196","05/02/26 00:00:00",5,0,1,0,0,0,0,0,320,5,320,0,0,0,"01",1990,1,0,"Z001",0
"21726","262198","05/02/26 00:00:00",5,0,1,0,0,0,0,0,210,5,210,0,0,0,"01",1991,1,0,"Z001",0
"21726","262197","05/02/26 00:00:00",10,0,1,0,0,0,0,0,180,10,180,0,0,0,"01",1992,1,0,"Z001",0
"21826","1439","05/02/26 00:00:00",1,0,1,0,0,0,0,0,5600,1,5600,0,0,0,"01",1998,1,0,"Z001",0
"22026","241916","05/02/26 00:00:00",2,0,1,0,0,0,0,0,156000,2,156000,0,0,0,"01",2000,1,0,"Z001",0
"22226","241927","03/19/26 00:00:00",5,0,1,0,0,0,0,0,7800,5,7800,0,0,0,"01",2004,1,0,"Z001",0
"22226","262204","03/19/26 00:00:00",5,0,1,0,0,0,0,0,1850,5,1850,0,0,0,"01",2005,1,0,"Z001",0
"22226","1151","03/19/26 00:00:00",5,0,1,0,0,0,0,0,500,5,500,0,0,0,"01",2006,1,0,"Z001",0
"22226","5863","03/19/26 00:00:00",5,0,1,0,0,0,0,0,8200,5,8200,0,0,0,"01",2007,1,0,"Z001",0
"20826","6492","04/28/26 00:00:00",0,10,0,0,1,0,0,1,150,0,0,0,0,150,"01",,1,1500,"Z001",0
"20826","221881","04/28/26 00:00:00",0,10,0,0,1,0,0,1,60,0,0,0,0,60,"01",,1,600,"Z001",0
"20926","252009","04/29/26 00:00:00",0,2,0,0,1,0,0,0,250,0,192.95,0,0,250,"01",,1,114.1,"Z001",0
"20926","262083","04/29/26 00:00:00",0,1,0,0,1,0,0,0,500,0,372.3529411764706,0,0,500,"01",,1,127.6470588235294,"Z001",0
"20926","791","04/29/26 00:00:00",0,1,0,0,1,0,0,0,1500,0,938.6363636363636,0,0,1500,"01",,1,561.3636363636364,"Z001",0
"20926","5817","04/29/26 00:00:00",0,1,0,0,1,0,0,0,11000,0,8024.556002892803,0,0,11000,"01",,1,2975.443997107197,"Z001",0
"20926","6505","04/29/26 00:00:00",0,1,0,0,1,0,0,0,100,0,70.16778669724771,0,0,100,"01",,1,29.83221330275229,"Z001",0
"20926","252045","04/29/26 00:00:00",0,5,0,0,1,0,0,0,100,0,39.17464114832536,0,0,100,"01",,1,304.1267942583732,"Z001",0
"20926","252042","04/29/26 00:00:00",0,2,0,0,1,0,0,0,150,0,78,0,0,150,"01",,1,144,"Z001",0
"20926","6556","04/29/26 00:00:00",0,1,0,0,1,0,0,0,13500,0,11865.32,0,0,13500,"01",,1,1634.68,"Z001",0
"21026","6591","04/30/26 00:00:00",0,1,0,0,1,0,0,0,5000,0,3629.466211260331,0,0,5000,"01",,1,1370.533788739669,"Z001",0
"21026","1037","04/30/26 00:00:00",0,1,0,0,1,0,0,0,350,0,182.5,0,0,350,"01",,1,167.5,"Z001",0
"21126","262158","05/01/26 00:00:00",0,1,0,0,1,0,0,0,550,0,450,0,0,550,"01",,1,100,"Z001",0
"21226","1037","05/02/26 00:00:00",0,1,0,0,1,0,0,0,350,0,182.5,0,0,350,"01",,1,167.5,"Z001",0
"21226","1032","05/02/26 00:00:00",0,2,0,0,1,0,0,0,450,0,388.8888888888889,0,0,450,"01",,1,122.2222222222222,"Z001",0
"21226","6334","05/02/26 00:00:00",0,1,0,0,1,0,0,0,450,0,259.5871559633027,0,0,450,"01",,1,190.4128440366973,"Z001",0
"21226","6098","05/02/26 00:00:00",0,1,0,0,1,0,0,0,50,0,32.84396654074474,0,0,50,"01",,1,17.15603345925526,"Z001",0
"21226","973","05/02/26 00:00:00",0,1,0,0,1,0,0,0,1200,0,750,0,0,1200,"01",,1,450,"Z001",0
"21226","5958","05/02/26 00:00:00",0,20,0,0,1,0,0,0,70,0,40,0,0,70,"01",,1,600,"Z001",0
"21226","6602","05/02/26 00:00:00",0,10,0,0,1,0,0,0,100,0,70.21683890577508,0,0,100,"01",,1,297.8316109422492,"Z001",0
"22126","262203","05/04/26 00:00:00",2,0,1,0,0,0,0,0,320,2,320,0,0,0,"01",2001,1,0,"Z001",0
"22126","262160","05/04/26 00:00:00",2,0,1,0,0,0,0,0,750,2,766.6666666666666,0,0,0,"01",2002,1,0,"Z001",0
"22126","252063","05/04/26 00:00:00",10,0,1,0,0,0,0,0,130,10,138.3333333333333,0,0,0,"01",2003,1,0,"Z001",0
"31826","241927","05/03/26 00:00:00",0,1,0,0,1,0,0,0,8300,0,7800,0,0,8300,"01",,1,500,"Z001",0
"31026","262250","06/30/26 00:00:00",0,4,0,0,1,0,0,0,3360,0,3358.25,0,0,3360,"01",,1,7,"Z001",0
"31026","262251","06/30/26 00:00:00",0,3,0,0,1,0,0,0,380,0,375.25,0,0,380,"01",,1,14.25,"Z001",0
"31926","6030","07/01/26 00:00:00",0,7,0,0,1,0,0,0,130,0,88.2442748091603,0,0,130,"01",,1,292.2900763358779,"Z001",0
"31926","241912","07/01/26 00:00:00",0,2,0,0,1,0,0,0,300,0,66.57356608478803,0,0,300,"01",,1,466.852867830424,"Z001",0
"31926","251941","07/01/26 00:00:00",0,3,0,0,1,0,0,0,400,0,290,0,0,400,"01",,1,330,"Z001",0
"31926","252045","07/01/26 00:00:00",0,2,0,0,1,0,0,0,100,0,39.17464114832536,0,0,100,"01",,1,121.6507177033493,"Z001",0
"31926","251963","07/01/26 00:00:00",0,1,0,0,1,0,0,0,8000,0,5500,0,0,8000,"01",,1,2500,"Z001",0
"31926","262237","07/01/26 00:00:00",0,2,0,0,1,0,0,1,120,0,0,0,0,120,"01",,1,240,"Z001",0
"31926","6475","07/01/26 00:00:00",0,2,0,0,1,0,0,1,150,0,75.70999999999999,0,0,150,"01",,1,148.58,"Z001",0
"32026","6505","07/02/26 00:00:00",0,2,0,0,1,0,0,0,100,0,70.16778669724771,0,0,100,"01",,1,59.66442660550459,"Z001",0
"32026","6602","07/02/26 00:00:00",0,2,0,0,1,0,0,0,100,0,70.21683890577508,0,0,100,"01",,1,59.56632218844985,"Z001",0
"32026","6585","07/02/26 00:00:00",0,2,0,0,1,0,0,0,170,0,128.5928143712575,0,0,170,"01",,1,82.81437125748505,"Z001",0
"32026","6098","07/02/26 00:00:00",0,1,0,0,1,0,0,0,50,0,32.84396654074474,0,0,50,"01",,1,17.15603345925526,"Z001",0
"32026","6572","07/02/26 00:00:00",0,2,0,0,1,0,0,0,3000,0,1800,0,0,3000,"01",,1,2400,"Z001",0
"32026","241912","07/02/26 00:00:00",0,2,0,0,1,0,0,0,300,0,66.57356608478803,0,0,300,"01",,1,466.852867830424,"Z001",0
"32026","262188","07/02/26 00:00:00",0,1,0,0,1,0,0,0,150,0,50,0,0,150,"01",,1,100,"Z001",0
"32026","252009","07/02/26 00:00:00",0,1,0,0,1,0,0,0,250,0,192.95,0,0,250,"01",,1,57.05000000000001,"Z001",0
"32026","252061","07/02/26 00:00:00",0,1,0,0,1,0,0,0,150,0,70,0,0,150,"01",,1,80,"Z001",0
"32026","6474","07/02/26 00:00:00",0,3,0,0,1,0,0,1,80,0,47.29000000000001,0,0,80,"01",,1,98.12999999999998,"Z001",0
"32126","251938","01/03/26 00:00:00",0,2,0,0,1,0,0,0,3500,0,1505.667741935484,0,0,3500,"01",,1,3988.664516129032,"Z001",0
"32126","252052","01/03/26 00:00:00",0,2,0,0,1,0,0,0,2500,0,653.5700000000001,0,0,2500,"01",,1,3692.86,"Z001",0
"32126","251944","01/03/26 00:00:00",0,1,0,0,1,0,0,0,2600,0,1835,0,0,2600,"01",,1,765,"Z001",0
"32126","262106","01/03/26 00:00:00",0,1,0,0,1,0,0,0,7000,0,0,0,0,7000,"01",,1,7000,"Z001",0
"32126","6346","01/03/26 00:00:00",0,2,0,0,1,0,0,0,850,0,428.1578947368421,0,0,850,"01",,1,843.6842105263158,"Z001",0
"32126","6476","01/03/26 00:00:00",0,2,0,0,1,0,0,0,14000,0,10053.78529411765,0,0,14000,"01",,1,7892.4294117647,"Z001",0
"32226","262106","01/03/26 00:00:00",0,1,0,0,1,0,0,0,7000,0,0,0,0,7000,"01",,1,7000,"Z001",0
"32226","6317","01/03/26 00:00:00",0,1,0,0,1,0,0,0,6000,0,2920,0,0,6000,"01",,1,3080,"Z001",0
"32226","252052","01/03/26 00:00:00",0,2,0,0,1,0,0,0,3000,0,653.5700000000001,0,0,3000,"01",,1,4692.86,"Z001",0
"32226","251938","01/03/26 00:00:00",0,2,0,0,1,0,0,0,3500,0,1505.667741935484,0,0,3500,"01",,1,3988.664516129032,"Z001",0
"32226","251953","01/03/26 00:00:00",0,1,0,0,1,0,0,0,3300,0,718.3709677419355,0,0,3300,"01",,1,2581.629032258064,"Z001",0
"32226","251944","01/03/26 00:00:00",0,1,0,0,1,0,0,0,2500,0,1835,0,0,2500,"01",,1,665,"Z001",0
"31726","6565","04/08/26 00:00:00",0,2,0,0,1,0,0,0,20000,0,18000,0,0,20000,"01",,1,4000,"Z001",0
"31726","6554","04/08/26 00:00:00",0,2,0,0,1,0,0,0,17000,0,15428.57142857143,0,0,17000,"01",,1,3142.857142857141,"Z001",0
"18726","5817","04/09/26 00:00:00",0,6,0,0,1,0,0,0,11000,0,7492.124435256655,0,0,11000,"01",,1,21047.25338846007,"Z001",0
"18726","973","04/09/26 00:00:00",0,1,0,0,1,0,0,0,1500,0,750,0,0,1500,"01",,1,750,"Z001",0
"18726","252059","04/09/26 00:00:00",0,1,0,0,1,0,0,0,4800,0,2979,0,0,4800,"01",,1,1821,"Z001",0
"18726","5969","04/09/26 00:00:00",0,1,0,0,1,0,0,0,40,0,17.97761900437796,0,0,40,"01",,1,22.02238099562204,"Z001",0
"18726","6619","04/09/26 00:00:00",0,2,0,0,1,0,0,1,175,0,125.94,0,0,175,"01",,1,98.12,"Z001",0
"18726","241910","04/09/26 00:00:00",0,10,0,0,1,0,0,1,250,0,17.03,0,0,250,"01",,1,2329.7,"Z001",0
"18826","1037","04/10/26 00:00:00",0,1,0,0,1,0,0,0,300,0,182.5,0,0,300,"01",,1,117.5,"Z001",0
"18826","6365","04/10/26 00:00:00",0,1,0,0,1,0,0,0,100,0,0.61,0,0,100,"01",,1,99.39,"Z001",0
"18826","6334","04/10/26 00:00:00",0,1,0,0,1,0,0,0,350,0,259.5871559633027,0,0,350,"01",,1,90.41284403669727,"Z001",0
"18826","6338","04/10/26 00:00:00",0,1,0,0,1,0,0,0,150,0,100,0,0,150,"01",,1,50,"Z001",0
"18826","251941","04/10/26 00:00:00",0,1,0,0,1,0,0,0,400,0,290,0,0,400,"01",,1,110,"Z001",0
"18826","252042","04/10/26 00:00:00",0,1,0,0,1,0,0,0,100,0,78,0,0,100,"01",,1,22,"Z001",0
"20226","221885","04/15/26 00:00:00",8,0,1,0,0,0,0,0,6800,8,6774.2,0,0,0,"01",1930,1,0,"Z001",0
"20326","262159","04/15/26 00:00:00",1,0,1,0,0,0,0,0,220,1,220,0,0,0,"01",1931,1,0,"Z001",0
"20326","262160","04/15/26 00:00:00",1,0,1,0,0,0,0,0,800,1,800,0,0,0,"01",1932,1,0,"Z001",0
"20326","262161","04/15/26 00:00:00",10,0,1,0,0,0,0,0,40,10,40,0,0,0,"01",1933,1,0,"Z001",0
"20326","262162","04/15/26 00:00:00",1,0,1,0,0,0,0,0,1500,1,1500,0,0,0,"01",1934,1,0,"Z001",0
"20426","262164","04/15/26 00:00:00",5,0,1,0,0,0,0,0,450,5,450,0,0,0,"01",1935,1,0,"Z001",0
"20426","262163","04/15/26 00:00:00",10,0,1,0,0,0,0,0,90,10,90,0,0,0,"01",1936,1,0,"Z001",0
"19126","6116","04/14/26 00:00:00",0,1,0,0,1,0,0,0,700,0,550,0,0,700,"01",,1,150,"Z001",0
"19126","6338","04/14/26 00:00:00",0,2,0,0,1,0,0,0,150,0,100,0,0,150,"01",,1,100,"Z001",0
"19126","1692","04/14/26 00:00:00",0,1,0,0,1,0,0,0,200,0,100,0,0,200,"01",,1,100,"Z001",0
"19126","241926","04/14/26 00:00:00",0,1,0,0,1,0,0,0,100000,0,80000,0,0,100000,"01",,1,20000,"Z001",0
"19126","6466","04/14/26 00:00:00",0,1,0,0,1,0,0,0,350,0,250,0,0,350,"01",,1,100,"Z001",0
"19126","6099","04/14/26 00:00:00",0,1,0,0,1,0,0,0,150,0,85,0,0,150,"01",,1,65,"Z001",0
"19126","241923","04/14/26 00:00:00",0,1,0,0,1,0,0,0,400,0,280,0,0,400,"01",,1,120,"Z001",0
"19526","262089","04/17/26 00:00:00",0,4,0,0,1,0,0,0,200,0,80,0,0,200,"01",,1,480,"Z001",0
"19526","252015","04/17/26 00:00:00",0,1,0,0,1,0,0,0,450,0,345.01,0,0,450,"01",,1,104.99,"Z001",0
"19526","6099","04/17/26 00:00:00",0,1,0,0,1,0,0,0,150,0,85,0,0,150,"01",,1,65,"Z001",0
"19526","1034","04/17/26 00:00:00",0,1,0,0,1,0,0,0,300,0,200,0,0,300,"01",,1,100,"Z001",0
"19526","6063","04/17/26 00:00:00",0,1,0,0,1,0,0,0,50,0,41,0,0,50,"01",,1,9,"Z001",0
"19526","6365","04/17/26 00:00:00",0,1,0,0,1,0,0,0,150,0,0.61,0,0,150,"01",,1,149.39,"Z001",0
"19526","6476","04/17/26 00:00:00",0,1,0,0,1,0,0,1,200,0,112.12,0,0,200,"01",,1,87.87999999999997,"Z001",0
"20626","262171","04/25/26 00:00:00",0,1,0,0,1,0,0,0,200,0,135,0,0,200,"01",,1,65,"Z001",0
"25826","262231","06/15/26 00:00:00",2,0,1,0,0,0,0,0,6840.6,2,6840.6,0,0,0,"01",2088,1,0,"Z001",0
"27626","262231","06/12/26 00:00:00",0,2,0,0,1,0,0,0,8500,0,0,0,0,8500,"01",,1,17000,"Z001",0
"27626","6466","06/12/26 00:00:00",0,1,0,0,1,0,0,0,400,0,250,0,0,400,"01",,1,150,"Z001",0
"27626","6334","06/12/26 00:00:00",0,1,0,0,1,0,0,0,350,0,279.3376232854787,0,0,350,"01",,1,70.66237671452126,"Z001",0
"27626","6030","06/12/26 00:00:00",0,2,0,0,1,0,0,0,100,0,88.2442748091603,0,0,100,"01",,1,23.5114503816794,"Z001",0
"27626","262187","06/12/26 00:00:00",0,1,0,0,1,0,0,0,1100,0,580,0,0,1100,"01",,1,520,"Z001",0
"27626","6025","06/12/26 00:00:00",0,1,0,0,1,0,0,0,50,0,61.75,0,0,50,"01",,1,-11.75,"Z001",0
"27626","6591","06/12/26 00:00:00",0,1,0,0,1,0,0,0,5000,0,3698.342661968713,0,0,5000,"01",,1,1301.657338031287,"Z001",0
"27626","252050","06/12/26 00:00:00",0,2,0,0,1,0,0,0,1800,0,400.68,0,0,1800,"01",,1,2798.64,"Z001",0
"27626","1717","06/12/26 00:00:00",0,1,0,0,1,0,0,0,8000,0,4800,0,0,8000,"01",,1,3200,"Z001",0
"27626","262204","06/12/26 00:00:00",0,2,0,0,1,0,0,0,1160,0,1850,0,0,1160,"01",,1,-1380,"Z001",0
"27626","251938","06/12/26 00:00:00",0,2,0,0,1,0,0,0,3500,0,1505.667741935484,0,0,3500,"01",,1,3988.664516129032,"Z001",0
"27626","241933","06/12/26 00:00:00",0,2,0,0,1,0,0,0,2500,0,739.61,0,0,2500,"01",,1,3520.78,"Z001",0
"27626","201762","06/12/26 00:00:00",0,1,0,0,1,0,0,0,750,0,600,0,0,750,"01",,1,150,"Z001",0
"27626","6616","06/12/26 00:00:00",0,2,0,0,1,0,0,0,250,0,132.0967741935484,0,0,250,"01",,1,235.8064516129032,"Z001",0
"27626","862","06/12/26 00:00:00",0,1,0,0,1,0,0,0,250,0,120,0,0,250,"01",,1,130,"Z001",0
"27626","5832","06/12/26 00:00:00",0,2,0,0,1,0,0,0,350,0,132.0823244552058,0,0,350,"01",,1,435.8353510895884,"Z001",0
"27626","898","06/12/26 00:00:00",0,1,0,0,1,0,0,0,36000,0,25000,0,0,36000,"01",,1,11000,"Z001",0
"28026","1471","06/15/26 00:00:00",0,1,0,0,1,0,0,0,12800,0,10800,0,0,12800,"01",,1,2000,"Z001",0
"26126","5970","06/03/26 00:00:00",0,2,0,0,1,0,0,0,130,0,87.1124031007752,0,0,130,"01",,1,85.77519379844961,"Z001",0
"26126","1400","06/03/26 00:00:00",0,20,0,0,1,0,0,0,2.5,0,0.53,0,0,2.5,"01",,1,39.4,"Z001",0
"26126","6334","06/03/26 00:00:00",0,1,0,0,1,0,0,0,350,0,277.8717076058005,0,0,350,"01",,1,72.12829239419949,"Z001",0
"26126","6098","06/03/26 00:00:00",0,1,0,0,1,0,0,0,50,0,32.84396654074474,0,0,50,"01",,1,17.15603345925526,"Z001",0
"27926","262230","06/13/26 00:00:00",0,12,0,0,1,0,0,0,1375,0,364,0,0,1375,"01",,1,12132,"Z001",0
"27926","6391","06/13/26 00:00:00",0,2,0,0,1,0,0,0,130,0,97.5,0,0,130,"01",,1,65,"Z001",0
"27926","262170","06/13/26 00:00:00",0,2,0,0,1,0,0,0,20,0,10,0,0,20,"01",,1,20,"Z001",0
"27926","6466","06/13/26 00:00:00",0,1,0,0,1,0,0,0,350,0,250,0,0,350,"01",,1,100,"Z001",0
"27926","6063","06/13/26 00:00:00",0,1,0,0,1,0,0,0,70,0,43.32758620689656,0,0,70,"01",,1,26.67241379310344,"Z001",0
"27926","201725","06/13/26 00:00:00",0,1,0,0,1,0,0,0,10000,0,6650,0,0,10000,"01",,1,3350,"Z001",0
"27926","937","06/13/26 00:00:00",0,1,0,0,1,0,0,0,4800,0,2600,0,0,4800,"01",,1,2200,"Z001",0
"27926","251948","06/13/26 00:00:00",0,1,0,0,1,0,0,0,34000,0,22559.54,0,0,34000,"01",,1,11440.46,"Z001",0
"27926","262098","06/13/26 00:00:00",0,3,0,0,1,0,0,0,2766.669921875,0,1500,0,0,2766.669921875,"01",,1,3800.009765625,"Z001",0
"27926","6616","06/13/26 00:00:00",0,5,0,0,1,0,0,0,200,0,132.0967741935484,0,0,200,"01",,1,339.516129032258,"Z001",0
"27926","5970","06/13/26 00:00:00",0,1,0,0,1,0,0,0,130,0,87.1124031007752,0,0,130,"01",,1,42.8875968992248,"Z001",0
"27926","6098","06/13/26 00:00:00",0,1,0,0,1,0,0,0,50,0,32.84396654074474,0,0,50,"01",,1,17.15603345925526,"Z001",0
"21226","252005","05/02/26 00:00:00",0,1,0,0,1,0,0,0,35500,0,19800,0,0,35500,"01",,1,15700,"Z001",0
"21226","241931","05/02/26 00:00:00",0,1,0,0,1,0,0,0,2800,0,1802,0,0,2800,"01",,1,998,"Z001",0
"21226","241918","05/02/26 00:00:00",0,1,0,0,1,0,0,0,2500,0,653.5700000000001,0,0,2500,"01",,1,1846.43,"Z001",0
"21226","251938","05/02/26 00:00:00",0,1,0,0,1,0,0,0,3500,0,1505.667741935484,0,0,3500,"01",,1,1994.332258064516,"Z001",0
"21226","1674","05/02/26 00:00:00",0,1,0,0,1,0,0,0,3200,0,2000,0,0,3200,"01",,1,1200,"Z001",0
"21226","5832","05/02/26 00:00:00",0,2,0,0,1,0,0,0,300,0,132.0823244552058,0,0,300,"01",,1,335.8353510895884,"Z001",0
"21226","251969","05/02/26 00:00:00",0,1,0,0,1,0,0,0,850,0,312.5,0,0,850,"01",,1,537.5,"Z001",0
"21226","6364","05/02/26 00:00:00",0,1,0,0,1,0,0,0,300,0,156.3333333333333,0,0,300,"01",,1,143.6666666666667,"Z001",0
"21226","6030","05/02/26 00:00:00",0,4,0,0,1,0,0,0,100,0,80,0,0,100,"01",,1,80,"Z001",0
"21226","262116","05/02/26 00:00:00",0,1,0,0,1,0,0,0,350,0,260,0,0,350,"01",,1,90,"Z001",0
"21226","6466","05/02/26 00:00:00",0,1,0,0,1,0,0,0,400,0,250,0,0,400,"01",,1,150,"Z001",0
"21226","251942","05/02/26 00:00:00",0,1,0,0,1,0,0,0,400,0,224.4761273209549,0,0,400,"01",,1,175.5238726790451,"Z001",0
"21326","262098","05/04/26 00:00:00",0,1,0,0,1,0,0,0,3000,0,1500,0,0,3000,"01",,1,1500,"Z001",0
"21326","252003","05/04/26 00:00:00",0,1,0,0,1,0,0,0,25000,0,15764.70588235294,0,0,25000,"01",,1,9235.294117647059,"Z001",0
"21326","5817","05/04/26 00:00:00",0,10,0,0,1,0,0,0,11000,0,8024.556002892803,0,0,11000,"01",,1,29754.43997107197,"Z001",0
"21326","973","05/04/26 00:00:00",0,1,0,0,1,0,0,0,1250,0,750,0,0,1250,"01",,1,500,"Z001",0
"21326","241912","05/04/26 00:00:00",0,6,0,0,1,0,0,0,250,0,66.57356608478803,0,0,250,"01",,1,1100.558603491272,"Z001",0
"21326","1439","05/04/26 00:00:00",0,1,0,0,1,0,0,0,7300,0,5600,0,0,7300,"01",,1,1700,"Z001",0
"21326","251936","05/04/26 00:00:00",0,8,0,0,1,0,0,0,1500,0,856,0,0,1500,"01",,1,5152,"Z001",0
"21326","262089","05/04/26 00:00:00",0,12,0,0,1,0,0,0,200,0,80,0,0,200,"01",,1,1440,"Z001",0
"21326","1425","05/04/26 00:00:00",0,16,0,0,1,0,0,0,200,0,80,0,0,200,"01",,1,1920,"Z001",0
"21326","262116","05/04/26 00:00:00",0,2,0,0,1,0,0,0,400,0,260,0,0,400,"01",,1,280,"Z001",0
"21326","5832","05/04/26 00:00:00",0,2,0,0,1,0,0,0,300,0,132.0823244552058,0,0,300,"01",,1,335.8353510895884,"Z001",0
"21326","262105","05/04/26 00:00:00",0,4,0,0,1,0,0,0,100,0,50,0,0,100,"01",,1,200,"Z001",0
"21326","262195","05/04/26 00:00:00",0,1,0,0,1,0,0,0,1000,0,550,0,0,1000,"01",,1,450,"Z001",0
"21326","262144","05/04/26 00:00:00",0,1,0,0,1,0,0,0,52000,0,40000,0,0,52000,"01",,1,12000,"Z001",0
"21326","241916","05/04/26 00:00:00",0,1,0,0,1,0,0,0,185000,0,156000,0,0,185000,"01",,1,29000,"Z001",0
"21326","6616","05/04/26 00:00:00",0,2,0,0,1,0,0,0,250,0,132.0967741935484,0,0,250,"01",,1,235.8064516129032,"Z001",0
"21326","241910","05/04/26 00:00:00",0,20,0,0,1,0,0,1,250,0,17.03,0,0,250,"01",,1,4659.4,"Z001",0
"21326","6476","05/04/26 00:00:00",0,10,0,0,1,0,0,1,200,0,112.12,0,0,200,"01",,1,878.7999999999997,"Z001",0
"21426","6584","05/05/26 00:00:00",0,3,0,0,1,0,0,0,100,0,85,0,0,100,"01",,1,45,"Z001",0
"21426","6602","05/05/26 00:00:00",0,2,0,0,1,0,0,0,100,0,70.21683890577508,0,0,100,"01",,1,59.56632218844985,"Z001",0
"21426","5969","05/05/26 00:00:00",0,3,0,0,1,0,0,0,25,0,17.97761900437796,0,0,25,"01",,1,21.06714298686611,"Z001",0
"21426","6334","05/05/26 00:00:00",0,1,0,0,1,0,0,0,300,0,259.5871559633027,0,0,300,"01",,1,40.41284403669727,"Z001",0
"21426","6338","05/05/26 00:00:00",0,1,0,0,1,0,0,0,150,0,100,0,0,150,"01",,1,50,"Z001",0
"21426","6616","05/05/26 00:00:00",0,5,0,0,1,0,0,0,240,0,132.0967741935484,0,0,240,"01",,1,539.516129032258,"Z001",0
"21426","6505","05/05/26 00:00:00",0,15,0,0,1,0,0,0,113.3333282470703,0,70.16778669724771,0,0,113.3333282470703,"01",,1,647.4831232473391,"Z001",0
"21426","6030","05/05/26 00:00:00",0,5,0,0,1,0,0,0,100,0,80,0,0,100,"01",,1,100,"Z001",0
"21426","862","05/05/26 00:00:00",0,2,0,0,1,0,0,0,200,0,120,0,0,200,"01",,1,160,"Z001",0
"21426","252009","05/05/26 00:00:00",0,1,0,0,1,0,0,0,250,0,192.95,0,0,250,"01",,1,57.05000000000001,"Z001",0
"21526","252003","05/06/26 00:00:00",0,1,0,0,1,0,0,0,22000,0,15764.70588235294,0,0,22000,"01",,1,6235.294117647059,"Z001",0
"21526","962","05/06/26 00:00:00",0,1,0,0,1,0,0,0,600,0,412.3724999999999,0,0,600,"01",,1,187.6275000000001,"Z001",0
"21526","262125","05/06/26 00:00:00",0,1,0,0,1,0,0,0,150,0,90,0,0,150,"01",,1,60,"Z001",0
"21526","262198","05/06/26 00:00:00",0,2,0,0,1,0,0,0,400,0,210,0,0,400,"01",,1,380,"Z001",0
"21526","6338","05/06/26 00:00:00",0,1,0,0,1,0,0,0,150,0,100,0,0,150,"01",,1,50,"Z001",0
"21526","6296","05/06/26 00:00:00",0,2,0,0,1,0,0,0,150,0,76,0,0,150,"01",,1,148,"Z001",0
"21526","6025","05/06/26 00:00:00",0,2,0,0,1,0,0,0,100,0,61.75,0,0,100,"01",,1,76.5,"Z001",0
"21526","231903","05/06/26 00:00:00",0,20,0,0,1,0,0,1,2.5,0,0,0,0,2.5,"01",,1,50,"Z001",0
"22326","6614","05/08/26 00:00:00",1,0,1,0,0,0,0,0,3000,1,3000,0,0,0,"01",2008,1,0,"Z001",0
"21626","252021","04/16/26 00:00:00",0,71,0,0,1,0,0,0,285,0,324.8,0,0,285,"01",,1,-2825.800000000001,"Z001",0
"22626","262076","03/26/26 00:00:00",400,0,1,0,0,0,0,0,422.24,400,422.24,0,0,0,"01",2012,1,0,"Z001",0
"22626","252021","03/26/26 00:00:00",800,0,1,0,0,0,0,0,324.8,800,324.8,0,0,0,"01",2013,1,0,"Z001",0
"22526","262076","01/23/26 00:00:00",200,0,1,0,0,0,0,0,422.24,200,422.24,0,0,0,"01",2011,1,0,"Z001",0
"22726","262205","02/20/26 00:00:00",1,0,1,0,0,0,0,0,29400,1,29400,0,0,0,"01",2014,1,0,"Z001",0
"21926","262076","02/24/26 00:00:00",0,176,0,0,1,0,0,0,600,0,422.24,0,0,600,"01",,1,31285.76,"Z001",0
"21926","973","02/24/26 00:00:00",0,1,0,0,1,0,0,0,1500,0,750,0,0,1500,"01",,1,750,"Z001",0
"21926","262205","02/24/26 00:00:00",0,1,0,0,1,0,0,0,40000,0,29400,0,0,40000,"01",,1,10600,"Z001",0
"22226","252029","05/07/26 00:00:00",0,1,0,0,1,0,0,0,50,0,25,0,0,50,"01",,1,25,"Z001",0
"22226","6616","05/07/26 00:00:00",0,1,0,0,1,0,0,0,200,0,132.0967741935484,0,0,200,"01",,1,67.90322580645162,"Z001",0
"22226","262194","05/07/26 00:00:00",0,1,0,0,1,0,0,0,650,0,450,0,0,650,"01",,1,200,"Z001",0
"22226","262101","05/07/26 00:00:00",0,2,0,0,1,0,0,0,350,0,180,0,0,350,"01",,1,340,"Z001",0
"22226","6364","05/07/26 00:00:00",0,1,0,0,1,0,0,0,350,0,156.3333333333333,0,0,350,"01",,1,193.6666666666667,"Z001",0
"22326","262187","05/08/26 00:00:00",0,1,0,0,1,0,0,0,850,0,580,0,0,850,"01",,1,270,"Z001",0
"22326","6614","05/08/26 00:00:00",0,2,0,0,1,0,0,0,5500,0,3000,0,0,5500,"01",,1,5000,"Z001",0
"22326","6390","05/08/26 00:00:00",0,1,0,0,1,0,0,0,800,0,500,0,0,800,"01",,1,300,"Z001",0
"22326","6338","05/08/26 00:00:00",0,1,0,0,1,0,0,0,150,0,100,0,0,150,"01",,1,50,"Z001",0
"22326","252045","05/08/26 00:00:00",0,5,0,0,1,0,0,0,100,0,39.17464114832536,0,0,100,"01",,1,304.1267942583732,"Z001",0
"22126","252021","04/26/26 00:00:00",0,430,0,0,1,0,0,0,400,0,324.8,0,0,400,"01",,1,32336,"Z001",0
"22326","6589","05/08/26 00:00:00",0,1,0,0,1,0,0,0,800,0,570,0,0,800,"01",,1,230,"Z001",0
"22326","787","05/08/26 00:00:00",0,30,0,0,1,0,0,1,100,0,45.51,0,0,100,"01",,1,1634.7,"Z001",0
"22426","251963","05/09/26 00:00:00",0,1,0,0,1,0,0,0,11000,0,5500,0,0,11000,"01",,1,5500,"Z001",0
"22426","201725","05/09/26 00:00:00",0,1,0,0,1,0,0,0,11000,0,6650,0,0,11000,"01",,1,4350,"Z001",0
"22426","6346","05/09/26 00:00:00",0,1,0,0,1,0,0,0,500,0,428.1578947368421,0,0,500,"01",,1,71.84210526315792,"Z001",0
"22426","1032","05/09/26 00:00:00",0,1,0,0,1,0,0,0,450,0,388.8888888888889,0,0,450,"01",,1,61.11111111111109,"Z001",0
"22526","6025","05/10/26 00:00:00",0,1,0,0,1,0,0,0,100,0,61.75,0,0,100,"01",,1,38.25,"Z001",0
"22526","262128","05/10/26 00:00:00",0,1,0,0,1,0,0,0,200,0,93.09613969035891,0,0,200,"01",,1,106.9038603096411,"Z001",0
"22526","6616","05/10/26 00:00:00",0,1,0,0,1,0,0,0,250,0,132.0967741935484,0,0,250,"01",,1,117.9032258064516,"Z001",0
"22526","6099","05/10/26 00:00:00",0,1,0,0,1,0,0,0,200,0,85,0,0,200,"01",,1,115,"Z001",0
"22526","262194","05/10/26 00:00:00",0,1,0,0,1,0,0,0,700,0,450,0,0,700,"01",,1,250,"Z001",0
"22626","262146","05/12/26 00:00:00",0,1,0,0,1,0,0,0,9400,0,8149,0,0,9400,"01",,1,1251,"Z001",0
"22626","252044","05/12/26 00:00:00",0,1,0,0,1,0,0,0,250,0,130,0,0,250,"01",,1,120,"Z001",0
"22626","251946","05/12/26 00:00:00",0,1,0,0,1,0,0,0,1000,0,824.5813333333333,0,0,1000,"01",,1,175.4186666666667,"Z001",0
"22626","6365","05/12/26 00:00:00",0,2,0,0,1,0,0,0,100,0,0.61,0,0,100,"01",,1,198.78,"Z001",0
"22626","6030","05/12/26 00:00:00",0,2,0,0,1,0,0,0,100,0,80,0,0,100,"01",,1,40,"Z001",0
"22626","1691","05/12/26 00:00:00",0,6,0,0,1,0,0,1,10,0,0,0,0,10,"01",,1,60,"Z001",0
"22826","262206","05/14/26 00:00:00",1,0,1,0,0,0,0,0,1400,1,1400,0,0,0,"01",2015,1,0,"Z001",0
"22826","262208","05/14/26 00:00:00",1,0,1,0,0,0,0,0,800,1,800,0,0,0,"01",2016,1,0,"Z001",0
"22826","262209","05/14/26 00:00:00",60,0,1,0,0,0,0,0,3.33,60,3.33,0,0,0,"01",2017,1,0,"Z001",0
"22826","262210","05/14/26 00:00:00",60,0,1,0,0,0,0,0,4.17,60,4.17,0,0,0,"01",2018,1,0,"Z001",0
"22826","262211","05/14/26 00:00:00",20,0,1,0,0,0,0,0,23,20,23,0,0,0,"01",2019,1,0,"Z001",0
"22926","6467","05/14/26 00:00:00",1,0,1,0,0,0,0,0,280,1,280,0,0,0,"01",2023,1,0,"Z001",0
"22926","847","05/14/26 00:00:00",4,0,1,0,0,0,0,0,280,4,297.4871794871795,0,0,0,"01",2020,1,0,"Z001",0
"22926","262212","05/14/26 00:00:00",10,0,1,0,0,0,0,0,80,10,80,0,0,0,"01",2021,1,0,"Z001",0
"22926","5969","05/14/26 00:00:00",32,0,1,0,0,0,0,0,18,32,17.98077403459781,0,0,0,"01",2022,1,0,"Z001",0
"23026","262213","05/15/26 00:00:00",5,0,1,0,0,0,0,0,2000,5,2000,0,0,0,"01",2024,1,0,"Z001",0
"23026","262214","05/15/26 00:00:00",5,0,1,0,0,0,0,0,2000,5,2000,0,0,0,"01",2025,1,0,"Z001",0
"21426","262181","04/25/26 00:00:00",5,0,1,0,0,0,0,0,2200,5,2200,0,0,0,"01",2026,1,0,"Z001",0
"22726","1287","05/13/26 00:00:00",0,2,0,0,1,0,0,0,13500,0,12400,0,0,13500,"01",,1,2200,"Z001",0
"22726","6030","05/13/26 00:00:00",0,1,0,0,1,0,0,0,100,0,80,0,0,100,"01",,1,20,"Z001",0
"22726","6173","05/13/26 00:00:00",0,1,0,0,1,0,0,0,100,0,62.91683406990759,0,0,100,"01",,1,37.08316593009241,"Z001",0
"22726","252029","05/13/26 00:00:00",0,1,0,0,1,0,0,0,50,0,25,0,0,50,"01",,1,25,"Z001",0
"22726","262196","05/13/26 00:00:00",0,1,0,0,1,0,0,0,500,0,320,0,0,500,"01",,1,180,"Z001",0
"27826","771","03/27/26 00:00:00",0,1,0,0,1,0,0,0,57000,0,36142.85714285714,0,0,57000,"01",,1,20857.14285714286,"Z001",0
"27826","241926","03/27/26 00:00:00",0,1,0,0,1,0,0,0,100000,0,86659.67666666667,0,0,100000,"01",,1,13340.32333333333,"Z001",0
"27826","5817","03/27/26 00:00:00",0,8,0,0,1,0,0,0,11000,0,7492.124435256655,0,0,11000,"01",,1,28063.00451794676,"Z001",0
"27826","241918","03/27/26 00:00:00",0,1,0,0,1,0,0,0,3500,0,653.5700000000001,0,0,3500,"01",,1,2846.43,"Z001",0
"27826","251938","03/27/26 00:00:00",0,1,0,0,1,0,0,0,3500,0,1505.667741935484,0,0,3500,"01",,1,1994.332258064516,"Z001",0
"27826","251969","03/27/26 00:00:00",0,1,0,0,1,0,0,0,850,0,312.5,0,0,850,"01",,1,537.5,"Z001",0
"27826","1674","03/27/26 00:00:00",0,1,0,0,1,0,0,0,3500,0,2000,0,0,3500,"01",,1,1500,"Z001",0
"27826","241931","03/27/26 00:00:00",0,1,0,0,1,0,0,0,3500,0,1802,0,0,3500,"01",,1,1698,"Z001",0
"27826","5832","03/27/26 00:00:00",0,2,0,0,1,0,0,0,300,0,132.0823244552058,0,0,300,"01",,1,335.8353510895884,"Z001",0
"27826","251936","03/27/26 00:00:00",0,8,0,0,1,0,0,0,1500,0,856,0,0,1500,"01",,1,5152,"Z001",0
"27826","1425","03/27/26 00:00:00",0,12,0,0,1,0,0,0,200,0,80,0,0,200,"01",,1,1440,"Z001",0
"27826","262089","03/27/26 00:00:00",0,8,0,0,1,0,0,0,200,0,80,0,0,200,"01",,1,960,"Z001",0
"27826","262116","03/27/26 00:00:00",0,2,0,0,1,0,0,0,350,0,260,0,0,350,"01",,1,180,"Z001",0
"27826","6173","03/27/26 00:00:00",0,5,0,0,1,0,0,0,180,0,62.91683406990759,0,0,180,"01",,1,585.415829650462,"Z001",0
"27826","6192","03/27/26 00:00:00",0,10,0,0,1,0,0,0,10,0,2.533744026946492,0,0,10,"01",,1,74.66255973053508,"Z001",0
"27826","6365","03/27/26 00:00:00",0,20,0,0,1,0,0,0,10,0,0.61,0,0,10,"01",,1,187.8,"Z001",0
"27826","6030","03/27/26 00:00:00",0,5,0,0,1,0,0,0,100,0,80,0,0,100,"01",,1,100,"Z001",0
"27826","6364","03/27/26 00:00:00",0,1,0,0,1,0,0,0,300,0,156.3333333333333,0,0,300,"01",,1,143.6666666666667,"Z001",0
"27826","241912","03/27/26 00:00:00",0,2,0,0,1,0,0,0,300,0,66.57356608478803,0,0,300,"01",,1,466.852867830424,"Z001",0
"27826","252037","03/27/26 00:00:00",0,1,0,0,1,0,0,0,350,0,305,0,0,350,"01",,1,45,"Z001",0
"27826","241910","03/27/26 00:00:00",0,40,0,0,1,0,0,1,250,0,17.03,0,0,250,"01",,1,9318.799999999999,"Z001",0
"27826","6476","03/27/26 00:00:00",0,40,0,0,1,0,0,1,200,0,112.12,0,0,200,"01",,1,3515.199999999999,"Z001",0
"27826","1010","03/27/26 00:00:00",0,2,0,0,1,0,0,1,50,0,0,0,0,50,"01",,1,100,"Z001",0
"27826","6477","03/27/26 00:00:00",0,2,0,0,1,0,0,1,300,0,123.4607142857143,0,0,300,"01",,1,353.0785714285714,"Z001",0
"28126","262069","06/17/26 00:00:00",0,3,0,0,1,0,0,0,25000,0,25312.85114285714,0,0,25000,"01",,1,-938.5534285714311,"Z001",0
"28226","6338","03/16/26 00:00:00",0,1,0,0,1,0,0,0,150,0,100,0,0,150,"01",,1,50,"Z001",0
"28226","6272","03/16/26 00:00:00",0,3,0,0,1,0,0,0,15,0,6,0,0,15,"01",,1,27,"Z001",0
"28226","1238","03/16/26 00:00:00",0,10,0,0,1,0,0,0,25,0,15,0,0,25,"01",,1,100,"Z001",0
"28226","6173","03/16/26 00:00:00",0,1,0,0,1,0,0,0,100,0,71.05263157894737,0,0,100,"01",,1,28.94736842105263,"Z001",0
"28226","252066","03/16/26 00:00:00",0,1,0,0,1,0,0,0,25,0,13,0,0,25,"01",,1,12,"Z001",0
"22726","6025","05/13/26 00:00:00",0,1,0,0,1,0,0,0,100,0,61.75,0,0,100,"01",,1,38.25,"Z001",0
"22726","6338","05/13/26 00:00:00",0,1,0,0,1,0,0,0,150,0,100,0,0,150,"01",,1,50,"Z001",0
"22726","862","05/13/26 00:00:00",0,1,0,0,1,0,0,0,200,0,120,0,0,200,"01",,1,80,"Z001",0
"22726","262100","05/13/26 00:00:00",0,1,0,0,1,0,0,0,350,0,160,0,0,350,"01",,1,190,"Z001",0
"22726","262181","05/13/26 00:00:00",0,1,0,0,1,0,0,0,2700,0,2200,0,0,2700,"01",,1,500,"Z001",0
"22826","6334","05/14/26 00:00:00",0,9,0,0,1,0,0,0,300,0,259.5871559633027,0,0,300,"01",,1,363.7155963302754,"Z001",0
"22826","6587","05/14/26 00:00:00",0,19,0,0,1,0,0,0,227.8946990966797,0,135,0,0,227.8946990966797,"01",,1,1764.999282836914,"Z001",0
"22826","6586","05/14/26 00:00:00",0,7,0,0,1,0,0,0,200,0,160,0,0,200,"01",,1,280,"Z001",0
"22826","6584","05/14/26 00:00:00",0,6,0,0,1,0,0,0,100,0,85,0,0,100,"01",,1,90,"Z001",0
"22826","6585","05/14/26 00:00:00",0,7,0,0,1,0,0,0,150,0,125,0,0,150,"01",,1,175,"Z001",0
"22826","6228","05/14/26 00:00:00",0,3,0,0,1,0,0,0,250,0,150,0,0,250,"01",,1,300,"Z001",0
"22826","6505","05/14/26 00:00:00",0,7,0,0,1,0,0,0,100,0,70.16778669724771,0,0,100,"01",,1,208.8254931192661,"Z001",0
"22826","251985","05/14/26 00:00:00",0,4,0,0,1,0,0,0,82.5,0,52.5,0,0,82.5,"01",,1,120,"Z001",0
"22826","1032","05/14/26 00:00:00",0,9,0,0,1,0,0,0,450,0,388.8888888888889,0,0,450,"01",,1,549.9999999999998,"Z001",0
"22826","6063","05/14/26 00:00:00",0,5,0,0,1,0,0,0,50,0,41,0,0,50,"01",,1,45,"Z001",0
"22826","6098","05/14/26 00:00:00",0,2,0,0,1,0,0,0,30,0,32.84396654074474,0,0,30,"01",,1,-5.687933081489476,"Z001",0
"22826","5969","05/14/26 00:00:00",0,3,0,0,1,0,0,0,20,0,17.98077403459781,0,0,20,"01",,1,6.057677896206567,"Z001",0
"22826","6515","05/14/26 00:00:00",0,1,0,0,1,0,0,0,850,0,530,0,0,850,"01",,1,320,"Z001",0
"22826","262212","05/14/26 00:00:00",0,1,0,0,1,0,0,0,150,0,80,0,0,150,"01",,1,70,"Z001",0
"22826","6474","05/14/26 00:00:00",0,8,0,0,1,0,0,0,5575,0,4291.695435028249,0,0,5575,"01",,1,10266.43651977401,"Z001",0
"22826","6471","05/14/26 00:00:00",0,9,0,0,1,0,0,0,3366.669921875,0,2546.990495642585,0,0,3366.669921875,"01",,1,7377.114836091736,"Z001",0
"22826","6030","05/14/26 00:00:00",0,6,0,0,1,0,0,0,100,0,80,0,0,100,"01",,1,120,"Z001",0
"22826","6127","05/14/26 00:00:00",0,18,0,0,1,0,0,0,180,0,130,0,0,180,"01",,1,900,"Z001",0
"22826","6335","05/14/26 00:00:00",0,1,0,0,1,0,0,0,300,0,230,0,0,300,"01",,1,70,"Z001",0
"22826","252045","05/14/26 00:00:00",0,2,0,0,1,0,0,0,100,0,39.17464114832536,0,0,100,"01",,1,121.6507177033493,"Z001",0
"22826","251946","05/14/26 00:00:00",0,1,0,0,1,0,0,0,1200,0,824.5813333333333,0,0,1200,"01",,1,375.4186666666667,"Z001",0
"22826","6365","05/14/26 00:00:00",0,1,0,0,1,0,0,0,100,0,0.61,0,0,100,"01",,1,99.39,"Z001",0
"22926","5761","05/15/26 00:00:00",0,15,0,0,1,0,0,0,30,0,14.87392550143266,0,0,30,"01",,1,226.89111747851,"Z001",0
"22926","6030","05/15/26 00:00:00",0,1,0,0,1,0,0,0,100,0,80,0,0,100,"01",,1,20,"Z001",0
"22926","6616","05/15/26 00:00:00",0,1,0,0,1,0,0,0,200,0,132.0967741935484,0,0,200,"01",,1,67.90322580645162,"Z001",0
"22926","6466","05/15/26 00:00:00",0,1,0,0,1,0,0,0,400,0,250,0,0,400,"01",,1,150,"Z001",0
"28226","252038","03/16/26 00:00:00",0,1,0,0,1,0,0,0,750,0,565,0,0,750,"01",,1,185,"Z001",0
"28226","251991","03/16/26 00:00:00",0,0.1000000014901161,0,0,1,0,0,0,1000,0,166.6666666666667,0,0,1000,"01",,1,83.33333457509677,"Z001",0
"28226","241910","03/16/26 00:00:00",0,50,0,0,1,0,0,1,250,0,17.03,0,0,250,"01",,1,11648.5,"Z001",0
"28226","787","03/16/26 00:00:00",0,25,0,0,1,0,0,1,80,0,45.51,0,0,80,"01",,1,862.25,"Z001",0
"22926","252029","05/15/26 00:00:00",0,1,0,0,1,0,0,0,50,0,25,0,0,50,"01",,1,25,"Z001",0
"22926","6063","05/15/26 00:00:00",0,1,0,0,1,0,0,0,50,0,41,0,0,50,"01",,1,9,"Z001",0
"22926","262196","05/15/26 00:00:00",0,1,0,0,1,0,0,0,600,0,320,0,0,600,"01",,1,280,"Z001",0
"23026","875","05/15/26 00:00:00",0,1,0,0,1,0,0,0,1500,0,850,0,0,1500,"01",,1,650,"Z001",0
"26926","241916","01/02/26 00:00:00",0,3,0,0,1,0,0,0,200000,0,175175.83,0,0,200000,"01",,1,74472.51000000004,"Z001",0
"27126","898","02/26/26 00:00:00",0,1,0,0,1,0,0,0,36000,0,25000,0,0,36000,"01",,1,11000,"Z001",0
"27126","940","02/26/26 00:00:00",0,1,0,0,1,0,0,0,67000,0,54000,0,0,67000,"01",,1,13000,"Z001",0
"27126","5817","02/26/26 00:00:00",0,4,0,0,1,0,0,0,11000,0,7299.839537869064,0,0,11000,"01",,1,14800.64184852374,"Z001",0
"27126","6317","02/26/26 00:00:00",0,1,0,0,1,0,0,0,3000,0,4062.857142857143,0,0,3000,"01",,1,-1062.857142857143,"Z001",0
"27126","252052","02/26/26 00:00:00",0,1,0,0,1,0,0,0,2500,0,653.5700000000001,0,0,2500,"01",,1,1846.43,"Z001",0
"27126","251938","02/26/26 00:00:00",0,1,0,0,1,0,0,0,3000,0,1505.667741935484,0,0,3000,"01",,1,1494.332258064516,"Z001",0
"27126","6346","02/26/26 00:00:00",0,1,0,0,1,0,0,0,500,0,428.1578947368421,0,0,500,"01",,1,71.84210526315792,"Z001",0
"27126","251944","02/26/26 00:00:00",0,1,0,0,1,0,0,0,2500,0,1416.666666666667,0,0,2500,"01",,1,1083.333333333333,"Z001",0
"27126","241931","02/26/26 00:00:00",0,1,0,0,1,0,0,0,3500,0,1802,0,0,3500,"01",,1,1698,"Z001",0
"27126","251936","02/26/26 00:00:00",0,1,0,0,1,0,0,0,1500,0,0,0,0,1500,"01",,1,1500,"Z001",0
"27126","262089","02/26/26 00:00:00",0,4,0,0,1,0,0,0,200,0,0,0,0,200,"01",,1,800,"Z001",0
"27126","1425","02/26/26 00:00:00",0,6,0,0,1,0,0,0,166.6660003662109,0,0,0,0,166.6660003662109,"01",,1,999.9960021972656,"Z001",0
"27126","252024","02/26/26 00:00:00",0,2,0,0,1,0,0,0,250,0,170,0,0,250,"01",,1,160,"Z001",0
"27126","6173","02/26/26 00:00:00",0,2,0,0,1,0,0,0,100,0,90,0,0,100,"01",,1,20,"Z001",0
"27126","241910","02/26/26 00:00:00",0,20,0,0,1,0,0,1,200,0,17.03,0,0,200,"01",,1,3659.4,"Z001",0
"26326","6099","06/10/26 00:00:00",0,2,0,0,1,0,0,0,100,0,85,0,0,100,"01",,1,30,"Z001",0
"26326","6116","06/10/26 00:00:00",0,3,0,0,1,0,0,0,600,0,550,0,0,600,"01",,1,150,"Z001",0
"26326","5692","06/10/26 00:00:00",0,1,0,0,1,0,0,0,3000,0,2859.722222222222,0,0,3000,"01",,1,140.2777777777778,"Z001",0
"26326","6129","06/10/26 00:00:00",0,1,0,0,1,0,0,0,5500,0,4500,0,0,5500,"01",,1,1000,"Z001",0
"27326","1556","06/09/26 00:00:00",0,1,0,0,1,0,0,0,3700,0,2500,0,0,3700,"01",,1,1200,"Z001",0
"27326","262223","06/09/26 00:00:00",0,1,0,0,1,0,0,0,2650,0,1482,0,0,2650,"01",,1,1168,"Z001",0
"27326","5797","06/09/26 00:00:00",0,1,0,0,1,0,0,0,1700,0,1379.9,0,0,1700,"01",,1,320.0999999999999,"Z001",0
"27326","241923","06/09/26 00:00:00",0,1,0,0,1,0,0,0,450,0,280,0,0,450,"01",,1,170,"Z001",0
"27326","251951","06/09/26 00:00:00",0,1,0,0,1,0,0,0,2000,0,1410.17,0,0,2000,"01",,1,589.8299999999999,"Z001",0
"27326","252042","06/09/26 00:00:00",0,1,0,0,1,0,0,0,100,0,78,0,0,100,"01",,1,22,"Z001",0
"27326","262101","06/09/26 00:00:00",0,1,0,0,1,0,0,0,300,0,180,0,0,300,"01",,1,120,"Z001",0
"27326","252063","06/09/26 00:00:00",0,1,0,0,1,0,0,0,200,0,138.3333333333333,0,0,200,"01",,1,61.66666666666666,"Z001",0
"27426","231903","06/10/26 00:00:00",0,1,0,0,1,0,0,0,300,0,1.09,0,0,300,"01",,1,298.91,"Z001",0
"27426","5817","06/10/26 00:00:00",0,1,0,0,1,0,0,0,11000,0,8024.556002892803,0,0,11000,"01",,1,2975.443997107197,"Z001",0
"27426","6564","06/10/26 00:00:00",0,1,0,0,1,0,0,0,3000,0,700,0,0,3000,"01",,1,2300,"Z001",0
"27426","241912","06/10/26 00:00:00",0,1,0,0,1,0,0,0,300,0,66.57356608478803,0,0,300,"01",,1,233.426433915212,"Z001",0
"27426","251944","06/10/26 00:00:00",0,1,0,0,1,0,0,0,1100,0,1416.666666666667,0,0,1100,"01",,1,-316.6666666666667,"Z001",0
"25426","252021","06/02/26 00:00:00",0,183,0,0,1,0,0,0,400,0,324.8,0,0,400,"01",,1,13761.6,"Z001",0
"30326","262144","06/27/26 00:00:00",0,1,0,0,1,0,0,0,48000,0,40000,0,0,48000,"01",,1,8000,"Z001",0
"30426","5817","02/21/26 00:00:00",0,2,0,0,1,0,0,0,10500,0,7299.839537869064,0,0,10500,"01",,1,6400.320924261872,"Z001",0
"30426","973","02/21/26 00:00:00",0,1,0,0,1,0,0,0,1500,0,750,0,0,1500,"01",,1,750,"Z001",0
"30426","262179","02/21/26 00:00:00",0,1,0,0,1,0,0,0,250,0,120,0,0,250,"01",,1,130,"Z001",0
"30426","252013","02/21/26 00:00:00",0,1,0,0,1,0,0,0,700,0,516.2049999999999,0,0,700,"01",,1,183.7950000000001,"Z001",0
"30426","6505","02/21/26 00:00:00",0,2,0,0,1,0,0,0,100,0,70.16778669724771,0,0,100,"01",,1,59.66442660550459,"Z001",0
"30426","6338","02/21/26 00:00:00",0,2,0,0,1,0,0,0,150,0,100,0,0,150,"01",,1,100,"Z001",0
"13526","6332","02/24/26 00:00:00",0,3,0,0,1,0,0,0,250,0,190,0,0,250,"01",,1,180,"Z001",0
"9826","252003","01/27/26 00:00:00",0,2,0,0,1,0,0,0,27000,0,14450,0,0,27000,"01",,1,25100,"Z001",0
"9826","252005","01/27/26 00:00:00",0,1,0,0,1,0,0,0,35000,0,24500,0,0,35000,"01",,1,10500,"Z001",0
"27126","1032","06/27/26 00:00:00",30,0,1,0,0,0,0,0,380,30,382.2222222222222,0,0,0,"01",2132,1,0,"Z001",0
"30526","262104","06/25/26 00:00:00",0,12,0,0,1,0,0,0,80,0,40,0,0,80,"01",,1,480,"Z001",0
"30526","252004","06/25/26 00:00:00",0,1,0,0,1,0,0,0,30500,0,19600,0,0,30500,"01",,1,10900,"Z001",0
"30526","973","06/25/26 00:00:00",0,1,0,0,1,0,0,0,1500,0,750,0,0,1500,"01",,1,750,"Z001",0
"30526","262195","06/25/26 00:00:00",0,1,0,0,1,0,0,0,850,0,550,0,0,850,"01",,1,300,"Z001",0
"30526","262237","06/25/26 00:00:00",0,5,0,0,1,0,0,1,120,0,0,0,0,120,"01",,1,600,"Z001",0
"30626","847","06/26/26 00:00:00",0,2,0,0,1,0,0,0,600,0,297.4871794871795,0,0,600,"01",,1,605.025641025641,"Z001",0
"30626","201761","06/26/26 00:00:00",0,1,0,0,1,0,0,0,550,0,370.01,0,0,550,"01",,1,179.99,"Z001",0
"30626","252061","06/26/26 00:00:00",0,1,0,0,1,0,0,0,100,0,70,0,0,100,"01",,1,30,"Z001",0
"30626","6030","06/26/26 00:00:00",0,2,0,0,1,0,0,0,120,0,88.2442748091603,0,0,120,"01",,1,63.5114503816794,"Z001",0
"30626","787","06/26/26 00:00:00",0,1,0,0,1,0,0,1,100,0,45.51,0,0,100,"01",,1,54.49,"Z001",0
"27226","262230","03/27/26 00:00:00",1,0,1,0,0,0,0,0,364,1,364,0,0,0,"01",2133,1,0,"Z001",0
"30726","262163","06/27/26 00:00:00",0,1,0,0,1,0,0,0,200,0,90,0,0,200,"01",,1,110,"Z001",0
"30726","262230","06/27/26 00:00:00",0,1,0,0,1,0,0,0,1375,0,364,0,0,1375,"01",,1,1011,"Z001",0
"30726","1717","06/27/26 00:00:00",0,1,0,0,1,0,0,0,8000,0,4800,0,0,8000,"01",,1,3200,"Z001",0
"30726","6272","06/27/26 00:00:00",0,2,0,0,1,0,0,0,12.5,0,6,0,0,12.5,"01",,1,13,"Z001",0
"30726","862","06/27/26 00:00:00",0,4,0,0,1,0,0,0,200,0,120,0,0,200,"01",,1,320,"Z001",0
"30726","262089","06/27/26 00:00:00",0,4,0,0,1,0,0,0,200,0,80,0,0,200,"01",,1,480,"Z001",0
"30726","6602","06/27/26 00:00:00",0,1,0,0,1,0,0,0,100,0,70.21683890577508,0,0,100,"01",,1,29.78316109422492,"Z001",0
"30726","6613","06/27/26 00:00:00",0,2,0,0,1,0,0,0,2500,0,1432.89,0,0,2500,"01",,1,2134.22,"Z001",0
"30726","6498","06/27/26 00:00:00",0,4,0,0,1,0,0,1,100,0,0,0,0,100,"01",,1,400,"Z001",0
"27326","262144","06/29/26 00:00:00",3,0,1,0,0,0,0,0,36000,3,37600,0,0,0,"01",2134,1,0,"Z001",0
"27326","262255","06/29/26 00:00:00",2,0,1,0,0,0,0,0,78000,2,78000,0,0,0,"01",2135,1,0,"Z001",0
"27326","262256","06/29/26 00:00:00",1,0,1,0,0,0,0,0,30000,1,30000,0,0,0,"01",2136,1,0,"Z001",0
"27326","262257","06/29/26 00:00:00",1,0,1,0,0,0,0,0,156000,1,156000,0,0,0,"01",2137,1,0,"Z001",0
"23026","836","05/15/26 00:00:00",0,2,0,0,1,0,0,0,350,0,241.1627906976744,0,0,350,"01",,1,217.6744186046512,"Z001",0
"23126","251952","03/23/26 00:00:00",2,0,1,0,0,0,0,0,971.29,2,971.29,0,0,0,"01",2027,1,0,"Z001",0
"23126","251951","03/23/26 00:00:00",2,0,1,0,0,0,0,0,1410.17,2,1410.17,0,0,0,"01",2028,1,0,"Z001",0
"23226","859","03/23/26 00:00:00",3,0,1,0,0,0,0,0,1864,3,1864,0,0,0,"01",2029,1,0,"Z001",0
"23226","1716","03/23/26 00:00:00",3,0,1,0,0,0,0,0,2832.99,3,2832.99,0,0,0,"01",2030,1,0,"Z001",0
"23226","262215","03/23/26 00:00:00",2,0,1,0,0,0,0,0,1346.06,2,1346.06,0,0,0,"01",2031,1,0,"Z001",0
"23326","262216","05/20/26 00:00:00",10,0,1,0,0,0,0,0,320,10,320,0,0,0,"01",2032,1,0,"Z001",0
"23226","1037","05/16/26 00:00:00",0,1,0,0,1,0,0,0,50,0,182.5,0,0,50,"01",,1,-132.5,"Z001",0
"23226","859","05/16/26 00:00:00",0,1,0,0,1,0,0,0,3250,0,1864,0,0,3250,"01",,1,1386,"Z001",0
"23226","5970","05/16/26 00:00:00",0,1,0,0,1,0,0,0,130,0,87.1124031007752,0,0,130,"01",,1,42.8875968992248,"Z001",0
"23226","6334","05/16/26 00:00:00",0,2,0,0,1,0,0,0,350,0,259.5871559633027,0,0,350,"01",,1,180.8256880733945,"Z001",0
"23226","6098","05/16/26 00:00:00",0,2,0,0,1,0,0,0,50,0,32.84396654074474,0,0,50,"01",,1,34.31206691851052,"Z001",0
"23226","251990","05/16/26 00:00:00",0,1,0,0,1,0,0,0,100,0,60,0,0,100,"01",,1,40,"Z001",0
"23226","1034","05/16/26 00:00:00",0,2,0,0,1,0,0,0,325,0,200,0,0,325,"01",,1,250,"Z001",0
"23226","6587","05/16/26 00:00:00",0,1,0,0,1,0,0,0,200,0,135,0,0,200,"01",,1,65,"Z001",0
"23226","6590","05/16/26 00:00:00",0,1,0,0,1,0,0,0,250,0,180,0,0,250,"01",,1,70,"Z001",0
"23226","262199","05/16/26 00:00:00",0,1,0,0,1,0,0,0,100,0,45,0,0,100,"01",,1,55,"Z001",0
"23226","6063","05/16/26 00:00:00",0,1,0,0,1,0,0,0,50,0,41,0,0,50,"01",,1,9,"Z001",0
"23226","6365","05/16/26 00:00:00",0,1,0,0,1,0,0,0,130,0,0.61,0,0,130,"01",,1,129.39,"Z001",0
"23226","6364","05/16/26 00:00:00",0,20,0,0,1,0,0,1,10,0,0,0,0,10,"01",,1,200,"Z001",0
"23226","6481","05/16/26 00:00:00",0,5,0,0,1,0,0,1,250,0,147.96,0,0,250,"01",,1,510.1999999999999,"Z001",0
"23326","252049","05/17/26 00:00:00",0,1,0,0,1,0,0,0,25000,0,13350,0,0,25000,"01",,1,11650,"Z001",0
"23326","973","05/17/26 00:00:00",0,1,0,0,1,0,0,0,1200,0,750,0,0,1200,"01",,1,450,"Z001",0
"23326","241912","05/17/26 00:00:00",0,1,0,0,1,0,0,0,300,0,66.57356608478803,0,0,300,"01",,1,233.426433915212,"Z001",0
"23326","5817","05/17/26 00:00:00",0,2,0,0,1,0,0,0,13000,0,8024.556002892803,0,0,13000,"01",,1,9950.887994214394,"Z001",0
"23326","252020","05/17/26 00:00:00",0,10,0,0,1,0,0,0,300,0,183.6852380952381,0,0,300,"01",,1,1163.147619047619,"Z001",0
"23326","252043","05/17/26 00:00:00",0,2,0,0,1,0,0,0,150,0,107,0,0,150,"01",,1,86,"Z001",0
"23326","1032","05/17/26 00:00:00",0,3,0,0,1,0,0,0,500,0,388.8888888888889,0,0,500,"01",,1,333.3333333333333,"Z001",0
"23326","252042","05/17/26 00:00:00",0,1,0,0,1,0,0,0,150,0,78,0,0,150,"01",,1,72,"Z001",0
"23326","6585","05/17/26 00:00:00",0,1,0,0,1,0,0,0,150,0,125,0,0,150,"01",,1,25,"Z001",0
"23326","6572","05/17/26 00:00:00",0,1,0,0,1,0,0,0,3000,0,1800,0,0,3000,"01",,1,1200,"Z001",0
"23426","262216","05/19/26 00:00:00",0,10,0,0,1,0,0,0,350,0,0,0,0,350,"01",,1,3500,"Z001",0
"33826","6396","07/13/26 00:00:00",0,1,0,0,1,0,0,0,5500,0,3770,0,0,5500,"01",,1,1730,"Z001",0
"33826","6334","07/13/26 00:00:00",0,1,0,0,1,0,0,0,350,0,279.3376232854787,0,0,350,"01",,1,70.66237671452126,"Z001",0
"33826","6098","07/13/26 00:00:00",0,1,0,0,1,0,0,0,50,0,32.84396654074474,0,0,50,"01",,1,17.15603345925526,"Z001",0
"33826","836","07/13/26 00:00:00",0,1,0,0,1,0,0,0,350,0,241.1627906976744,0,0,350,"01",,1,108.8372093023256,"Z001",0
"33826","6030","07/13/26 00:00:00",0,1,0,0,1,0,0,0,150,0,88.2442748091603,0,0,150,"01",,1,61.7557251908397,"Z001",0
"33826","262071","07/13/26 00:00:00",0,1,0,0,1,0,0,0,40000,0,28037.26,0,0,40000,"01",,1,11962.74,"Z001",0
"33826","5817","07/13/26 00:00:00",0,4,0,0,1,0,0,0,12000,0,8350.594956221965,0,0,12000,"01",,1,14597.62017511214,"Z001",0
"33826","6619","07/13/26 00:00:00",0,1,0,0,1,0,0,1,230,0,125.94,0,0,230,"01",,1,104.06,"Z001",0
"33926","262106","07/09/26 00:00:00",0,1,0,0,1,0,0,0,7500,0,5000,0,0,7500,"01",,1,2500,"Z001",0
"33926","251957","07/09/26 00:00:00",0,1,0,0,1,0,0,0,3500,0,1185.368,0,0,3500,"01",,1,2314.632,"Z001",0
"33926","251938","07/09/26 00:00:00",0,2,0,0,1,0,0,0,3000,0,1505.667741935484,0,0,3000,"01",,1,2988.664516129032,"Z001",0
"33926","241912","07/09/26 00:00:00",0,5,0,0,1,0,0,0,250,0,66.57356608478803,0,0,250,"01",,1,917.1321695760599,"Z001",0
"33926","6030","07/09/26 00:00:00",0,3,0,0,1,0,0,0,120,0,88.2442748091603,0,0,120,"01",,1,95.26717557251909,"Z001",0
"33926","6391","07/09/26 00:00:00",0,5,0,0,1,0,0,0,140,0,97.5,0,0,140,"01",,1,212.5,"Z001",0
"33926","1219","07/09/26 00:00:00",0,2,0,0,1,0,0,0,220,0,173.9516129032258,0,0,220,"01",,1,92.09677419354841,"Z001",0
"33926","262139","07/09/26 00:00:00",0,1,0,0,1,0,0,0,1700,0,1360,0,0,1700,"01",,1,340,"Z001",0
"33926","6190","07/09/26 00:00:00",0,1,0,0,1,0,0,0,20,0,4.316939890710382,0,0,20,"01",,1,15.68306010928962,"Z001",0
"33926","262116","07/09/26 00:00:00",0,4,0,0,1,0,0,0,350,0,260,0,0,350,"01",,1,360,"Z001",0
"33926","5839","07/09/26 00:00:00",0,1,0,0,1,0,0,0,8500,0,6000,0,0,8500,"01",,1,2500,"Z001",0
"33926","6364","07/09/26 00:00:00",0,1,0,0,1,0,0,0,250,0,156.3333333333333,0,0,250,"01",,1,93.66666666666666,"Z001",0
"33926","241918","07/09/26 00:00:00",0,2,0,0,1,0,0,0,2000,0,653.5700000000001,0,0,2000,"01",,1,2692.86,"Z001",0
"33926","241910","07/09/26 00:00:00",0,120,0,0,1,0,0,1,220,0,17.03,0,0,220,"01",,1,24356.4,"Z001",0
"33926","6477","07/09/26 00:00:00",0,60,0,0,1,0,0,1,300,0,123.4607142857143,0,0,300,"01",,1,10592.35714285714,"Z001",0
"33926","262129","07/09/26 00:00:00",0,15,0,0,1,0,0,1,300,0,0,0,0,300,"01",,1,4500,"Z001",0
"33926","6475","07/09/26 00:00:00",0,8,0,0,1,0,0,1,150,0,75.70999999999999,0,0,150,"01",,1,594.3200000000001,"Z001",0
"33926","251955","07/09/26 00:00:00",0,2,0,0,1,0,0,1,850,0,650,0,0,850,"01",,1,400,"Z001",0
"34026","251938","07/10/26 00:00:00",0,2,0,0,1,0,0,0,3000,0,1505.667741935484,0,0,3000,"01",,1,2988.664516129032,"Z001",0
"34026","241918","07/10/26 00:00:00",0,2,0,0,1,0,0,0,2000,0,653.5700000000001,0,0,2000,"01",,1,2692.86,"Z001",0
"34026","251957","07/10/26 00:00:00",0,1,0,0,1,0,0,0,3500,0,1185.368,0,0,3500,"01",,1,2314.632,"Z001",0
"34026","6391","07/10/26 00:00:00",0,5,0,0,1,0,0,0,140,0,97.5,0,0,140,"01",,1,212.5,"Z001",0
"34026","6192","07/10/26 00:00:00",0,10,0,0,1,0,0,0,20,0,2.533744026946492,0,0,20,"01",,1,174.6625597305351,"Z001",0
"34026","1219","07/10/26 00:00:00",0,2,0,0,1,0,0,0,220,0,173.9516129032258,0,0,220,"01",,1,92.09677419354841,"Z001",0
"34026","262274","07/10/26 00:00:00",0,1,0,0,1,0,0,0,300,0,180,0,0,300,"01",,1,120,"Z001",0
"34026","6272","07/10/26 00:00:00",0,7,0,0,1,0,0,0,20,0,6,0,0,20,"01",,1,98,"Z001",0
"34026","241910","07/10/26 00:00:00",0,120,0,0,1,0,0,1,220,0,17.03,0,0,220,"01",,1,24356.4,"Z001",0
"34126","6099","07/11/26 00:00:00",0,2,0,0,1,0,0,0,150,0,85,0,0,150,"01",,1,130,"Z001",0
"34126","262268","07/11/26 00:00:00",0,1,0,0,1,0,0,0,350,0,180,0,0,350,"01",,1,170,"Z001",0
"34126","252061","07/11/26 00:00:00",0,1,0,0,1,0,0,0,150,0,70,0,0,150,"01",,1,80,"Z001",0
"34126","6587","07/11/26 00:00:00",0,1,0,0,1,0,0,0,200,0,135,0,0,200,"01",,1,65,"Z001",0
"34126","6229","07/11/26 00:00:00",0,1,0,0,1,0,0,0,900,0,697.6470588235294,0,0,900,"01",,1,202.3529411764706,"Z001",0
"34226","262120","07/13/26 00:00:00",0,1,0,0,1,0,0,0,500,0,250,0,0,500,"01",,1,250,"Z001",0
"34226","262209","07/13/26 00:00:00",0,4,0,0,1,0,0,0,25,0,3.33,0,0,25,"01",,1,86.68000000000001,"Z001",0
"34226","262211","07/13/26 00:00:00",0,2,0,0,1,0,0,0,100,0,23,0,0,100,"01",,1,154,"Z001",0
"34226","201761","07/13/26 00:00:00",0,3,0,0,1,0,0,0,600,0,391.4314285714286,0,0,600,"01",,1,625.7057142857143,"Z001",0
"34226","252061","07/13/26 00:00:00",0,3,0,0,1,0,0,0,150,0,70,0,0,150,"01",,1,240,"Z001",0
"34226","251990","07/13/26 00:00:00",0,3,0,0,1,0,0,0,100,0,60,0,0,100,"01",,1,120,"Z001",0
"34226","262110","07/13/26 00:00:00",0,1,0,0,1,0,0,0,3000,0,1339,0,0,3000,"01",,1,1661,"Z001",0
"34226","6619","07/13/26 00:00:00",0,2,0,0,1,0,0,1,200,0,125.94,0,0,200,"01",,1,148.12,"Z001",0
"10126","6334","01/29/26 00:00:00",0,1,0,0,1,0,0,0,300,0,255,0,0,300,"01",,1,45,"Z001",0
"10126","241910","01/29/26 00:00:00",0,8,0,0,1,0,0,1,250,0,17.03,0,0,250,"01",,1,1863.76,"Z001",0
"25026","262217","05/29/26 00:00:00",0,1,0,0,1,0,0,0,15500,0,15500,0,0,15500,"01",,1,0,"Z001",0
"34426","6420","06/24/26 00:00:00",0,1,0,0,1,0,0,0,8000,0,2100,0,0,8000,"01",,1,5900,"Z001",0
"34426","262261","06/24/26 00:00:00",0,2,0,0,1,0,0,0,200,0,0,0,0,200,"01",,1,400,"Z001",0
"34526","251970","07/08/26 00:00:00",0,8,0,0,1,0,0,0,850,0,284,0,0,850,"01",,1,4528,"Z001",0
"29326","201761","07/14/26 00:00:00",5,0,1,0,0,0,0,0,350,5,350,0,0,0,"01",2181,1,0,"Z001",0
"34626","999","07/12/26 00:00:00",0,1,0,0,1,0,0,0,9500,0,6300,0,0,9500,"01",,1,3200,"Z001",0
"34726","999","07/15/26 00:00:00",0,1,0,0,1,0,0,0,9000,0,6300,0,0,9000,"01",,1,2700,"Z001",0
"34826","6515","07/15/26 00:00:00",0,1,0,0,1,0,0,0,1000,0,530,0,0,1000,"01",,1,470,"Z001",0
"34326","262146","05/20/26 00:00:00",0,1,0,0,1,0,0,0,11100,0,8149,0,0,11100,"01",,1,2951,"Z001",0
"34326","836","05/20/26 00:00:00",0,6,0,0,1,0,0,0,350,0,241.1627906976744,0,0,350,"01",,1,653.0232558139535,"Z001",0
"34326","251969","05/20/26 00:00:00",0,1,0,0,1,0,0,0,850,0,312.5,0,0,850,"01",,1,537.5,"Z001",0
"34326","6030","05/20/26 00:00:00",0,2,0,0,1,0,0,0,100,0,80,0,0,100,"01",,1,40,"Z001",0
"34326","6335","05/20/26 00:00:00",0,1,0,0,1,0,0,0,300,0,230,0,0,300,"01",,1,70,"Z001",0
"34326","6584","05/20/26 00:00:00",0,1,0,0,1,0,0,0,100,0,85,0,0,100,"01",,1,15,"Z001",0
"34326","6474","05/20/26 00:00:00",0,1,0,0,1,0,0,0,5900,0,4291.695435028249,0,0,5900,"01",,1,1608.304564971751,"Z001",0
"34326","6471","05/20/26 00:00:00",0,30,0,0,1,0,0,1,50,0,28.11,0,0,50,"01",,1,656.7,"Z001",0
"29426","201725","07/15/26 00:00:00",5,0,1,0,0,0,0,0,8225,5,8225,0,0,0,"01",2182,1,0,"Z001",0
"34926","262215","07/16/26 00:00:00",0,2,0,0,1,0,0,0,3000,0,1346.06,0,0,3000,"01",,1,3307.88,"Z001",0
"34926","252050","07/16/26 00:00:00",0,2,0,0,1,0,0,0,1500,0,400.68,0,0,1500,"01",,1,2198.64,"Z001",0
"34926","241912","07/16/26 00:00:00",0,10,0,0,1,0,0,0,250,0,66.57356608478803,0,0,250,"01",,1,1834.26433915212,"Z001",0
"34926","241918","07/16/26 00:00:00",0,2,0,0,1,0,0,0,3000,0,653.5700000000001,0,0,3000,"01",,1,4692.86,"Z001",0
"35026","262113","03/22/26 00:00:00",0,1,0,0,1,0,0,0,40000,0,30200,0,0,40000,"01",,1,9800,"Z001",0
"29526","262277","07/18/26 00:00:00",6,0,1,0,0,0,0,0,290,6,290,0,0,0,"01",2183,1,0,"Z001",0
"35126","262088","07/18/26 00:00:00",0,7,0,0,1,0,0,0,900,0,391.4285714285714,0,0,900,"01",,1,3560,"Z001",0
"29626","262278","07/17/26 00:00:00",3,0,1,0,0,0,0,0,28183.01,3,28183.01,0,0,0,"01",2184,1,0,"Z001",0
"29626","262279","07/17/26 00:00:00",3,0,1,0,0,0,0,0,47307.19,3,47307.19,0,0,0,"01",2185,1,0,"Z001",0
"29626","262255","07/17/26 00:00:00",2,0,1,0,0,0,0,0,78764.71000000001,2,78509.80666666667,0,0,0,"01",2186,1,0,"Z001",0
"35226","6173","07/18/26 00:00:00",0,10,0,0,1,0,0,0,100,0,62.91683406990759,0,0,100,"01",,1,370.8316593009241,"Z001",0
"35226","6391","07/18/26 00:00:00",0,2,0,0,1,0,0,0,160,0,97.5,0,0,160,"01",,1,125,"Z001",0
"35226","6192","07/18/26 00:00:00",0,20,0,0,1,0,0,0,10,0,2.533744026946492,0,0,10,"01",,1,149.3251194610702,"Z001",0
"35226","5832","07/18/26 00:00:00",0,1,0,0,1,0,0,0,300,0,132.0823244552058,0,0,300,"01",,1,167.9176755447942,"Z001",0
"35226","5969","07/18/26 00:00:00",0,10,0,0,1,0,0,0,30,0,17.98077403459781,0,0,30,"01",,1,120.1922596540219,"Z001",0
"35226","1092","07/18/26 00:00:00",0,7,0,0,1,0,0,0,20,0,10,0,0,20,"01",,1,70,"Z001",0
"35226","5762","07/18/26 00:00:00",0,4,0,0,1,0,0,0,20,0,15.90114382458603,0,0,20,"01",,1,16.39542470165586,"Z001",0
"35226","875","07/18/26 00:00:00",0,1,0,0,1,0,0,0,1250,0,850,0,0,1250,"01",,1,400,"Z001",0
"35226","836","07/18/26 00:00:00",0,2,0,0,1,0,0,0,350,0,241.1627906976744,0,0,350,"01",,1,217.6744186046512,"Z001",0
"35226","262235","07/18/26 00:00:00",0,2,0,0,1,0,0,0,3500,0,3177,0,0,3500,"01",,1,646,"Z001",0
"35226","6602","07/18/26 00:00:00",0,7,0,0,1,0,0,0,100,0,67.8841267243395,0,0,100,"01",,1,224.8111129296235,"Z001",0
"35226","6587","07/18/26 00:00:00",0,4,0,0,1,0,0,0,200,0,135,0,0,200,"01",,1,260,"Z001",0
"35226","6474","07/18/26 00:00:00",0,60,0,0,1,0,0,1,80,0,47.29000000000001,0,0,80,"01",,1,1962.6,"Z001",0
"35226","252047","07/18/26 00:00:00",0,10,0,0,1,0,0,1,5,0,0,0,0,5,"01",,1,50,"Z001",0
"35326","252061","07/14/26 00:00:00",0,2,0,0,1,0,0,0,130,0,70,0,0,130,"01",,1,120,"Z001",0
"35326","262235","07/14/26 00:00:00",0,5,0,0,1,0,0,0,3500,0,3177,0,0,3500,"01",,1,1615,"Z001",0
"35326","6334","07/14/26 00:00:00",0,1,0,0,1,0,0,0,350,0,279.3376232854787,0,0,350,"01",,1,70.66237671452126,"Z001",0
"35326","6584","07/14/26 00:00:00",0,2,0,0,1,0,0,0,120,0,89.71204188481676,0,0,120,"01",,1,60.57591623036649,"Z001",0
"35326","241920","07/14/26 00:00:00",0,1,0,0,1,0,0,0,2800,0,2000,0,0,2800,"01",,1,800,"Z001",0
"35326","6602","07/14/26 00:00:00",0,12,0,0,1,0,0,0,100,0,67.8841267243395,0,0,100,"01",,1,385.3904793079261,"Z001",0
"35326","262108","07/14/26 00:00:00",0,1,0,0,1,0,0,0,2200,0,1066,0,0,2200,"01",,1,1134,"Z001",0
"35326","1288","07/14/26 00:00:00",0,1,0,0,1,0,0,0,11200,0,10245.45454545455,0,0,11200,"01",,1,954.545454545454,"Z001",0
"35326","201761","07/14/26 00:00:00",0,2,0,0,1,0,0,0,550,0,350,0,0,550,"01",,1,400,"Z001",0
"35426","262235","07/15/26 00:00:00",0,2,0,0,1,0,0,0,3500,0,3177,0,0,3500,"01",,1,646,"Z001",0
"34926","251938","07/16/26 00:00:00",0,2,0,0,1,0,0,0,3500,0,1505.667741935484,0,0,3500,"01",,1,3988.664516129032,"Z001",0
"34926","262144","07/16/26 00:00:00",0,1,0,0,1,0,0,0,60000,0,37600,0,0,60000,"01",,1,22400,"Z001",0
"34926","262255","07/16/26 00:00:00",0,1,0,0,1,0,0,0,100000,0,78000,0,0,100000,"01",,1,22000,"Z001",0
"34926","923","07/16/26 00:00:00",0,1,0,0,1,0,0,0,130000,0,90000,0,0,130000,"01",,1,40000,"Z001",0
"35426","6333","07/15/26 00:00:00",0,2,0,0,1,0,0,0,350,0,230,0,0,350,"01",,1,240,"Z001",0
"35426","6587","07/15/26 00:00:00",0,1,0,0,1,0,0,0,200,0,135,0,0,200,"01",,1,65,"Z001",0
"35426","6338","07/15/26 00:00:00",0,1,0,0,1,0,0,0,150,0,100,0,0,150,"01",,1,50,"Z001",0
"35426","999","07/15/26 00:00:00",0,1,0,0,1,0,0,0,9300,0,6300,0,0,9300,"01",,1,3000,"Z001",0
"35426","262083","07/15/26 00:00:00",0,5,0,0,1,0,0,0,520,0,372.3529411764706,0,0,520,"01",,1,738.235294117647,"Z001",0
"35426","1178","07/15/26 00:00:00",0,1,0,0,1,0,0,0,15500,0,13485,0,0,15500,"01",,1,2015,"Z001",0
"35426","1716","07/15/26 00:00:00",0,1,0,0,1,0,0,0,2700,0,2832.99,0,0,2700,"01",,1,-132.9899999999998,"Z001",0
"35526","1032","07/16/26 00:00:00",0,1,0,0,1,0,0,0,550,0,382.2222222222222,0,0,550,"01",,1,167.7777777777778,"Z001",0
"35526","1471","07/16/26 00:00:00",0,1,0,0,1,0,0,0,12500,0,10800,0,0,12500,"01",,1,1700,"Z001",0
"35526","1034","07/16/26 00:00:00",0,1,0,0,1,0,0,0,350,0,200,0,0,350,"01",,1,150,"Z001",0
"35526","252063","07/16/26 00:00:00",0,1,0,0,1,0,0,0,250,0,138.3333333333333,0,0,250,"01",,1,111.6666666666667,"Z001",0
"35526","262187","07/16/26 00:00:00",0,2,0,0,1,0,0,0,1050,0,580,0,0,1050,"01",,1,940,"Z001",0
"35526","262194","07/16/26 00:00:00",0,1,0,0,1,0,0,0,800,0,450,0,0,800,"01",,1,350,"Z001",0
"35526","251963","07/16/26 00:00:00",0,1,0,0,1,0,0,0,7000,0,4900,0,0,7000,"01",,1,2100,"Z001",0
"35526","5817","07/16/26 00:00:00",0,3,0,0,1,0,0,0,12000,0,8350.594956221965,0,0,12000,"01",,1,10948.21513133411,"Z001",0
"35526","6466","07/16/26 00:00:00",0,1,0,0,1,0,0,0,400,0,250,0,0,400,"01",,1,150,"Z001",0
"35526","1037","07/16/26 00:00:00",0,1,0,0,1,0,0,0,300,0,182.5,0,0,300,"01",,1,117.5,"Z001",0
"35526","6554","07/16/26 00:00:00",0,1,0,0,1,0,0,0,25000,0,15428.57142857143,0,0,25000,"01",,1,9571.428571428571,"Z001",0
"35526","241912","07/16/26 00:00:00",0,1,0,0,1,0,0,0,100,0,66.57356608478803,0,0,100,"01",,1,33.42643391521197,"Z001",0
"35526","1084","07/16/26 00:00:00",0,6,0,0,1,0,0,1,110,0,49.31000000000001,0,0,110,"01",,1,364.1399999999999,"Z001",0
"29726","262280","07/06/26 00:00:00",19,0,1,0,0,0,0,0,170,19,170,0,0,0,"01",2187,1,0,"Z001",0
"29826","6390","07/20/26 00:00:00",10,0,1,0,0,0,0,0,500,10,500,0,0,0,"01",2188,1,0,"Z001",0
"35726","262250","07/21/26 00:00:00",0,1,0,0,1,0,0,0,5600,0,3358.25,0,0,5600,"01",,1,2241.75,"Z001",0
"29926","262072","07/21/26 00:00:00",2,0,1,0,0,0,0,0,25000,2,25000,0,0,0,"01",2189,1,0,"Z001",0
"29926","252049","07/21/26 00:00:00",5,0,1,0,0,0,0,0,13000,5,13065.625,0,0,0,"01",2190,1,0,"Z001",0
"29926","262113","07/21/26 00:00:00",2,0,1,0,0,0,0,0,30200,2,30200,0,0,0,"01",2191,1,0,"Z001",0
"35626","252042","07/17/26 00:00:00",0,1,0,0,1,0,0,0,150,0,78,0,0,150,"01",,1,72,"Z001",0
"35626","251992","07/17/26 00:00:00",0,1,0,0,1,0,0,0,1500,0,821.75,0,0,1500,"01",,1,678.25,"Z001",0
"35626","6173","07/17/26 00:00:00",0,1,0,0,1,0,0,0,100,0,62.91683406990759,0,0,100,"01",,1,37.08316593009241,"Z001",0
"35626","6063","07/17/26 00:00:00",0,1,0,0,1,0,0,0,80,0,43.32758620689656,0,0,80,"01",,1,36.67241379310344,"Z001",0
"35626","262100","07/17/26 00:00:00",0,1,0,0,1,0,0,0,350,0,160,0,0,350,"01",,1,190,"Z001",0
"35626","262188","07/17/26 00:00:00",0,3,0,0,1,0,0,0,150,0,50,0,0,150,"01",,1,300,"Z001",0
"35626","262196","07/17/26 00:00:00",0,1,0,0,1,0,0,0,600,0,320,0,0,600,"01",,1,280,"Z001",0
"35626","6527","07/17/26 00:00:00",0,5,0,0,1,0,0,1,120,0,0,0,0,120,"01",,1,600,"Z001",0
"36326","6471","07/23/26 00:00:00",0,1,0,0,1,0,0,0,3750,0,2565.22139346889,0,0,3750,"01",,1,1184.77860653111,"Z001",0
"29926","262071","07/21/26 00:00:00",2,0,1,0,0,0,0,0,27600,2,27745.75333333333,0,0,0,"01",2192,1,0,"Z001",0
"30026","262278","07/20/26 00:00:00",2,0,1,0,0,0,0,0,28220.47,2,28197.994,0,0,0,"01",2193,1,0,"Z001",0
"30026","262279","07/20/26 00:00:00",2,0,1,0,0,0,0,0,47370.08,2,47332.34600000001,0,0,0,"01",2194,1,0,"Z001",0
"30126","262281","05/14/26 00:00:00",1,0,1,0,0,0,0,0,16000,1,16000,0,0,0,"01",2195,1,0,"Z001",0
"30226","5817","07/21/26 00:00:00",20,0,1,0,0,0,0,0,8800,20,8399.710261552897,0,0,0,"01",2196,1,0,"Z001",0
"35926","5811","07/18/26 00:00:00",0,1,0,0,1,0,0,0,8000,0,6205.38,0,0,8000,"01",,1,1794.62,"Z001",0
"35926","932","07/18/26 00:00:00",0,1,0,0,1,0,0,0,4300,0,2200,0,0,4300,"01",,1,2100,"Z001",0
"35926","6316","07/18/26 00:00:00",0,1,0,0,1,0,0,0,2500,0,1233.333333333333,0,0,2500,"01",,1,1266.666666666667,"Z001",0
"35926","6365","07/18/26 00:00:00",0,1,0,0,1,0,0,0,100,0,1.267765437872512,0,0,100,"01",,1,98.73223456212749,"Z001",0
"35926","862","07/18/26 00:00:00",0,1,0,0,1,0,0,0,200,0,120,0,0,200,"01",,1,80,"Z001",0
"35926","6338","07/18/26 00:00:00",0,2,0,0,1,0,0,0,150,0,100,0,0,150,"01",,1,100,"Z001",0
"35926","6063","07/18/26 00:00:00",0,1,0,0,1,0,0,0,50,0,43.32758620689656,0,0,50,"01",,1,6.672413793103445,"Z001",0
"35926","251992","07/18/26 00:00:00",0,1,0,0,1,0,0,0,1300,0,821.75,0,0,1300,"01",,1,478.25,"Z001",0
"35926","876","07/18/26 00:00:00",0,6,0,0,1,0,0,1,100,0,0,0,0,100,"01",,1,600,"Z001",0
"36026","6619","07/20/26 00:00:00",0,1,0,0,1,0,0,0,16450,0,11334.4,0,0,16450,"01",,1,5115.6,"Z001",0
"36026","6338","07/20/26 00:00:00",0,2,0,0,1,0,0,0,150,0,100,0,0,150,"01",,1,100,"Z001",0
"35826","262286","07/21/26 00:00:00",0,4,0,0,1,0,0,0,35000,0,24000,0,0,35000,"01",,1,44000,"Z001",0
"35826","262279","07/21/26 00:00:00",0,4,0,0,1,0,0,0,63000,0,47332.34600000001,0,0,63000,"01",,1,62670.61599999998,"Z001",0
"35826","5817","07/21/26 00:00:00",0,8,0,0,1,0,0,0,11000,0,8399.710261552897,0,0,11000,"01",,1,20802.31790757683,"Z001",0
"35826","252035","07/21/26 00:00:00",0,1,0,0,1,0,0,0,300,0,265,0,0,300,"01",,1,35,"Z001",0
"35826","252052","07/21/26 00:00:00",0,4,0,0,1,0,0,0,2000,0,653.5700000000001,0,0,2000,"01",,1,5385.719999999999,"Z001",0
"35826","241933","07/21/26 00:00:00",0,4,0,0,1,0,0,0,1500,0,739.61,0,0,1500,"01",,1,3041.56,"Z001",0
"35826","6346","07/21/26 00:00:00",0,4,0,0,1,0,0,0,500,0,428.1578947368421,0,0,500,"01",,1,287.3684210526317,"Z001",0
"35826","5832","07/21/26 00:00:00",0,4,0,0,1,0,0,0,300,0,132.0823244552058,0,0,300,"01",,1,671.6707021791767,"Z001",0
"35826","241912","07/21/26 00:00:00",0,4,0,0,1,0,0,0,200,0,66.57356608478803,0,0,200,"01",,1,533.7057356608479,"Z001",0
"35826","262238","07/21/26 00:00:00",0,1,0,0,1,0,0,0,14000,0,12606,0,0,14000,"01",,1,1394,"Z001",0
"35826","6476","07/21/26 00:00:00",0,1,0,0,1,0,0,0,14000,0,11380.65491704374,0,0,14000,"01",,1,2619.345082956257,"Z001",0
"35826","6030","07/21/26 00:00:00",0,4,0,0,1,0,0,0,100,0,88.2442748091603,0,0,100,"01",,1,47.02290076335879,"Z001",0
"35826","262116","07/21/26 00:00:00",0,6,0,0,1,0,0,0,350,0,260,0,0,350,"01",,1,540,"Z001",0
"35826","262212","07/21/26 00:00:00",0,1,0,0,1,0,0,0,300,0,80,0,0,300,"01",,1,220,"Z001",0
"35826","262236","07/21/26 00:00:00",0,1,0,0,1,0,0,0,5600,0,5321,0,0,5600,"01",,1,279,"Z001",0
"35826","262089","07/21/26 00:00:00",0,16,0,0,1,0,0,0,200,0,80,0,0,200,"01",,1,1920,"Z001",0
"35826","1425","07/21/26 00:00:00",0,8,0,0,1,0,0,0,200,0,80,0,0,200,"01",,1,960,"Z001",0
"35826","251936","07/21/26 00:00:00",0,3,0,0,1,0,0,0,1500,0,856,0,0,1500,"01",,1,1932,"Z001",0
"36026","6390","07/20/26 00:00:00",0,1,0,0,1,0,0,0,750,0,500,0,0,750,"01",,1,250,"Z001",0
"36026","262280","07/20/26 00:00:00",0,2,0,0,1,0,0,0,325,0,170,0,0,325,"01",,1,310,"Z001",0
"36126","262128","07/21/26 00:00:00",0,3,0,0,1,0,0,0,233.3332977294922,0,93.09613969035891,0,0,233.3332977294922,"01",,1,420.7114741173998,"Z001",0
"30326","262282","07/22/26 00:00:00",1,0,1,0,0,0,0,0,4400,1,4400,0,0,0,"01",2198,1,0,"Z001",0
"30326","262227","07/22/26 00:00:00",1,0,1,0,0,0,0,0,100,1,100,0,0,0,"01",2199,1,0,"Z001",0
"36226","6474","07/22/26 00:00:00",0,2,0,0,1,0,0,0,6215,0,4291.695435028249,0,0,6215,"01",,1,3846.609129943503,"Z001",0
"36226","6173","07/22/26 00:00:00",0,15,0,0,1,0,0,0,100,0,62.91683406990759,0,0,100,"01",,1,556.2474889513861,"Z001",0
"36226","6030","07/22/26 00:00:00",0,3,0,0,1,0,0,0,100,0,88.2442748091603,0,0,100,"01",,1,35.26717557251909,"Z001",0
"36326","6474","07/23/26 00:00:00",0,3,0,0,1,0,0,0,6250,0,4291.695435028249,0,0,6250,"01",,1,5874.913694915254,"Z001",0
"30426","262285","07/23/26 00:00:00",1,0,1,0,0,0,0,0,3500,1,3500,0,0,0,"01",2200,1,0,"Z001",0
"36426","252003","07/22/26 00:00:00",0,1,0,0,1,0,0,0,27000,0,15800.30959752322,0,0,27000,"01",,1,11199.69040247678,"Z001",0
"36426","5817","07/22/26 00:00:00",0,4,0,0,1,0,0,0,11750,0,8399.710261552897,0,0,11750,"01",,1,13401.15895378841,"Z001",0
"36426","252020","07/22/26 00:00:00",0,60,0,0,1,0,0,0,300,0,183.6852380952381,0,0,300,"01",,1,6978.885714285714,"Z001",0
"36426","973","07/22/26 00:00:00",0,2,0,0,1,0,0,0,1475,0,750,0,0,1475,"01",,1,1450,"Z001",0
"36426","241912","07/22/26 00:00:00",0,6,0,0,1,0,0,0,368.3299865722656,0,66.57356608478803,0,0,368.3299865722656,"01",,1,1810.538522924866,"Z001",0
"36426","1471","07/22/26 00:00:00",0,2,0,0,1,0,0,0,13000,0,10800,0,0,13000,"01",,1,4400,"Z001",0
"36426","262281","07/22/26 00:00:00",0,1,0,0,1,0,0,0,19600,0,16000,0,0,19600,"01",,1,3600,"Z001",0
"36426","252049","07/22/26 00:00:00",0,2,0,0,1,0,0,0,23750,0,13065.625,0,0,23750,"01",,1,21368.75,"Z001",0
"36426","262282","07/22/26 00:00:00",0,1,0,0,1,0,0,0,8000,0,4400,0,0,8000,"01",,1,3600,"Z001",0
"36426","6334","07/22/26 00:00:00",0,1,0,0,1,0,0,0,350,0,279.3376232854787,0,0,350,"01",,1,70.66237671452126,"Z001",0
"36426","6098","07/22/26 00:00:00",0,1,0,0,1,0,0,0,50,0,32.84396654074474,0,0,50,"01",,1,17.15603345925526,"Z001",0
"36426","6173","07/22/26 00:00:00",0,8,0,0,1,0,0,0,97.5,0,62.91683406990759,0,0,97.5,"01",,1,276.6653274407392,"Z001",0
"36426","6192","07/22/26 00:00:00",0,7,0,0,1,0,0,0,15,0,2.533744026946492,0,0,15,"01",,1,87.26379181137456,"Z001",0
"36426","6100","07/22/26 00:00:00",0,15,0,0,1,0,0,0,15,0,5,0,0,15,"01",,1,150,"Z001",0
"36426","6063","07/22/26 00:00:00",0,2,0,0,1,0,0,0,50,0,43.32758620689656,0,0,50,"01",,1,13.34482758620689,"Z001",0
"36426","262194","07/22/26 00:00:00",0,1,0,0,1,0,0,0,750,0,450,0,0,750,"01",,1,300,"Z001",0
"36426","262209","07/22/26 00:00:00",0,4,0,0,1,0,0,0,25,0,3.33,0,0,25,"01",,1,86.68000000000001,"Z001",0
"36426","1588","07/22/26 00:00:00",0,1,0,0,1,0,0,0,19000,0,14500,0,0,19000,"01",,1,4500,"Z001",0
"36426","1037","07/22/26 00:00:00",0,1,0,0,1,0,0,0,300,0,182.5,0,0,300,"01",,1,117.5,"Z001",0
"36426","6481","07/22/26 00:00:00",0,5,0,0,1,0,0,1,232,0,147.96,0,0,232,"01",,1,420.1999999999999,"Z001",0
"36426","6474","07/22/26 00:00:00",0,13,0,0,1,0,0,1,80,0,47.29000000000001,0,0,80,"01",,1,425.2299999999999,"Z001",0
"36426","241910","07/22/26 00:00:00",0,34,0,0,1,0,0,1,289.7099914550781,0,17.03,0,0,289.7099914550781,"01",,1,9271.119709472658,"Z001",0
"36426","262285","07/22/26 00:00:00",0,15,0,0,1,0,0,1,40,0,0,0,0,40,"01",,1,600,"Z001",0
"36426","251967","07/22/26 00:00:00",0,8,0,0,1,0,0,1,10,0,0,0,0,10,"01",,1,80,"Z001",0
"36526","5969","07/23/26 00:00:00",0,2,0,0,1,0,0,0,30,0,17.98077403459781,0,0,30,"01",,1,24.03845193080438,"Z001",0
"36526","1032","07/23/26 00:00:00",0,1,0,0,1,0,0,0,450,0,382.2222222222222,0,0,450,"01",,1,67.77777777777777,"Z001",0
"36526","262101","07/23/26 00:00:00",0,1,0,0,1,0,0,0,350,0,180,0,0,350,"01",,1,170,"Z001",0
"36526","251941","07/23/26 00:00:00",0,1,0,0,1,0,0,0,400,0,290,0,0,400,"01",,1,110,"Z001",0
"36526","262187","07/23/26 00:00:00",0,1,0,0,1,0,0,0,1050,0,580,0,0,1050,"01",,1,470,"Z001",0
"36526","262179","07/23/26 00:00:00",0,1,0,0,1,0,0,0,250,0,120,0,0,250,"01",,1,130,"Z001",0
"36526","1287","07/23/26 00:00:00",0,1,0,0,1,0,0,0,14200,0,12800,0,0,14200,"01",,1,1400,"Z001",0
"36526","6505","07/23/26 00:00:00",0,1,0,0,1,0,0,0,100,0,70.16778669724771,0,0,100,"01",,1,29.83221330275229,"Z001",0
"36526","252042","07/23/26 00:00:00",0,1,0,0,1,0,0,0,150,0,78,0,0,150,"01",,1,72,"Z001",0
"36526","6296","07/23/26 00:00:00",0,1,0,0,1,0,0,0,150,0,76,0,0,150,"01",,1,74,"Z001",0
"36526","262202","07/23/26 00:00:00",0,1,0,0,1,0,0,0,6900,0,5200,0,0,6900,"01",,1,1700,"Z001",0
"36626","6030","07/24/26 00:00:00",0,2,0,0,1,0,0,0,100,0,88.2442748091603,0,0,100,"01",,1,23.5114503816794,"Z001",0
"36626","252045","07/24/26 00:00:00",0,6,0,0,1,0,0,0,100,0,39.17464114832536,0,0,100,"01",,1,364.9521531100478,"Z001",0
"36626","252004","07/24/26 00:00:00",0,1,0,0,1,0,0,0,32000,0,19600,0,0,32000,"01",,1,12400,"Z001",0
"36626","5817","07/24/26 00:00:00",0,3,0,0,1,0,0,0,11500,0,8399.710261552897,0,0,11500,"01",,1,9300.86921534131,"Z001",0
"36626","973","07/24/26 00:00:00",0,1,0,0,1,0,0,0,1200,0,750,0,0,1200,"01",,1,450,"Z001",0
"36626","252020","07/24/26 00:00:00",0,20,0,0,1,0,0,0,300,0,183.6852380952381,0,0,300,"01",,1,2326.295238095238,"Z001",0
"36626","251936","07/24/26 00:00:00",0,2,0,0,1,0,0,0,1800,0,856,0,0,1800,"01",,1,1888,"Z001",0
"36626","1425","07/24/26 00:00:00",0,6,0,0,1,0,0,0,150,0,80,0,0,150,"01",,1,420,"Z001",0
"36626","6505","07/24/26 00:00:00",0,1,0,0,1,0,0,0,100,0,70.16778669724771,0,0,100,"01",,1,29.83221330275229,"Z001",0
"36726","262144","07/24/26 00:00:00",0,1,0,0,1,0,0,0,37600,0,37600,0,0,37600,"01",,1,0,"Z001",0
"36726","262255","07/24/26 00:00:00",0,1,0,0,1,0,0,0,79000,0,78509.80666666667,0,0,79000,"01",,1,490.1933333333291,"Z001",0
"30526","262286","07/24/26 00:00:00",6,0,1,0,0,0,0,0,24000,6,24000,0,0,0,"01",2201,1,0,"Z001",0
"30526","262279","07/24/26 00:00:00",5,0,1,0,0,0,0,0,45000,5,45388.72433333334,0,0,0,"01",2202,1,0,"Z001",0
"30626","262216","07/25/26 00:00:00",30,0,1,0,0,0,0,0,290,30,297.5,0,0,0,"01",2203,1,0,"Z001",0
"30726","875","07/25/26 00:00:00",2,0,1,0,0,0,0,0,1000,2,1000,0,0,0,"01",2204,1,0,"Z001",0
"36826","262163","07/25/26 00:00:00",0,2,0,0,1,0,0,0,170,0,90,0,0,170,"01",,1,160,"Z001",0
"36826","262093","07/25/26 00:00:00",0,1,0,0,1,0,0,0,11000,0,9128,0,0,11000,"01",,1,1872,"Z001",0
"36826","262216","07/25/26 00:00:00",0,7,0,0,1,0,0,0,350,0,297.5,0,0,350,"01",,1,367.5,"Z001",0
"36826","6365","07/25/26 00:00:00",0,3,0,0,1,0,0,0,80,0,1.267765437872512,0,0,80,"01",,1,236.1967036863825,"Z001",0
"36826","6335","07/25/26 00:00:00",0,1,0,0,1,0,0,0,280,0,230,0,0,280,"01",,1,50,"Z001",0
"36826","6584","07/25/26 00:00:00",0,1,0,0,1,0,0,0,120,0,89.71204188481676,0,0,120,"01",,1,30.28795811518324,"Z001",0
"36826","5969","07/25/26 00:00:00",0,4,0,0,1,0,0,0,30,0,17.98077403459781,0,0,30,"01",,1,48.07690386160876,"Z001",0
"36826","875","07/25/26 00:00:00",0,2,0,0,1,0,0,0,1300,0,1000,0,0,1300,"01",,1,600,"Z001",0
"36826","836","07/25/26 00:00:00",0,2,0,0,1,0,0,0,300,0,241.1627906976744,0,0,300,"01",,1,117.6744186046512,"Z001",0
"36826","6063","07/25/26 00:00:00",0,2,0,0,1,0,0,0,50,0,43.32758620689656,0,0,50,"01",,1,13.34482758620689,"Z001",0
"36826","6602","07/25/26 00:00:00",0,5,0,0,1,0,0,0,100,0,67.8841267243395,0,0,100,"01",,1,160.5793663783025,"Z001",0
"36926","6585","07/25/26 00:00:00",0,1,0,0,1,0,0,0,170,0,128.5928143712575,0,0,170,"01",,1,41.40718562874252,"Z001",0
"37026","6365","07/27/26 00:00:00",0,1,0,0,1,0,0,0,80,0,1.267765437872512,0,0,80,"01",,1,78.73223456212749,"Z001",0
"37026","262240","07/27/26 00:00:00",0,6,0,0,1,0,0,0,100,0,35,0,0,100,"01",,1,390,"Z001",0
"37026","6602","07/27/26 00:00:00",0,8,0,0,1,0,0,0,100,0,67.8841267243395,0,0,100,"01",,1,256.926986205284,"Z001",0
"37026","262146","07/27/26 00:00:00",0,10,0,0,1,0,0,1,130,0,0,0,0,130,"01",,1,1300,"Z001",0
"30826","5817","07/27/26 00:00:00",30,0,1,0,0,0,0,0,8800,30,8462.255533185256,0,0,0,"01",2205,1,0,"Z001",0
"37126","5817","07/27/26 00:00:00",0,8,0,0,1,0,0,0,9000,0,8462.255533185256,0,0,9000,"01",,1,4301.955734517949,"Z001",0
"30926","262287","07/23/26 00:00:00",28,0,1,0,0,0,0,0,1311.96,28,1311.96,0,0,0,"01",2206,1,0,"Z001",0
"37226","6391","07/24/26 00:00:00",0,7,0,0,1,0,0,0,150,0,97.5,0,0,150,"01",,1,367.5,"Z001",0
"37226","251936","07/24/26 00:00:00",0,6,0,0,1,0,0,0,1800,0,856,0,0,1800,"01",,1,5664,"Z001",0
"37226","973","07/24/26 00:00:00",0,1,0,0,1,0,0,0,1500,0,750,0,0,1500,"01",,1,750,"Z001",0
"37226","241912","07/24/26 00:00:00",0,2,0,0,1,0,0,0,250,0,66.57356608478803,0,0,250,"01",,1,366.852867830424,"Z001",0
"37226","251968","07/24/26 00:00:00",0,1,0,0,1,0,0,0,750,0,400,0,0,750,"01",,1,350,"Z001",0
"37226","262089","07/24/26 00:00:00",0,4,0,0,1,0,0,0,200,0,80,0,0,200,"01",,1,480,"Z001",0
"37226","1425","07/24/26 00:00:00",0,10,0,0,1,0,0,0,200,0,80,0,0,200,"01",,1,1200,"Z001",0
"37226","6190","07/24/26 00:00:00",0,15,0,0,1,0,0,0,20,0,4.316939890710382,0,0,20,"01",,1,235.2459016393443,"Z001",0
"37226","262076","07/24/26 00:00:00",0,100,0,0,1,0,0,0,650,0,422.24,0,0,650,"01",,1,22776,"Z001",0
"37226","262149","07/24/26 00:00:00",0,1,0,0,1,0,0,0,6000,0,3500,0,0,6000,"01",,1,2500,"Z001",0
"37226","5817","07/24/26 00:00:00",0,6,0,0,1,0,0,0,13000,0,8399.710261552897,0,0,13000,"01",,1,27601.73843068262,"Z001",0
"37226","262113","07/24/26 00:00:00",0,1,0,0,1,0,0,0,50000,0,30200,0,0,50000,"01",,1,19800,"Z001",0
"37226","262287","07/24/26 00:00:00",0,28,0,0,1,0,0,0,1900,0,1311.96,0,0,1900,"01",,1,16465.11999999999,"Z001",0
"37226","241910","07/24/26 00:00:00",0,70,0,0,1,0,0,1,300,0,17.03,0,0,300,"01",,1,19807.9,"Z001",0
"37226","262285","07/24/26 00:00:00",0,85,0,0,1,0,0,1,35,0,0,0,0,35,"01",,1,2975,"Z001",0
"37326","6591","07/25/26 00:00:00",0,1,0,0,1,0,0,0,5000,0,3698.342661968713,0,0,5000,"01",,1,1301.657338031287,"Z001",0
"37326","1581","07/25/26 00:00:00",0,1,0,0,1,0,0,0,5800,0,3900,0,0,5800,"01",,1,1900,"Z001",0
"37326","262196","07/25/26 00:00:00",0,1,0,0,1,0,0,0,550,0,320,0,0,550,"01",,1,230,"Z001",0
"37326","262098","07/25/26 00:00:00",0,1,0,0,1,0,0,0,2300,0,1500,0,0,2300,"01",,1,800,"Z001",0
"37326","6589","07/25/26 00:00:00",0,1,0,0,1,0,0,0,800,0,570,0,0,800,"01",,1,230,"Z001",0
"37326","262163","07/25/26 00:00:00",0,1,0,0,1,0,0,0,200,0,90,0,0,200,"01",,1,110,"Z001",0
"37326","5970","07/25/26 00:00:00",0,3,0,0,1,0,0,0,130,0,87.1124031007752,0,0,130,"01",,1,128.6627906976744,"Z001",0
"37326","252045","07/25/26 00:00:00",0,3,0,0,1,0,0,0,100,0,39.17464114832536,0,0,100,"01",,1,182.4760765550239,"Z001",0
"37326","6296","07/25/26 00:00:00",0,1,0,0,1,0,0,0,150,0,76,0,0,150,"01",,1,74,"Z001",0
"37326","791","07/25/26 00:00:00",0,1,0,0,1,0,0,0,1500,0,938.6363636363636,0,0,1500,"01",,1,561.3636363636364,"Z001",0
"37426","1288","07/27/26 00:00:00",0,1,0,0,1,0,0,0,11300,0,10245.45454545455,0,0,11300,"01",,1,1054.545454545454,"Z001",0
"37426","262086","07/27/26 00:00:00",0,1,0,0,1,0,0,0,300,0,128,0,0,300,"01",,1,172,"Z001",0
"37426","262120","07/27/26 00:00:00",0,1,0,0,1,0,0,0,500,0,250,0,0,500,"01",,1,250,"Z001",0
"37426","262209","07/27/26 00:00:00",0,4,0,0,1,0,0,0,25,0,3.33,0,0,25,"01",,1,86.68000000000001,"Z001",0
"37426","6505","07/27/26 00:00:00",0,2,0,0,1,0,0,0,125,0,70.16778669724771,0,0,125,"01",,1,109.6644266055046,"Z001",0
"37426","262195","07/27/26 00:00:00",0,1,0,0,1,0,0,0,1050,0,550,0,0,1050,"01",,1,500,"Z001",0
"37426","251941","07/27/26 00:00:00",0,1,0,0,1,0,0,0,500,0,290,0,0,500,"01",,1,210,"Z001",0
"37426","241923","07/27/26 00:00:00",0,2,0,0,1,0,0,0,450,0,280,0,0,450,"01",,1,340,"Z001",0
"37426","6602","07/27/26 00:00:00",0,2,0,0,1,0,0,0,100,0,67.8841267243395,0,0,100,"01",,1,64.23174655132101,"Z001",0
"37526","262260","07/27/26 00:00:00",0,1,0,0,1,0,0,0,3000,0,3000,0,0,3000,"01",,1,0,"Z001",0
"37526","251938","07/27/26 00:00:00",0,20,0,0,1,0,0,0,1505.667724609375,0,1505.667741935484,0,0,1505.667724609375,"01",,1,-0.0003465221789156203,"Z001",0
"31026","241910","07/28/26 00:00:00",2,0,1,0,0,0,0,0,12000,2,13666.66666666667,0,0,0,"01",2207,1,0,"Z001",0
"31026","262288","07/28/26 00:00:00",2,0,1,0,0,0,0,0,9000,2,9000,0,0,0,"01",2208,1,0,"Z001",0
"31026","262089","07/28/26 00:00:00",30,0,1,0,0,0,0,0,130,30,116.5853658536585,0,0,0,"01",2209,1,0,"Z001",0
"31026","262116","07/28/26 00:00:00",10,0,1,0,0,0,0,0,350,10,350,0,0,0,"01",2210,1,0,"Z001",0
"31126","262289","07/27/26 00:00:00",1,0,1,0,0,0,0,0,25000,1,25000,0,0,0,"01",2211,1,0,"Z001",0
"35826","241910","07/21/26 00:00:00",0,100,0,0,1,0,0,1,200,0,17.03,0,0,200,"01",,1,18297,"Z001",0
"38026","6505","07/29/26 00:00:00",0,6,0,0,1,0,0,0,100,0,70.16778669724771,0,0,100,"01",,1,178.9932798165138,"Z001",0
"38026","6364","07/29/26 00:00:00",0,1,0,0,1,0,0,0,300,0,156.3333333333333,0,0,300,"01",,1,143.6666666666667,"Z001",0
"38126","993","07/30/26 00:00:00",0,1,0,0,1,0,0,0,18500,0,13613.76,0,0,18500,"01",,1,4886.24,"Z001",0
"38126","973","07/30/26 00:00:00",0,1,0,0,1,0,0,0,1100,0,750,0,0,1100,"01",,1,350,"Z001",0
"38126","241912","07/30/26 00:00:00",0,2,0,0,1,0,0,0,200,0,66.57356608478803,0,0,200,"01",,1,266.852867830424,"Z001",0
"38226","231907","07/29/26 00:00:00",0,1,0,0,1,0,0,0,11500,0,8500,0,0,11500,"01",,1,3000,"Z001",0
"31526","262291","07/31/26 00:00:00",3,0,1,0,0,0,0,0,5560,3,5560,0,0,0,"01",2215,1,0,"Z001",0
"38326","262170","07/31/26 00:00:00",0,10,0,0,1,0,0,0,20,0,10,0,0,20,"01",,1,100,"Z001",0
"38326","6190","07/31/26 00:00:00",0,10,0,0,1,0,0,0,15,0,4.316939890710382,0,0,15,"01",,1,106.8306010928962,"Z001",0
"38326","6272","07/31/26 00:00:00",0,30,0,0,1,0,0,0,15,0,6,0,0,15,"01",,1,270,"Z001",0
"38326","6030","07/31/26 00:00:00",0,1,0,0,1,0,0,0,100,0,88.2442748091603,0,0,100,"01",,1,11.7557251908397,"Z001",0
"38326","6391","07/31/26 00:00:00",0,6,0,0,1,0,0,0,150,0,97.5,0,0,150,"01",,1,315,"Z001",0
"31626","1588","07/31/26 00:00:00",1,0,1,0,0,0,0,0,12500,1,12500,0,0,0,"01",2216,1,0,"Z001",0
"31626","262293","07/31/26 00:00:00",1,0,1,0,0,0,0,0,3200,1,3200,0,0,0,"01",2217,1,0,"Z001",0
"31626","262295","07/31/26 00:00:00",1,0,1,0,0,0,0,0,3500,1,3500,0,0,0,"01",2218,1,0,"Z001",0
"31626","241910","07/31/26 00:00:00",4,0,1,0,0,0,0,0,6000,4,11750,0,0,0,"01",2219,1,0,"Z001",0
"31626","262296","07/31/26 00:00:00",6,0,1,0,0,0,0,0,2500,6,2500,0,0,0,"01",2220,1,0,"Z001",0
"38626","251990","07/28/26 00:00:00",0,1,0,0,1,0,0,0,100,0,60,0,0,100,"01",,1,40,"Z001",0
"38626","262223","07/28/26 00:00:00",0,1,0,0,1,0,0,0,2400,0,1482,0,0,2400,"01",,1,918,"Z001",0
"38626","262258","07/28/26 00:00:00",0,1,0,0,1,0,0,0,4000,0,1900,0,0,4000,"01",,1,2100,"Z001",0
"38626","262289","07/28/26 00:00:00",0,1,0,0,1,0,0,0,33000,0,25000,0,0,33000,"01",,1,8000,"Z001",0
"31726","875","08/03/26 00:00:00",6,0,1,0,0,0,0,0,850,6,871.4285714285714,0,0,0,"01",2222,1,0,"Z001",0
"31726","836","08/03/26 00:00:00",108,0,1,0,0,0,0,0,250,108,247.018119560565,0,0,0,"01",2223,1,0,"Z001",0
"31726","6587","08/03/26 00:00:00",200,0,1,0,0,0,0,0,135,200,135,0,0,0,"01",2224,1,0,"Z001",0
"38826","6098","07/30/26 00:00:00",0,1,0,0,1,0,0,0,50,0,32.84396654074474,0,0,50,"01",,1,17.15603345925526,"Z001",0
"38826","262216","07/30/26 00:00:00",0,2,0,0,1,0,0,0,350,0,297.5,0,0,350,"01",,1,105,"Z001",0
"38826","1034","07/30/26 00:00:00",0,2,0,0,1,0,0,0,325,0,200,0,0,325,"01",,1,250,"Z001",0
"38826","262199","07/30/26 00:00:00",0,1,0,0,1,0,0,0,100,0,45,0,0,100,"01",,1,55,"Z001",0
"38826","262169","07/30/26 00:00:00",0,1,0,0,1,0,0,0,1500,0,506,0,0,1500,"01",,1,994,"Z001",0
"38826","262089","07/30/26 00:00:00",0,4,0,0,1,0,0,0,216.6665954589844,0,116.5853658536585,0,0,216.6665954589844,"01",,1,400.3249184213034,"Z001",0
"38826","1425","07/30/26 00:00:00",0,2,0,0,1,0,0,0,216.6665954589844,0,80,0,0,216.6665954589844,"01",,1,273.3331909179688,"Z001",0
"38826","1556","07/30/26 00:00:00",0,1,0,0,1,0,0,0,3500,0,2500,0,0,3500,"01",,1,1000,"Z001",0
"38826","262101","07/30/26 00:00:00",0,1,0,0,1,0,0,0,400,0,180,0,0,400,"01",,1,220,"Z001",0
"38826","262128","07/30/26 00:00:00",0,5,0,0,1,0,0,0,200,0,93.09613969035891,0,0,200,"01",,1,534.5193015482055,"Z001",0
"38826","6505","07/30/26 00:00:00",0,10,0,0,1,0,0,0,100,0,70.16778669724771,0,0,100,"01",,1,298.3221330275229,"Z001",0
"38826","6334","07/30/26 00:00:00",0,1,0,0,1,0,0,0,350,0,279.3376232854787,0,0,350,"01",,1,70.66237671452126,"Z001",0
"38826","262163","07/30/26 00:00:00",0,3,0,0,1,0,0,0,200,0,90,0,0,200,"01",,1,330,"Z001",0
"38826","6471","07/30/26 00:00:00",0,3,0,0,1,0,0,1,90,0,28.11,0,0,90,"01",,1,185.67,"Z001",0
"31626","262297","07/31/26 00:00:00",3,0,1,0,0,0,0,0,450,3,450,0,0,0,"01",2221,1,0,"Z001",0
"31826","262298","07/20/26 00:00:00",40,0,1,0,0,0,0,0,1000,40,1000,0,0,0,"01",2225,1,0,"Z001",0
"32526","262240","08/04/26 00:00:00",30,0,1,0,0,0,0,0,35,30,35,0,0,0,"01",2239,1,0,"Z001",0
"32526","262304","08/04/26 00:00:00",1,0,1,0,0,0,0,0,750,1,750,0,0,0,"01",2240,1,0,"Z001",0
"32626","221885","08/06/26 00:00:00",5,0,1,0,0,0,0,0,3600,5,5010.755555555555,0,0,0,"01",2241,1,0,"Z001",0
"32626","262305","08/06/26 00:00:00",1,0,1,0,0,0,0,0,5500,1,5500,0,0,0,"01",2242,1,0,"Z001",0
"32726","252063","08/07/26 00:00:00",50,0,1,0,0,0,0,0,120,50,121.9642857142857,0,0,0,"01",2243,1,0,"Z001",0
"39226","241910","08/04/26 00:00:00",0,16,0,0,1,0,0,1,250,0,17.03,0,0,250,"01",,1,3727.52,"Z001",0
"33726","262316","08/13/26 00:00:00",8,0,1,0,0,0,0,0,500,8,500,0,0,0,"01",2270,1,0,"Z001",0
"38726","262194","07/29/26 00:00:00",0,1,0,0,1,0,0,0,700,0,450,0,0,700,"01",,1,250,"Z001",0
"38726","251942","07/29/26 00:00:00",0,1,0,0,1,0,0,0,350,0,0,0,0,350,"01",,1,,"Z001",0
"38726","252033","07/29/26 00:00:00",0,10,0,0,1,0,0,1,10,0,0,0,0,10,"01",,1,,"Z001",0
"41826","6063","08/17/26 00:00:00",0,2,0,0,1,0,0,0,50,0,24.58847091605712,0,0,50,"01",,1,50.82305816788575,"Z001",0
"34326","262218","08/18/26 00:00:00",4,0,1,0,0,0,0,0,29400,4,29433.33333333333,0,0,0,"01",2277,1,0,"Z001",0
"34326","262122","08/18/26 00:00:00",8,0,1,0,0,0,0,0,3000,8,3000,0,0,0,"01",2278,1,0,"Z001",0
"41526","262218","08/13/26 00:00:00",0,2,0,0,1,0,0,0,35000,0,29500,0,0,35000,"01",,1,11000,"Z001",0
"41526","251941","08/13/26 00:00:00",0,3,0,0,1,0,0,0,366.6665954589844,0,263.9130434782609,0,0,366.6665954589844,"01",,1,308.2606559421705,"Z001",0
"41526","6099","08/13/26 00:00:00",0,1,0,0,1,0,0,0,150,0,87.97619047619048,0,0,150,"01",,1,62.02380952380952,"Z001",0
"41526","251963","08/13/26 00:00:00",0,1,0,0,1,0,0,0,7500,0,4900,0,0,7500,"01",,1,2600,"Z001",0
"41526","262259","08/13/26 00:00:00",0,1,0,0,1,0,0,0,2700,0,1500,0,0,2700,"01",,1,1200,"Z001",0
"41526","6505","08/13/26 00:00:00",0,2,0,0,1,0,0,0,100,0,70.16778669724771,0,0,100,"01",,1,59.66442660550459,"Z001",0
"41526","847","08/13/26 00:00:00",0,2,0,0,1,0,0,0,550,0,297.4871794871795,0,0,550,"01",,1,505.025641025641,"Z001",0
"28226","6619","03/16/26 00:00:00",0,1,0,0,1,0,0,1,200,0,125.94,0,0,200,"01",,1,74.06,"Z001",0
"28226","6477","03/16/26 00:00:00",0,24,0,0,1,0,0,1,300,0,123.4607142857143,0,0,300,"01",,1,4236.942857142857,"Z001",0
"28226","6476","03/16/26 00:00:00",0,20,0,0,1,0,0,1,200,0,112.12,0,0,200,"01",,1,1757.599999999999,"Z001",0
"2626","262235","06/29/26 00:00:00",0,1,0,0,0,0,1,0,0,0,3177,1,0,0,"01",,0,0,"Z001",0
"2626","262235","06/29/26 00:00:00",90,0,0,0,0,0,0,1,35.3,90,35.3,1,0,0,"01",2279,0,0,"Z001",0
"42026","262163","08/14/26 00:00:00",0,1,0,0,1,0,0,0,180,0,90,0,0,180,"01",,1,90,"Z001",0
"42026","262268","08/14/26 00:00:00",0,1,0,0,1,0,0,0,300,0,180,0,0,300,"01",,1,120,"Z001",0
"42026","6338","08/14/26 00:00:00",0,2,0,0,1,0,0,0,150,0,100,0,0,150,"01",,1,100,"Z001",0
"42026","6390","08/14/26 00:00:00",0,1,0,0,1,0,0,0,750,0,500,0,0,750,"01",,1,250,"Z001",0
"42026","262301","08/14/26 00:00:00",0,1,0,0,1,0,0,0,17500,0,12350,0,0,17500,"01",,1,5150,"Z001",0
"42026","6527","08/14/26 00:00:00",0,2,0,0,1,0,0,1,150,0,0,0,0,150,"01",,1,300,"Z001",0
"42026","6474","08/14/26 00:00:00",0,18,0,0,1,0,0,1,240,0,47.29000000000001,0,0,240,"01",,1,3468.78,"Z001",0
"42126","6365","08/15/26 00:00:00",0,1,0,0,1,0,0,0,120,0,1.267765437872512,0,0,120,"01",,1,118.7322345621275,"Z001",0
"42126","241919","08/15/26 00:00:00",0,1,0,0,1,0,0,0,2200,0,1500,0,0,2200,"01",,1,700,"Z001",0
"42126","262181","08/15/26 00:00:00",0,1,0,0,1,0,0,0,2800,0,2200,0,0,2800,"01",,1,600,"Z001",0
"42126","231902","08/15/26 00:00:00",0,1,0,0,1,0,0,0,5000,0,5072.275555555555,0,0,5000,"01",,1,-72.275555555555,"Z001",0
"42126","1716","08/15/26 00:00:00",0,1,0,0,1,0,0,0,2700,0,2110,0,0,2700,"01",,1,590,"Z001",0
"42126","5817","08/15/26 00:00:00",0,3,0,0,1,0,0,0,11500,0,8462.255533185256,0,0,11500,"01",,1,9113.233400444231,"Z001",0
"42126","262235","08/15/26 00:00:00",0,1,0,0,1,0,0,0,3500,0,3177,0,0,3500,"01",,1,323,"Z001",0
"42126","262236","08/15/26 00:00:00",0,1,0,0,1,0,0,0,5700,0,5321,0,0,5700,"01",,1,379,"Z001",0
"42126","6585","08/15/26 00:00:00",0,1,0,0,1,0,0,0,170,0,128.5928143712575,0,0,170,"01",,1,41.40718562874252,"Z001",0
"42126","6466","08/15/26 00:00:00",0,1,0,0,1,0,0,0,350,0,250,0,0,350,"01",,1,100,"Z001",0
"42126","6030","08/15/26 00:00:00",0,1,0,0,1,0,0,0,100,0,67.45934284766014,0,0,100,"01",,1,32.54065715233986,"Z001",0
"42126","6587","08/15/26 00:00:00",0,1,0,0,1,0,0,0,200,0,135,0,0,200,"01",,1,65,"Z001",0
"42126","5969","08/15/26 00:00:00",0,1,0,0,1,0,0,0,30,0,17.98077403459781,0,0,30,"01",,1,12.01922596540219,"Z001",0
"42126","251941","08/15/26 00:00:00",0,1,0,0,1,0,0,0,450,0,263.9130434782609,0,0,450,"01",,1,186.0869565217391,"Z001",0
"42126","231903","08/15/26 00:00:00",0,100,0,0,1,0,0,1,2,0,0,0,0,2,"01",,1,200,"Z001",0
"42226","262240","08/17/26 00:00:00",0,2,0,0,1,0,0,0,100,0,35,0,0,100,"01",,1,130,"Z001",0
"42226","262101","08/17/26 00:00:00",0,1,0,0,1,0,0,0,400,0,180,0,0,400,"01",,1,220,"Z001",0
"42226","6296","08/17/26 00:00:00",0,1,0,0,1,0,0,0,150,0,76,0,0,150,"01",,1,74,"Z001",0
"42226","6334","08/17/26 00:00:00",0,1,0,0,1,0,0,0,350,0,279.3376232854787,0,0,350,"01",,1,70.66237671452126,"Z001",0
"42226","6098","08/17/26 00:00:00",0,1,0,0,1,0,0,0,50,0,32.84396654074474,0,0,50,"01",,1,17.15603345925526,"Z001",0
"42226","6365","08/17/26 00:00:00",0,1,0,0,1,0,0,0,80,0,1.267765437872512,0,0,80,"01",,1,78.73223456212749,"Z001",0
"42226","251989","08/17/26 00:00:00",0,2,0,0,1,0,0,0,10,0,2.6,0,0,10,"01",,1,14.8,"Z001",0
"42226","262086","08/17/26 00:00:00",0,1,0,0,1,0,0,0,300,0,128,0,0,300,"01",,1,172,"Z001",0
"42226","231902","08/17/26 00:00:00",0,1,0,0,1,0,0,0,4800,0,5072.275555555555,0,0,4800,"01",,1,-272.275555555555,"Z001",0
"42226","262122","08/17/26 00:00:00",0,2,0,0,1,0,0,0,4820,0,3000,0,0,4820,"01",,1,3640,"Z001",0
"42226","231903","08/17/26 00:00:00",0,8,0,0,1,0,0,1,2.5,0,0,0,0,2.5,"01",,1,20,"Z001",0
"42326","6505","08/18/26 00:00:00",0,10,0,0,1,0,0,0,100,0,70.16778669724771,0,0,100,"01",,1,298.3221330275229,"Z001",0
"42326","6334","08/18/26 00:00:00",0,1,0,0,1,0,0,0,350,0,279.3376232854787,0,0,350,"01",,1,70.66237671452126,"Z001",0
"42326","6335","08/18/26 00:00:00",0,1,0,0,1,0,0,0,300,0,230,0,0,300,"01",,1,70,"Z001",0
"42326","1288","08/18/26 00:00:00",0,1,0,0,1,0,0,0,12200,0,10245.45454545455,0,0,12200,"01",,1,1954.545454545454,"Z001",0
"42326","262204","08/18/26 00:00:00",0,1,0,0,1,0,0,0,900,0,1850,0,0,900,"01",,1,-950,"Z001",0
"42326","262194","08/18/26 00:00:00",0,1,0,0,1,0,0,0,750,0,450,0,0,750,"01",,1,300,"Z001",0
"42326","6229","08/18/26 00:00:00",0,1,0,0,1,0,0,0,1200,0,697.6470588235294,0,0,1200,"01",,1,502.3529411764706,"Z001",0
"42426","6616","08/18/26 00:00:00",0,1,0,0,1,0,0,0,250,0,132.0967741935484,0,0,250,"01",,1,117.9032258064516,"Z001",0
"42626","231903","08/18/26 00:00:00",0,78,0,0,1,0,0,1,5,0,0,0,0,5,"01",,1,,"Z001",0
"42726","1288","08/19/26 00:00:00",0,1,0,0,1,0,0,0,12000,0,10245.45454545455,0,0,12000,"01",,1,1754.545454545454,"Z001",0
"42726","262240","08/19/26 00:00:00",0,1,0,0,1,0,0,0,100,0,35,0,0,100,"01",,1,65,"Z001",0
"42726","262196","08/19/26 00:00:00",0,1,0,0,1,0,0,0,550,0,320,0,0,550,"01",,1,230,"Z001",0
"42726","252037","08/19/26 00:00:00",0,1,0,0,1,0,0,0,350,0,305,0,0,350,"01",,1,45,"Z001",0
"34426","6030","08/20/26 00:00:00",30,0,1,0,0,0,0,0,60,30,66.40873117897561,0,0,0,"01",2281,1,0,"Z001",0
"34426","262319","08/20/26 00:00:00",12,0,1,0,0,0,0,0,18,12,18,0,0,0,"01",2282,1,0,"Z001",0
"34426","262320","08/20/26 00:00:00",10,0,1,0,0,0,0,0,705.28,10,705.28,0,0,0,"01",2283,1,0,"Z001",0
"34426","262322","08/20/26 00:00:00",10,0,1,0,0,0,0,0,324.8,10,324.8,0,0,0,"01",2284,1,0,"Z001",0
"34426","241923","08/20/26 00:00:00",30,0,1,0,0,0,0,0,280,30,280,0,0,0,"01",2285,1,0,"Z001",0
"34426","262323","08/20/26 00:00:00",20,0,1,0,0,0,0,0,160.08,20,160.08,0,0,0,"01",2286,1,0,"Z001",0
"34426","262327","08/20/26 00:00:00",10,0,1,0,0,0,0,0,44.08,10,44.08,0,0,0,"01",2287,1,0,"Z001",0
"34426","262325","08/20/26 00:00:00",5,0,1,0,0,0,0,0,310.07,5,310.07,0,0,0,"01",2288,1,0,"Z001",0
"34426","262326","08/20/26 00:00:00",5,0,1,0,0,0,0,0,360.06,5,360.06,0,0,0,"01",2289,1,0,"Z001",0
